Page title,Page URL,Language,Platform,UR,Referring domains,Top DR,Links to target,New Links,Lost Links,Dofollow,Nofollow,Redirects,Page HTTP code,First seen,Last seen
Hire Nearshore Engineers That Feel In-House | Cloud Employee,https://www.cloudemployee.io/,en,,7,676,94,1369,340,568,748,619,3,200,2024-02-01 11:41:39,2026-07-13 03:11:19
,https://www.cloudemployee.io/uk/home,,,7,514,94,1012,504,215,503,507,0,301,2024-04-10 16:47:06,2026-07-13 03:11:19
Hire Global Engineers That Feel In-House | Cloud Employee,https://www.cloudemployee.io/uk,en,,7,513,94,1011,563,214,502,507,0,200,2025-03-03 04:06:59,2026-07-13 03:11:19
,https://cloudemployee.io/,,,4.5,193,83,231,122,78,142,89,0,301,2023-08-03 14:41:50,2026-07-12 21:57:15
Cloud Employee - All Blogs & Guides,https://www.cloudemployee.io/blog,en,,7,137,94,243,47,87,220,23,3,200,2024-02-12 08:33:34,2026-07-11 23:33:01
,http://www.cloudemployee.io/,,,6,33,91,36,5,29,8,28,0,301,2025-04-05 11:39:23,2026-07-13 02:46:21
,https://www.cloudemployee.io/blog/programming-tips/10-best-websites-to-practice-coding-online,,,4.5,30,76,44,4,13,40,4,3,301,2024-02-11 00:27:02,2026-07-11 23:33:01
,https://www.cloudemployee.io/blog/it-outsourcing/why-philippines-for-business,,,5,18,76,22,2,3,21,1,2,301,2024-02-14 22:22:46,2026-07-12 18:22:39
,https://www.cloudemployee.io/blog/tech-news/importance-of-technology-advancement-in-business-sector,,,4.7,12,76,65,15,48,64,1,2,301,2024-02-14 00:04:16,2026-07-10 11:19:48
,https://www.cloudemployee.io/resources,,,9,11,92,28,1,26,25,3,0,301,2025-01-18 07:28:32,2026-06-06 00:39:06
,http://cloudemployee.io/,,,4.5,10,63,10,6,4,9,1,0,301,2025-04-28 03:26:53,2026-07-10 12:37:50
,https://www.cloudemployee.io/blog/it-outsourcing/the-5-challenges-you-will-face-when-hiring-software-developers,,,4.5,10,94,14,2,1,12,2,3,301,2024-02-17 12:19:57,2026-07-07 02:11:18
,https://www.cloudemployee.io/blog/productivity/10-tips-for-effective-communication-with-a-remote-team,,,0,10,82,11,0,1,11,0,2,301,2024-02-12 02:14:25,2026-07-08 09:12:33
,https://www.cloudemployee.io/blog/productivity/11-signs-you-lack-work-life-balance,,,0,9,76,15,1,1,15,0,2,301,2024-02-15 08:16:26,2026-07-07 00:39:48
,https://www.cloudemployee.io/blog/productivity/being-stressed-at-work,,,4.4,8,91,10,1,1,10,0,3,301,2024-02-21 11:11:03,2026-07-11 08:41:24
,https://www.cloudemployee.io/blog/productivity/how-to-work-with-people-you-dont-like,,,0,6,73,7,0,0,3,4,2,301,2024-02-25 22:35:23,2026-07-06 18:57:10
,https://www.cloudemployee.io/blog/it-outsourcing/outsourcing-vs-freelance-the-pros-and-cons-to-consider,,,4.5,5,34,7,0,0,7,0,3,301,2024-02-21 10:06:37,2026-07-08 06:12:32
,https://www.cloudemployee.io/blog/tech-news/eric-dalius-artificial-intelligence-has-a-huge-impact-on-startup-businesses,,,0,5,74,6,1,2,6,0,2,301,2024-03-08 06:31:37,2026-06-27 23:03:23
,https://www.cloudemployee.io/blog/tech-news/in-demand-digital-skills-in-the-uk,,,4.4,5,73,12,1,1,12,0,3,301,2024-02-22 17:28:30,2026-07-08 20:40:22
Nearshore vs Offshore Rates 2026 | Software Dev Cost Guide,https://www.cloudemployee.io/nearshoring-offshoring/nearshore-vs-offshore-costs-2026-software-development-rates,en,,4.5,5,74,8,7,0,5,3,0,200,2026-01-03 12:29:24,2026-07-12 12:45:41
Software Developer Pricing | Calculate Your Hiring Costs,https://www.cloudemployee.io/pricing,en,,6,5,94,22,1,17,20,2,2,200,2025-01-18 07:28:32,2026-07-13 02:46:21
,https://www.cloudemployee.io/blog/11-chinese-tech-companies-you-should-know-and-why,,,0,4,49,6,3,1,4,2,0,301,2024-09-26 20:01:54,2026-07-03 10:54:24
,https://www.cloudemployee.io/blog/it-outsourcing/7-risks-you-will-encounter-when-hiring-freelance-developers,,,0,4,75,6,3,0,4,2,3,301,2024-02-10 11:42:59,2026-06-28 01:37:42
,https://www.cloudemployee.io/blog/productivity/6-apps-to-train-your-brain-to,,,4.4,4,68,6,0,1,6,0,3,301,2024-02-21 13:49:38,2026-07-03 23:56:42
,https://www.cloudemployee.io/blog/programming-tips/best-mobile-game-engines-2018,,,,4,61,5,0,1,5,0,2,,2025-09-09 19:08:26,2026-07-06 15:46:41
Cloud Employee - Contact,https://www.cloudemployee.io/contact,en,,7,4,94,133,0,130,130,3,0,200,2025-01-18 07:28:32,2026-07-10 04:22:49
,https://www.cloudemployee.io/developer-pricing,,,9,4,94,22,0,17,20,2,3,301,2024-02-11 15:32:54,2026-06-01 02:49:51
Free Hiring Resources & Developer Guides | Cloud Employee,https://www.cloudemployee.io/downloads,en,,7,4,71,9,1,7,7,2,0,200,2025-09-05 15:42:37,2026-06-06 00:39:06
,https://www.cloudemployee.io/hire-angular-developers,,,6,4,59,6,0,0,6,0,3,301,2024-02-15 12:46:33,2026-07-09 15:10:13
,https://www.cloudemployee.io/hire-software-developers-philippines,,,6,4,75,20,1,14,20,0,3,301,2024-02-18 12:20:09,2026-07-08 02:11:14
,https://www.cloudemployee.io/hire/philippines-offshoring,,,6,4,75,17,1,14,17,0,0,301,2025-03-13 08:10:46,2026-07-08 02:11:14
,https://www.cloudemployee.io/services/filipino-developers,,,6,4,75,17,1,14,17,0,0,301,2025-07-10 15:40:37,2026-07-08 02:11:14
,https://www.cloudemployee.io/start-hiring,,,5,4,55,16,0,13,16,0,0,301,2025-03-07 07:43:42,2026-07-07 12:11:29
,https://www.cloudemployee.io/start-hiring/get-started,,,7,4,55,16,0,13,16,0,0,301,2025-03-25 18:27:33,2026-07-07 12:11:29
Talent @ Cloud Employee | Discover Remote Job Opportunies,https://talent.cloudemployee.io/,en,,4.6,3,58,13,13,2,13,0,0,200,2026-02-06 23:48:11,2026-07-08 00:28:49
Cloud Employee - About us,https://www.cloudemployee.io/about-us,en,,6,3,79,133,2,130,133,0,0,200,2025-01-18 07:28:32,2026-07-10 14:12:48
,https://www.cloudemployee.io/blog/code/the-importance-of-code-reusability-in-software-development,,,4.6,3,59,5,0,1,4,1,3,301,2024-02-12 12:36:58,2026-06-30 03:12:51
,https://www.cloudemployee.io/blog/productivity/10-reasons-to-become-a-programmer,,,0,3,74,5,0,0,5,0,3,301,2024-02-28 01:46:04,2026-06-30 11:52:01
,https://www.cloudemployee.io/blog/productivity/7-tips-eating-healthy-at-work,,,4.5,3,34,5,1,1,5,0,3,301,2024-02-25 22:16:52,2026-07-11 13:19:12
,https://www.cloudemployee.io/blog/tech-news/non-tech-founders-of-big-tech-companies,,,4.5,3,59,4,0,2,4,0,2,301,2024-03-29 06:58:56,2026-06-29 00:25:03
,https://www.cloudemployee.io/blog/tech-news/the-future-of-drone-technology,,,0,3,83,5,1,0,4,1,3,301,2024-02-21 02:51:57,2026-06-24 16:49:22
,https://www.cloudemployee.io/hire-virtual-assistants,,,0,3,41,4,0,0,3,1,2,301,2024-02-24 09:12:24,2026-06-25 05:33:45
Hire Philippines Developers with Cloud Employee | Staff Augmentation,https://www.cloudemployee.io/services/philippines-developers,en,,6,3,75,4,1,1,4,0,0,200,2026-01-02 06:20:48,2026-07-08 02:11:14
Contact Info - Start Hiring with Cloud Employee,https://www.cloudemployee.io/start-hiring/contact-info,en,,6,3,55,3,3,0,3,0,0,200,2026-04-20 04:37:32,2026-07-07 12:11:29
,https://www.cloudemployee.io/technology/angular,,,6,3,59,3,0,0,3,0,0,301,2025-02-28 22:01:07,2026-07-09 15:10:13
Angular Developers for Hire | Cloud Employee,https://www.cloudemployee.io/technology/angular-developers,en,,4.5,3,59,3,3,0,3,0,0,200,2026-02-07 21:55:48,2026-07-09 15:10:13
,https://www.cloudemployee.io/ui-ux/hire-ui-ux-developers,,,0,3,55,5,0,0,5,0,3,301,2024-02-12 01:08:31,2026-07-05 02:02:01
,https://www.cloudemployee.io/write-for-us,,,4.8,3,34,9,0,5,7,2,2,301,2024-02-25 23:28:57,2026-07-10 04:22:49
,https://cloudemployee.io/blog/online-tech-startup-courses-to-jump-start-your-business,,,0,2,58,2,1,1,2,0,0,301,2025-03-27 09:22:22,2026-06-30 10:42:23
,https://www.cloudemployee.io/android,,,0,2,43,3,1,0,3,0,2,404,2024-02-27 20:03:32,2026-07-06 03:54:10
,https://www.cloudemployee.io/aws/outsource-aws-development,,,5,2,50,17,0,13,17,0,3,301,2024-02-27 01:57:46,2026-07-07 17:35:34
,https://www.cloudemployee.io/back-office-pricing,,,4.5,2,74,4,0,2,3,1,3,301,2024-02-20 23:41:54,2026-06-01 02:49:51
,https://www.cloudemployee.io/big-data,,,0,2,76,5,2,1,4,1,3,301,2024-03-02 18:22:42,2026-07-12 19:23:09
,https://www.cloudemployee.io/blog/10-must-have-fitness-apps-part-1-lets-get-moving,,,0,2,34,3,0,1,2,1,2,301,2024-09-25 08:26:24,2026-05-26 15:45:07
,https://www.cloudemployee.io/blog/benefits-of-it-outsourcing-service-provider,,,0,2,47,4,1,0,4,0,3,404,2025-02-06 05:42:24,2026-07-04 04:20:58
,https://www.cloudemployee.io/blog/featured-uk-startup-digitalmr,,,0,2,34,2,2,1,2,0,1,301,2026-06-06 00:39:06,2026-06-13 23:10:07
,https://www.cloudemployee.io/blog/it-,,,,2,34,2,0,1,2,0,1,,2025-07-21 02:57:38,2026-04-24 12:07:53
,https://www.cloudemployee.io/blog/it-outsourcing/build-a-close-relationship-with-offshore-team,,,0,2,34,5,1,1,5,0,3,301,2025-07-12 04:57:09,2026-06-29 00:23:19
,https://www.cloudemployee.io/blog/it-outsourcing/how-much-does-it-cost-to-hire-a-mobile-app-developer-in-2018,,,0,2,54,4,2,0,4,0,3,301,2024-03-18 18:36:10,2026-07-11 11:20:36
,https://www.cloudemployee.io/blog/it-outsourcing/how-to-hire-react-native-developer-step-by-step-guide,,,0,2,37,2,2,0,2,0,1,404,2026-04-18 20:07:37,2026-07-08 00:46:21
,https://www.cloudemployee.io/blog/it-outsourcing/top-9-criteria-for-choosing-the-right-it-outsourcing-partner,,,0,2,34,7,1,0,7,0,3,301,2024-07-18 13:44:35,2026-07-07 03:33:56
,https://www.cloudemployee.io/blog/it-outsourcing/top-benefits-hire-shopify-developers,,,0,2,34,3,1,0,3,0,2,301,2024-04-22 19:05:38,2026-06-13 23:17:32
,https://www.cloudemployee.io/blog/mindset-growth/the-6-steps-of-deliberate-practice-to-improve-anything,,,0,2,69,3,2,1,3,0,2,404,2025-07-12 08:54:55,2026-07-01 00:51:21
,https://www.cloudemployee.io/blog/online-tech-startup-courses-to-jump-start-your-business,,,0,2,58,7,4,4,7,0,0,404,2025-03-27 09:22:22,2026-06-30 13:23:47
,https://www.cloudemployee.io/blog/productivity/15-project-management-hacks-to-increase-productivity,,,0,2,34,4,1,0,4,0,3,301,2024-02-12 08:29:19,2026-07-05 05:51:07
,https://www.cloudemployee.io/blog/productivity/5-tips-for-staying-productive-and-mentally-healthy-working-from-home,,,0,2,54,2,2,0,2,0,1,404,2026-04-22 16:06:44,2026-06-23 04:39:36
,https://www.cloudemployee.io/blog/productivity/how-can-i-improve-myself-as-a-software-developer-10-ways,,,0,2,34,2,2,0,1,1,1,404,2026-04-23 17:05:50,2026-07-09 22:40:33
,https://www.cloudemployee.io/blog/productivity/how-important-is-your-github-activity-for-a-job-interview,,,0,2,53,4,1,2,4,0,3,301,2025-07-10 16:09:45,2026-06-10 15:40:31
,https://www.cloudemployee.io/blog/productivity/how-to-create-a-compelling-github-portfolio,,,0,2,73,3,2,0,3,0,2,404,2025-09-15 06:44:20,2026-07-11 11:14:58
,https://www.cloudemployee.io/blog/productivity/how-to-stay-motivated-at-work-when-things-become-unbearable,,,0,2,51,4,0,2,4,0,3,301,2024-02-21 06:59:42,2026-06-25 03:12:02
,https://www.cloudemployee.io/blog/productivity/how-to-write-an-nda-for-software-development,,,0,2,75,3,2,0,3,0,2,404,2025-09-15 07:18:14,2026-06-25 10:32:06
,https://www.cloudemployee.io/blog/productivity/make-your-mobile-data-last-longer,,,0,2,34,2,2,1,2,0,1,404,2026-04-19 04:10:33,2026-06-22 12:39:14
,https://www.cloudemployee.io/blog/productivity/onboarding-mistakes-why-new-hires-quit,,,0,2,84,4,0,1,3,1,3,301,2024-03-08 14:45:13,2026-04-18 03:53:30
,https://www.cloudemployee.io/blog/productivity/slack-channels-for-startup-ceo,,,4.5,2,76,3,0,1,3,0,2,301,2024-04-02 21:52:54,2026-06-26 14:13:31
,https://www.cloudemployee.io/blog/productivity/take-regular-breaks,,,0,2,65,4,0,1,4,0,3,301,2024-02-10 07:52:18,2026-04-24 05:34:59
,https://www.cloudemployee.io/blog/productivity/tools-for-digital-marketing,,,0,2,58,4,1,0,4,0,3,404,2025-05-03 21:07:56,2026-06-27 00:41:28
,https://www.cloudemployee.io/blog/productivity/top-10-project-management-automation-tools-for-remote-teams,,,0,2,62,2,1,1,2,0,1,404,2025-02-02 14:44:08,2026-06-23 05:36:15
,https://www.cloudemployee.io/blog/programming-tips/7-mobile-apps-to-help-you-learn-coding-on-the-go,,,0,2,56,4,2,0,3,1,3,301,2025-08-26 02:57:33,2026-06-13 02:10:11
,https://www.cloudemployee.io/blog/programming-tips/software-developer-mindset,,,0,2,53,2,1,0,2,0,1,404,2024-02-19 00:00:21,2026-07-04 22:52:19
,https://www.cloudemployee.io/blog/programming-tips/website-design-tips-and-tricks-to-rank,,,0,2,34,2,2,0,2,0,1,404,2026-04-20 22:10:02,2026-06-30 11:12:33
,https://www.cloudemployee.io/blog/tech-news/10-business-ideas-you-can-start-from-your-laptop,,,0,2,34,3,2,0,3,0,2,404,2025-09-19 14:30:46,2026-07-08 12:44:15
,https://www.cloudemployee.io/blog/tech-news/20-most-entertaining-tweets-from-zuckerbergs-hearing,,,0,2,34,3,2,0,3,0,2,404,2025-09-10 04:40:55,2026-07-08 10:32:40
,https://www.cloudemployee.io/blog/tech-news/7-cool-devices-to-turn-your-home-into-a-smart-home,,,0,2,94,4,1,0,3,1,3,301,2024-10-16 14:04:20,2026-06-10 04:34:58
,https://www.cloudemployee.io/blog/tech-news/climate-change-apps,,,0,2,34,3,2,0,3,0,2,404,2025-09-18 09:04:52,2026-04-29 00:17:39
,https://www.cloudemployee.io/blog/tech-news/featured-uk-startup-netpeak-software,,,,2,34,4,2,0,3,1,3,,2024-04-16 14:28:33,2026-07-02 03:39:56
,https://www.cloudemployee.io/blog/tech-news/inside-microsofts-london-flagship-store,,,0,2,34,4,0,1,4,0,3,301,2024-03-13 19:59:56,2026-06-18 16:36:56
,https://www.cloudemployee.io/blog/tech-news/military-technologies,,,0,2,34,3,1,0,3,0,2,301,2024-08-10 16:50:26,2026-06-30 09:38:12
,https://www.cloudemployee.io/blog/tech-news/sunrise-industries-in-2018,,,4.5,2,61,3,2,0,3,0,2,404,2025-09-15 06:28:24,2026-07-09 23:12:50
,https://www.cloudemployee.io/blog/tech-news/sunrise-industries-in-2018?ref=masaischool.com,,,0,2,51,2,2,0,2,0,1,404,2026-04-22 20:09:43,2026-07-06 03:57:19
,https://www.cloudemployee.io/blog/tech-news/uk-250m-nhs-ai-lab,,,0,2,34,3,0,0,3,0,2,301,2024-03-24 22:02:16,2026-06-11 07:16:56
,https://www.cloudemployee.io/blog/the-future-of-drone-technology,,,5,2,9,3,0,2,3,0,0,301,2024-08-11 15:29:03,2026-07-06 01:33:28
,https://www.cloudemployee.io/blog/tips-to-building-and-keeping-your-dream-web-team,,,0,2,34,4,0,1,2,2,2,301,2024-03-08 00:16:33,2026-07-12 14:11:17
,https://www.cloudemployee.io/careers,,,11,2,34,134,0,130,134,0,3,301,2024-02-11 09:32:42,2026-04-29 03:42:34
,https://www.cloudemployee.io/careers/shopify-developer-senior,,,0,2,34,2,2,0,2,0,1,404,2026-04-18 17:12:26,2026-07-07 08:30:36
,https://www.cloudemployee.io/contact-us,,,11,2,94,134,0,130,133,1,3,301,2024-02-13 17:35:21,2026-07-10 22:12:48
,https://www.cloudemployee.io/developers/amsterdam/unity3d,,,0,2,34,3,3,0,3,0,1,301,2026-04-20 01:39:03,2026-07-06 06:03:10
,https://www.cloudemployee.io/developers/reading/matlab,,,0,2,53,2,2,0,1,1,1,301,2026-04-23 20:43:51,2026-07-11 16:03:37
Are You An Exceptional Developer? We're Hiring | Careers @ Cloud Employee,https://www.cloudemployee.io/for-developers,en,,7,2,34,131,0,130,131,0,0,200,2025-01-18 07:28:32,2026-04-29 03:42:34
,https://www.cloudemployee.io/hire-android-developers,,,0,2,52,4,0,0,4,0,3,301,2024-03-01 23:07:10,2026-07-07 18:32:08
,https://www.cloudemployee.io/hire-csharp-developers,,,4.5,2,63,4,1,0,4,0,3,301,2024-02-18 14:41:19,2026-07-05 08:57:39
,https://www.cloudemployee.io/hire-etl-developers,,,0,2,53,4,2,1,3,1,3,301,2025-07-12 05:07:10,2026-07-09 11:43:00
,https://www.cloudemployee.io/hire-javascript-developers,,,0,2,65,4,0,0,4,0,3,301,2024-02-18 08:25:13,2026-07-06 14:03:33
Remote Developer Hiring Mistakes to Avoid | Expert Guide,https://www.cloudemployee.io/hiring-tips/how-to-avoid-costly-mistakes-when-hiring-a-remote-developer,en,,4.5,2,23,2,1,0,2,0,0,200,2025-12-23 17:31:56,2026-07-06 07:12:33
Cloud Employee - How it works,https://www.cloudemployee.io/how-it-works,en,,7,2,94,134,0,130,133,1,3,200,2024-02-13 03:39:01,2026-04-10 09:16:54
,https://www.cloudemployee.io/ios,,,0,2,59,4,1,0,4,0,3,301,2024-02-25 23:11:46,2026-07-08 14:06:06
,https://www.cloudemployee.io/life-at-cloud-employee,,,4.5,2,79,4,0,1,4,0,3,301,2025-01-18 20:21:06,2026-07-10 14:12:48
,https://www.cloudemployee.io/our-expertise,,,4.5,2,94,4,1,0,3,1,3,301,2024-03-22 02:50:14,2026-04-17 16:50:24
,https://www.cloudemployee.io/ph,,,4.9,2,58,12,12,2,12,0,0,301,2026-02-06 23:48:11,2026-07-08 00:28:49
,https://www.cloudemployee.io/r/remote-r-developer,,,0,2,53,2,2,0,1,1,1,404,2026-04-20 01:32:40,2026-07-12 04:40:13
,https://www.cloudemployee.io/salesforce/dedicated-salesforce-developer,,,5,2,47,17,0,13,17,0,3,301,2024-02-27 01:52:00,2026-07-07 12:11:29
"Best Staff Augmentation Companies 2026: Ranked by Pricing, Vetting, and Contract Flexibility",https://www.cloudemployee.io/staff-augmentation/best-staff-augmentation-companies-2026,en,,0,2,38,2,2,1,1,1,0,200,2026-03-27 16:08:44,2026-06-26 06:43:51
Your Developer Tech-Stack Covered | Technologies We Supply,https://www.cloudemployee.io/technology,en,,7,2,53,3,3,0,2,1,0,200,2026-05-25 04:48:19,2026-07-11 16:03:37
Cloud Employee - How it works,https://www.cloudemployee.io/uk/how-it-works,en,,6,2,94,131,0,130,130,1,0,200,2024-04-25 16:15:39,2026-03-31 13:23:34
,https://www.cloudemployee.io/web-developer,,,4.7,2,59,15,10,9,15,0,2,404,2025-07-10 16:09:02,2026-05-26 01:54:38
,https://cloudemployee.io/?ref=boardinfinity.com,,,0,1,47,1,0,1,1,0,0,301,2025-11-20 20:24:19,2026-04-10 20:32:02
"Senior Backend Engineer, Dec 14, 2025 | Cloud Employee",https://talent.cloudemployee.io/live-job-role/senior-backend-engineer-9b3d,en,,4.5,1,0.9,1,1,0,1,0,0,200,2026-01-18 04:46:32,2026-07-05 07:55:54
,https://talent.cloudemployee.io/live-job-role/senior-product-designer-ui-ux-r7b9,,,,1,94,1,1,0,1,0,0,,2026-03-13 04:22:43,2026-03-13 04:22:43
,https://www.cloudemployee.io/14636.aspx,,,0,1,34,1,0,0,1,0,1,404,2025-09-19 11:32:35,2026-06-24 19:11:03
,https://www.cloudemployee.io/4-advantages-outsourcing-startup,,,0,1,34,1,0,0,1,0,1,404,2025-05-13 00:59:02,2026-02-21 12:55:59
,https://www.cloudemployee.io/410,,,0,1,34,1,0,0,1,0,1,404,2025-09-16 06:30:11,2026-04-07 21:05:30
,https://www.cloudemployee.io/410-page,,,0,1,34,1,0,0,1,0,1,404,2025-09-15 13:23:14,2026-04-07 13:54:58
,https://www.cloudemployee.io/actionscript,,,0,1,34,1,0,0,1,0,1,404,2025-09-19 13:02:02,2026-04-18 05:23:10
,https://www.cloudemployee.io/actionscript/dedicated-actionscript-developer,,,0,1,34,1,0,0,1,0,1,404,2025-09-22 02:48:12,2026-04-17 06:12:23
,https://www.cloudemployee.io/actionscript/hire-actionscript-developers,,,0,1,34,1,0,0,1,0,1,404,2025-09-09 02:56:14,2026-04-17 13:19:40
,https://www.cloudemployee.io/actionscript/outsource-actionscript-development,,,0,1,34,1,0,0,1,0,1,404,2025-09-22 02:50:31,2026-04-17 06:19:57
,https://www.cloudemployee.io/actionscript/remote-actionscript-developer,,,0,1,34,1,0,0,1,0,1,404,2025-09-22 05:54:58,2026-06-30 23:57:43
,https://www.cloudemployee.io/ada,,,0,1,34,1,0,0,1,0,1,404,2025-09-19 02:39:40,2026-04-18 06:13:07
,https://www.cloudemployee.io/ada/dedicated-ada-developer,,,0,1,34,1,0,0,1,0,1,404,2025-09-19 17:36:00,2026-07-04 19:55:23
,https://www.cloudemployee.io/ada/hire-ada-developers,,,0,1,34,1,0,0,1,0,1,404,2025-09-09 06:56:38,2026-04-17 21:47:06
,https://www.cloudemployee.io/ada/outsource-ada-development,,,0,1,34,1,0,0,1,0,1,404,2025-09-19 17:45:42,2026-04-17 17:00:40
,https://www.cloudemployee.io/ada/remote-ada-developer,,,0,1,34,1,0,0,1,0,1,404,2025-09-19 17:36:12,2026-04-17 11:43:09
,https://www.cloudemployee.io/adk,,,0,1,34,1,0,0,1,0,1,404,2025-09-19 01:04:47,2026-07-08 03:17:08
,https://www.cloudemployee.io/adk/dedicated-adk-developer,,,0,1,34,1,0,0,1,0,1,404,2025-09-19 17:59:02,2026-04-17 09:07:47
,https://www.cloudemployee.io/adk/hire-adk-developers,,,0,1,34,1,0,0,1,0,1,404,2025-09-19 09:44:47,2026-04-17 14:26:30
,https://www.cloudemployee.io/adk/outsource-adk-development,,,0,1,34,1,0,0,1,0,1,404,2025-09-19 17:59:09,2026-04-17 10:07:17
,https://www.cloudemployee.io/adk/remote-adk-developer,,,0,1,34,1,0,0,1,0,1,404,2025-09-19 18:02:04,2026-06-23 18:28:12
,https://www.cloudemployee.io/after-care,,,,1,34,133,0,130,133,0,3,,2024-02-29 00:08:24,2026-07-08 16:08:53
,https://www.cloudemployee.io/agavi,,,0,1,34,1,0,0,1,0,1,404,2025-09-19 04:33:01,2026-05-22 12:52:57
,https://www.cloudemployee.io/agavi/dedicated-agavi-developer,,,0,1,34,1,0,0,1,0,1,404,2025-09-19 17:35:30,2026-04-16 23:44:59
,https://www.cloudemployee.io/agavi/hire-agavi-developers,,,0,1,34,1,0,0,1,0,1,404,2025-10-09 10:43:50,2026-04-17 14:17:11
,https://www.cloudemployee.io/agavi/outsource-agavi-development,,,0,1,34,1,0,0,1,0,1,404,2025-09-19 17:35:36,2026-04-17 13:55:02
,https://www.cloudemployee.io/agavi/remote-agavi-developer,,,0,1,34,1,0,0,1,0,1,404,2025-09-19 17:35:47,2026-04-17 07:12:56
,https://www.cloudemployee.io/agile-qa,,,,1,34,1,0,1,1,0,1,,2025-09-18 04:09:46,2025-09-18 04:09:46
,https://www.cloudemployee.io/agile-qa/dedicated-agile-qa-developer,,,0,1,34,1,0,0,1,0,1,404,2025-09-19 17:09:53,2026-04-17 06:40:38
,https://www.cloudemployee.io/agile-qa/outsource-agile-qa-development,,,0,1,34,1,0,0,1,0,1,404,2025-10-30 21:37:43,2026-04-16 21:31:25
,https://www.cloudemployee.io/agile-qa/remote-agile-qa-developer,,,0,1,34,1,0,0,1,0,1,404,2025-09-19 17:10:11,2026-04-17 10:53:38
,https://www.cloudemployee.io/ai-engineer,,,0,1,34,1,0,0,1,0,1,404,2025-09-14 21:16:06,2026-04-17 05:28:28
,https://www.cloudemployee.io/ai-engineer/dedicated-ai-engineer,,,0,1,34,1,0,0,1,0,1,404,2025-09-10 16:50:28,2026-04-18 03:22:16
,https://www.cloudemployee.io/ajax,,,0,1,34,1,0,0,1,0,1,404,2025-09-24 06:15:56,2026-04-18 06:16:42
,https://www.cloudemployee.io/ajax/dedicated-ajax-developer,,,0,1,34,1,0,0,1,0,1,404,2025-09-16 21:23:52,2026-07-01 15:29:09
,https://www.cloudemployee.io/ajax/outsource-ajax-development,,,0,1,34,1,0,0,1,0,1,404,2025-09-16 21:29:08,2026-04-17 19:33:21
,https://www.cloudemployee.io/ajax/remote-ajax-developer,,,0,1,34,1,0,0,1,0,1,404,2025-09-16 21:34:01,2026-04-18 04:26:47
,https://www.cloudemployee.io/android/dedicated-android-developer,,,0,1,34,1,0,0,1,0,1,404,2025-09-19 17:55:44,2026-04-18 03:17:30
,https://www.cloudemployee.io/android/outsource-android-development,,,0,1,34,1,0,0,1,0,1,404,2025-09-19 17:55:55,2026-07-11 01:49:32
,https://www.cloudemployee.io/android/remote-android-developer,,,0,1,34,1,0,0,1,0,1,404,2025-09-19 17:55:50,2026-06-30 08:15:33
,https://www.cloudemployee.io/angular,,,0,1,34,2,0,1,2,0,2,404,2025-07-13 07:50:45,2026-06-30 11:45:33
,https://www.cloudemployee.io/angular/dedicated-angular-developer,,,0,1,34,1,0,0,1,0,1,404,2025-09-22 20:55:34,2026-04-17 03:18:06
,https://www.cloudemployee.io/angular/outsource-angular-development,,,0,1,34,1,0,0,1,0,1,404,2025-09-23 11:36:48,2026-04-17 06:36:27
,https://www.cloudemployee.io/angular/remote-angular-developer,,,0,1,34,1,0,0,1,0,1,404,2025-09-23 11:39:06,2026-04-17 08:49:59
,https://www.cloudemployee.io/api,,,0,1,34,1,0,0,1,0,1,404,2025-09-14 19:28:51,2026-04-28 03:19:10
,https://www.cloudemployee.io/api/dedicated-api-developer,,,0,1,34,1,0,0,1,0,1,404,2025-09-16 17:24:22,2026-04-17 08:05:38
,https://www.cloudemployee.io/api/hire-api-developers,,,0,1,34,1,0,0,1,0,1,404,2025-09-13 06:38:13,2026-04-18 01:37:53
,https://www.cloudemployee.io/api/outsource-api-development,,,0,1,34,1,0,0,1,0,1,404,2025-09-16 17:28:31,2026-07-07 05:06:10
,https://www.cloudemployee.io/api/remote-api-developer,,,0,1,34,1,0,0,1,0,1,404,2025-09-16 17:32:39,2026-04-16 22:04:50
,https://www.cloudemployee.io/appfuse,,,0,1,34,1,0,0,1,0,1,404,2025-09-19 12:25:48,2026-04-18 01:06:19
,https://www.cloudemployee.io/appfuse/dedicated-appfuse-developer,,,0,1,34,1,0,0,1,0,1,404,2025-09-22 02:45:24,2026-07-01 19:29:13
,https://www.cloudemployee.io/appfuse/hire-appfuse-developers,,,0,1,34,1,0,0,1,0,1,404,2025-09-22 00:06:20,2026-04-17 09:58:37
,https://www.cloudemployee.io/appfuse/outsource-appfuse-development,,,0,1,34,1,0,0,1,0,1,404,2025-09-22 02:11:15,2026-06-26 05:07:12
,https://www.cloudemployee.io/appfuse/remote-appfuse-developer,,,0,1,34,1,0,0,1,0,1,404,2025-09-22 03:48:35,2026-04-17 14:42:03
,https://www.cloudemployee.io/arch-linux,,,0,1,34,1,0,0,1,0,1,404,2025-09-18 06:46:23,2026-04-17 13:48:40
,https://www.cloudemployee.io/arch-linux/dedicated-arch-linux-developer,,,0,1,34,1,0,0,1,0,1,404,2025-09-16 19:59:24,2026-04-17 09:06:41
,https://www.cloudemployee.io/arch-linux/outsource-arch-linux-development,,,0,1,34,1,0,0,1,0,1,404,2025-09-16 20:04:27,2026-04-17 06:11:15
,https://www.cloudemployee.io/arch-linux/remote-arch-linux-developer,,,0,1,34,1,0,0,1,0,1,404,2025-09-16 20:01:58,2026-04-17 03:49:08
,https://www.cloudemployee.io/arm,,,0,1,34,1,0,0,1,0,1,404,2025-09-19 00:45:48,2026-04-18 06:58:58
,https://www.cloudemployee.io/arm/dedicated-arm-developer,,,0,1,34,1,0,0,1,0,1,404,2025-09-19 17:35:17,2026-04-17 06:56:55
,https://www.cloudemployee.io/arm/hire-arm-developers,,,0,1,34,1,0,0,1,0,1,404,2025-09-21 22:50:45,2026-06-28 19:03:00
,https://www.cloudemployee.io/arm/outsource-arm-development,,,0,1,34,1,0,0,1,0,1,404,2025-09-19 17:37:27,2026-04-17 08:23:11
,https://www.cloudemployee.io/arm/remote-arm-developer,,,0,1,34,1,0,0,1,0,1,404,2025-09-19 17:37:09,2026-04-17 18:40:46
,https://www.cloudemployee.io/aspnet,,,0,1,34,1,0,0,1,0,1,404,2025-09-15 22:26:03,2026-04-18 02:23:35
,https://www.cloudemployee.io/aspnet/dedicated-aspnet-developer,,,0,1,34,1,0,0,1,0,1,404,2025-09-16 04:03:24,2026-04-16 20:09:39
,https://www.cloudemployee.io/aspnet/outsource-aspnet-development,,,0,1,34,1,0,0,1,0,1,404,2025-09-16 03:52:21,2026-07-07 19:50:59
,https://www.cloudemployee.io/aspnet/remote-aspnet-developer,,,0,1,34,1,0,0,1,0,1,404,2025-09-16 18:11:02,2026-04-17 15:08:06
,https://www.cloudemployee.io/asterisk,,,0,1,34,1,0,0,1,0,1,404,2025-09-09 16:17:53,2026-04-18 04:30:54
,https://www.cloudemployee.io/asterisk/dedicated-asterisk-developer,,,0,1,34,1,0,0,1,0,1,404,2025-09-22 18:31:43,2026-06-28 21:54:11
,https://www.cloudemployee.io/asterisk/hire-asterisk-developers,,,0,1,34,1,0,0,1,0,1,404,2025-09-09 14:44:37,2026-04-17 18:23:42
,https://www.cloudemployee.io/asterisk/outsource-asterisk-development,,,0,1,34,1,0,0,1,0,1,404,2025-09-22 19:45:25,2026-07-04 07:34:24
,https://www.cloudemployee.io/asterisk/remote-asterisk-developer,,,0,1,34,1,0,0,1,0,1,404,2025-09-22 19:22:59,2026-04-17 16:45:56
,https://www.cloudemployee.io/aurelia,,,0,1,34,1,0,0,1,0,1,404,2025-09-19 11:58:01,2026-04-18 05:29:22
,https://www.cloudemployee.io/aurelia/dedicated-aurelia-developer,,,0,1,34,1,0,0,1,0,1,404,2025-09-19 16:07:53,2026-04-18 03:45:38
,https://www.cloudemployee.io/aurelia/hire-aurelia-developers,,,0,1,34,1,0,0,1,0,1,404,2025-09-19 13:01:33,2026-04-18 02:43:34
,https://www.cloudemployee.io/aurelia/outsource-aurelia-development,,,0,1,34,1,0,0,1,0,1,404,2025-09-19 16:08:02,2026-07-08 16:48:30
,https://www.cloudemployee.io/aurelia/remote-aurelia-developer,,,0,1,34,1,0,0,1,0,1,404,2025-09-19 16:08:11,2026-06-30 19:24:50
,https://www.cloudemployee.io/authorizenet-api,,,0,1,34,1,0,0,1,0,1,404,2025-09-09 23:59:03,2026-04-18 04:06:01
,https://www.cloudemployee.io/authorizenet-api/dedicated-authorizenet-api-developer,,,0,1,34,1,0,0,1,0,1,404,2025-09-22 22:01:58,2026-04-17 04:38:46
,https://www.cloudemployee.io/authorizenet-api/hire-authorizenet-api-developers,,,0,1,34,1,0,0,1,0,1,404,2025-09-10 01:25:44,2026-04-18 03:40:42
,https://www.cloudemployee.io/authorizenet-api/outsource-authorizenet-api-development,,,0,1,34,1,0,0,1,0,1,404,2025-09-22 21:59:29,2026-04-17 08:01:57
,https://www.cloudemployee.io/authorizenet-api/remote-authorizenet-api-developer,,,0,1,34,1,0,0,1,0,1,404,2025-09-22 22:04:08,2026-06-24 10:00:40
,https://www.cloudemployee.io/available-developers,,,0,1,34,2,0,0,2,0,2,404,2025-08-14 11:22:23,2026-07-10 17:37:01
,https://www.cloudemployee.io/awk,,,0,1,34,1,0,0,1,0,1,404,2025-09-09 13:29:23,2026-04-18 06:01:39
,https://www.cloudemployee.io/awk/dedicated-awk-developer,,,0,1,34,1,0,0,1,0,1,404,2025-09-22 17:59:55,2026-04-17 05:29:48
,https://www.cloudemployee.io/awk/hire-awk-developers,,,0,1,34,1,0,0,1,0,1,404,2025-09-09 13:47:07,2026-04-17 08:25:34
,https://www.cloudemployee.io/awk/outsource-awk-development,,,0,1,34,1,0,0,1,0,1,404,2025-09-22 18:50:03,2026-04-17 14:49:13
,https://www.cloudemployee.io/awk/remote-awk-developer,,,0,1,34,1,0,0,1,0,1,404,2025-09-22 18:52:42,2026-06-26 22:16:50
,https://www.cloudemployee.io/aws,,,0,1,34,1,0,0,1,0,1,404,2025-09-21 17:34:47,2026-04-17 23:24:23
,https://www.cloudemployee.io/aws/dedicated-aws-developer,,,0,1,34,1,0,0,1,0,1,404,2025-09-23 17:20:56,2026-04-17 10:19:38
,https://www.cloudemployee.io/aws/remote-aws-developer,,,0,1,34,1,0,0,1,0,1,404,2025-09-23 17:26:05,2026-07-04 00:51:29
,https://www.cloudemployee.io/b2b-lead-generation,,,11,1,34,133,0,130,133,0,3,301,2024-02-25 10:12:49,2026-04-16 14:21:16
,https://www.cloudemployee.io/babel,,,0,1,34,1,0,0,1,0,1,404,2025-09-19 12:25:34,2026-04-18 07:14:49
,https://www.cloudemployee.io/babel/dedicated-babel-developer,,,0,1,34,1,0,0,1,0,1,404,2025-09-19 18:08:22,2026-04-16 21:29:47
,https://www.cloudemployee.io/babel/hire-babel-developers,,,0,1,34,1,0,0,1,0,1,404,2025-09-19 15:16:15,2026-04-17 22:30:13
,https://www.cloudemployee.io/babel/outsource-babel-development,,,0,1,34,1,0,0,1,0,1,404,2025-09-22 02:42:58,2026-04-17 19:56:40
,https://www.cloudemployee.io/babel/remote-babel-developer,,,0,1,34,1,0,0,1,0,1,404,2025-09-19 18:08:29,2026-04-17 14:50:40
,https://www.cloudemployee.io/back-end,,,0,1,34,1,0,0,1,0,1,404,2025-09-21 03:20:50,2026-04-18 05:15:33
,https://www.cloudemployee.io/back-end/dedicated-back-end-developer,,,0,1,34,1,0,0,1,0,1,404,2025-09-23 17:11:41,2026-04-17 17:04:32
,https://www.cloudemployee.io/back-end/hire-back-end-developers,,,0,1,34,1,0,0,1,0,1,404,2025-09-10 06:53:48,2026-04-17 20:04:46
,https://www.cloudemployee.io/back-end/outsource-back-end-development,,,0,1,34,1,0,0,1,0,1,404,2025-09-23 17:01:10,2026-04-16 22:11:02
,https://www.cloudemployee.io/back-end/remote-back-end-developer,,,0,1,34,1,0,0,1,0,1,404,2025-09-23 17:06:39,2026-04-17 15:05:41
,https://www.cloudemployee.io/backbonejs,,,0,1,34,1,0,0,1,0,1,404,2025-09-09 08:54:56,2026-04-18 04:30:01
,https://www.cloudemployee.io/backbonejs/dedicated-backbonejs-developer,,,0,1,34,1,0,0,1,0,1,404,2025-09-22 17:00:26,2026-06-25 16:04:31
,https://www.cloudemployee.io/backbonejs/hire-backbonejs-developers,,,0,1,34,1,0,0,1,0,1,404,2025-09-09 09:50:44,2026-07-03 11:52:39
,https://www.cloudemployee.io/backbonejs/outsource-backbonejs-development,,,0,1,34,1,0,0,1,0,1,404,2025-11-09 17:39:38,2026-06-30 03:20:39
,https://www.cloudemployee.io/backbonejs/remote-backbonejs-developer,,,0,1,34,1,0,0,1,0,1,404,2025-09-22 21:12:49,2026-04-17 13:53:19
,https://www.cloudemployee.io/bada,,,0,1,34,1,0,0,1,0,1,404,2025-09-19 01:45:03,2026-04-18 06:41:10
,https://www.cloudemployee.io/bada/dedicated-bada-developer,,,0,1,34,1,0,0,1,0,1,404,2025-09-19 17:25:45,2026-04-17 16:55:11
,https://www.cloudemployee.io/bada/hire-bada-developers,,,0,1,34,1,0,0,1,0,1,404,2025-09-19 11:57:47,2026-04-17 07:41:54
,https://www.cloudemployee.io/bada/outsource-bada-development,,,0,1,34,1,0,0,1,0,1,404,2025-09-19 17:26:33,2026-06-30 06:48:43
,https://www.cloudemployee.io/bada/remote-bada-developer,,,0,1,34,1,0,0,1,0,1,404,2025-09-19 17:25:52,2026-04-17 16:38:21
,https://www.cloudemployee.io/bash,,,0,1,34,1,0,0,1,0,1,404,2025-09-16 10:53:14,2026-04-18 04:18:50
,https://www.cloudemployee.io/bash/dedicated-bash-developer,,,0,1,34,1,0,0,1,0,1,404,2025-09-19 13:27:55,2026-07-06 17:48:16
,https://www.cloudemployee.io/bash/hire-bash-developers,,,0,1,34,1,0,0,1,0,1,404,2025-09-19 14:38:52,2026-04-17 22:39:02
,https://www.cloudemployee.io/bash/outsource-bash-development,,,0,1,34,1,0,0,1,0,1,404,2025-09-19 13:28:05,2026-07-06 04:20:55
,https://www.cloudemployee.io/bash/remote-bash-developer,,,0,1,34,1,0,0,1,0,1,404,2025-09-19 13:28:21,2026-04-17 06:35:54
,https://www.cloudemployee.io/benefits-booklet-contact-form,,,4.8,1,34,11,0,8,11,0,3,404,2024-02-16 14:26:51,2026-04-18 03:57:32
,https://www.cloudemployee.io/big-data/dedicated-big-data-developer,,,0,1,34,1,0,0,1,0,1,404,2025-09-16 18:47:45,2026-04-18 00:58:39
,https://www.cloudemployee.io/big-data/outsource-big-data-development,,,0,1,34,1,0,0,1,0,1,404,2025-09-16 18:25:19,2026-04-18 01:56:11
,https://www.cloudemployee.io/big-data/remote-big-data-developer,,,0,1,34,1,0,0,1,0,1,404,2025-09-16 18:33:14,2026-06-27 22:04:58
,https://www.cloudemployee.io/blackberry,,,0,1,34,1,0,0,1,0,1,404,2025-09-19 11:18:16,2026-04-18 04:26:38
,https://www.cloudemployee.io/blackberry/dedicated-blackberry-developer,,,0,1,34,1,0,0,1,0,1,404,2025-09-19 18:14:49,2026-04-17 00:59:59
,https://www.cloudemployee.io/blackberry/hire-blackberry-developers,,,0,1,34,1,0,0,1,0,1,404,2025-09-09 05:56:22,2026-04-17 03:50:26
,https://www.cloudemployee.io/blackberry/outsource-blackberry-development,,,0,1,34,1,0,0,1,0,1,404,2025-09-19 18:15:41,2026-04-17 17:33:35
,https://www.cloudemployee.io/blackberry/remote-blackberry-developer,,,0,1,34,1,0,0,1,0,1,404,2025-09-19 18:14:54,2026-06-25 12:28:13
,https://www.cloudemployee.io/blender,,,0,1,34,1,0,0,1,0,1,404,2025-09-19 12:51:25,2026-04-18 02:58:02
,https://www.cloudemployee.io/blender/dedicated-blender-developer,,,0,1,34,1,0,0,1,0,1,404,2025-09-19 17:03:41,2026-04-17 17:36:51
,https://www.cloudemployee.io/blender/hire-blender-developers,,,0,1,34,1,0,0,1,0,1,404,2025-09-21 17:53:28,2026-04-18 00:03:11
,https://www.cloudemployee.io/blender/outsource-blender-development,,,0,1,34,1,0,0,1,0,1,404,2025-09-19 17:00:21,2026-07-02 21:23:24
,https://www.cloudemployee.io/blender/remote-blender-developer,,,0,1,34,1,0,0,1,0,1,404,2025-09-19 17:00:34,2026-06-26 03:33:42
,https://www.cloudemployee.io/blog/10-best-websites-to-practice-your-coding-chops,,,0,1,34,1,0,0,1,0,1,404,2025-09-24 14:54:05,2026-07-01 01:31:15
,https://www.cloudemployee.io/blog/10-business-ideas-you-can-start-from-your-laptop,,,0,1,34,1,0,0,1,0,1,404,2025-09-23 07:27:39,2026-04-18 03:12:12
,https://www.cloudemployee.io/blog/10-challenges-faced-by-remote-developers---how-to-solve-them,,,0,1,64,1,0,0,0,1,0,301,2024-11-26 05:21:16,2026-07-07 11:56:24
,https://www.cloudemployee.io/blog/10-must-have-fitness-apps-part-2-lets-lose-weight,,,0,1,34,1,0,0,1,0,1,404,2025-09-24 14:49:36,2026-04-18 04:05:35
,https://www.cloudemployee.io/blog/10-must-watch-ted-talks-for-every-women,,,0,1,34,1,0,0,1,0,1,404,2025-09-23 00:50:46,2026-04-20 05:34:49
,https://www.cloudemployee.io/blog/10-technical-skills-to-look-for-when-hiring-devops-engineers,,,0,1,71,1,0,0,1,0,0,301,2025-01-05 00:49:59,2026-06-25 12:02:33
,https://www.cloudemployee.io/blog/11-great-practices-to-help-you-hire-software-developers,,,0,1,34,1,0,0,1,0,1,404,2025-09-23 00:42:11,2026-05-05 11:00:09
,https://www.cloudemployee.io/blog/11-signs-you-lack-work-life-balance,,,0,1,34,2,0,0,2,0,2,404,2025-09-10 16:59:15,2026-04-30 08:59:41
,https://www.cloudemployee.io/blog/20-most-entertaining-tweets-from-zuckerbergs-hearing,,,0,1,34,1,0,0,1,0,1,404,2025-09-23 20:31:37,2026-04-18 04:25:10
,https://www.cloudemployee.io/blog/20-tools-you-need-as-a-developer-in-2021,,,0,1,54,1,0,0,1,0,0,301,2024-08-27 23:31:55,2026-07-08 21:17:01
,https://www.cloudemployee.io/blog/3-reasons-why-the-philippines-is-one-of-the-top-english-proficient-countries-for-business,,,0,1,34,1,0,0,1,0,1,404,2025-09-23 00:59:28,2026-06-29 10:23:06
,https://www.cloudemployee.io/blog/4-advantages-outsourcing-startup,,,4.5,1,34,2,0,0,2,0,2,404,2024-10-16 19:37:28,2026-04-18 05:10:27
,https://www.cloudemployee.io/blog/4-interview-questions-to-ask-when-you-hire-programmers,,,0,1,34,2,1,0,2,0,2,404,2025-09-23 00:58:21,2026-04-18 07:16:21
,https://www.cloudemployee.io/blog/5-advantages-of-hiring-web-developers-offshore,,,0,1,34,2,1,0,2,0,2,404,2025-09-24 10:43:36,2026-07-04 14:58:18
,https://www.cloudemployee.io/blog/5-pioneer-women-in-tech,,,0,1,34,1,0,0,1,0,1,404,2025-09-23 02:59:30,2026-04-18 01:18:42
,https://www.cloudemployee.io/blog/5-reasons-to-hire-a-mobile-app-developer-offshore,,,0,1,34,2,0,0,2,0,2,404,2025-07-13 07:53:21,2026-04-20 11:02:32
,https://www.cloudemployee.io/blog/6-female-leaders-and-entrepreneurs-to-follow-on-instagram,,,0,1,34,1,0,0,1,0,1,404,2025-09-23 01:03:28,2026-04-18 02:32:43
,https://www.cloudemployee.io/blog/6-major-signs-youre-a-micromanager-and-how-to-avoid-being-one,,,0,1,34,2,0,0,2,0,2,404,2025-09-10 16:57:47,2026-04-29 21:25:48
,https://www.cloudemployee.io/blog/7-cool-devices-to-turn-your-home-into-a-smart-home,,,0,1,34,1,0,0,1,0,1,404,2025-09-24 14:44:59,2026-04-18 05:08:00
,https://www.cloudemployee.io/blog/7-mobile-apps-to-help-you-learn-coding-on-the-go,,,0,1,34,2,0,0,2,0,2,301,2025-01-26 16:18:14,2026-04-18 00:29:07
,https://www.cloudemployee.io/blog/7-ways-to-effectively-manage-your-remote-team,,,0,1,34,2,0,0,2,0,2,404,2025-09-10 16:57:02,2026-04-18 06:28:06
,https://www.cloudemployee.io/blog/8-mistakes-to-avoid-when-hiring-a-programmer,,,0,1,34,1,0,0,1,0,1,404,2025-09-23 00:55:51,2026-05-03 21:25:26
,https://www.cloudemployee.io/blog/8-myths-and-misconceptions-of-hiring-developers-offshore,,,0,1,34,1,0,0,1,0,1,404,2025-09-23 01:17:39,2026-04-18 02:50:41
,https://www.cloudemployee.io/blog/8-talks-you-missed-during-the-2018-big-data-week-london,,,0,1,34,1,0,0,1,0,1,404,2025-09-23 00:35:39,2026-04-18 04:29:07
,https://www.cloudemployee.io/blog/8-tips-for-more-productive-meetings,,,0,1,34,2,0,0,2,0,2,404,2025-09-23 01:05:59,2026-07-01 03:59:00
,https://www.cloudemployee.io/blog/a-7-point-guide-to-hiring-a-programmer,,,0,1,34,1,0,0,1,0,1,404,2025-09-24 10:46:54,2026-04-18 03:35:55
,https://www.cloudemployee.io/blog/a-review-of-the-top-5-project-management-tools,,,0,1,34,1,0,0,1,0,1,404,2025-09-23 01:04:43,2026-04-23 11:38:29
,https://www.cloudemployee.io/blog/accelerate-business-growth-2016,,,,1,34,1,0,1,1,0,1,,2025-07-12 05:09:06,2025-07-12 05:09:06
,https://www.cloudemployee.io/blog/asana-vs-trello-best-project-management-tools-for-remote-working,,,0,1,71,1,0,0,1,0,0,301,2024-12-08 06:52:25,2026-06-28 15:41:32
,https://www.cloudemployee.io/blog/billion-dollar-startups-built-with-outsourced-development,,,0,1,34,1,0,0,1,0,1,404,2025-09-23 00:38:09,2026-05-31 12:08:18
,https://www.cloudemployee.io/blog/cloud-employee-offers-alternative-in-the-midst-of-uk-hiring-crisis,,,0,1,34,2,1,0,2,0,2,404,2025-09-23 02:54:58,2026-06-17 04:41:16
,https://www.cloudemployee.io/blog/code,,,0,1,34,2,0,1,2,0,2,404,2025-07-12 20:09:06,2026-04-12 14:47:21
,https://www.cloudemployee.io/blog/code/10-reasons-for-designers-to-choose-figma-for-uiux-design,,,0,1,34,1,0,0,1,0,1,404,2025-09-18 09:47:54,2026-06-30 16:43:24
,https://www.cloudemployee.io/blog/code/15-excellent-open-source-php-libraries-for-extending-laravel,,,,1,34,1,0,1,1,0,1,,2025-09-18 08:21:59,2025-09-18 08:21:59
,https://www.cloudemployee.io/blog/code/8-software-engineer-principles,,,0,1,34,1,0,0,1,0,1,404,2025-09-15 07:11:15,2026-04-18 05:08:56
,https://www.cloudemployee.io/blog/code/all-you-need-to-know-about-pipeline-operator-and-piping-in-javascript,,,0,1,34,1,0,0,1,0,1,404,2025-09-15 06:34:35,2026-04-18 01:33:33
,https://www.cloudemployee.io/blog/code/best-practices-for-code-review,,,0,1,34,1,0,0,1,0,1,404,2025-09-15 06:29:41,2026-06-27 18:36:42
,https://www.cloudemployee.io/blog/code/css-grid-vs-flexbox-which-to-use-when,,,0,1,34,2,0,1,2,0,2,404,2025-07-12 20:08:11,2026-04-11 04:18:44
,https://www.cloudemployee.io/blog/code/delivering-on-time-tips-for-managing-deadlines,,,0,1,34,1,0,0,1,0,1,404,2025-09-14 22:56:19,2026-04-18 05:18:37
,https://www.cloudemployee.io/blog/code/describe-the-role-of-a-lead-developer,,,0,1,34,1,0,0,1,0,1,404,2025-09-15 06:33:08,2026-04-18 05:19:59
,https://www.cloudemployee.io/blog/code/everything-you-should-know-about-secure-software-development-life-cycle-processes-sdlc,,,0,1,34,1,0,0,1,0,1,404,2025-09-15 06:59:36,2026-04-17 11:37:57
,https://www.cloudemployee.io/blog/code/how-to-become-a-blockchain-developer-step-by-step-guide,,,0,1,34,1,0,0,1,0,1,404,2025-09-18 09:56:19,2026-04-17 12:49:52
,https://www.cloudemployee.io/blog/code/how-to-consume-a-restful-api-in-react-with-axios,,,0,1,34,1,0,0,1,0,1,404,2025-09-18 09:42:02,2026-06-29 06:16:15
,https://www.cloudemployee.io/blog/code/how-to-mentor-a-junior-developer,,,0,1,34,1,0,0,1,0,1,404,2025-09-18 08:58:48,2026-04-17 16:02:15
,https://www.cloudemployee.io/blog/code/solid-design-principles-in-java-development,,,0,1,34,1,0,0,1,0,1,404,2025-09-15 06:46:27,2026-04-18 02:09:34
,https://www.cloudemployee.io/blog/code/the-front-end-developer-roadmap-2022,,,0,1,34,1,0,0,1,0,1,404,2025-09-18 07:52:48,2026-07-10 12:42:40
,https://www.cloudemployee.io/blog/code/these-coder-certifications-will-double-your-salary,,,,1,34,1,0,1,1,0,1,,2025-09-15 06:36:29,2025-09-15 06:36:29
,https://www.cloudemployee.io/blog/code/what-you-need-to-know-to-secure-your-reactjs-application,,,0,1,34,1,0,0,1,0,1,404,2025-09-15 07:22:02,2026-07-12 02:10:46
,https://www.cloudemployee.io/blog/code/why-do-web-developers-should-learn-seo,,,0,1,34,2,1,0,2,0,2,404,2025-09-15 07:14:51,2026-04-18 16:33:11
,https://www.cloudemployee.io/blog/cybersecurity-readiness-in-the-21st-century,,,0,1,34,2,0,0,2,0,2,301,2025-07-13 15:35:17,2026-07-04 15:02:17
,https://www.cloudemployee.io/blog/front-end-and-back-end-developers-a-quick-comparison,,,0,1,34,2,1,0,2,0,2,404,2025-09-23 01:30:38,2026-07-08 03:36:43
,https://www.cloudemployee.io/blog/gdpr-and-its-impact-on-outsourcing,,,0,1,34,1,0,0,1,0,1,404,2025-11-10 14:55:22,2026-05-01 08:57:34
,https://www.cloudemployee.io/blog/get-the-most-out-of-offshoring-with-these-tips,,,0,1,34,1,0,0,1,0,1,404,2025-09-25 11:47:49,2026-04-18 04:47:50
,https://www.cloudemployee.io/blog/heres-what-went-down-at-apples-gather-round-iphone-launch,,,0,1,34,1,0,0,1,0,1,404,2025-09-24 10:40:20,2026-04-18 05:09:13
,https://www.cloudemployee.io/blog/how-important-is-your-github-activity-for-a-job-interview,,,0,1,71,3,0,2,3,0,0,301,2024-08-01 04:19:28,2026-05-16 07:22:24
,https://www.cloudemployee.io/blog/how-much-does-it-cost-to-hire-a-mobile-app-developer-in-2018,,,0,1,34,2,0,0,2,0,2,404,2025-07-13 07:52:48,2026-07-01 10:22:07
,https://www.cloudemployee.io/blog/how-staff-augmentation-is-rewriting-the-rules-of-software-development-speed-and-efficiency,,,0,1,4.9,1,0,1,1,0,0,301,2025-09-28 22:22:30,2026-02-23 01:24:08
,https://www.cloudemployee.io/blog/how-to-create-a-compelling-github-portfolio,,,0,1,71,1,0,1,1,0,0,301,2024-12-01 00:02:09,2026-02-07 08:41:21
,https://www.cloudemployee.io/blog/interesting-predictions-for-the-future-of-work,,,0,1,34,1,0,0,1,0,1,404,2025-09-23 06:21:27,2026-04-22 13:44:56
,https://www.cloudemployee.io/blog/it-outsourcing,,,0,1,34,2,0,1,2,0,2,404,2025-07-12 19:56:39,2026-06-27 12:38:46
,https://www.cloudemployee.io/blog/it-outsourcing/10-must-have-qualities-in-junior,,,0,1,34,2,1,0,2,0,2,404,2025-09-18 10:45:56,2026-06-18 04:43:56
,https://www.cloudemployee.io/blog/it-outsourcing/10-skills-to-look-for-when-hiring-front-end-developers,,,0,1,34,1,0,0,1,0,1,404,2025-09-15 19:37:59,2026-06-01 04:29:04
,https://www.cloudemployee.io/blog/it-outsourcing/10-team-building-games-for-remote-workers,,,0,1,34,1,0,0,1,0,1,404,2025-09-18 10:24:03,2026-04-18 04:59:54
,https://www.cloudemployee.io/blog/it-outsourcing/10-technical-skills-to-look-for-when-hiring-devops-engineers,,,0,1,34,2,0,0,2,0,2,404,2025-08-14 11:59:51,2026-07-06 03:40:04
,https://www.cloudemployee.io/blog/it-outsourcing/10-top-reasons-why-american-companies-outsource,,,0,1,34,1,0,0,1,0,1,404,2025-09-15 07:47:44,2026-04-17 16:35:34
,https://www.cloudemployee.io/blog/it-outsourcing/11-great-practices-to-help-you-hire-software-developers,,,0,1,34,2,0,0,2,0,2,404,2025-05-20 20:22:59,2026-06-21 21:57:45
,https://www.cloudemployee.io/blog/it-outsourcing/3-reasons-why-the-philippines-is-one-of-the-top-english-proficient-countries-for-business,,,0,1,34,2,0,0,2,0,2,404,2025-05-18 16:51:21,2026-07-07 01:45:28
,https://www.cloudemployee.io/blog/it-outsourcing/4-advantages-outsourcing-startup,,,0,1,34,2,0,0,2,0,2,404,2025-09-10 16:53:26,2026-04-18 04:20:21
,https://www.cloudemployee.io/blog/it-outsourcing/4-interview-questions-to-ask-when-you-hire-programmers,,,0,1,34,1,0,0,1,0,1,404,2025-09-09 19:47:56,2026-06-28 12:17:06
,https://www.cloudemployee.io/blog/it-outsourcing/4-ways-hiring-android-developers-offshore-increase-productivity,,,0,1,34,1,0,0,1,0,1,404,2025-09-15 12:49:23,2026-06-30 07:53:40
,https://www.cloudemployee.io/blog/it-outsourcing/5-advantages-of-hiring-web-developers-offshore,,,0,1,34,2,0,0,2,0,2,404,2025-08-14 11:19:18,2026-05-21 14:49:47
,https://www.cloudemployee.io/blog/it-outsourcing/5-questions-to-ask-yourself-before-hiring-wordpress-developers,,,0,1,34,3,0,0,3,0,3,404,2025-05-16 06:55:44,2026-06-23 02:08:38
,https://www.cloudemployee.io/blog/it-outsourcing/5-reasons-to-hire-a-mobile-app-developer-offshore,,,0,1,34,1,0,0,1,0,1,404,2025-09-21 06:49:42,2026-07-03 18:03:13
,https://www.cloudemployee.io/blog/it-outsourcing/5-reasons-why-its-difficult-for-you-to-hire-programmers,,,0,1,34,2,0,0,2,0,2,404,2025-09-10 16:52:02,2026-06-18 17:00:34
,https://www.cloudemployee.io/blog/it-outsourcing/7-things-to-understand-before-you-hire-software-developers,,,0,1,34,1,0,0,1,0,1,404,2025-09-21 12:39:40,2026-04-18 04:25:01
,https://www.cloudemployee.io/blog/it-outsourcing/7-things-your-outsourced-software-developer-wished-you-knew,,,0,1,34,1,0,0,1,0,1,404,2025-09-17 14:05:39,2026-04-17 07:19:44
,https://www.cloudemployee.io/blog/it-outsourcing/8-mistakes-to-avoid-when-hiring-a-programmer,,,0,1,34,2,0,0,2,0,2,404,2025-08-14 11:45:14,2026-07-10 19:37:08
,https://www.cloudemployee.io/blog/it-outsourcing/8-myths-and-misconceptions-of-hiring-developers-offshore,,,0,1,34,2,0,0,2,0,2,404,2025-05-12 00:54:04,2026-06-30 10:12:44
,https://www.cloudemployee.io/blog/it-outsourcing/8-ways-to-reduce-risk-when-hiring-developers-offshore,,,0,1,34,1,0,0,1,0,1,404,2025-09-15 08:23:51,2026-04-18 04:17:49
,https://www.cloudemployee.io/blog/it-outsourcing/a-7-point-guide-to-hiring-a-programmer,,,0,1,34,1,0,0,1,0,1,404,2025-09-19 17:51:43,2026-07-09 08:46:50
,https://www.cloudemployee.io/blog/it-outsourcing/a-non-techie-s-guide-to-hiring-wordpress-developers,,,0,1,34,1,0,0,1,0,1,404,2025-09-09 23:50:53,2026-06-28 22:22:52
,https://www.cloudemployee.io/blog/it-outsourcing/angular-services-providedin-and-lazy-modules,,,0,1,34,1,0,0,1,0,1,404,2025-09-18 10:38:26,2026-04-18 06:39:47
,https://www.cloudemployee.io/blog/it-outsourcing/benefits-of-it-outsourcing-service-provider,,,4.5,1,34,3,0,0,3,0,3,404,2024-03-05 23:22:01,2026-06-30 01:21:48
,https://www.cloudemployee.io/blog/it-outsourcing/benefits-of-outsourcing-through-managed-services,,,4.5,1,34,3,0,0,3,0,3,301,2024-04-02 21:09:16,2026-07-06 18:19:29
,https://www.cloudemployee.io/blog/it-outsourcing/billion-dollar-startups-built-with-outsourced-development,,,0,1,34,1,0,0,1,0,1,404,2025-09-15 07:25:45,2026-03-09 04:47:55
,https://www.cloudemployee.io/blog/it-outsourcing/cloud-in-software-development-benefits-and-challenges,,,,1,34,1,0,1,1,0,1,,2025-09-18 06:33:07,2025-09-18 06:33:07
,https://www.cloudemployee.io/blog/it-outsourcing/few-tips-to-remember-before-hiring-an-ios-developer,,,0,1,34,1,0,0,1,0,1,404,2025-09-15 19:36:31,2026-05-24 09:10:11
,https://www.cloudemployee.io/blog/it-outsourcing/gdpr-and-its-impact-on-outsourcing,,,0,1,34,2,0,0,2,0,2,404,2025-05-13 12:29:54,2026-06-13 03:35:56
,https://www.cloudemployee.io/blog/it-outsourcing/get-the-most-out-of-offshoring-with-these-tips,,,0,1,34,1,0,0,1,0,1,404,2025-09-23 05:56:01,2026-04-25 08:18:00
,https://www.cloudemployee.io/blog/it-outsourcing/guide-to-writing-a-srs-document,,,0,1,34,1,0,0,1,0,1,404,2025-09-15 07:38:16,2026-04-18 05:38:08
,https://www.cloudemployee.io/blog/it-outsourcing/heres-how-you-can-hire-software-developers-painlessly,,,,1,34,1,0,1,1,0,1,,2025-09-17 15:29:45,2025-09-17 15:29:45
,https://www.cloudemployee.io/blog/it-outsourcing/heres-what-to-look-for-before-you-hire-c-developers,,,0,1,34,1,0,0,1,0,1,404,2025-09-15 19:51:42,2026-05-20 03:28:40
,https://www.cloudemployee.io/blog/it-outsourcing/heres-what-you-need-to-know-about-the-sdlc-7-phases-popular-models-benefits-and-more,,,0,1,34,1,0,0,1,0,1,404,2025-09-15 06:26:48,2026-06-30 01:15:52
,https://www.cloudemployee.io/blog/it-outsourcing/hire-a-javascript-developer,,,0,1,34,1,0,0,1,0,1,404,2025-09-10 17:31:35,2026-04-18 00:09:13
,https://www.cloudemployee.io/blog/it-outsourcing/hire-web-developers-skilled-in-these-back-end-frameworks,,,0,1,34,2,0,0,2,0,2,404,2025-08-14 11:51:05,2026-05-31 01:06:36
,https://www.cloudemployee.io/blog/it-outsourcing/how-outsourcing-drives-startup-growth-innovation-infographic,,,4.5,1,34,3,0,0,3,0,3,301,2024-03-09 20:21:30,2026-07-05 12:27:33
,https://www.cloudemployee.io/blog/it-outsourcing/how-to-build-a-close-relationship-with-your-offshore-team-despite-the-distance,,,0,1,34,1,0,0,1,0,1,404,2025-09-15 22:30:26,2026-04-17 22:03:43
,https://www.cloudemployee.io/blog/it-outsourcing/how-to-find-and-hire-php-developers,,,0,1,34,1,0,0,1,0,1,404,2025-09-22 03:42:02,2026-04-18 06:20:53
,https://www.cloudemployee.io/blog/it-outsourcing/how-to-hire-a-javascript-developer-step-by-step-guide-for-executives,,,0,1,34,1,0,0,1,0,1,404,2025-09-15 22:36:07,2026-04-18 18:11:16
,https://www.cloudemployee.io/blog/it-outsourcing/it-outsourcing-trends-to-expect-this-2019,,,0,1,34,1,0,0,1,0,1,404,2025-09-10 09:27:02,2026-04-18 05:40:37
,https://www.cloudemployee.io/blog/it-outsourcing/motivate-your-remote-team,,,,1,34,1,0,1,1,0,1,,2025-07-12 05:06:26,2025-07-12 05:06:26
,https://www.cloudemployee.io/blog/it-outsourcing/neck-and-neck,,,0,1,34,1,0,0,1,0,1,404,2025-09-13 02:11:01,2026-04-17 17:58:26
,https://www.cloudemployee.io/blog/it-outsourcing/neck-and-neck-the-it-outsourcing-rivalry-between-india-and-the-philippines,,,0,1,34,2,1,0,2,0,2,404,2025-09-15 22:28:55,2026-07-02 04:08:49
,https://www.cloudemployee.io/blog/it-outsourcing/need-to-hire-a-programmer-look-for-these-traits,,,0,1,34,1,0,0,1,0,1,404,2025-09-10 04:42:07,2026-07-03 03:30:38
,https://www.cloudemployee.io/blog/it-outsourcing/outsourcing-as-a-way-to-boost-your-income,,,0,1,34,2,0,0,2,0,2,404,2025-09-10 17:05:07,2026-06-26 13:01:19
,https://www.cloudemployee.io/blog/it-outsourcing/outsourcing-india-or-the-phillipines,,,0,1,34,3,0,0,3,0,3,404,2025-01-19 07:11:04,2026-07-08 08:39:52
,https://www.cloudemployee.io/blog/it-outsourcing/outsourcing-india-vs-phillipines,,,0,1,34,1,0,0,1,0,1,404,2025-09-21 18:29:27,2026-07-03 17:57:54
,https://www.cloudemployee.io/blog/it-outsourcing/partnering-it-outsourcing-service-provider,,,0,1,34,4,0,1,4,0,3,301,2024-02-20 23:47:44,2026-06-10 20:26:27
,https://www.cloudemployee.io/blog/it-outsourcing/ph-remains-top-outsourcing-provider-despite-rising-competition,,,4.5,1,34,2,0,0,2,0,2,404,2024-03-15 07:57:08,2026-06-02 12:58:11
,https://www.cloudemployee.io/blog/it-outsourcing/reasons-hire-laravel-developers-ecommerce,,,0,1,34,3,0,0,3,0,3,404,2025-01-26 14:44:08,2026-07-02 23:31:23
,https://www.cloudemployee.io/blog/it-outsourcing/remote-work-trends-and-what-we-can-learn-from-them,,,0,1,34,2,0,0,2,0,2,404,2025-05-19 02:25:00,2026-06-11 05:37:31
,https://www.cloudemployee.io/blog/it-outsourcing/startup-should-outsource-software-development,,,0,1,34,1,0,0,1,0,1,404,2025-09-18 06:03:53,2026-04-17 22:28:19
,https://www.cloudemployee.io/blog/it-outsourcing/statement-of-work-sow-in-software-development-everything-to-know,,,0,1,34,1,0,0,1,0,1,404,2025-09-15 07:34:48,2026-04-18 07:07:50
,https://www.cloudemployee.io/blog/it-outsourcing/the-dos-and-donts-when-hiring-android-developers,,,0,1,34,1,0,0,1,0,1,404,2025-09-10 18:31:54,2026-07-07 05:15:06
,https://www.cloudemployee.io/blog/it-outsourcing/these-are-the-reasons-why-you-should-outsource,,,0,1,34,1,0,0,1,0,1,404,2025-09-19 15:53:00,2026-05-10 21:20:04
,https://www.cloudemployee.io/blog/it-outsourcing/tips-how-to-get-the-most-from-it-outsourcing,,,0,1,34,2,0,0,2,0,2,404,2025-09-10 16:52:50,2026-06-14 14:41:47
,https://www.cloudemployee.io/blog/it-outsourcing/top-6-tips-when-hiring-net-developers,,,0,1,34,2,0,0,2,0,2,404,2025-03-10 14:43:06,2026-05-17 07:03:03
,https://www.cloudemployee.io/blog/it-outsourcing/top-outsourcing-cities-in-the-philippines,,,0,1,34,1,0,0,1,0,1,404,2025-09-10 12:34:29,2026-04-18 03:22:33
,https://www.cloudemployee.io/blog/it-outsourcing/what-jobs-can-a-software-developer-do,,,0,1,34,1,0,0,1,0,1,404,2025-09-18 10:40:46,2026-04-17 05:50:56
,https://www.cloudemployee.io/blog/it-outsourcing/what-to-look-for-when-hiring-nodejs-developers,,,0,1,34,1,0,0,1,0,1,404,2025-09-21 08:36:54,2026-07-08 08:15:29
,https://www.cloudemployee.io/blog/it-outsourcing/where-to-find-the-best-nodejs-developers-12-of-the-best-platforms,,,0,1,34,1,0,0,1,0,1,404,2025-09-18 05:05:07,2026-04-17 11:07:08
,https://www.cloudemployee.io/blog/it-outsourcing/why-it-outsourcing-for-startup-product-development,,,0,1,34,3,0,1,3,0,3,404,2024-03-12 19:11:23,2026-06-25 12:10:12
,https://www.cloudemployee.io/blog/it-outsourcing/will-robotic-process-automation-be-the-future-of-outsourcing,,,0,1,34,1,0,0,1,0,1,404,2025-09-15 04:08:34,2026-04-18 05:00:02
,https://www.cloudemployee.io/blog/it-outsourcing/you-should-hire-java-developers-with-these-skills,,,0,1,34,2,0,0,2,0,2,404,2025-05-29 07:31:29,2026-06-28 22:19:01
,https://www.cloudemployee.io/blog/market-research-and-customer-discovery-resources-for-your-startup-part-1,,,0,1,34,1,0,0,1,0,1,404,2025-09-23 01:02:06,2026-04-18 03:54:29
,https://www.cloudemployee.io/blog/mindset-growth,,,0,1,34,2,0,1,2,0,2,404,2025-07-12 19:42:35,2026-04-14 10:02:57
,https://www.cloudemployee.io/blog/mindset-growth/10-things-that-keep-you-motivated-as-a-software-developer,,,0,1,34,1,0,0,1,0,1,404,2025-09-18 09:53:21,2026-07-02 03:47:31
,https://www.cloudemployee.io/blog/mindset-growth/difference-between-a-technical-lead-and-a-team-leader,,,0,1,34,1,0,0,1,0,1,404,2025-09-15 07:07:37,2026-04-18 04:59:45
,https://www.cloudemployee.io/blog/mindset-growth/good-vs-great-developers-how-to-tell-the-difference,,,0,1,34,1,0,0,1,0,1,404,2025-09-14 21:23:51,2026-04-17 07:24:16
,https://www.cloudemployee.io/blog/mindset-growth/how-to-become-a-high-performing-developer,,,0,1,34,2,0,1,2,0,2,404,2025-07-12 20:05:48,2026-06-20 01:17:32
,https://www.cloudemployee.io/blog/mindset-growth/how-to-become-a-remote-developer-and-a-digital-nomad,,,0,1,34,1,0,0,1,0,1,404,2025-09-18 09:58:58,2026-04-17 21:49:07
,https://www.cloudemployee.io/blog/mindset-growth/how-to-combat-information-overload,,,0,1,34,1,0,0,1,0,1,404,2025-09-17 05:15:17,2026-07-08 04:50:56
,https://www.cloudemployee.io/blog/mindset-growth/how-to-learn-to-code-study-these-first,,,,1,34,1,0,1,1,0,1,,2025-09-17 12:28:50,2025-09-17 12:28:50
,https://www.cloudemployee.io/blog/mindset-growth/recruitment-ethics-the-most-important-aspects,,,0,1,34,1,0,0,1,0,1,404,2025-09-18 09:44:59,2026-06-27 11:46:20
,https://www.cloudemployee.io/blog/most-sought-after-programming-languages-in-2018,,,0,1,34,2,0,0,2,0,2,404,2025-09-10 16:55:34,2026-04-29 12:34:54
,https://www.cloudemployee.io/blog/nearshore-vs-offshore-software-development,,,0,1,34,1,1,0,1,0,1,404,2026-04-26 02:45:59,2026-04-26 02:45:59
,https://www.cloudemployee.io/blog/need-to-hire-a-programmer-look-for-these-traits,,,0,1,34,2,1,0,2,0,2,404,2025-09-23 00:53:26,2026-04-27 12:07:25
,https://www.cloudemployee.io/blog/outsourcing-as-a-way-to-boost-your-income,,,4.5,1,34,2,0,0,2,0,2,301,2024-11-09 10:16:10,2026-05-09 00:12:01
,https://www.cloudemployee.io/blog/ph-remains-top-outsourcing-provider-despite-rising-competition,,,0,1,34,1,0,0,1,0,1,404,2025-09-23 00:36:55,2026-07-09 23:45:31
,https://www.cloudemployee.io/blog/productivity,,,0,1,34,2,0,1,2,0,2,404,2025-07-12 20:06:42,2026-06-30 19:58:44
,https://www.cloudemployee.io/blog/productivity-hacks-for-the-new-year,,,0,1,34,1,0,0,1,0,1,404,2025-09-23 01:09:57,2026-04-18 06:34:36
,https://www.cloudemployee.io/blog/productivity/10-fun-things-to-try-this-summer,,,0,1,34,1,0,0,1,0,1,404,2025-09-08 23:38:22,2026-04-18 04:50:27
,https://www.cloudemployee.io/blog/productivity/10-good-habits-you-should-be-working-on-this-2018,,,0,1,34,3,0,1,3,0,3,404,2024-03-25 06:46:37,2026-06-29 04:48:39
,https://www.cloudemployee.io/blog/productivity/10-must-have-fitness-apps-part-1-lets-get-moving,,,0,1,34,2,0,0,2,0,2,404,2024-07-10 14:49:48,2026-07-06 23:37:55
,https://www.cloudemployee.io/blog/productivity/10-must-have-fitness-apps-part-2-lets-lose-weight,,,0,1,34,2,1,0,2,0,2,404,2025-09-22 17:30:50,2026-06-16 09:50:35
,https://www.cloudemployee.io/blog/productivity/12-startup-podcasts-for-entrepreneurs,,,4.5,1,34,3,0,0,3,0,3,301,2024-02-27 09:35:20,2026-06-25 02:08:31
,https://www.cloudemployee.io/blog/productivity/4-toptal-alternatives-and-competitors,,,0,1,34,1,0,0,1,0,1,404,2025-09-15 07:44:47,2026-04-18 05:52:06
,https://www.cloudemployee.io/blog/productivity/5-alternative-coffices-in-manila,,,0,1,34,2,0,0,2,0,2,301,2024-06-14 05:30:04,2026-07-01 03:06:59
,https://www.cloudemployee.io/blog/productivity/5-common-resume-mistakes-and-tips-to-fix-them,,,0,1,34,1,0,0,1,0,1,404,2026-01-11 15:05:39,2026-04-18 05:53:53
,https://www.cloudemployee.io/blog/productivity/5-early-signs-your-startup-is-failing,,,0,1,34,2,0,1,2,0,2,404,2025-05-13 12:27:39,2026-04-18 05:03:40
,https://www.cloudemployee.io/blog/productivity/5-fun-ways-to-celebrate-new-years-eve,,,0,1,34,2,0,0,2,0,2,404,2025-01-19 02:41:51,2026-06-28 04:37:24
,https://www.cloudemployee.io/blog/productivity/5-goals-of-a-software-development-team,,,0,1,34,1,0,0,1,0,1,404,2025-09-14 21:43:18,2026-04-17 08:08:02
,https://www.cloudemployee.io/blog/productivity/5-great-practices-when-working-a-desktop,,,0,1,34,2,0,0,2,0,2,404,2025-09-10 17:07:49,2026-04-17 08:35:00
,https://www.cloudemployee.io/blog/productivity/5-readily-available-snacks-that-boost-brain-power,,,4.5,1,34,3,0,0,3,0,3,301,2024-03-16 04:52:05,2026-06-13 21:12:59
,https://www.cloudemployee.io/blog/productivity/5-top-project-management-tools-review,,,0,1,34,1,0,0,1,0,1,404,2025-09-21 08:22:46,2026-04-25 11:08:25
,https://www.cloudemployee.io/blog/productivity/6-apps-that-will-help-you-get-to-work,,,0,1,34,3,0,0,3,0,3,301,2024-03-10 14:09:02,2026-06-12 15:08:12
,https://www.cloudemployee.io/blog/productivity/6-major-signs-youre-a-micromanager-and-how-to-avoid-being-one,,,0,1,34,2,0,0,2,0,2,404,2025-07-13 08:28:24,2026-06-12 04:44:50
,https://www.cloudemployee.io/blog/productivity/6-must-watch-ted-talks-startup-founders,,,4.5,1,34,2,0,0,2,0,2,301,2024-03-06 23:39:12,2026-07-12 05:40:40
,https://www.cloudemployee.io/blog/productivity/7-ways-to-effectively-manage-your-remote-team,,,0,1,34,1,0,0,1,0,1,404,2025-09-19 13:23:00,2026-07-04 11:53:22
,https://www.cloudemployee.io/blog/productivity/8-collaboration-tools-you-need-to-work-with-remote-developers,,,0,1,34,1,0,0,1,0,1,404,2025-09-18 08:13:05,2026-04-17 22:02:35
,https://www.cloudemployee.io/blog/productivity/8-tips-for-more-productive-meetings,,,0,1,34,2,0,0,2,0,2,404,2025-09-15 06:39:54,2026-06-12 08:44:41
,https://www.cloudemployee.io/blog/productivity/a-review-of-the-top-5-project-management-tools,,,4.5,1,34,3,0,0,3,0,3,404,2024-03-27 02:46:28,2026-06-06 03:37:57
,https://www.cloudemployee.io/blog/productivity/asana-vs-trello-best-project-management-tools-for-remote-working,,,,1,34,1,0,1,1,0,1,,2025-09-18 07:20:05,2025-09-18 07:20:05
,https://www.cloudemployee.io/blog/productivity/different-ways-to-say-merry-christmas,,,,1,34,1,0,1,1,0,1,,2025-09-18 10:33:42,2025-09-18 10:33:42
,https://www.cloudemployee.io/blog/productivity/how-can-a-software-developer-succeed,,,0,1,34,1,1,0,1,0,1,404,2026-04-22 10:38:55,2026-04-22 10:38:55
,https://www.cloudemployee.io/blog/productivity/how-to-stop-being-a-wantrepreneur,,,0,1,34,1,0,0,1,0,1,404,2025-01-18 12:12:27,2026-06-10 04:13:40
,https://www.cloudemployee.io/blog/productivity/integrate-aws-secrets-manager-with-springboot,,,0,1,34,1,0,0,1,0,1,404,2025-09-18 10:26:28,2026-07-04 09:31:54
,https://www.cloudemployee.io/blog/productivity/mindful-eating-during-the-holidays-tips,,,0,1,34,1,0,0,1,0,1,404,2025-05-14 21:00:20,2026-06-28 02:34:25
,https://www.cloudemployee.io/blog/productivity/productivity-hacks-for-the-new-year,,,0,1,34,1,0,0,1,0,1,404,2025-09-21 06:19:40,2026-04-18 03:26:55
,https://www.cloudemployee.io/blog/productivity/slack-channels-for-startu,,,0,1,34,1,1,0,1,0,1,404,2026-04-19 07:32:28,2026-06-17 02:03:41
,https://www.cloudemployee.io/blog/productivity/slack-vs-microsoft-teams-which-tool-is-ahead-of-the-game,,,0,1,34,1,0,0,1,0,1,404,2025-09-15 05:03:15,2026-04-17 17:28:23
,https://www.cloudemployee.io/blog/productivity/these-unconventional-office-designs,,,0,1,34,1,0,0,1,0,1,404,2025-09-18 08:03:15,2026-04-18 02:00:01
,https://www.cloudemployee.io/blog/productivity/these-unconventional-office-designs-are-proven-to-enhance-employee-performance,,,0,1,34,1,0,0,1,0,1,404,2025-09-19 16:42:33,2026-04-18 06:00:41
,https://www.cloudemployee.io/blog/productivity/time-management-tips-working-professionals,,,5,1,34,3,0,0,3,0,3,301,2024-02-28 00:48:26,2026-06-24 17:08:17
,https://www.cloudemployee.io/blog/productivity/tips-for-developer-job-descriptions,,,,1,34,1,0,1,1,0,1,,2025-09-18 03:45:28,2025-09-18 03:45:28
,https://www.cloudemployee.io/blog/productivity/tips-to-building-and-keeping-your-dream-web-team,,,0,1,34,1,0,0,1,0,1,404,2025-09-22 00:35:39,2026-04-18 05:54:37
,https://www.cloudemployee.io/blog/productivity/top-10-fitness-apps-beat-daily-grind,,,4.5,1,34,3,0,0,3,0,3,301,2024-02-12 08:24:41,2026-06-17 18:21:06
,https://www.cloudemployee.io/blog/productivity/top-12-tips-to-speed-up-your-software-development-project,,,0,1,34,1,0,0,1,0,1,404,2025-09-18 10:21:45,2026-04-18 00:00:59
,https://www.cloudemployee.io/blog/productivity/top-8-travel-apps-for-your-next-weekend-getaway,,,0,1,34,1,0,0,1,0,1,404,2025-09-19 17:31:19,2026-04-17 21:33:25
,https://www.cloudemployee.io/blog/productivity/what-agile-software-development-team-structure-looks-like,,,0,1,34,1,0,0,1,0,1,404,2025-09-14 21:30:27,2026-04-18 05:16:22
,https://www.cloudemployee.io/blog/programming-tips,,,0,1,34,1,0,0,1,0,1,404,2025-09-09 14:23:08,2026-04-15 11:45:44
,https://www.cloudemployee.io/blog/programming-tips/10-best-websites-to-practice-your-coding-chops,,,0,1,34,2,0,0,2,0,2,404,2025-05-18 12:59:55,2026-06-20 18:46:43
,https://www.cloudemployee.io/blog/programming-tips/15-blogs-for-every-software-developer,,,0,1,34,1,0,0,1,0,1,404,2025-09-19 13:20:40,2026-05-05 21:31:13
,https://www.cloudemployee.io/blog/programming-tips/16-developer-podcasts-you-should-be-listening-to,,,0,1,34,2,1,0,2,0,2,404,2025-09-15 05:14:26,2026-07-02 16:53:14
,https://www.cloudemployee.io/blog/programming-tips/4-reasons-to-get-a-software-development-degree,,,0,1,34,1,0,0,1,0,1,404,2025-09-10 02:52:27,2026-04-18 06:28:14
,https://www.cloudemployee.io/blog/programming-tips/5-best-websites-to-take-programming-courses,,,0,1,34,1,0,0,1,0,1,404,2025-09-09 13:20:56,2026-07-08 06:46:24
,https://www.cloudemployee.io/blog/programming-tips/6-tips-to-learn-programming-faster,,,0,1,34,1,0,0,1,0,1,404,2025-09-24 04:44:34,2026-04-17 22:23:26
,https://www.cloudemployee.io/blog/programming-tips/do-you-have-what-it-takes-to-be-a-good-coder,,,0,1,34,1,0,0,1,0,1,404,2025-09-19 16:08:59,2026-04-18 06:19:30
,https://www.cloudemployee.io/blog/programming-tips/front-end-and-back-end-developers-a-quick-comparison,,,0,1,34,2,0,0,2,0,2,301,2024-02-27 02:07:38,2026-07-12 22:50:40
,https://www.cloudemployee.io/blog/programming-tips/how-to-use-bifunction-in-and-how-to-develop-a-sample-consumer-functional-interface-in-java,,,0,1,34,1,0,0,1,0,1,404,2025-09-15 07:41:34,2026-04-18 04:59:17
,https://www.cloudemployee.io/blog/programming-tips/in-demand-programming-languages,,,0,1,34,3,0,0,3,0,3,404,2025-08-14 11:51:57,2026-06-21 08:18:55
,https://www.cloudemployee.io/blog/programming-tips/most-sought-after-programming-languages-in-2018,,,0,1,34,2,0,0,2,0,2,404,2025-05-11 22:24:48,2026-06-06 23:08:24
,https://www.cloudemployee.io/blog/programming-tips/observable-and-observer-in-angular,,,0,1,34,2,0,0,2,0,2,404,2025-09-10 12:56:08,2026-04-18 03:01:40
,https://www.cloudemployee.io/blog/programming-tips/top-5-programming-languages-to-learn-for-2018,,,0,1,34,1,0,0,1,0,1,404,2025-09-19 16:51:21,2026-04-17 16:54:45
,https://www.cloudemployee.io/blog/programming-tips/ui-and-ux-designers-whats-the-difference,,,0,1,34,1,0,0,1,0,1,404,2025-09-15 00:45:36,2026-04-18 05:39:30
,https://www.cloudemployee.io/blog/programming-tips/which-hosting-provider-is-best-for-wordpress,,,0,1,34,1,0,0,1,0,1,404,2025-09-15 00:26:55,2026-04-17 09:56:36
,https://www.cloudemployee.io/blog/remote-working,,,0,1,34,1,0,0,1,0,1,404,2025-09-09 22:03:40,2026-07-10 07:19:08
,https://www.cloudemployee.io/blog/remote-working/motivation-killers-in-remote-work-how-to-handle-them,,,0,1,34,1,0,0,1,0,1,404,2025-09-18 09:39:07,2026-06-23 20:04:39
,https://www.cloudemployee.io/blog/tech-news,,,0,1,34,2,0,1,2,0,2,404,2025-07-13 06:12:22,2026-04-11 15:36:15
,https://www.cloudemployee.io/blog/tech-news/11-chinese-tech-companies-you-should-know-and-why,,,0,1,34,2,0,0,2,0,2,301,2024-06-09 11:01:55,2026-04-18 05:33:22
,https://www.cloudemployee.io/blog/tech-news/12-amazing-cameras-from-photokina-2018,,,0,1,34,1,0,0,1,0,1,404,2025-09-21 07:20:21,2026-04-18 03:02:20
,https://www.cloudemployee.io/blog/tech-news/13-london-business-conferences-to-catch-before-2018-ends,,,0,1,34,1,0,0,1,0,1,404,2025-08-14 11:47:50,2026-06-14 21:11:10
,https://www.cloudemployee.io/blog/tech-news/5-automation-proof-skills-robots-can-t-take-away-from-you,,,0,1,34,2,0,0,2,0,2,404,2025-08-14 11:50:19,2026-05-05 00:55:07
,https://www.cloudemployee.io/blog/tech-news/5-big-tech-trends-2017,,,0,1,34,3,0,1,3,0,3,301,2024-03-15 14:01:50,2026-07-09 05:40:40
,https://www.cloudemployee.io/blog/tech-news/5-predictions-on-the-future-of-data-privacy,,,0,1,34,2,0,0,2,0,2,404,2025-05-15 08:29:04,2026-06-05 20:01:16
,https://www.cloudemployee.io/blog/tech-news/5g-in-the-uk,,,0,1,34,1,0,0,1,0,1,404,2025-07-09 18:17:04,2026-07-01 13:55:19
,https://www.cloudemployee.io/blog/tech-news/7-holiday-gift-ideas-for-the-techie-in-your-life,,,0,1,34,1,0,0,1,0,1,404,2025-09-21 13:18:17,2026-04-18 06:10:48
,https://www.cloudemployee.io/blog/tech-news/7-smart-tips-for-a-safe-holiday-online-shopping,,,0,1,34,1,0,0,1,0,1,404,2025-09-14 16:32:52,2026-06-24 23:31:15
,https://www.cloudemployee.io/blog/tech-news/8-awesome-climate-change-advocacy-apps-you-should-check-out,,,0,1,34,1,0,0,1,0,1,404,2025-08-14 12:02:19,2026-06-29 08:19:20
,https://www.cloudemployee.io/blog/tech-news/8-talks-you-missed-during-the-2018-big-data-week-london,,,0,1,34,1,0,0,1,0,1,404,2025-09-10 16:33:14,2026-05-19 02:55:52
,https://www.cloudemployee.io/blog/tech-news/apple-wwdc-2019,,,0,1,34,1,0,0,1,0,1,404,2025-08-14 11:21:08,2026-06-08 15:29:35
,https://www.cloudemployee.io/blog/tech-news/best-project-management-tools-for-software-development,,,0,1,34,1,0,0,1,0,1,404,2025-09-15 04:03:40,2026-04-18 05:18:16
,https://www.cloudemployee.io/blog/tech-news/beyond-hookups-7-alternative-uses-dating-apps,,,0,1,34,2,0,1,2,0,2,404,2025-09-10 17:06:29,2026-05-31 23:58:57
,https://www.cloudemployee.io/blog/tech-news/cloud-employee-co-founder-seb-hall-speaks-gxp-global-expansion-summit,,,0,1,34,1,0,0,1,0,1,404,2025-09-10 17:03:39,2026-06-27 13:21:32
,https://www.cloudemployee.io/blog/tech-news/cloud-employee-offers-alternative-in-the-midst-of-uk-hiring-crisis,,,0,1,34,1,0,0,1,0,1,404,2025-09-15 08:32:51,2026-04-18 05:50:21
,https://www.cloudemployee.io/blog/tech-news/common-pain-points-small-business,,,0,1,34,2,0,0,2,0,2,301,2025-07-15 11:57:51,2026-04-17 22:00:59
,https://www.cloudemployee.io/blog/tech-news/cryptocurrency-predictions-for-2018,,,0,1,34,2,0,0,2,0,2,404,2025-05-14 03:54:33,2026-05-14 06:42:22
,https://www.cloudemployee.io/blog/tech-news/cybersecurity-readiness-in-the-21st-century,,,0,1,34,1,0,0,1,0,1,404,2025-09-19 03:03:11,2026-04-18 05:48:47
,https://www.cloudemployee.io/blog/tech-news/day-in-the-life-of-a-python-developer-at-cloud-employee,,,0,1,34,1,0,0,1,0,1,404,2025-09-16 07:15:25,2026-06-26 04:39:43
,https://www.cloudemployee.io/blog/tech-news/eric-dalius-artificial-intelligence,,,,1,34,1,0,1,1,0,1,,2025-09-16 00:53:02,2025-09-16 00:53:02
,https://www.cloudemployee.io/blog/tech-news/featured-uk-startup-jungle-creations,,,0,1,34,1,0,0,1,0,1,404,2025-09-16 12:24:54,2026-04-18 02:27:14
,https://www.cloudemployee.io/blog/tech-news/featured-uk-startup-kasko,,,0,1,34,1,1,0,1,0,1,404,2026-06-15 05:15:07,2026-06-15 05:15:07
,https://www.cloudemployee.io/blog/tech-news/featured-uk-startup-libryo,,,0,1,34,1,0,0,1,0,1,404,2025-03-17 12:48:03,2026-06-10 07:37:14
,https://www.cloudemployee.io/blog/tech-news/featured-uk-startup-local-fame,,,0,1,34,1,1,0,1,0,1,404,2026-04-21 20:06:36,2026-04-21 20:06:36
,https://www.cloudemployee.io/blog/tech-news/featured-uk-startup-soundplate,,,,1,34,1,1,0,1,0,1,,2026-06-24 18:27:43,2026-06-24 18:27:43
,https://www.cloudemployee.io/blog/tech-news/gadgets-every-programmer-need,,,0,1,34,1,0,0,1,0,1,404,2025-09-15 06:50:37,2026-04-18 04:00:03
,https://www.cloudemployee.io/blog/tech-news/google-ai-translator,,,,1,34,1,0,1,1,0,1,,2025-07-09 19:28:53,2025-07-09 19:28:53
,https://www.cloudemployee.io/blog/tech-news/heres-a-quick-recap-on-the-open-source-summit-europe-2018,,,0,1,34,2,0,0,2,0,2,404,2025-05-20 04:51:19,2026-06-25 12:33:31
,https://www.cloudemployee.io/blog/tech-news/heres-what-went-down-at-apples-gather-round-iphone-launch,,,0,1,34,2,0,0,2,0,2,404,2025-05-14 01:15:09,2026-07-12 08:51:22
,https://www.cloudemployee.io/blog/tech-news/iconic-designs-jony-ive-apple,,,0,1,34,1,0,0,1,0,1,404,2025-08-14 12:03:10,2026-06-04 03:33:20
,https://www.cloudemployee.io/blog/tech-news/interesting-predictions-for-the-future-of-work,,,0,1,34,1,0,0,1,0,1,404,2025-09-19 17:30:04,2026-07-06 03:57:57
,https://www.cloudemployee.io/blog/tech-news/interviewing-web-developers-top-10-questions-to-ask-and-why,,,0,1,34,3,2,0,3,0,3,404,2025-09-19 15:14:06,2026-06-27 07:44:49
,https://www.cloudemployee.io/blog/tech-news/job-hunt-using-social-media,,,,1,34,1,0,1,1,0,1,,2025-07-13 06:42:20,2025-07-13 06:42:20
,https://www.cloudemployee.io/blog/tech-news/live-streaming-the-future-of-the-retail-industry,,,0,1,34,1,0,0,1,0,1,404,2025-09-14 18:36:25,2026-05-19 14:17:23
,https://www.cloudemployee.io/blog/tech-news/maisie-williams-daisie-app-helps-creatives-break-into-the-industry,,,0,1,34,1,0,0,1,0,1,404,2025-09-19 09:02:22,2026-04-18 05:35:18
,https://www.cloudemployee.io/blog/tech-news/market-research-and-customer-discovery-resources-for-your-startup-part-1,,,0,1,34,3,0,0,3,0,3,404,2025-05-11 19:58:30,2026-07-01 11:54:48
,https://www.cloudemployee.io/blog/tech-news/market-research-part-1,,,0,1,34,1,0,0,1,0,1,404,2025-09-15 00:02:54,2026-07-06 16:46:50
,https://www.cloudemployee.io/blog/tech-news/monthly-dev-feature-net-developer-jennifer-trinanes,,,0,1,34,1,0,0,1,0,1,404,2025-09-10 12:05:57,2026-07-11 02:38:45
,https://www.cloudemployee.io/blog/tech-news/most-attractive-uk-startups-linkedin,,,4.5,1,34,3,0,0,3,0,3,404,2024-04-15 13:48:24,2026-06-17 15:24:23
,https://www.cloudemployee.io/blog/tech-news/notme-the-first-app-against-harassment,,,0,1,34,1,0,0,1,0,1,404,2025-09-19 13:10:21,2026-04-18 04:23:00
,https://www.cloudemployee.io/blog/tech-news/online-tech-startup-courses-to-jump-start-your-business,,,0,1,34,2,0,0,2,0,2,404,2025-08-14 11:38:46,2026-05-16 04:26:38
,https://www.cloudemployee.io/blog/tech-news/pain-points-growing-small-business,,,0,1,34,1,0,0,1,0,1,404,2025-09-15 13:24:50,2026-04-18 02:11:50
,https://www.cloudemployee.io/blog/tech-news/pixel-3-made-by-google-event-highlights,,,0,1,34,1,0,0,1,0,1,404,2025-01-19 04:56:11,2026-04-18 01:36:07
,https://www.cloudemployee.io/blog/tech-news/pokemon-go-devs-take-todays-biggest-mobile-game,,,0,1,34,2,0,0,2,0,2,301,2024-04-10 21:10:52,2026-06-29 04:53:21
,https://www.cloudemployee.io/blog/tech-news/pokemon-go-devs-take-todays-biggest-mobile-game?page=13,,,0,1,34,1,0,0,1,0,1,301,2025-09-15 08:17:25,2026-04-18 02:46:42
,https://www.cloudemployee.io/blog/tech-news/startup-fundraising-resources-part1,,,4.5,1,34,3,0,0,3,0,3,301,2024-03-18 00:51:35,2026-06-29 11:51:16
,https://www.cloudemployee.io/blog/tech-news/startup-fundraising-resources-part2,,,0,1,34,1,0,0,1,0,1,404,2025-11-10 18:42:01,2026-05-10 00:04:17
,https://www.cloudemployee.io/blog/tech-news/technology-for-people-software-making-a-difference-part-1,,,0,1,34,1,0,0,1,0,1,404,2025-09-14 19:58:10,2026-05-11 01:10:49
,https://www.cloudemployee.io/blog/tech-news/technology-for-people-software-making-a-difference-part-2,,,0,1,34,2,0,0,2,0,2,404,2025-05-13 15:10:26,2026-07-10 07:14:12
,https://www.cloudemployee.io/blog/tech-news/the-6-emerging-uses-of-vr,,,0,1,34,2,0,0,2,0,2,404,2025-08-14 12:01:35,2026-06-04 10:18:18
,https://www.cloudemployee.io/blog/tech-news/the-future-of-drone-technology%20,,,,1,34,1,1,0,1,0,1,,2026-07-08 05:03:44,2026-07-08 05:03:44
,https://www.cloudemployee.io/blog/tech-news/the-future-of-learning-with-augmented-reality,,,0,1,34,2,0,0,2,0,2,404,2025-08-14 11:58:16,2026-06-11 21:28:27
,https://www.cloudemployee.io/blog/tech-news/this-it-company-brings-filipino-tech-talents-closer-to-the-world,,,0,1,34,2,0,0,2,0,2,404,2025-05-19 16:36:28,2026-07-01 20:20:56
,https://www.cloudemployee.io/blog/tech-news/top-10-uk-blockchain-startups-and-technology-companies-to-watch-in-2020,,,0,1,34,1,0,0,1,0,1,404,2025-09-18 10:53:21,2026-07-02 03:50:49
,https://www.cloudemployee.io/blog/tech-news/top-13-in-demand-tech-jobs-this-2019,,,0,1,34,1,0,0,1,0,1,404,2025-09-10 03:28:00,2026-06-27 19:07:57
,https://www.cloudemployee.io/blog/tech-news/top-3-challenges-tech-startups-face,,,0,1,34,1,0,0,1,0,1,404,2025-09-15 23:15:53,2026-07-07 06:05:46
,https://www.cloudemployee.io/blog/tech-news/top-3-challenges-tech-startups-face-and-how-to-overcome-them,,,0,1,34,2,0,0,2,0,2,301,2025-07-15 09:58:00,2026-06-25 05:04:28
,https://www.cloudemployee.io/blog/tech-news/top-5-interview-questions-best-answers,,,0,1,34,3,0,0,3,0,3,301,2024-05-10 22:54:28,2026-06-22 06:26:07
,https://www.cloudemployee.io/blog/tech-news/top-5-tech-trends-of-2018,,,0,1,34,1,0,0,1,0,1,404,2025-09-21 16:24:34,2026-06-27 00:09:14
,https://www.cloudemployee.io/blog/tech-news/trends-shaping-businesses-this-2018,,,0,1,34,1,0,0,1,0,1,404,2025-09-21 08:49:16,2026-07-13 01:53:21
,https://www.cloudemployee.io/blog/tech-news/uk-tech-sector-brexit-paralysis,,,0,1,34,1,0,0,1,0,1,404,2025-08-14 12:04:01,2026-05-06 04:14:51
,https://www.cloudemployee.io/blog/tech-news/un-report-ai-voice-assistants-reinforce-gender-stereotypes,,,0,1,34,1,1,0,1,0,1,404,2026-04-19 06:40:28,2026-04-19 06:40:28
,https://www.cloudemployee.io/blog/tech-news/unique-phones-you-wish-you-had,,,0,1,34,2,0,0,2,0,2,404,2025-05-11 22:23:22,2026-06-05 22:24:54
,https://www.cloudemployee.io/blog/tech-news/upcoming-sci-fi-movies-this-2nd-half-of-2018,,,0,1,34,2,1,0,2,0,2,404,2025-09-19 16:27:07,2026-05-22 11:06:36
,https://www.cloudemployee.io/blog/tech-news/ways-small-businesses-grow-with-mobile-app,,,0,1,34,3,0,1,3,0,3,404,2024-03-26 00:30:53,2026-04-27 11:10:08
,https://www.cloudemployee.io/blog/tech-news/weekend-watch-list-5-must-watch-movies-for-entrepreneurs,,,0,1,34,1,0,0,1,0,1,404,2025-09-15 01:06:10,2026-04-30 11:33:46
,https://www.cloudemployee.io/blog/tech-news/weekend-watch-list-5-tv-shows-techies,,,,1,34,1,0,1,1,0,1,,2025-09-25 07:40:31,2025-09-25 07:40:31
,https://www.cloudemployee.io/blog/tech-news/weekend-watch-list-must-binge-watch-tv-series-for-developers,,,0,1,34,1,0,0,1,0,1,404,2025-09-16 12:15:55,2026-04-18 03:07:38
,https://www.cloudemployee.io/blog/tech-news/weekend-watch-list-startup-documentaries,,,0,1,34,2,0,0,2,0,2,404,2025-09-10 16:51:15,2026-04-18 04:16:00
,https://www.cloudemployee.io/blog/tech-news/what-to-expect-during-the-european-women-in-tech-2018,,,0,1,34,2,0,0,2,0,2,404,2025-08-14 11:44:22,2026-05-03 11:04:19
,https://www.cloudemployee.io/blog/tech-news/what-to-expect-from-artificial-intelligence,,,0,1,34,1,0,0,1,0,1,404,2025-09-10 03:29:12,2026-06-03 13:15:05
,https://www.cloudemployee.io/blog/tech-news/what-to-expect-from-big-tech-brands-this-2018,,,0,1,34,1,0,0,1,0,1,404,2025-09-19 16:00:33,2026-04-18 06:31:38
,https://www.cloudemployee.io/blog/tech-news/wildlife-conservation,,,0,1,34,1,1,0,1,0,1,404,2026-04-27 11:42:43,2026-06-27 21:39:37
,https://www.cloudemployee.io/blog/tech-news/writing-resume-tips,,,0,1,34,3,0,0,3,0,3,404,2024-06-23 08:47:04,2026-06-21 03:31:31
,https://www.cloudemployee.io/blog/technology-for-people-software-making-a-difference-part-1,,,0,1,34,1,0,0,1,0,1,404,2025-09-23 05:08:07,2026-04-18 06:02:14
,https://www.cloudemployee.io/blog/technology-for-people-software-making-a-difference-part-2,,,0,1,34,1,0,0,1,0,1,404,2025-09-24 14:40:02,2026-04-18 05:32:56
,https://www.cloudemployee.io/blog/the-6-emerging-uses-of-vr,,,0,1,34,1,0,0,1,0,1,404,2025-09-24 14:35:02,2026-04-18 03:52:12
,https://www.cloudemployee.io/blog/the-dos-and-donts-when-hiring-android-developers,,,0,1,34,1,0,0,1,0,1,404,2025-09-23 00:44:35,2026-04-28 22:20:55
,https://www.cloudemployee.io/blog/these-are-the-reasons-why-you-should-outsource,,,0,1,34,1,0,0,1,0,1,404,2025-09-23 04:53:07,2026-05-06 03:17:58
,https://www.cloudemployee.io/blog/these-unconventional-office-designs-are-proven-to-enhance-employee-performance,,,0,1,34,2,0,0,2,0,2,404,2025-09-10 16:56:17,2026-05-30 15:34:03
,https://www.cloudemployee.io/blog/tips-how-to-get-the-most-from-it-outsourcing,,,0,1,34,2,0,0,2,0,2,404,2024-04-02 21:14:23,2026-04-18 05:29:32
,https://www.cloudemployee.io/blog/tools,,,0,1,34,2,0,1,2,0,2,404,2025-07-12 20:07:33,2026-06-26 03:41:13
,https://www.cloudemployee.io/blog/top-5-in-demand-digital-skills-in-the-uk,,,4.6,1,71,1,0,0,1,0,0,301,2024-12-08 15:35:48,2026-05-16 15:58:11
,https://www.cloudemployee.io/blog/top-5-tech-trends-of-2018,,,0,1,34,1,0,0,1,0,1,404,2025-09-23 01:00:33,2026-07-07 11:09:36
,https://www.cloudemployee.io/blog/top-6-tips-when-hiring-net-developers,,,0,1,34,1,0,0,1,0,1,404,2025-09-23 01:52:59,2026-06-30 01:19:03
,https://www.cloudemployee.io/blog/top-9-criteria-for-choosing-the-right-it-outsourcing-partner,,,0,1,34,1,0,0,1,0,1,404,2025-09-23 00:52:02,2026-05-03 04:00:07
,https://www.cloudemployee.io/blog/trends-shaping-businesses-this-2018,,,0,1,34,1,0,0,1,0,1,404,2025-09-23 04:36:57,2026-05-03 16:24:48
,https://www.cloudemployee.io/blog/unique-phones-you-wish-you-had,,,0,1,34,1,0,0,1,0,1,404,2025-09-23 01:11:11,2026-07-02 03:36:51
,https://www.cloudemployee.io/blog/weekend-watch-list-5-tv-shows-techies,,,0,1,34,3,0,0,3,0,3,404,2025-03-30 21:28:58,2026-05-07 00:57:49
,https://www.cloudemployee.io/blog/what-to-expect-from-artificial-intelligence,,,0,1,34,1,0,0,1,0,1,404,2025-09-24 14:31:21,2026-04-18 02:29:51
,https://www.cloudemployee.io/blog/why-it-outsourcing-for-startup-product-development,,,0,1,34,1,0,0,1,0,1,404,2025-09-23 01:24:39,2026-07-06 05:27:24
,https://www.cloudemployee.io/blog/why-we-need-more-women-in-tech,,,0,1,34,1,0,0,1,0,1,404,2025-09-23 00:40:35,2026-04-19 19:32:51
,https://www.cloudemployee.io/blog/women-in-tech,,,0,1,34,2,0,1,2,0,2,404,2025-07-13 06:12:36,2026-04-16 03:03:06
,https://www.cloudemployee.io/blog/women-in-tech/10-must-watch-ted-talks-for-every-women,,,0,1,34,1,0,0,1,0,1,404,2025-09-10 02:18:42,2026-05-09 23:10:38
,https://www.cloudemployee.io/blog/women-in-tech/4-inspirational-movies-for-women-in-tech,,,0,1,34,2,1,0,2,0,2,404,2025-09-18 08:37:02,2026-07-11 01:06:56
,https://www.cloudemployee.io/blog/women-in-tech/5-pioneer-women-in-tech,,,4.5,1,34,3,0,0,3,0,3,404,2024-05-08 18:26:53,2026-07-08 01:17:08
,https://www.cloudemployee.io/blog/women-in-tech/6-female-leaders-and-entrepreneurs-to-follow-on-instagram,,,0,1,34,2,0,0,2,0,2,404,2025-05-13 07:13:40,2026-07-04 02:03:02
,https://www.cloudemployee.io/blog/women-in-tech/best-books-for-women-in-tech-business,,,0,1,34,3,0,0,3,0,3,404,2024-05-04 20:55:30,2026-06-15 04:43:43
,https://www.cloudemployee.io/blog/women-in-tech/girls-in-tech-game-changers-in-the-tech-world,,,0,1,34,1,0,0,1,0,1,404,2025-09-18 10:31:25,2026-07-08 07:15:52
,https://www.cloudemployee.io/blog/women-in-tech/roundtable-conversation-about-women-in-tech-by-women-in-tech,,,4.8,1,34,3,0,0,3,0,3,301,2024-05-08 18:23:05,2026-06-14 18:11:54
,https://www.cloudemployee.io/blog/women-in-tech/why-we-need-more-women-in-tech,,,0,1,34,2,0,0,2,0,2,404,2025-08-14 11:54:34,2026-05-20 13:35:13
,https://www.cloudemployee.io/blog/you-should-hire-java-developers-with-these-skills,,,0,1,34,1,0,0,1,0,1,404,2025-09-23 01:48:29,2026-04-18 05:45:17
,https://www.cloudemployee.io/bluebream,,,0,1,34,1,0,0,1,0,1,404,2025-09-19 12:15:33,2026-04-26 19:16:38
,https://www.cloudemployee.io/bluebream/dedicated-bluebream-developer,,,0,1,34,1,0,0,1,0,1,404,2025-09-22 10:44:36,2026-04-17 18:26:33
,https://www.cloudemployee.io/bluebream/hire-bluebream-developers,,,0,1,34,1,0,0,1,0,1,404,2025-09-09 13:51:24,2026-04-17 07:29:06
,https://www.cloudemployee.io/bluebream/outsource-bluebream-development,,,0,1,34,1,0,0,1,0,1,404,2025-09-22 08:51:00,2026-04-17 07:01:36
,https://www.cloudemployee.io/bluebream/remote-bluebream-developer,,,0,1,34,1,0,0,1,0,1,404,2025-09-22 09:05:52,2026-04-17 10:33:03
,https://www.cloudemployee.io/bluetooth,,,0,1,34,1,0,0,1,0,1,404,2025-09-19 00:07:57,2026-04-17 22:59:37
,https://www.cloudemployee.io/bluetooth/dedicated-bluetooth-developer,,,0,1,34,1,0,0,1,0,1,404,2025-09-19 17:38:19,2026-04-17 12:49:25
,https://www.cloudemployee.io/bluetooth/hire-bluetooth-developers,,,0,1,34,1,0,0,1,0,1,404,2025-09-21 21:42:32,2026-04-18 02:30:43
,https://www.cloudemployee.io/bluetooth/outsource-bluetooth-development,,,0,1,34,1,0,0,1,0,1,404,2025-09-19 17:20:16,2026-04-17 10:23:19
,https://www.cloudemployee.io/bluetooth/remote-bluetooth-developer,,,0,1,34,1,0,0,1,0,1,404,2025-09-19 17:33:08,2026-07-03 03:54:12
,https://www.cloudemployee.io/bootstrap,,,0,1,34,1,0,0,1,0,1,404,2025-09-19 16:27:48,2026-07-04 13:32:15
,https://www.cloudemployee.io/bootstrap/dedicated-bootstrap-developer,,,0,1,34,1,0,0,1,0,1,404,2025-09-17 07:29:30,2026-04-18 03:10:14
,https://www.cloudemployee.io/bootstrap/hire-bootstrap-developers,,,0,1,34,1,0,0,1,0,1,404,2025-09-13 16:20:12,2026-06-26 09:43:22
,https://www.cloudemployee.io/bootstrap/outsource-bootstrap-development,,,0,1,34,1,0,0,1,0,1,404,2025-09-17 06:28:58,2026-04-18 03:53:48
,https://www.cloudemployee.io/bootstrap/remote-bootstrap-developer,,,0,1,34,1,0,0,1,0,1,404,2025-09-17 06:20:33,2026-04-18 04:02:02
,https://www.cloudemployee.io/bottle,,,0,1,34,1,0,0,1,0,1,404,2025-09-18 23:41:19,2026-04-17 22:20:53
,https://www.cloudemployee.io/bottle/dedicated-bottle-developer,,,0,1,34,1,0,0,1,0,1,404,2025-09-19 17:19:10,2026-04-16 19:46:26
,https://www.cloudemployee.io/bottle/hire-bottle-developers,,,0,1,34,1,0,0,1,0,1,404,2025-09-18 23:34:55,2026-07-09 23:36:12
,https://www.cloudemployee.io/bottle/outsource-bottle-development,,,0,1,34,1,0,0,1,0,1,404,2025-09-19 17:32:49,2026-04-17 10:14:47
,https://www.cloudemployee.io/bottle/remote-bottle-developer,,,0,1,34,1,0,0,1,0,1,404,2025-09-19 17:17:14,2026-04-17 18:29:37
,https://www.cloudemployee.io/brew,,,0,1,34,1,0,0,1,0,1,404,2025-09-19 12:27:46,2026-04-18 04:44:32
,https://www.cloudemployee.io/brew/dedicated-brew-developer,,,0,1,34,1,0,0,1,0,1,404,2025-09-22 08:53:03,2026-06-24 00:41:09
,https://www.cloudemployee.io/brew/hire-brew-developers,,,0,1,34,1,0,0,1,0,1,404,2025-09-09 13:54:11,2026-04-17 21:09:20
,https://www.cloudemployee.io/brew/outsource-brew-development,,,0,1,34,1,0,0,1,0,1,404,2025-09-22 08:55:02,2026-04-17 10:11:39
,https://www.cloudemployee.io/brew/remote-brew-developer,,,0,1,34,1,0,0,1,0,1,404,2025-09-22 08:56:34,2026-04-17 10:32:06
,https://www.cloudemployee.io/brutos-framework,,,0,1,34,1,0,0,1,0,1,404,2025-09-19 12:11:52,2026-04-18 02:38:59
,https://www.cloudemployee.io/brutos-framework/dedicated-brutos-framework-developer,,,0,1,34,1,0,0,1,0,1,404,2025-09-22 03:35:36,2026-04-17 07:23:28
,https://www.cloudemployee.io/brutos-framework/hire-brutos-framework-developers,,,0,1,34,1,0,0,1,0,1,404,2025-09-21 21:57:14,2026-06-28 23:17:06
,https://www.cloudemployee.io/brutos-framework/outsource-brutos-framework-development,,,0,1,34,1,0,0,1,0,1,404,2025-09-22 02:06:59,2026-07-06 06:42:31
,https://www.cloudemployee.io/brutos-framework/remote-brutos-framework-developer,,,0,1,34,1,0,0,1,0,1,404,2025-09-19 18:17:10,2026-04-17 02:43:10
,https://www.cloudemployee.io/buddypress,,,0,1,34,1,0,0,1,0,1,404,2025-09-19 01:36:18,2026-07-02 04:41:14
,https://www.cloudemployee.io/buddypress/dedicated-buddypress-developer,,,0,1,34,1,0,0,1,0,1,404,2025-09-19 17:24:18,2026-04-16 16:59:24
,https://www.cloudemployee.io/buddypress/hire-buddypress-developers,,,0,1,34,1,0,0,1,0,1,404,2025-09-09 04:49:38,2026-04-17 21:57:42
,https://www.cloudemployee.io/buddypress/outsource-buddypress-development,,,0,1,34,1,0,0,1,0,1,404,2025-09-19 17:25:13,2026-07-06 03:48:15
,https://www.cloudemployee.io/buddypress/remote-buddypress-developer,,,0,1,34,1,0,0,1,0,1,404,2025-09-19 17:25:03,2026-04-16 22:23:48
,https://www.cloudemployee.io/c,,,0,1,34,1,0,0,1,0,1,404,2025-09-16 11:39:14,2026-04-08 01:15:44
,https://www.cloudemployee.io/c/dedicated-c-developer,,,0,1,34,1,0,0,1,0,1,404,2025-09-16 03:02:25,2026-07-08 20:39:24
,https://www.cloudemployee.io/c/outsource-c-development,,,0,1,34,1,0,0,1,0,1,404,2025-09-16 02:56:45,2026-04-17 22:46:07
,https://www.cloudemployee.io/c/remote-c-developer,,,0,1,34,1,0,0,1,0,1,404,2025-09-24 04:32:06,2026-04-17 03:04:12
,https://www.cloudemployee.io/cakephp,,,0,1,34,2,0,1,2,0,2,404,2025-07-13 07:03:17,2026-05-27 05:15:10
,https://www.cloudemployee.io/cakephp/dedicated-cakephp-developer,,,0,1,34,1,0,0,1,0,1,404,2025-09-19 18:18:28,2026-04-18 04:21:42
,https://www.cloudemployee.io/cakephp/outsource-cakephp-development,,,0,1,34,1,0,0,1,0,1,404,2025-09-19 18:18:34,2026-07-06 11:40:31
,https://www.cloudemployee.io/cakephp/remote-cakephp-developer,,,0,1,34,1,0,0,1,0,1,404,2025-09-19 18:18:39,2026-04-18 01:59:07
,https://www.cloudemployee.io/careers/back-end-developer-1,,,0,1,34,1,0,0,1,0,1,404,2025-11-10 18:21:25,2026-04-18 06:19:47
,https://www.cloudemployee.io/careers/backend-net-api-developer-mid-senior,,,4.8,1,34,9,0,8,9,0,1,404,2024-06-04 20:58:05,2026-04-12 10:58:16
,https://www.cloudemployee.io/careers/backend-python-developer,,,4.8,1,34,9,0,8,9,0,1,301,2024-02-17 18:18:00,2026-04-12 11:56:30
,https://www.cloudemployee.io/careers/frontend-angular-js-developer-with-ui,,,4.8,1,34,9,0,8,9,0,1,404,2024-06-12 08:11:10,2026-04-12 10:41:51
,https://www.cloudemployee.io/careers/full-stack-javascript-developer,,,4.8,1,34,9,0,8,9,0,1,404,2024-06-04 21:01:25,2026-04-12 11:06:33
,https://www.cloudemployee.io/careers/full-stack-wordpress-developer,,,0,1,34,1,0,0,1,0,1,404,2025-10-31 16:34:56,2026-07-13 01:42:17
,https://www.cloudemployee.io/careers/graphic-designer,,,0,1,34,1,1,0,1,0,1,404,2026-04-20 08:37:10,2026-04-20 08:37:10
,https://www.cloudemployee.io/careers/live-job-role,,,0,1,34,2,0,1,2,0,2,404,2024-02-27 14:56:45,2026-07-05 09:26:26
,https://www.cloudemployee.io/careers/mid-senior-net-developer,,,4.8,1,34,9,0,8,9,0,1,404,2024-06-04 21:13:07,2026-04-12 11:48:31
,https://www.cloudemployee.io/careers/mid-senior-webui-designer,,,4.8,1,34,9,0,8,9,0,1,404,2024-06-04 21:15:44,2026-04-12 11:14:41
,https://www.cloudemployee.io/careers/ruby-on-rails-developer,,,4.8,1,34,9,0,8,9,0,1,404,2024-03-05 19:41:45,2026-04-12 12:03:43
,https://www.cloudemployee.io/careers/senior-inriver-developer,,,4.8,1,34,9,0,8,9,0,1,404,2024-06-07 15:39:20,2026-04-12 11:39:45
,https://www.cloudemployee.io/careers/senior-python-engineer,,,4.8,1,34,9,0,8,9,0,1,404,2024-06-04 21:25:30,2026-04-12 11:22:36
,https://www.cloudemployee.io/careers/software-engineer-java-net,,,0,1,34,1,0,0,1,0,1,404,2025-09-26 13:22:25,2026-06-25 12:06:15
,https://www.cloudemployee.io/careers/web-scrapping-developer,,,4.8,1,34,9,0,8,9,0,1,404,2024-06-06 11:13:04,2026-04-12 11:30:49
,https://www.cloudemployee.io/cartodb,,,0,1,34,1,0,0,1,0,1,404,2025-09-19 14:17:20,2026-04-18 05:22:17
,https://www.cloudemployee.io/cartodb/dedicated-cartodb-developer,,,0,1,34,1,0,0,1,0,1,404,2025-09-19 18:04:15,2026-04-18 00:29:40
,https://www.cloudemployee.io/cartodb/hire-cartodb-developers,,,0,1,34,1,0,0,1,0,1,404,2025-09-19 01:11:50,2026-04-18 01:54:16
,https://www.cloudemployee.io/cartodb/outsource-cartodb-development,,,0,1,34,1,0,0,1,0,1,404,2025-09-19 18:14:42,2026-06-29 04:46:05
,https://www.cloudemployee.io/cartodb/remote-cartodb-developer,,,0,1,34,1,0,0,1,0,1,404,2025-09-19 18:14:36,2026-04-18 02:50:10
,https://www.cloudemployee.io/case-studies,,,0,1,34,1,0,0,1,0,1,404,2025-09-21 09:23:03,2026-07-06 12:33:29
,https://www.cloudemployee.io/cassandra,,,0,1,34,1,0,0,1,0,1,404,2025-09-19 14:24:27,2026-04-18 04:34:26
,https://www.cloudemployee.io/cassandra/dedicated-cassandra-developer,,,0,1,34,1,0,0,1,0,1,404,2025-09-22 06:42:00,2026-07-01 21:51:03
,https://www.cloudemployee.io/cassandra/hire-cassandra-developers,,,0,1,34,1,0,0,1,0,1,404,2025-09-19 12:50:50,2026-04-17 21:11:53
,https://www.cloudemployee.io/cassandra/outsource-cassandra-development,,,0,1,34,1,0,0,1,0,1,404,2025-09-22 06:44:30,2026-06-29 13:11:05
,https://www.cloudemployee.io/cassandra/remote-cassandra-developer,,,0,1,34,1,0,0,1,0,1,404,2025-09-22 09:10:38,2026-06-23 08:59:57
,https://www.cloudemployee.io/catalyst,,,0,1,34,1,0,0,1,0,1,404,2025-09-19 02:13:25,2026-06-30 08:19:42
,https://www.cloudemployee.io/catalyst/dedicated-catalyst-developer,,,0,1,34,1,0,0,1,0,1,404,2025-09-19 17:57:02,2026-04-17 11:34:04
,https://www.cloudemployee.io/catalyst/hire-catalyst-developers,,,0,1,34,1,0,0,1,0,1,404,2025-09-19 02:52:27,2026-04-17 05:58:28
,https://www.cloudemployee.io/catalyst/outsource-catalyst-development,,,0,1,34,1,0,0,1,0,1,404,2025-09-19 18:00:15,2026-04-17 16:46:13
,https://www.cloudemployee.io/catalyst/remote-catalyst-developer,,,0,1,34,1,0,0,1,0,1,404,2025-09-19 18:00:52,2026-04-17 15:52:21
,https://www.cloudemployee.io/caveman2,,,0,1,34,1,0,0,1,0,1,404,2025-09-19 15:02:08,2026-06-28 16:25:24
,https://www.cloudemployee.io/caveman2/dedicated-caveman2-developer,,,0,1,34,1,0,0,1,0,1,404,2025-09-22 02:40:41,2026-04-17 06:34:22
,https://www.cloudemployee.io/caveman2/hire-caveman2-developers,,,0,1,34,1,0,0,1,0,1,404,2025-09-09 14:24:48,2026-06-28 16:31:34
,https://www.cloudemployee.io/caveman2/outsource-caveman2-development,,,0,1,34,1,0,0,1,0,1,404,2025-09-22 03:12:06,2026-06-25 04:27:28
,https://www.cloudemployee.io/caveman2/remote-caveman2-developer,,,0,1,34,1,0,0,1,0,1,404,2025-09-22 03:32:22,2026-04-17 10:44:47
,https://www.cloudemployee.io/cdn-cgi/l/email-protection,,,,1,34,1,0,1,1,0,1,,2025-07-13 06:34:54,2025-07-13 06:34:54
,https://www.cloudemployee.io/cfwheels,,,0,1,34,1,0,0,1,0,1,404,2025-09-19 00:06:56,2026-06-30 02:16:02
,https://www.cloudemployee.io/cfwheels/dedicated-cfwheels-developer,,,0,1,34,1,0,0,1,0,1,404,2025-09-19 17:17:05,2026-07-07 08:32:22
,https://www.cloudemployee.io/cfwheels/hire-cfwheels-developers,,,0,1,34,1,0,0,1,0,1,404,2025-09-19 11:49:38,2026-04-17 16:47:04
,https://www.cloudemployee.io/cfwheels/outsource-cfwheels-development,,,0,1,34,1,0,0,1,0,1,404,2025-09-19 17:16:39,2026-07-04 09:25:17
,https://www.cloudemployee.io/cfwheels/remote-cfwheels-developer,,,0,1,34,1,0,0,1,0,1,404,2025-09-19 17:27:11,2026-07-11 00:09:18
,https://www.cloudemployee.io/cherrypy,,,0,1,34,1,0,0,1,0,1,404,2025-09-19 00:49:18,2026-07-06 09:38:37
,https://www.cloudemployee.io/cherrypy/dedicated-cherrypy-developer,,,0,1,34,1,0,0,1,0,1,404,2025-09-19 17:19:41,2026-04-17 15:05:27
,https://www.cloudemployee.io/cherrypy/hire-cherrypy-developers,,,0,1,34,1,0,0,1,0,1,404,2025-09-22 00:15:06,2026-04-18 02:54:38
,https://www.cloudemployee.io/cherrypy/outsource-cherrypy-development,,,0,1,34,1,0,0,1,0,1,404,2025-09-19 17:16:32,2026-07-10 13:09:54
,https://www.cloudemployee.io/cherrypy/remote-cherrypy-developer,,,0,1,34,1,0,0,1,0,1,404,2025-09-19 17:20:04,2026-04-17 04:32:09
,https://www.cloudemployee.io/chrome-extension,,,0,1,34,1,0,0,1,0,1,404,2025-09-19 11:47:01,2026-04-18 03:40:32
,https://www.cloudemployee.io/chrome-extension/dedicated-chrome-extension-developer,,,0,1,34,1,0,0,1,0,1,404,2025-09-22 04:19:10,2026-04-17 06:05:53
,https://www.cloudemployee.io/chrome-extension/hire-chrome-extension-developers,,,0,1,34,1,0,0,1,0,1,404,2025-09-18 23:22:36,2026-04-17 18:30:36
,https://www.cloudemployee.io/chrome-extension/outsource-chrome-extension-development,,,0,1,34,1,0,0,1,0,1,404,2025-09-22 07:41:18,2026-04-17 12:42:16
,https://www.cloudemployee.io/chrome-extension/remote-chrome-extension-developer,,,0,1,34,1,0,0,1,0,1,404,2025-09-22 05:32:30,2026-06-25 16:44:42
,https://www.cloudemployee.io/civicrm,,,0,1,34,1,0,0,1,0,1,404,2025-09-09 09:16:00,2026-07-12 09:20:36
,https://www.cloudemployee.io/civicrm/dedicated-civicrm-developer,,,0,1,34,1,0,0,1,0,1,404,2025-09-22 22:41:24,2026-06-24 00:01:58
,https://www.cloudemployee.io/civicrm/hire-civicrm-developers,,,0,1,34,1,0,0,1,0,1,404,2025-09-09 14:24:09,2026-06-27 04:11:39
,https://www.cloudemployee.io/civicrm/outsource-civicrm-development,,,0,1,34,1,0,0,1,0,1,404,2025-09-22 22:12:17,2026-06-28 07:37:32
,https://www.cloudemployee.io/civicrm/remote-civicrm-developer,,,0,1,34,1,0,0,1,0,1,404,2025-09-22 23:11:06,2026-07-08 00:39:39
,https://www.cloudemployee.io/clarion,,,0,1,34,1,0,0,1,0,1,404,2025-09-19 11:50:45,2026-04-18 02:27:31
,https://www.cloudemployee.io/clarion/dedicated-clarion-developer,,,0,1,34,1,0,0,1,0,1,404,2025-09-22 02:33:37,2026-04-17 09:04:06
,https://www.cloudemployee.io/clarion/hire-clarion-developers,,,0,1,34,1,0,0,1,0,1,404,2025-09-18 23:40:18,2026-04-17 15:24:23
,https://www.cloudemployee.io/clarion/outsource-clarion-development,,,0,1,34,1,0,0,1,0,1,404,2025-09-22 02:35:49,2026-04-17 14:39:24
,https://www.cloudemployee.io/clarion/remote-clarion-developer,,,0,1,34,1,0,0,1,0,1,404,2025-09-22 02:38:31,2026-04-17 16:09:35
,https://www.cloudemployee.io/client-testimonials-contact-form,,,8,1,34,98,0,95,98,0,3,404,2024-03-10 02:40:12,2026-07-07 18:13:53
,https://www.cloudemployee.io/cloudemployeereviews,,,10,1,34,23,0,20,23,0,3,301,2024-02-12 23:22:38,2026-04-15 19:22:06
,https://www.cloudemployee.io/cloudemployeereviews/altered-gene,,,0,1,34,3,0,1,3,0,3,404,2024-02-19 23:00:45,2026-06-23 22:27:48
,https://www.cloudemployee.io/cloudemployeereviews/ccm-ace,,,0,1,34,2,0,0,2,0,2,404,2024-02-23 15:00:53,2026-07-06 02:56:20
,https://www.cloudemployee.io/cloudemployeereviews/clean-link,,,11,1,34,120,0,117,120,0,3,301,2024-02-28 20:27:06,2026-06-25 13:04:24
,https://www.cloudemployee.io/cloudemployeereviews/egm-media,,,0,1,34,1,0,0,1,0,1,404,2025-09-18 22:37:32,2026-04-16 14:02:05
,https://www.cloudemployee.io/cloudemployeereviews/emsl,,,0,1,34,1,0,0,1,0,1,404,2025-09-10 00:08:38,2026-04-17 06:28:21
,https://www.cloudemployee.io/cloudemployeereviews/freebird-rides,,,0,1,34,3,0,1,3,0,3,404,2024-05-03 10:16:55,2026-05-16 00:46:59
,https://www.cloudemployee.io/cloudemployeereviews/it-governance,,,0,1,34,1,0,0,1,0,1,404,2025-09-14 12:33:26,2026-04-16 13:49:56
,https://www.cloudemployee.io/cloudemployeereviews/keyko,,,6,1,34,76,0,73,76,0,3,404,2024-05-03 10:06:20,2026-06-26 02:34:35
,https://www.cloudemployee.io/cloudemployeereviews/kicktag-web-solutions,,,0,1,34,2,0,0,2,0,2,404,2024-05-19 08:22:52,2026-04-18 03:38:49
,https://www.cloudemployee.io/cloudemployeereviews/loyalty-logistix,,,11,1,34,120,0,117,120,0,3,404,2024-03-06 20:51:23,2026-06-12 06:40:20
,https://www.cloudemployee.io/cloudemployeereviews/mercarto,,,0,1,34,1,0,0,1,0,1,404,2025-09-18 07:33:07,2026-04-16 14:31:14
,https://www.cloudemployee.io/cloudemployeereviews/motorpilot,,,11,1,34,120,0,117,120,0,3,404,2024-03-10 18:18:55,2026-04-16 14:16:09
,https://www.cloudemployee.io/cloudemployeereviews/pack-smart,,,0,1,34,2,0,0,2,0,2,404,2024-02-22 14:28:48,2026-04-18 06:17:14
,https://www.cloudemployee.io/cloudemployeereviews/pear-digital,,,0,1,34,2,0,0,2,0,2,404,2024-05-19 10:49:04,2026-04-18 06:22:55
,https://www.cloudemployee.io/cloudemployeereviews/researchbods,,,6,1,34,76,0,73,76,0,3,404,2024-05-02 07:39:37,2026-07-05 07:25:03
,https://www.cloudemployee.io/cloudemployeereviews/rocket-dog-creative,,,0,1,34,3,0,1,3,0,3,404,2024-02-19 22:49:21,2026-07-09 09:39:42
,https://www.cloudemployee.io/cloudemployeereviews/safelink-data-rooms,,,0,1,34,3,0,1,3,0,3,404,2024-02-12 02:17:13,2026-07-02 11:35:23
,https://www.cloudemployee.io/cloudemployeereviews/sagan-marketing,,,0,1,34,3,0,1,3,0,3,404,2024-02-12 02:26:42,2026-07-06 03:38:57
,https://www.cloudemployee.io/cloudemployeereviews/socialprise,,,0,1,34,3,0,1,3,0,3,404,2024-05-03 10:46:06,2026-07-06 04:15:55
,https://www.cloudemployee.io/clover,,,0,1,34,1,0,0,1,0,1,404,2025-09-19 14:16:06,2026-04-18 04:20:04
,https://www.cloudemployee.io/clover/dedicated-clover-developer,,,0,1,34,1,0,0,1,0,1,404,2025-09-22 02:52:30,2026-04-17 13:52:16
,https://www.cloudemployee.io/clover/hire-clover-developers,,,0,1,34,1,0,0,1,0,1,404,2025-09-19 00:06:00,2026-06-27 11:17:26
,https://www.cloudemployee.io/clover/outsource-clover-development,,,0,1,34,1,0,0,1,0,1,404,2025-09-22 05:57:38,2026-04-17 08:29:59
,https://www.cloudemployee.io/clover/remote-clover-developer,,,0,1,34,1,0,0,1,0,1,404,2025-09-22 03:09:49,2026-04-17 15:56:55
,https://www.cloudemployee.io/cms,,,0,1,34,1,0,0,1,0,1,404,2025-09-15 08:14:10,2026-04-18 04:51:45
,https://www.cloudemployee.io/cms/dedicated-cms-developer,,,0,1,34,1,0,0,1,0,1,404,2025-09-16 18:40:56,2026-04-17 12:27:07
,https://www.cloudemployee.io/cms/outsource-cms-development,,,0,1,34,1,0,0,1,0,1,404,2025-09-16 18:15:36,2026-04-17 16:49:43
,https://www.cloudemployee.io/cms/remote-cms-developer,,,0,1,34,1,0,0,1,0,1,404,2025-09-16 18:29:41,2026-04-17 10:16:24
,https://www.cloudemployee.io/cobol,,,0,1,34,1,0,0,1,0,1,404,2025-09-09 09:35:18,2026-04-18 05:21:18
,https://www.cloudemployee.io/cobol/dedicated-cobol-developer,,,0,1,34,1,0,0,1,0,1,404,2025-09-22 16:00:08,2026-07-11 03:14:33
,https://www.cloudemployee.io/cobol/hire-cobol-developers,,,0,1,34,1,0,0,1,0,1,404,2025-09-09 14:08:05,2026-04-17 10:05:32
,https://www.cloudemployee.io/cobol/outsource-cobol-development,,,0,1,34,1,0,0,1,0,1,404,2025-09-22 15:31:35,2026-04-17 07:15:06
,https://www.cloudemployee.io/cobol/remote-cobol-developer,,,0,1,34,1,0,0,1,0,1,404,2025-09-22 14:47:36,2026-04-17 19:01:30
,https://www.cloudemployee.io/codeigniter,,,0,1,34,2,0,1,2,0,2,404,2025-07-13 07:02:19,2026-06-23 14:01:44
,https://www.cloudemployee.io/codeigniter/dedicated-codeigniter-developer,,,0,1,34,1,0,0,1,0,1,404,2025-09-16 13:06:01,2026-06-24 02:35:44
,https://www.cloudemployee.io/codeigniter/outsource-codeigniter-development,,,0,1,34,1,0,0,1,0,1,404,2025-09-16 13:00:41,2026-04-18 01:42:46
,https://www.cloudemployee.io/codeigniter/remote-codeigniter-developer,,,0,1,34,1,0,0,1,0,1,404,2025-09-16 13:11:00,2026-04-18 02:10:39
,https://www.cloudemployee.io/cognos,,,0,1,34,1,0,0,1,0,1,404,2025-09-11 00:11:33,2026-04-18 05:08:23
,https://www.cloudemployee.io/cognos/dedicated-cognos-developer,,,0,1,34,1,0,0,1,0,1,404,2025-09-15 21:24:20,2026-04-17 01:23:53
,https://www.cloudemployee.io/cognos/hire-cognos-developers,,,0,1,34,1,0,0,1,0,1,404,2025-09-10 17:23:27,2026-04-17 22:08:44
,https://www.cloudemployee.io/cognos/outsource-cognos-development,,,0,1,34,1,0,0,1,0,1,404,2025-09-15 21:27:44,2026-04-17 11:17:02
,https://www.cloudemployee.io/cognos/remote-cognos-developer,,,0,1,34,1,0,0,1,0,1,404,2025-09-15 21:29:10,2026-04-17 06:23:12
,https://www.cloudemployee.io/coldbox-platform,,,0,1,34,1,0,0,1,0,1,404,2025-09-18 23:43:08,2026-04-18 03:45:28
,https://www.cloudemployee.io/coldbox-platform/dedicated-coldbox-platform-developer,,,0,1,34,1,0,0,1,0,1,404,2025-09-19 17:36:30,2026-07-10 07:43:18
,https://www.cloudemployee.io/coldbox-platform/hire-coldbox-platform-developers,,,0,1,34,1,0,0,1,0,1,404,2025-09-19 09:34:18,2026-04-17 07:21:57
,https://www.cloudemployee.io/coldbox-platform/outsource-coldbox-platform-development,,,0,1,34,1,0,0,1,0,1,404,2025-09-19 17:36:38,2026-04-17 06:05:34
,https://www.cloudemployee.io/coldbox-platform/remote-coldbox-platform-developer,,,0,1,34,1,0,0,1,0,1,404,2025-09-19 17:27:22,2026-04-17 08:00:25
,https://www.cloudemployee.io/coldspring,,,0,1,34,1,0,0,1,0,1,404,2025-09-19 04:10:29,2026-06-26 17:48:46
,https://www.cloudemployee.io/coldspring/dedicated-coldspring-developer,,,0,1,34,1,0,0,1,0,1,404,2025-09-19 16:23:46,2026-07-03 02:29:44
,https://www.cloudemployee.io/coldspring/hire-coldspring-developers,,,0,1,34,1,0,0,1,0,1,404,2025-09-18 23:23:51,2026-04-17 09:31:54
,https://www.cloudemployee.io/coldspring/outsource-coldspring-development,,,0,1,34,1,0,0,1,0,1,404,2025-09-19 16:23:55,2026-06-23 16:58:14
,https://www.cloudemployee.io/coldspring/remote-coldspring-developer,,,0,1,34,1,0,0,1,0,1,404,2025-09-19 16:24:07,2026-04-17 06:04:47
Toptal vs Upwork: Premium vs General Platform Comparison,https://www.cloudemployee.io/compare/toptal-vs-upwork,en,,0,1,74,1,1,0,1,0,0,200,2026-07-08 01:39:48,2026-07-08 01:39:48
,https://www.cloudemployee.io/cookies-policy,,,11,1,34,132,0,130,132,0,2,404,2024-03-04 19:27:41,2026-04-16 13:09:43
,https://www.cloudemployee.io/corona-sdk,,,0,1,34,1,0,0,1,0,1,404,2025-09-19 07:24:43,2026-04-18 01:28:37
,https://www.cloudemployee.io/corona-sdk/dedicated-corona-sdk-developer,,,0,1,34,1,0,0,1,0,1,404,2025-09-19 16:23:03,2026-04-17 05:06:05
,https://www.cloudemployee.io/corona-sdk/hire-corona-sdk-developers,,,0,1,34,1,0,0,1,0,1,404,2025-09-19 11:35:25,2026-06-26 22:01:17
,https://www.cloudemployee.io/corona-sdk/outsource-corona-sdk-development,,,0,1,34,1,0,0,1,0,1,404,2025-09-19 16:23:11,2026-04-17 09:01:37
,https://www.cloudemployee.io/corona-sdk/remote-corona-sdk-developer,,,0,1,34,1,0,0,1,0,1,404,2025-09-19 16:23:22,2026-04-17 02:55:49
,https://www.cloudemployee.io/cppcms,,,0,1,34,1,0,0,1,0,1,404,2025-09-19 00:38:23,2026-04-18 05:27:34
,https://www.cloudemployee.io/cppcms/dedicated-cppcms-developer,,,0,1,34,1,0,0,1,0,1,404,2025-09-19 17:32:38,2026-04-17 15:48:35
,https://www.cloudemployee.io/cppcms/hire-cppcms-developers,,,0,1,34,1,0,0,1,0,1,404,2025-09-21 21:11:01,2026-04-18 02:20:31
,https://www.cloudemployee.io/cppcms/outsource-cppcms-development,,,0,1,34,1,0,0,1,0,1,404,2025-09-19 17:33:42,2026-04-17 13:17:38
,https://www.cloudemployee.io/cppcms/remote-cppcms-developer,,,0,1,34,1,0,0,1,0,1,404,2025-09-19 17:26:59,2026-07-02 19:58:17
,https://www.cloudemployee.io/crystal-reports,,,0,1,34,1,0,0,1,0,1,404,2025-09-19 01:59:42,2026-04-18 05:39:01
,https://www.cloudemployee.io/crystal-reports/dedicated-crystal-reports-developer,,,0,1,34,1,0,0,1,0,1,404,2025-09-19 17:21:23,2026-04-17 05:49:47
,https://www.cloudemployee.io/crystal-reports/hire-crystal-reports-developers,,,0,1,34,1,0,0,1,0,1,404,2025-09-19 11:56:25,2026-07-12 04:21:23
,https://www.cloudemployee.io/crystal-reports/outsource-crystal-reports-development,,,0,1,34,1,0,0,1,0,1,404,2025-09-19 17:21:35,2026-04-17 07:32:30
,https://www.cloudemployee.io/crystal-reports/remote-crystal-reports-developer,,,0,1,34,1,0,0,1,0,1,404,2025-09-19 17:35:08,2026-04-17 06:03:40
,https://www.cloudemployee.io/csharp,,,0,1,34,2,0,1,2,0,2,404,2025-07-13 06:14:17,2026-04-07 07:02:16
,https://www.cloudemployee.io/csharp/dedicated-csharp-developer,,,0,1,34,1,0,0,1,0,1,404,2025-09-16 09:31:20,2026-07-03 05:25:34
,https://www.cloudemployee.io/csharp/outsource-csharp-development,,,0,1,34,1,0,0,1,0,1,404,2025-09-16 09:20:05,2026-04-17 10:37:15
,https://www.cloudemployee.io/csharp/remote-csharp-developer,,,0,1,34,1,0,0,1,0,1,404,2025-09-16 09:29:01,2026-07-04 01:20:42
,https://www.cloudemployee.io/csla,,,0,1,34,1,0,0,1,0,1,404,2025-09-19 00:41:15,2026-04-18 04:42:23
,https://www.cloudemployee.io/csla/dedicated-csla-developer,,,0,1,34,1,0,0,1,0,1,404,2025-09-19 17:38:03,2026-04-17 03:28:39
,https://www.cloudemployee.io/csla/hire-csla-developers,,,0,1,34,1,0,0,1,0,1,404,2025-09-18 23:59:46,2026-04-18 05:02:36
,https://www.cloudemployee.io/csla/outsource-csla-development,,,0,1,34,1,0,0,1,0,1,404,2025-09-19 17:18:44,2026-04-17 06:22:22
,https://www.cloudemployee.io/csla/remote-csla-developer,,,0,1,34,1,0,0,1,0,1,404,2025-09-19 17:18:50,2026-04-17 11:46:22
,https://www.cloudemployee.io/css,,,0,1,34,1,0,0,1,0,1,404,2025-09-23 02:01:21,2026-04-18 06:46:18
,https://www.cloudemployee.io/css/dedicated-css-developer,,,0,1,34,1,0,0,1,0,1,404,2025-09-16 02:16:04,2026-04-17 04:23:17
,https://www.cloudemployee.io/css/outsource-css-development,,,0,1,34,1,0,0,1,0,1,404,2025-09-16 02:13:36,2026-04-17 06:56:08
,https://www.cloudemployee.io/css/remote-css-developer,,,0,1,34,1,0,0,1,0,1,404,2025-09-16 02:11:11,2026-07-12 18:56:20
,https://www.cloudemployee.io/cubicweb,,,0,1,34,1,0,0,1,0,1,404,2025-09-14 21:46:51,2026-04-17 07:13:49
,https://www.cloudemployee.io/cubicweb/dedicated-cubicweb-developer,,,0,1,34,1,0,0,1,0,1,404,2025-09-10 16:37:55,2026-07-03 09:53:43
,https://www.cloudemployee.io/cubicweb/hire-cubicweb-developers,,,0,1,34,1,0,0,1,0,1,404,2025-09-10 13:02:59,2026-04-18 03:19:27
,https://www.cloudemployee.io/cubicweb/outsource-cubicweb-development,,,0,1,34,1,0,0,1,0,1,404,2025-09-10 13:00:50,2026-04-17 21:39:21
,https://www.cloudemployee.io/cubicweb/remote-cubicweb-developer,,,0,1,34,1,0,0,1,0,1,404,2025-09-10 12:58:23,2026-07-08 21:35:07
,https://www.cloudemployee.io/cuda,,,0,1,34,1,0,0,1,0,1,404,2025-09-19 02:18:49,2026-04-18 04:43:09
,https://www.cloudemployee.io/cuda/dedicated-cuda-developer,,,0,1,34,1,0,0,1,0,1,404,2025-09-19 17:55:16,2026-04-17 06:32:01
,https://www.cloudemployee.io/cuda/hire-cuda-developers,,,0,1,34,1,0,0,1,0,1,404,2025-09-09 14:08:43,2026-04-17 08:02:16
,https://www.cloudemployee.io/cuda/outsource-cuda-development,,,0,1,34,1,0,0,1,0,1,404,2025-09-19 17:22:39,2026-04-17 07:17:49
,https://www.cloudemployee.io/cuda/remote-cuda-developer,,,0,1,34,1,0,0,1,0,1,404,2025-09-19 17:56:38,2026-04-17 09:48:33
,https://www.cloudemployee.io/cython,,,0,1,34,1,0,0,1,0,1,404,2025-09-19 12:18:32,2026-04-17 21:40:50
,https://www.cloudemployee.io/cython/dedicated-cython-developer,,,0,1,34,1,0,0,1,0,1,404,2025-09-19 18:06:29,2026-04-17 08:33:38
,https://www.cloudemployee.io/cython/hire-cython-developers,,,0,1,34,1,0,0,1,0,1,404,2025-09-09 03:41:19,2026-04-17 16:40:48
,https://www.cloudemployee.io/cython/outsource-cython-development,,,0,1,34,1,0,0,1,0,1,404,2025-09-19 18:08:43,2026-07-06 04:25:51
,https://www.cloudemployee.io/cython/remote-cython-developer,,,0,1,34,1,0,0,1,0,1,404,2025-09-19 18:08:50,2026-04-17 09:44:32
,https://www.cloudemployee.io/dancer,,,0,1,34,1,0,0,1,0,1,404,2025-09-19 15:02:43,2026-07-10 03:38:11
,https://www.cloudemployee.io/dancer/dedicated-dancer-developer,,,0,1,34,1,0,0,1,0,1,404,2025-09-22 02:54:14,2026-04-17 16:09:55
,https://www.cloudemployee.io/dancer/hire-dancer-developers,,,0,1,34,1,0,0,1,0,1,404,2025-09-19 16:50:39,2026-04-17 18:06:56
,https://www.cloudemployee.io/dancer/outsource-dancer-development,,,0,1,34,1,0,0,1,0,1,404,2025-09-22 03:07:27,2026-04-17 17:48:49
,https://www.cloudemployee.io/dancer/remote-dancer-developer,,,0,1,34,1,0,0,1,0,1,404,2025-09-22 02:56:34,2026-06-26 15:24:57
,https://www.cloudemployee.io/dapp,,,0,1,34,1,0,0,1,0,1,404,2025-09-19 13:09:12,2026-04-21 06:05:58
,https://www.cloudemployee.io/dapp/dedicated-dapp-developer,,,0,1,34,1,0,0,1,0,1,404,2025-09-22 06:05:38,2026-04-16 22:31:36
,https://www.cloudemployee.io/dapp/hire-dapp-developers,,,0,1,34,1,0,0,1,0,1,404,2025-09-09 18:56:59,2026-06-24 01:32:34
,https://www.cloudemployee.io/dapp/outsource-dapp-development,,,0,1,34,1,0,0,1,0,1,404,2025-09-22 07:43:47,2026-04-17 09:42:00
,https://www.cloudemployee.io/dapp/remote-dapp-developer,,,0,1,34,1,0,0,1,0,1,404,2025-09-22 06:14:31,2026-04-17 07:26:20
,https://www.cloudemployee.io/data-warehouse/dedicated-data-warehouse-developer,,,0,1,34,1,0,0,1,0,1,404,2025-09-25 17:33:44,2026-06-27 23:45:27
,https://www.cloudemployee.io/data-warehouse/outsource-data-warehouse-development,,,0,1,34,1,0,0,1,0,1,404,2025-09-25 17:27:59,2026-06-17 17:40:46
,https://www.cloudemployee.io/data-warehouse/remote-data-warehouse-developer,,,0,1,34,1,0,0,1,0,1,404,2025-09-25 17:21:53,2026-06-03 18:05:47
,https://www.cloudemployee.io/db2,,,0,1,34,1,0,0,1,0,1,404,2025-09-19 12:27:12,2026-04-18 06:04:41
,https://www.cloudemployee.io/db2/dedicated-db2-developer,,,0,1,34,1,0,0,1,0,1,404,2025-09-19 18:08:12,2026-04-17 06:16:57
,https://www.cloudemployee.io/db2/hire-db2-developers,,,0,1,34,1,0,0,1,0,1,404,2025-09-09 14:07:04,2026-06-29 18:57:49
,https://www.cloudemployee.io/db2/outsource-db2-development,,,0,1,34,1,0,0,1,0,1,404,2025-09-22 02:04:36,2026-04-17 16:17:18
,https://www.cloudemployee.io/db2/remote-db2-developer,,,0,1,34,1,0,0,1,0,1,404,2025-09-19 18:08:17,2026-06-27 09:02:56
,https://www.cloudemployee.io/developers,,,0,1,34,1,0,0,1,0,1,301,2025-09-16 05:47:58,2026-04-13 05:04:03
,https://www.cloudemployee.io/developers/2d-game-engineering,,,0,1,34,1,0,0,1,0,1,301,2025-09-09 19:02:07,2026-05-10 16:10:24
,https://www.cloudemployee.io/developers/3d-game-engineering,,,0,1,34,1,0,0,1,0,1,301,2025-09-09 18:37:24,2026-04-24 03:45:47
,https://www.cloudemployee.io/developers/3d-math,,,0,1,34,1,0,0,1,0,1,301,2025-09-09 19:03:13,2026-05-04 08:28:11
,https://www.cloudemployee.io/developers/3d-modeling,,,0,1,34,1,0,0,1,0,1,301,2025-09-10 06:35:31,2026-04-18 04:56:41
,https://www.cloudemployee.io/developers/4th-dimension,,,0,1,34,1,0,0,1,0,1,301,2025-09-10 02:11:34,2026-07-08 02:45:08
,https://www.cloudemployee.io/developers/aaws-iam,,,0,1,34,1,0,0,1,0,1,301,2025-09-15 05:59:21,2026-06-28 07:15:45
,https://www.cloudemployee.io/developers/abap,,,0,1,34,1,0,0,1,0,1,301,2025-09-19 13:48:05,2026-03-15 14:58:30
,https://www.cloudemployee.io/developers/account-management,,,0,1,34,1,0,0,1,0,1,301,2025-09-09 20:04:02,2026-04-18 05:54:46
,https://www.cloudemployee.io/developers/acquia,,,0,1,34,1,0,0,1,0,1,301,2025-09-09 04:45:06,2026-04-21 08:42:02
,https://www.cloudemployee.io/developers/actian,,,0,1,34,1,0,0,1,0,1,301,2025-09-15 09:13:17,2026-07-07 08:13:51
,https://www.cloudemployee.io/developers/actio,,,0,1,34,1,0,0,1,0,1,301,2025-09-10 07:07:04,2026-04-17 22:18:49
,https://www.cloudemployee.io/developers/actionscript,,,0,1,34,1,0,0,1,0,1,301,2025-09-19 11:34:05,2026-06-27 11:06:58
,https://www.cloudemployee.io/developers/active-directory,,,0,1,34,1,0,0,1,0,1,301,2025-09-10 05:50:41,2026-04-18 07:11:35
,https://www.cloudemployee.io/developers/activemq,,,0,1,34,1,0,0,1,0,1,301,2025-09-09 13:00:04,2026-05-18 20:25:25
,https://www.cloudemployee.io/developers/ada,,,0,1,34,1,0,0,1,0,1,301,2025-09-19 12:42:24,2026-06-08 21:04:19
,https://www.cloudemployee.io/developers/adfs,,,0,1,34,1,0,0,1,0,1,301,2025-09-10 05:49:44,2026-05-19 02:31:52
,https://www.cloudemployee.io/developers/adk,,,0,1,34,1,0,0,1,0,1,301,2025-09-19 13:57:52,2026-04-18 04:40:40
,https://www.cloudemployee.io/developers/ado,,,0,1,34,1,0,0,1,0,1,301,2025-09-10 05:18:12,2026-06-26 07:05:43
,https://www.cloudemployee.io/developers/adobe,,,0,1,34,1,0,0,1,0,1,301,2025-09-10 04:14:56,2026-04-30 19:29:21
,https://www.cloudemployee.io/developers/adobe-acrobat-professional-70,,,0,1,34,1,0,0,1,0,1,301,2025-09-10 17:57:53,2026-04-18 04:32:10
,https://www.cloudemployee.io/developers/adobe-air,,,0,1,34,1,0,0,1,0,1,301,2025-09-19 17:23:14,2026-04-18 04:48:24
,https://www.cloudemployee.io/developers/adobe-coldfusion,,,0,1,34,1,0,0,1,0,1,301,2025-09-09 01:48:42,2026-05-19 05:04:42
,https://www.cloudemployee.io/developers/adobe-dreamweaver,,,0,1,34,1,0,0,1,0,1,301,2025-09-25 07:28:57,2026-05-20 19:32:01
,https://www.cloudemployee.io/developers/adobe-edge-animate,,,0,1,34,1,0,0,1,0,1,301,2025-09-23 02:05:44,2026-07-12 19:17:27
,https://www.cloudemployee.io/developers/adobe-flash,,,0,1,34,1,0,0,1,0,1,301,2025-09-09 11:34:56,2026-06-28 21:41:40
,https://www.cloudemployee.io/developers/adobe-flex,,,0,1,34,1,0,0,1,0,1,301,2025-09-08 23:08:44,2026-07-02 14:55:25
,https://www.cloudemployee.io/developers/adobe-flex3,,,0,1,34,1,0,0,1,0,1,301,2025-09-10 18:25:11,2026-04-18 04:24:53
,https://www.cloudemployee.io/developers/adobe-framemaker-sgml,,,0,1,34,1,0,0,1,0,1,301,2025-09-10 17:56:17,2026-04-18 05:14:50
,https://www.cloudemployee.io/developers/adobe-illustrator,,,0,1,34,1,0,0,1,0,1,301,2025-09-25 16:35:45,2026-06-03 03:59:33
,https://www.cloudemployee.io/developers/adobe-light-room,,,0,1,34,1,0,0,1,0,1,301,2025-09-10 10:06:33,2026-04-18 06:02:41
,https://www.cloudemployee.io/developers/adobe-photoshop,,,0,1,34,1,0,0,1,0,1,301,2025-09-25 01:44:26,2026-05-23 11:08:44
,https://www.cloudemployee.io/developers/adobe-premiere,,,0,1,34,1,0,0,1,0,1,301,2025-09-09 22:21:46,2026-04-18 05:50:47
,https://www.cloudemployee.io/developers/adobe-software,,,0,1,34,1,0,0,1,0,1,301,2025-09-19 14:20:11,2026-04-18 06:06:56
,https://www.cloudemployee.io/developers/adonet,,,0,1,34,1,0,0,1,0,1,301,2025-09-25 16:48:08,2026-06-25 20:41:20
,https://www.cloudemployee.io/developers/adonisjs,,,0,1,34,1,0,0,1,0,1,301,2025-09-09 20:17:21,2026-04-18 04:38:17
,https://www.cloudemployee.io/developers/agavi,,,0,1,34,1,0,0,1,0,1,301,2025-09-19 12:14:59,2026-07-08 15:44:21
,https://www.cloudemployee.io/developers/agi,,,0,1,34,1,0,0,1,0,1,301,2025-09-10 03:36:08,2026-04-18 05:22:01
,https://www.cloudemployee.io/developers/agile,,,0,1,34,1,0,0,1,0,1,301,2025-09-24 06:33:42,2026-06-14 14:50:08
,https://www.cloudemployee.io/developers/agile-qa,,,0,1,34,1,0,0,1,0,1,301,2025-09-19 16:31:35,2026-07-07 16:11:39
,https://www.cloudemployee.io/developers/agile-scrum-methodology,,,0,1,34,1,0,0,1,0,1,301,2025-09-10 10:36:52,2026-06-25 07:03:56
,https://www.cloudemployee.io/developers/ai,,,0,1,34,1,0,0,1,0,1,301,2025-09-10 11:23:38,2026-04-18 06:08:52
,https://www.cloudemployee.io/developers/aix,,,0,1,34,1,0,0,1,0,1,301,2025-09-09 17:33:24,2026-04-18 06:16:11
,https://www.cloudemployee.io/developers/aja,,,0,1,34,1,0,0,1,0,1,301,2025-09-10 03:19:41,2026-04-18 05:39:43
,https://www.cloudemployee.io/developers/ajax,,,0,1,34,1,0,0,1,0,1,301,2025-09-16 01:26:59,2026-04-16 10:57:54
,https://www.cloudemployee.io/developers/alamofire,,,0,1,34,1,0,0,1,0,1,301,2025-09-09 16:44:35,2026-05-20 08:55:44
,https://www.cloudemployee.io/developers/alf,,,0,1,34,1,0,0,1,0,1,301,2025-09-15 08:55:09,2026-06-30 18:13:15
,https://www.cloudemployee.io/developers/alfresco,,,0,1,34,1,0,0,1,0,1,301,2025-09-19 09:36:28,2026-04-23 09:42:52
,https://www.cloudemployee.io/developers/alm,,,0,1,34,1,0,0,1,0,1,301,2025-09-08 20:37:39,2026-04-18 05:56:34
,https://www.cloudemployee.io/developers/amazon,,,0,1,34,1,0,0,1,0,1,301,2025-09-09 04:11:19,2026-05-09 11:18:35
,https://www.cloudemployee.io/developers/amazon-dynamodb,,,0,1,34,1,0,0,1,0,1,301,2025-09-09 21:51:24,2026-06-24 00:35:55
,https://www.cloudemployee.io/developers/amazon-ec2,,,0,1,34,1,0,0,1,0,1,301,2025-09-09 21:50:39,2026-07-07 11:11:44
,https://www.cloudemployee.io/developers/amazon-s3,,,0,1,34,1,0,0,1,0,1,301,2025-09-09 21:51:57,2026-05-08 22:48:34
,https://www.cloudemployee.io/developers/amazon-web-service,,,0,1,34,1,0,0,1,0,1,301,2025-09-09 14:34:16,2026-04-13 22:07:38
,https://www.cloudemployee.io/developers/amazon-workspace,,,0,1,34,1,0,0,1,0,1,301,2025-09-10 17:58:27,2026-07-02 13:31:10
,https://www.cloudemployee.io/developers/amsterdam/adobe-air,,,0,1,34,1,0,0,1,0,1,301,2025-09-18 09:07:57,2026-04-17 01:06:42
,https://www.cloudemployee.io/developers/amsterdam/ansible,,,0,1,34,1,0,0,1,0,1,301,2025-09-15 08:35:50,2026-04-17 06:36:57
,https://www.cloudemployee.io/developers/amsterdam/aurelia,,,0,1,34,1,0,0,1,0,1,301,2025-09-18 10:16:10,2026-04-18 06:24:28
,https://www.cloudemployee.io/developers/amsterdam/demandware,,,0,1,34,1,0,0,1,0,1,301,2025-09-14 23:26:08,2026-04-17 17:19:57
,https://www.cloudemployee.io/developers/amsterdam/mojolicious,,,0,1,34,1,0,0,1,0,1,301,2025-09-18 08:28:11,2026-04-17 15:04:54
,https://www.cloudemployee.io/developers/amsterdam/netbsd,,,0,1,34,1,0,0,1,0,1,301,2025-09-18 07:01:05,2026-07-03 00:20:50
,https://www.cloudemployee.io/developers/amsterdam/prism,,,,1,34,1,0,1,1,0,1,,2025-09-24 06:14:22,2025-09-24 06:14:22
,https://www.cloudemployee.io/developers/amsterdam/r3-corda,,,0,1,34,1,0,0,1,0,1,301,2025-09-22 07:07:08,2026-07-03 13:53:33
,https://www.cloudemployee.io/developers/amz,,,0,1,34,1,0,0,1,0,1,301,2025-09-09 23:52:21,2026-05-01 14:24:23
,https://www.cloudemployee.io/developers/andriod,,,0,1,34,1,0,0,1,0,1,301,2025-09-10 02:37:25,2026-05-04 21:33:33
,https://www.cloudemployee.io/developers/android,,,0,1,34,1,0,0,1,0,1,301,2025-09-16 06:51:01,2026-04-14 03:48:14
,https://www.cloudemployee.io/developers/android-apis,,,0,1,34,1,0,0,1,0,1,301,2025-09-09 15:05:49,2026-05-07 09:53:25
,https://www.cloudemployee.io/developers/android-applications-architecture,,,0,1,34,1,0,0,1,0,1,301,2025-09-10 10:32:30,2026-04-18 03:57:45
,https://www.cloudemployee.io/developers/android-csharp,,,0,1,34,1,0,0,1,0,1,301,2025-09-10 04:18:00,2026-06-27 22:34:47
,https://www.cloudemployee.io/developers/android-development,,,0,1,34,1,0,0,1,0,1,301,2025-09-09 21:29:26,2026-06-27 01:08:13
,https://www.cloudemployee.io/developers/android-sdk,,,0,1,34,1,0,0,1,0,1,301,2025-09-19 05:43:43,2026-05-04 21:01:17
,https://www.cloudemployee.io/developers/android-studio,,,0,1,34,1,0,0,1,0,1,301,2025-09-09 00:13:51,2026-02-25 10:50:16
,https://www.cloudemployee.io/developers/angula,,,0,1,34,1,0,0,1,0,1,301,2025-09-09 21:08:40,2026-04-25 22:17:15
,https://www.cloudemployee.io/developers/angular,,,0,1,34,1,0,0,1,0,1,301,2025-09-16 17:03:20,2026-04-16 13:56:05
,https://www.cloudemployee.io/developers/angular-2,,,0,1,34,1,0,0,1,0,1,301,2025-09-25 03:36:10,2026-05-20 10:39:21
,https://www.cloudemployee.io/developers/angular-4,,,0,1,34,1,0,0,1,0,1,301,2025-09-25 08:21:46,2026-07-02 09:28:43
,https://www.cloudemployee.io/developers/angular-5,,,0,1,34,1,0,0,1,0,1,301,2025-09-09 08:18:17,2026-04-13 15:41:03
,https://www.cloudemployee.io/developers/angular-6,,,0,1,34,1,0,0,1,0,1,301,2025-09-10 04:28:10,2026-06-07 11:36:20
,https://www.cloudemployee.io/developers/angular-cli,,,0,1,34,1,0,0,1,0,1,301,2025-09-10 02:23:27,2026-05-13 02:17:23
,https://www.cloudemployee.io/developers/angular-js,,,0,1,34,1,0,0,1,0,1,301,2025-09-10 18:24:27,2026-04-18 05:51:21
,https://www.cloudemployee.io/developers/angular-material,,,0,1,34,1,0,0,1,0,1,301,2025-09-15 10:54:27,2026-07-08 07:07:38
,https://www.cloudemployee.io/developers/angularjs,,,0,1,34,1,0,0,1,0,1,301,2025-09-16 14:44:37,2026-04-13 14:32:15
,https://www.cloudemployee.io/developers/angularjs-developers,,,0,1,34,1,0,0,1,0,1,301,2025-09-09 17:59:48,2026-04-29 09:54:30
,https://www.cloudemployee.io/developers/angulebars,,,0,1,34,1,0,0,1,0,1,301,2025-09-09 15:03:56,2026-04-18 04:39:57
,https://www.cloudemployee.io/developers/ansible,,,0,1,34,1,0,0,1,0,1,301,2025-09-19 10:23:03,2026-04-30 22:53:14
,https://www.cloudemployee.io/developers/ant,,,0,1,34,1,0,0,1,0,1,301,2025-09-09 15:27:49,2026-07-05 08:55:16
,https://www.cloudemployee.io/developers/apache,,,0,1,34,1,0,0,1,0,1,301,2025-09-16 20:20:21,2026-05-28 17:30:59
,https://www.cloudemployee.io/developers/apache-camel,,,0,1,34,1,0,0,1,0,1,301,2025-09-09 01:24:04,2026-06-08 14:52:48
,https://www.cloudemployee.io/developers/apache-cordova,,,0,1,34,1,0,0,1,0,1,301,2025-09-09 00:18:00,2026-07-06 06:56:20
,https://www.cloudemployee.io/developers/apache-subversion,,,0,1,34,1,0,0,1,0,1,301,2025-09-09 22:39:31,2026-05-28 02:57:43
,https://www.cloudemployee.io/developers/apache-tomcat,,,0,1,34,1,0,0,1,0,1,301,2025-09-09 00:27:28,2026-05-27 05:25:17
,https://www.cloudemployee.io/developers/apex,,,0,1,34,1,0,0,1,0,1,301,2025-09-19 08:45:18,2026-05-07 10:04:24
,https://www.cloudemployee.io/developers/api,,,0,1,34,1,0,0,1,0,1,301,2025-09-19 11:37:46,2026-04-18 04:33:03
,https://www.cloudemployee.io/developers/api-testing,,,0,1,34,1,0,0,1,0,1,301,2025-09-10 09:25:04,2026-04-18 05:52:53
,https://www.cloudemployee.io/developers/appcelerator,,,0,1,34,1,0,0,1,0,1,301,2025-09-19 15:57:08,2026-06-30 12:57:35
,https://www.cloudemployee.io/developers/appfuse,,,0,1,34,1,0,0,1,0,1,301,2025-09-19 12:45:52,2026-07-03 01:58:16
,https://www.cloudemployee.io/developers/apple,,,0,1,34,1,0,0,1,0,1,301,2025-09-09 16:27:15,2026-05-05 01:28:54
,https://www.cloudemployee.io/developers/applescript,,,0,1,34,1,0,0,1,0,1,301,2025-09-08 21:48:37,2026-04-28 18:01:29
,https://www.cloudemployee.io/developers/applet,,,0,1,34,1,0,0,1,0,1,301,2025-09-09 19:24:41,2026-04-18 05:20:12
,https://www.cloudemployee.io/developers/application-architecture,,,0,1,34,1,0,0,1,0,1,301,2025-09-10 09:37:44,2026-04-18 05:53:27
,https://www.cloudemployee.io/developers/ar,,,0,1,34,1,0,0,1,0,1,301,2025-09-09 18:42:15,2026-07-01 20:23:44
,https://www.cloudemployee.io/developers/arduino,,,0,1,34,1,0,0,1,0,1,301,2025-09-19 14:44:22,2026-07-12 01:18:54
,https://www.cloudemployee.io/developers/artificial-intelligence,,,0,1,34,1,0,0,1,0,1,301,2025-09-10 11:20:56,2026-04-18 06:10:59
,https://www.cloudemployee.io/developers/as2,,,0,1,34,1,0,0,1,0,1,301,2025-09-09 22:19:10,2026-07-10 14:56:13
,https://www.cloudemployee.io/developers/aside,,,0,1,34,1,0,0,1,0,1,301,2025-09-09 01:16:29,2026-04-29 14:55:02
,https://www.cloudemployee.io/developers/asp,,,0,1,34,1,0,0,1,0,1,301,2025-09-25 01:40:18,2026-04-16 12:59:10
,https://www.cloudemployee.io/developers/asp-dot-net,,,0,1,34,1,0,0,1,0,1,301,2025-09-25 17:02:30,2026-04-16 14:18:42
,https://www.cloudemployee.io/developers/aspnet,,,0,1,34,1,0,0,1,0,1,301,2025-09-16 07:17:13,2026-04-14 22:41:23
,https://www.cloudemployee.io/developers/aspnet-core,,,0,1,34,1,0,0,1,0,1,301,2025-09-15 00:20:27,2026-04-18 01:53:52
,https://www.cloudemployee.io/developers/aspnet-identity,,,0,1,34,1,0,0,1,0,1,301,2025-09-10 01:46:00,2026-05-18 16:34:09
,https://www.cloudemployee.io/developers/aspnet-mvc,,,0,1,34,1,0,0,1,0,1,301,2025-09-24 06:37:12,2026-04-16 12:06:27
,https://www.cloudemployee.io/developers/aspnet-web-api,,,0,1,34,1,0,0,1,0,1,301,2025-09-25 16:22:48,2026-07-01 06:55:50
,https://www.cloudemployee.io/developers/assembla,,,0,1,34,1,0,0,1,0,1,301,2025-09-10 04:36:37,2026-05-05 15:18:47
,https://www.cloudemployee.io/developers/atom,,,0,1,34,1,0,0,1,0,1,301,2025-09-09 07:11:26,2026-07-06 14:08:18
,https://www.cloudemployee.io/developers/ats,,,0,1,34,1,0,0,1,0,1,301,2025-09-09 10:55:25,2026-07-12 13:22:52
,https://www.cloudemployee.io/developers/augmented-reality,,,0,1,34,1,0,0,1,0,1,301,2025-09-15 18:18:13,2026-04-18 05:46:59
,https://www.cloudemployee.io/developers/autocad,,,0,1,34,1,0,0,1,0,1,301,2025-09-09 21:44:03,2026-05-21 01:29:13
,https://www.cloudemployee.io/developers/automation-testing,,,0,1,34,1,0,0,1,0,1,301,2025-09-08 16:52:26,2026-07-06 04:24:20
,https://www.cloudemployee.io/developers/autosys,,,0,1,34,1,0,0,1,0,1,301,2025-09-09 16:52:43,2026-04-21 02:07:49
,https://www.cloudemployee.io/developers/avaya,,,0,1,34,1,0,0,1,0,1,301,2025-09-09 15:01:13,2026-05-21 20:16:00
,https://www.cloudemployee.io/developers/aws,,,0,1,34,1,0,0,1,0,1,301,2025-09-16 12:46:14,2026-06-26 16:46:43
,https://www.cloudemployee.io/developers/aws-api-gateway,,,0,1,34,1,0,0,1,0,1,301,2025-09-09 15:04:10,2026-07-02 10:25:12
,https://www.cloudemployee.io/developers/aws-cloudformation,,,0,1,34,1,0,0,1,0,1,301,2025-09-10 00:30:03,2026-05-23 19:17:30
,https://www.cloudemployee.io/developers/aws-console,,,0,1,34,1,0,0,1,0,1,301,2025-09-09 16:53:17,2026-06-29 04:19:07
,https://www.cloudemployee.io/developers/aws-ec2,,,0,1,34,1,0,0,1,0,1,301,2025-09-15 14:17:23,2026-07-05 06:26:35
,https://www.cloudemployee.io/developers/aws-lambda,,,0,1,34,1,0,0,1,0,1,301,2025-09-09 15:06:13,2026-04-25 21:47:46
,https://www.cloudemployee.io/developers/aws-s3,,,0,1,34,1,0,0,1,0,1,301,2025-09-15 16:45:14,2026-04-17 21:11:32
,https://www.cloudemployee.io/developers/aws-service,,,0,1,34,1,0,0,1,0,1,301,2025-09-10 07:48:17,2026-04-18 04:56:49
,https://www.cloudemployee.io/developers/axis,,,0,1,34,1,0,0,1,0,1,301,2025-09-25 08:45:28,2026-04-16 01:05:11
,https://www.cloudemployee.io/developers/azure,,,0,1,34,1,0,0,1,0,1,301,2025-09-18 11:14:41,2026-04-12 12:55:11
,https://www.cloudemployee.io/developers/azure-arm-template,,,0,1,34,1,0,0,1,0,1,301,2025-09-15 13:57:54,2026-04-18 03:32:50
,https://www.cloudemployee.io/developers/azure-devops,,,0,1,34,1,0,0,1,0,1,301,2025-09-15 13:41:43,2026-04-18 02:38:35
,https://www.cloudemployee.io/developers/babel,,,0,1,34,1,0,0,1,0,1,301,2025-09-19 11:07:58,2026-04-18 05:19:23
,https://www.cloudemployee.io/developers/babylon3d-js,,,0,1,34,1,0,0,1,0,1,301,2025-09-10 02:22:16,2026-06-24 20:07:04
,https://www.cloudemployee.io/developers/back-end,,,0,1,34,1,0,0,1,0,1,301,2025-09-19 15:38:52,2026-04-18 06:27:47
,https://www.cloudemployee.io/developers/back-end-development,,,0,1,34,1,0,0,1,0,1,301,2025-09-09 01:36:58,2026-07-06 16:16:15
,https://www.cloudemployee.io/developers/back-end-testing,,,0,1,34,1,0,0,1,0,1,301,2025-09-14 22:12:56,2026-04-18 04:11:03
,https://www.cloudemployee.io/developers/backbonejs,,,0,1,34,1,0,0,1,0,1,301,2025-09-19 03:09:20,2026-04-18 06:35:57
,https://www.cloudemployee.io/developers/backward-compatibility-testing,,,0,1,34,1,0,0,1,0,1,301,2025-09-09 13:17:23,2026-04-18 04:56:58
,https://www.cloudemployee.io/developers/bada,,,0,1,34,1,0,0,1,0,1,301,2025-09-19 12:43:55,2026-07-06 19:35:38
,https://www.cloudemployee.io/developers/balsamiq,,,0,1,34,1,0,0,1,0,1,301,2025-09-09 19:13:08,2026-05-17 22:57:45
,https://www.cloudemployee.io/developers/bamboo,,,0,1,34,1,0,0,1,0,1,301,2025-09-09 15:27:25,2026-05-09 00:46:00
,https://www.cloudemployee.io/developers/barcelona/fortran,,,0,1,34,1,0,0,1,0,1,301,2025-09-19 08:41:28,2026-04-17 10:00:18
,https://www.cloudemployee.io/developers/barcelona/foxpro,,,,1,34,1,0,1,1,0,1,,2025-09-14 23:44:54,2025-09-14 23:44:54
,https://www.cloudemployee.io/developers/barcelona/graphql,,,0,1,34,1,0,0,1,0,1,301,2025-09-14 21:54:13,2026-04-18 03:18:17
,https://www.cloudemployee.io/developers/barcelona/hazaar-mvc,,,0,1,34,1,0,0,1,0,1,301,2025-09-09 14:50:54,2026-04-18 06:00:53
,https://www.cloudemployee.io/developers/barcelona/hybris,,,0,1,34,1,0,0,1,0,1,301,2025-09-18 07:59:55,2026-07-12 00:50:49
,https://www.cloudemployee.io/developers/barcelona/padrino,,,0,1,34,1,0,0,1,0,1,301,2025-09-09 15:33:09,2026-06-27 20:03:30
,https://www.cloudemployee.io/developers/barcelona/scalatra,,,0,1,34,1,0,0,1,0,1,301,2025-09-18 08:40:38,2026-04-17 01:25:25
,https://www.cloudemployee.io/developers/barcelona/teradata,,,,1,34,1,0,1,1,0,1,,2025-09-18 07:49:48,2025-09-18 07:49:48
,https://www.cloudemployee.io/developers/barcelona/xamarin,,,0,1,34,1,0,0,1,0,1,301,2025-09-18 02:20:23,2026-04-17 07:26:00
,https://www.cloudemployee.io/developers/bash,,,0,1,34,1,0,0,1,0,1,301,2025-09-17 02:03:36,2026-04-16 14:03:11
,https://www.cloudemployee.io/developers/bash-unix-scripting,,,0,1,34,1,0,0,1,0,1,301,2025-09-09 19:21:05,2026-07-11 08:08:59
,https://www.cloudemployee.io/developers/bath/oculus-rift,,,0,1,34,1,0,0,1,0,1,301,2025-09-14 23:23:01,2026-07-10 20:19:15
,https://www.cloudemployee.io/developers/bath/phpfox,,,,1,34,1,0,1,1,0,1,,2025-09-18 08:34:17,2025-09-18 08:34:17
,https://www.cloudemployee.io/developers/bdd,,,0,1,34,1,0,0,1,0,1,301,2025-09-09 11:00:05,2026-04-18 03:49:02
,https://www.cloudemployee.io/developers/beautiulsoup,,,0,1,34,1,0,0,1,0,1,301,2025-09-09 10:08:54,2026-07-02 14:36:13
,https://www.cloudemployee.io/developers/behaviour-driven-development,,,0,1,34,1,0,0,1,0,1,301,2025-09-09 10:58:32,2026-04-18 04:41:03
,https://www.cloudemployee.io/developers/bem,,,0,1,34,1,0,0,1,0,1,301,2025-09-15 10:33:38,2026-06-28 14:13:30
,https://www.cloudemployee.io/developers/benstalk,,,0,1,34,1,0,0,1,0,1,301,2025-09-09 22:51:20,2026-04-18 05:38:21
,https://www.cloudemployee.io/developers/berlin/clover,,,0,1,34,1,0,0,1,0,1,301,2025-09-24 06:08:19,2026-04-18 05:52:43
,https://www.cloudemployee.io/developers/berlin/moneybookers,,,0,1,34,1,0,0,1,0,1,301,2025-09-24 06:24:42,2026-04-18 02:35:28
,https://www.cloudemployee.io/developers/berlin/nagare,,,0,1,34,1,0,0,1,0,1,301,2025-09-18 08:18:48,2026-05-12 06:50:47
,https://www.cloudemployee.io/developers/berlin/openbsd,,,0,1,34,1,0,0,1,0,1,301,2025-09-09 18:47:18,2026-04-17 05:44:19
,https://www.cloudemployee.io/developers/berlin/opengl,,,0,1,34,1,0,0,1,0,1,301,2025-09-14 21:48:35,2026-04-17 05:46:04
,https://www.cloudemployee.io/developers/berlin/silverlight,,,0,1,34,1,0,0,1,0,1,301,2025-09-08 18:16:13,2026-06-30 09:15:40
,https://www.cloudemployee.io/developers/berlin/spark,,,0,1,34,1,0,0,1,0,1,301,2025-09-17 14:16:54,2026-07-02 20:31:11
,https://www.cloudemployee.io/developers/berlin/vbulletin,,,0,1,34,1,0,0,1,0,1,301,2025-09-18 10:13:10,2026-06-24 03:02:42
,https://www.cloudemployee.io/developers/big-commerce,,,0,1,34,1,0,0,1,0,1,301,2025-09-09 04:16:38,2026-04-22 03:14:50
,https://www.cloudemployee.io/developers/big-data,,,0,1,34,1,0,0,1,0,1,301,2025-09-19 17:08:25,2026-07-04 03:01:07
,https://www.cloudemployee.io/developers/bigcommerce,,,0,1,34,1,0,0,1,0,1,301,2025-09-09 15:04:52,2026-05-11 10:58:35
,https://www.cloudemployee.io/developers/birmingham/eclipse-rap,,,,1,34,1,0,1,1,0,1,,2025-09-18 04:37:39,2025-09-18 04:37:39
,https://www.cloudemployee.io/developers/birmingham/jsp,,,0,1,34,1,0,0,1,0,1,301,2025-09-09 13:10:52,2026-04-17 09:51:25
,https://www.cloudemployee.io/developers/birmingham/kafka,,,0,1,34,1,0,0,1,0,1,301,2025-09-14 23:37:39,2026-07-06 08:33:29
,https://www.cloudemployee.io/developers/birmingham/layar,,,0,1,34,1,0,0,1,0,1,301,2025-09-18 02:35:24,2026-04-18 03:03:12
,https://www.cloudemployee.io/developers/birmingham/visio,,,0,1,34,1,0,0,1,0,1,301,2025-09-17 08:16:57,2026-04-18 00:35:36
,https://www.cloudemployee.io/developers/birmingham/xamarin,,,0,1,34,1,0,0,1,0,1,301,2025-09-17 15:20:59,2026-04-16 20:59:16
,https://www.cloudemployee.io/developers/bitbucket,,,0,1,34,1,0,0,1,0,1,301,2025-09-25 07:24:26,2026-06-25 02:40:18
,https://www.cloudemployee.io/developers/bitcoin,,,0,1,34,1,0,0,1,0,1,301,2025-09-19 16:11:09,2026-06-29 22:42:22
,https://www.cloudemployee.io/developers/blackberry,,,0,1,34,1,0,0,1,0,1,301,2025-09-19 13:50:28,2026-04-17 18:52:15
,https://www.cloudemployee.io/developers/blender,,,0,1,34,1,0,0,1,0,1,301,2025-09-19 12:02:56,2026-04-23 15:09:45
,https://www.cloudemployee.io/developers/block-element-modifier,,,0,1,34,1,0,0,1,0,1,301,2025-09-15 09:32:16,2026-04-18 05:48:55
,https://www.cloudemployee.io/developers/bluebream,,,0,1,34,1,0,0,1,0,1,301,2025-09-19 14:06:48,2026-04-17 13:25:27
,https://www.cloudemployee.io/developers/bluetooth,,,0,1,34,1,0,0,1,0,1,301,2025-09-19 11:20:26,2026-05-19 03:05:57
,https://www.cloudemployee.io/developers/bootsrap,,,0,1,34,1,0,0,1,0,1,301,2025-09-25 07:01:55,2026-04-15 06:49:47
,https://www.cloudemployee.io/developers/bootstrap,,,0,1,34,1,0,0,1,0,1,301,2025-09-16 02:18:25,2026-04-15 05:04:32
,https://www.cloudemployee.io/developers/bootstrap-3,,,0,1,34,1,0,0,1,0,1,301,2025-09-09 14:14:23,2026-07-06 22:16:02
,https://www.cloudemployee.io/developers/bootstrap-4,,,0,1,34,1,0,0,1,0,1,301,2025-09-10 05:11:22,2026-07-06 12:35:27
,https://www.cloudemployee.io/developers/bootstrap-materialize,,,0,1,34,1,0,0,1,0,1,301,2025-09-09 14:55:34,2026-06-30 03:46:18
,https://www.cloudemployee.io/developers/bot,,,0,1,34,1,0,0,1,0,1,301,2025-09-10 08:07:44,2026-04-18 00:34:09
,https://www.cloudemployee.io/developers/boto3,,,0,1,34,1,0,0,1,0,1,301,2025-09-15 09:50:41,2026-04-18 03:58:09
,https://www.cloudemployee.io/developers/bottle,,,0,1,34,1,0,0,1,0,1,301,2025-09-19 13:21:49,2026-04-18 02:58:41
,https://www.cloudemployee.io/developers/bower,,,0,1,34,1,0,0,1,0,1,301,2025-09-09 02:43:17,2026-06-15 14:20:00
,https://www.cloudemployee.io/developers/box2d-js,,,0,1,34,1,0,0,1,0,1,301,2025-09-10 02:21:37,2026-04-18 07:04:22
,https://www.cloudemployee.io/developers/brackets,,,0,1,34,1,0,0,1,0,1,301,2025-09-10 03:58:20,2026-04-18 04:45:32
,https://www.cloudemployee.io/developers/brew,,,0,1,34,1,0,0,1,0,1,301,2025-09-19 13:27:03,2026-05-03 04:33:07
,https://www.cloudemployee.io/developers/brighton/arduino,,,,1,34,1,0,1,1,0,1,,2025-09-18 07:42:57,2025-09-18 07:42:57
,https://www.cloudemployee.io/developers/brighton/eclipse,,,0,1,34,1,0,0,1,0,1,301,2025-09-09 01:40:58,2026-04-17 10:33:29
,https://www.cloudemployee.io/developers/brighton/hi5-api,,,0,1,34,1,0,0,1,0,1,301,2025-09-14 23:17:27,2026-04-17 03:48:09
,https://www.cloudemployee.io/developers/brighton/jade,,,,1,34,1,0,1,1,0,1,,2025-09-24 06:22:04,2025-09-24 06:22:04
,https://www.cloudemployee.io/developers/brighton/qlikview,,,0,1,34,1,0,0,1,0,1,301,2025-09-15 07:50:35,2026-04-17 04:02:38
,https://www.cloudemployee.io/developers/brighton/rackspace,,,0,1,34,1,0,0,1,0,1,301,2025-09-24 06:23:20,2026-07-01 08:31:42
,https://www.cloudemployee.io/developers/brighton/shopify,,,0,1,34,1,0,0,1,0,1,301,2025-09-14 23:35:25,2026-04-17 18:24:38
,https://www.cloudemployee.io/developers/bristol/brew,,,0,1,34,1,0,0,1,0,1,301,2025-09-14 23:02:10,2026-07-09 07:39:20
,https://www.cloudemployee.io/developers/bristol/emberjs,,,0,1,34,1,0,0,1,0,1,301,2025-09-18 11:22:52,2026-06-30 20:57:11
,https://www.cloudemployee.io/developers/bristol/openlaszlo,,,0,1,34,1,0,0,1,0,1,301,2025-09-14 23:28:35,2026-04-17 07:17:01
,https://www.cloudemployee.io/developers/bristol/oracle-adf,,,0,1,34,1,0,0,1,0,1,301,2025-09-18 05:34:04,2026-04-17 13:23:47
,https://www.cloudemployee.io/developers/brutos-framework,,,0,1,34,1,0,0,1,0,1,301,2025-09-19 12:02:29,2026-06-26 17:21:22
,https://www.cloudemployee.io/developers/bteq,,,0,1,34,1,0,0,1,0,1,301,2025-09-10 04:59:57,2026-07-11 02:16:39
,https://www.cloudemployee.io/developers/buddypress,,,0,1,34,1,0,0,1,0,1,301,2025-09-19 14:51:40,2026-04-18 06:20:07
,https://www.cloudemployee.io/developers/bullhorn,,,0,1,34,1,0,0,1,0,1,301,2025-09-09 15:01:31,2026-05-03 07:58:57
,https://www.cloudemployee.io/developers/business-intelligence,,,0,1,34,1,0,0,1,0,1,301,2025-09-19 14:08:17,2026-04-15 00:06:40
,https://www.cloudemployee.io/developers/c,,,0,1,34,1,0,0,1,0,1,301,2025-09-16 10:11:46,2026-04-14 14:48:00
,https://www.cloudemployee.io/developers/c-cplus-plus,,,0,1,34,1,0,0,1,0,1,301,2025-09-25 18:25:23,2026-04-16 13:42:37
,https://www.cloudemployee.io/developers/cak,,,0,1,34,1,0,0,1,0,1,301,2025-09-10 08:00:34,2026-04-18 04:37:04
,https://www.cloudemployee.io/developers/cakephp,,,0,1,34,1,0,0,1,0,1,301,2025-09-17 06:54:30,2026-04-16 12:03:08
,https://www.cloudemployee.io/developers/cakephp-framework,,,0,1,34,1,0,0,1,0,1,301,2025-09-09 07:08:10,2026-04-13 00:19:06
,https://www.cloudemployee.io/developers/cambridge/clojure,,,0,1,34,1,0,0,1,0,1,301,2025-09-14 23:42:31,2026-04-17 09:43:27
,https://www.cloudemployee.io/developers/cambridge/lithium,,,0,1,34,1,0,0,1,0,1,301,2025-09-17 08:11:41,2026-04-17 11:05:41
,https://www.cloudemployee.io/developers/cambridge/squarespace,,,0,1,34,1,0,0,1,0,1,301,2025-09-11 15:06:32,2026-06-28 12:13:48
,https://www.cloudemployee.io/developers/camstudio,,,0,1,34,1,0,0,1,0,1,301,2025-09-09 12:56:53,2026-05-12 11:50:28
,https://www.cloudemployee.io/developers/canvas,,,0,1,34,1,0,0,1,0,1,301,2025-09-08 18:46:11,2026-05-05 21:18:59
,https://www.cloudemployee.io/developers/cartodb,,,0,1,34,1,0,0,1,0,1,301,2025-09-19 13:15:19,2026-04-18 12:42:36
,https://www.cloudemployee.io/developers/cassandra,,,0,1,34,1,0,0,1,0,1,301,2025-09-19 12:12:24,2026-04-18 01:18:56
,https://www.cloudemployee.io/developers/catalyst,,,0,1,34,1,0,0,1,0,1,301,2025-09-19 13:56:10,2026-06-26 19:36:25
,https://www.cloudemployee.io/developers/caveman2,,,0,1,34,1,0,0,1,0,1,301,2025-09-19 13:12:46,2026-02-23 07:29:49
,https://www.cloudemployee.io/developers/ccna,,,0,1,34,1,0,0,1,0,1,301,2025-09-09 05:10:10,2026-05-05 16:15:55
,https://www.cloudemployee.io/developers/celery,,,0,1,34,1,0,0,1,0,1,301,2025-09-25 05:44:44,2026-05-29 07:07:35
,https://www.cloudemployee.io/developers/centos,,,0,1,34,1,0,0,1,0,1,301,2025-09-09 07:47:45,2026-04-18 06:25:18
,https://www.cloudemployee.io/developers/cfwheels,,,0,1,34,1,0,0,1,0,1,301,2025-09-19 13:18:51,2026-04-18 05:41:05
,https://www.cloudemployee.io/developers/cherrypy,,,0,1,34,1,0,0,1,0,1,301,2025-09-19 12:19:51,2026-05-17 15:24:58
,https://www.cloudemployee.io/developers/chrome-extension,,,0,1,34,1,0,0,1,0,1,301,2025-09-19 13:59:04,2026-04-18 06:26:04
,https://www.cloudemployee.io/developers/chtml,,,0,1,34,1,0,0,1,0,1,301,2025-09-10 02:21:04,2026-05-12 01:55:17
,https://www.cloudemployee.io/developers/cisco,,,0,1,34,1,0,0,1,0,1,301,2025-09-19 11:21:57,2026-04-18 04:57:26
,https://www.cloudemployee.io/developers/citrix-xen,,,0,1,34,1,0,0,1,0,1,301,2025-09-10 00:51:29,2026-04-29 14:31:05
,https://www.cloudemployee.io/developers/civicrm,,,0,1,34,1,0,0,1,0,1,301,2025-09-19 13:49:32,2026-04-17 20:28:12
,https://www.cloudemployee.io/developers/cl,,,0,1,34,1,0,0,1,0,1,301,2025-09-10 07:17:12,2026-06-29 20:41:08
,https://www.cloudemployee.io/developers/clarion,,,0,1,34,1,0,0,1,0,1,301,2025-09-19 13:19:58,2026-04-18 06:23:50
,https://www.cloudemployee.io/developers/clojure,,,0,1,34,1,0,0,1,0,1,301,2025-09-16 03:27:12,2026-04-18 01:15:32
,https://www.cloudemployee.io/developers/cloud,,,0,1,34,1,0,0,1,0,1,301,2025-09-19 16:52:09,2026-06-30 14:41:33
,https://www.cloudemployee.io/developers/cloudbees,,,0,1,34,1,0,0,1,0,1,301,2025-09-15 17:20:34,2026-07-12 00:10:21
,https://www.cloudemployee.io/developers/clover,,,0,1,34,1,0,0,1,0,1,301,2025-09-19 12:01:12,2026-07-11 11:11:42
,https://www.cloudemployee.io/developers/cms,,,0,1,34,1,0,0,1,0,1,301,2025-09-19 00:47:31,2026-06-07 07:30:00
,https://www.cloudemployee.io/developers/cobol,,,0,1,34,1,0,0,1,0,1,301,2025-09-18 21:37:55,2026-04-13 22:31:45
,https://www.cloudemployee.io/developers/cocoa,,,0,1,34,1,0,0,1,0,1,301,2025-09-19 15:57:18,2026-04-17 21:45:13
,https://www.cloudemployee.io/developers/cocoa-control,,,0,1,34,1,0,0,1,0,1,301,2025-09-09 06:11:52,2026-04-18 06:59:49
,https://www.cloudemployee.io/developers/cocoa-touch,,,0,1,34,1,0,0,1,0,1,301,2025-09-08 22:19:52,2026-05-03 01:30:51
,https://www.cloudemployee.io/developers/cocoapods,,,0,1,34,1,0,0,1,0,1,301,2025-09-09 15:43:44,2026-03-08 23:03:44
,https://www.cloudemployee.io/developers/code,,,0,1,34,1,0,0,1,0,1,301,2025-09-09 22:35:10,2026-04-18 05:12:10
,https://www.cloudemployee.io/developers/code-first,,,0,1,34,1,0,0,1,0,1,301,2025-09-10 01:46:36,2026-05-22 17:43:05
,https://www.cloudemployee.io/developers/codeception,,,0,1,34,1,0,0,1,0,1,301,2025-09-09 21:41:50,2026-05-22 01:17:56
,https://www.cloudemployee.io/developers/codeigniter,,,0,1,34,1,0,0,1,0,1,301,2025-09-16 04:39:42,2026-04-16 09:23:30
,https://www.cloudemployee.io/developers/codigniter,,,0,1,34,1,0,0,1,0,1,301,2025-09-09 16:38:33,2026-05-19 19:03:25
,https://www.cloudemployee.io/developers/coffeescript,,,0,1,34,1,0,0,1,0,1,301,2025-09-18 20:55:14,2026-05-03 18:54:37
,https://www.cloudemployee.io/developers/cognos,,,0,1,34,1,0,0,1,0,1,301,2025-09-24 04:01:31,2026-05-15 14:49:19
,https://www.cloudemployee.io/developers/cold-fusion,,,0,1,34,1,0,0,1,0,1,301,2025-09-08 17:52:24,2026-05-04 04:24:21
,https://www.cloudemployee.io/developers/coldspring,,,0,1,34,1,0,0,1,0,1,301,2025-09-19 13:44:36,2026-04-18 05:26:51
,https://www.cloudemployee.io/developers/compass,,,0,1,34,1,0,0,1,0,1,301,2025-09-10 18:45:06,2026-07-03 21:58:12
,https://www.cloudemployee.io/developers/component-based-game-architecture,,,0,1,34,1,0,0,1,0,1,301,2025-09-09 16:34:04,2026-04-14 02:25:33
,https://www.cloudemployee.io/developers/composer,,,0,1,34,1,0,0,1,0,1,301,2025-09-09 03:52:23,2026-07-04 13:52:48
,https://www.cloudemployee.io/developers/computer-vision,,,0,1,34,1,0,0,1,0,1,301,2025-09-15 23:10:23,2026-07-09 03:14:16
,https://www.cloudemployee.io/developers/concrete5,,,0,1,34,1,0,0,1,0,1,301,2025-09-09 00:31:50,2026-06-29 09:43:35
,https://www.cloudemployee.io/developers/confirmation-testing,,,0,1,34,1,0,0,1,0,1,301,2025-09-14 23:51:26,2026-04-18 05:24:13
,https://www.cloudemployee.io/developers/confluence,,,0,1,34,1,0,0,1,0,1,301,2025-09-09 13:48:37,2026-05-18 03:22:32
,https://www.cloudemployee.io/developers/confluent-kafka,,,0,1,34,1,0,0,1,0,1,301,2025-09-15 10:51:20,2026-04-25 08:11:31
,https://www.cloudemployee.io/developers/continuous-integration,,,0,1,34,1,0,0,1,0,1,301,2025-09-14 23:00:31,2026-06-25 20:30:14
,https://www.cloudemployee.io/developers/copenhagen/gulp,,,0,1,34,1,0,0,1,0,1,301,2025-09-16 02:52:51,2026-04-17 22:08:20
,https://www.cloudemployee.io/developers/copenhagen/jms,,,,1,34,1,0,1,1,0,1,,2025-09-18 09:36:19,2025-09-18 09:36:19
,https://www.cloudemployee.io/developers/copenhagen/kafka,,,0,1,34,1,0,0,1,0,1,301,2025-09-18 03:30:42,2026-04-18 04:53:57
,https://www.cloudemployee.io/developers/copenhagen/merb,,,0,1,34,1,0,0,1,0,1,301,2025-10-14 14:28:45,2026-07-06 07:01:57
,https://www.cloudemployee.io/developers/copenhagen/ocaml,,,0,1,34,1,0,0,1,0,1,301,2025-09-14 23:14:30,2026-06-25 01:35:39
,https://www.cloudemployee.io/developers/copenhagen/ubuntu,,,0,1,34,1,0,0,1,0,1,301,2025-09-18 04:41:10,2026-04-17 04:17:28
,https://www.cloudemployee.io/developers/copenhagen/zendesk,,,,1,34,1,0,1,1,0,1,,2025-09-18 08:31:18,2025-09-18 08:31:18
,https://www.cloudemployee.io/developers/corba,,,0,1,34,1,0,0,1,0,1,301,2025-09-10 00:06:38,2026-04-28 10:55:18
,https://www.cloudemployee.io/developers/cordova,,,0,1,34,1,0,0,1,0,1,301,2025-09-09 14:43:44,2026-04-18 06:10:01
,https://www.cloudemployee.io/developers/core-data,,,0,1,34,1,0,0,1,0,1,301,2025-09-15 20:10:47,2026-07-09 00:39:07
,https://www.cloudemployee.io/developers/core-data-and-realm,,,0,1,34,1,0,0,1,0,1,301,2025-09-09 22:54:41,2026-04-18 03:43:31
,https://www.cloudemployee.io/developers/core-java,,,0,1,34,1,0,0,1,0,1,301,2025-09-19 04:45:46,2026-05-27 02:54:43
,https://www.cloudemployee.io/developers/corecommerce,,,0,1,34,1,0,0,1,0,1,301,2025-09-09 18:25:57,2026-04-17 23:34:04
,https://www.cloudemployee.io/developers/coredata,,,0,1,34,1,0,0,1,0,1,301,2025-09-09 13:46:50,2026-06-28 12:07:15
,https://www.cloudemployee.io/developers/corona-sdk,,,0,1,34,1,0,0,1,0,1,301,2025-09-19 14:31:38,2026-07-11 12:23:24
,https://www.cloudemployee.io/developers/couchbase,,,0,1,34,1,0,0,1,0,1,301,2025-09-25 05:19:24,2026-06-22 08:01:21
,https://www.cloudemployee.io/developers/couchdb,,,0,1,34,1,0,0,1,0,1,301,2025-09-08 17:43:33,2026-05-07 15:23:52
,https://www.cloudemployee.io/developers/cplus-plus,,,0,1,34,1,0,0,1,0,1,301,2025-09-16 05:35:07,2026-04-13 15:30:31
,https://www.cloudemployee.io/developers/cplusplus,,,0,1,34,1,0,0,1,0,1,301,2025-09-25 17:57:22,2026-04-18 04:55:13
,https://www.cloudemployee.io/developers/cppcms,,,0,1,34,1,0,0,1,0,1,301,2025-09-19 13:48:29,2026-04-18 05:56:25
,https://www.cloudemployee.io/developers/createjs,,,0,1,34,1,0,0,1,0,1,301,2025-09-25 09:04:19,2026-04-18 05:54:19
,https://www.cloudemployee.io/developers/crm,,,0,1,34,1,0,0,1,0,1,301,2025-09-19 14:50:39,2026-06-25 21:05:50
,https://www.cloudemployee.io/developers/cryptocurrency,,,0,1,34,1,0,0,1,0,1,301,2025-09-19 14:53:30,2026-06-25 22:09:26
,https://www.cloudemployee.io/developers/crystal-reports,,,0,1,34,1,0,0,1,0,1,301,2025-09-18 19:28:55,2026-04-29 11:25:07
,https://www.cloudemployee.io/developers/csharp,,,0,1,34,1,0,0,1,0,1,301,2025-09-16 01:20:13,2026-04-08 11:30:02
,https://www.cloudemployee.io/developers/csharp-50,,,0,1,34,1,0,0,1,0,1,301,2025-09-10 01:48:39,2026-05-23 10:48:44
,https://www.cloudemployee.io/developers/csharp-6,,,0,1,34,1,0,0,1,0,1,301,2025-09-10 02:32:29,2026-05-19 10:30:51
,https://www.cloudemployee.io/developers/csharp-console-apps,,,0,1,34,1,0,0,1,0,1,301,2025-09-09 16:37:02,2026-07-03 07:26:08
,https://www.cloudemployee.io/developers/csharp-dot-net,,,0,1,34,1,0,0,1,0,1,301,2025-11-23 23:47:18,2026-06-13 22:07:54
,https://www.cloudemployee.io/developers/csharpnet,,,0,1,34,1,0,0,1,0,1,301,2025-09-25 06:23:41,2026-06-11 23:34:06
,https://www.cloudemployee.io/developers/csla,,,0,1,34,1,0,0,1,0,1,301,2025-09-19 13:25:41,2026-07-06 03:50:36
,https://www.cloudemployee.io/developers/css,,,0,1,34,1,0,0,1,0,1,301,2025-09-15 22:24:31,2026-06-18 00:31:04
,https://www.cloudemployee.io/developers/css-3,,,0,1,34,1,0,0,1,0,1,301,2025-09-09 13:04:01,2026-06-27 03:51:11
,https://www.cloudemployee.io/developers/css3,,,0,1,34,1,0,0,1,0,1,301,2025-09-16 18:51:15,2026-07-07 01:50:11
,https://www.cloudemployee.io/developers/csv,,,0,1,34,1,0,0,1,0,1,301,2025-09-10 03:41:01,2026-07-09 03:46:25
,https://www.cloudemployee.io/developers/cubicweb,,,0,1,34,1,0,0,1,0,1,301,2025-09-19 16:25:07,2026-04-18 04:58:20
,https://www.cloudemployee.io/developers/cuda,,,0,1,34,1,0,0,1,0,1,301,2025-09-19 13:21:30,2026-07-09 19:08:08
,https://www.cloudemployee.io/developers/customer-care,,,0,1,34,1,0,0,1,0,1,301,2025-09-09 14:37:30,2026-04-12 17:43:54
,https://www.cloudemployee.io/developers/customer-service,,,0,1,34,1,0,0,1,0,1,301,2025-09-09 07:18:51,2026-06-22 09:53:32
,https://www.cloudemployee.io/developers/cv/aaron-john,,,0,1,34,1,0,0,1,0,1,301,2025-09-10 03:11:13,2026-04-18 02:22:26
,https://www.cloudemployee.io/developers/cv/abel,,,0,1,34,1,0,0,1,0,1,301,2025-09-15 17:40:41,2026-04-16 16:10:50
,https://www.cloudemployee.io/developers/cv/abner,,,0,1,34,1,0,0,1,0,1,301,2025-09-09 22:16:54,2026-04-18 00:58:01
,https://www.cloudemployee.io/developers/cv/abraham,,,0,1,34,1,0,0,1,0,1,301,2025-09-10 07:33:36,2026-04-17 23:47:09
,https://www.cloudemployee.io/developers/cv/ace-martin,,,0,1,34,1,0,0,1,0,1,301,2025-09-09 22:52:53,2026-04-17 06:57:45
,https://www.cloudemployee.io/developers/cv/aceron,,,0,1,34,1,0,0,1,0,1,301,2025-09-09 13:56:20,2026-06-06 09:53:25
,https://www.cloudemployee.io/developers/cv/aco,,,0,1,34,1,0,0,1,0,1,301,2025-09-15 10:57:07,2026-04-17 04:49:15
,https://www.cloudemployee.io/developers/cv/adam,,,0,1,34,1,0,0,1,0,1,301,2025-09-15 11:50:05,2026-04-17 08:47:48
,https://www.cloudemployee.io/developers/cv/adam-lawrence,,,0,1,34,1,0,0,1,0,1,301,2025-09-10 18:00:15,2026-04-17 22:13:22
,https://www.cloudemployee.io/developers/cv/adams,,,0,1,34,1,0,0,1,0,1,301,2025-09-15 05:47:37,2026-07-06 11:13:53
,https://www.cloudemployee.io/developers/cv/adden,,,0,1,34,1,0,0,1,0,1,301,2025-09-15 09:36:56,2026-04-17 04:34:46
,https://www.cloudemployee.io/developers/cv/addy,,,0,1,34,1,0,0,1,0,1,301,2025-09-10 07:51:53,2026-04-17 15:53:37
,https://www.cloudemployee.io/developers/cv/adel,,,0,1,34,1,0,0,1,0,1,301,2025-09-09 14:46:20,2026-04-18 01:43:31
,https://www.cloudemployee.io/developers/cv/adolfo,,,0,1,34,1,0,0,1,0,1,301,2025-09-09 13:37:47,2026-02-21 10:32:04
,https://www.cloudemployee.io/developers/cv/adrian,,,0,1,34,1,0,0,1,0,1,301,2025-09-15 09:47:25,2026-04-17 13:00:20
,https://www.cloudemployee.io/developers/cv/adrian-isaac,,,0,1,34,1,0,0,1,0,1,301,2025-09-09 15:57:00,2026-04-16 13:26:45
,https://www.cloudemployee.io/developers/cv/adriana,,,0,1,34,1,0,0,1,0,1,301,2025-09-09 16:14:53,2026-04-18 01:20:39
,https://www.cloudemployee.io/developers/cv/adrien,,,0,1,34,1,0,0,1,0,1,301,2025-09-10 00:49:11,2026-04-17 10:22:07
,https://www.cloudemployee.io/developers/cv/aerol,,,0,1,34,1,0,0,1,0,1,301,2025-09-10 00:07:17,2026-04-17 23:08:42
,https://www.cloudemployee.io/developers/cv/aeron,,,0,1,34,1,0,0,1,0,1,301,2025-09-10 12:15:06,2026-04-17 07:42:18
,https://www.cloudemployee.io/developers/cv/agassi,,,0,1,34,1,0,0,1,0,1,301,2025-09-09 15:54:41,2026-05-04 19:32:27
,https://www.cloudemployee.io/developers/cv/ahl,,,0,1,34,1,0,0,1,0,1,301,2025-09-09 13:32:03,2026-04-15 07:13:59
,https://www.cloudemployee.io/developers/cv/aimee,,,0,1,34,1,0,0,1,0,1,301,2025-09-09 15:11:29,2026-05-23 20:45:37
,https://www.cloudemployee.io/developers/cv/alaric,,,0,1,34,1,0,0,1,0,1,301,2025-09-10 07:37:20,2026-04-17 17:45:40
,https://www.cloudemployee.io/developers/cv/albert,,,0,1,34,1,0,0,1,0,1,301,2025-09-09 19:18:14,2026-04-16 14:07:29
,https://www.cloudemployee.io/developers/cv/alberto,,,0,1,34,1,0,0,1,0,1,301,2025-09-10 18:07:06,2026-04-17 08:42:07
,https://www.cloudemployee.io/developers/cv/alberto-manuel,,,0,1,34,1,0,0,1,0,1,301,2025-09-10 06:45:04,2026-04-18 03:29:06
,https://www.cloudemployee.io/developers/cv/alden,,,0,1,34,1,0,0,1,0,1,301,2025-09-09 17:18:12,2026-04-16 11:44:51
,https://www.cloudemployee.io/developers/cv/aldon,,,0,1,34,1,0,0,1,0,1,301,2025-09-09 18:22:07,2026-04-17 21:43:42
,https://www.cloudemployee.io/developers/cv/aldrin-joseph,,,0,1,34,1,0,0,1,0,1,301,2025-09-10 07:02:29,2026-04-17 07:58:20
,https://www.cloudemployee.io/developers/cv/aldwin,,,0,1,34,1,0,0,1,0,1,301,2025-09-10 11:25:07,2026-04-18 02:35:57
,https://www.cloudemployee.io/developers/cv/alec-mark,,,0,1,34,1,0,0,1,0,1,301,2025-09-14 20:19:48,2026-06-24 10:32:10
,https://www.cloudemployee.io/developers/cv/alejandro,,,0,1,34,1,0,0,1,0,1,301,2025-09-10 17:38:10,2026-06-26 04:04:08
,https://www.cloudemployee.io/developers/cv/alen,,,0,1,34,1,0,0,1,0,1,301,2025-09-15 13:50:49,2026-04-18 03:58:19
,https://www.cloudemployee.io/developers/cv/alex,,,0,1,34,1,0,0,1,0,1,301,2025-09-10 10:47:41,2026-04-17 18:01:29
,https://www.cloudemployee.io/developers/cv/alexander,,,0,1,34,1,0,0,1,0,1,301,2025-09-10 07:47:29,2026-07-07 19:41:38
,https://www.cloudemployee.io/developers/cv/alexander-darius,,,0,1,34,1,0,0,1,0,1,301,2025-09-10 03:20:22,2026-07-11 05:54:42
,https://www.cloudemployee.io/developers/cv/alexander-mark,,,0,1,34,1,0,0,1,0,1,301,2025-09-10 05:10:49,2026-04-18 02:20:23
,https://www.cloudemployee.io/developers/cv/alexies,,,0,1,34,1,0,0,1,0,1,301,2025-09-09 15:31:58,2026-07-07 05:12:29
,https://www.cloudemployee.io/developers/cv/alexis,,,0,1,34,1,0,0,1,0,1,301,2025-09-10 06:17:53,2026-04-17 21:30:57
,https://www.cloudemployee.io/developers/cv/alexis-calvin,,,0,1,34,1,0,0,1,0,1,301,2025-09-15 18:22:44,2026-07-10 21:48:27
,https://www.cloudemployee.io/developers/cv/alfie,,,0,1,34,1,0,0,1,0,1,301,2025-09-10 04:49:14,2026-04-17 08:30:19
,https://www.cloudemployee.io/developers/cv/alfonso,,,0,1,34,1,0,0,1,0,1,301,2025-09-10 07:58:39,2026-04-17 19:07:02
,https://www.cloudemployee.io/developers/cv/alfred,,,0,1,34,1,0,0,1,0,1,301,2025-09-10 03:24:26,2026-04-17 09:25:47
,https://www.cloudemployee.io/developers/cv/alice,,,0,1,34,1,0,0,1,0,1,301,2025-09-15 10:13:47,2026-04-17 14:24:44
,https://www.cloudemployee.io/developers/cv/aljon,,,0,1,34,1,0,0,1,0,1,301,2025-09-10 01:16:29,2026-04-18 01:04:17
,https://www.cloudemployee.io/developers/cv/aljun,,,0,1,34,1,0,0,1,0,1,301,2025-09-10 06:58:36,2026-02-26 09:26:07
,https://www.cloudemployee.io/developers/cv/aljur,,,0,1,34,1,0,0,1,0,1,301,2025-09-10 04:10:16,2026-04-18 01:17:00
,https://www.cloudemployee.io/developers/cv/allan-manuel,,,0,1,34,1,0,0,1,0,1,301,2025-09-09 15:41:23,2026-03-13 16:43:16
,https://www.cloudemployee.io/developers/cv/allan-peter,,,0,1,34,1,0,0,1,0,1,301,2025-09-09 18:48:33,2026-04-17 14:52:14
,https://www.cloudemployee.io/developers/cv/allen,,,0,1,34,1,0,0,1,0,1,301,2025-09-09 18:02:24,2026-04-17 15:14:00
,https://www.cloudemployee.io/developers/cv/ally,,,0,1,34,1,0,0,1,0,1,301,2025-09-10 17:24:18,2026-04-17 19:10:12
,https://www.cloudemployee.io/developers/cv/almer,,,0,1,34,1,0,0,1,0,1,301,2025-09-09 13:33:23,2026-04-17 15:58:16
,https://www.cloudemployee.io/developers/cv/alphonso,,,0,1,34,1,0,0,1,0,1,301,2025-09-09 15:47:54,2026-04-15 08:03:07
,https://www.cloudemployee.io/developers/cv/alupe,,,0,1,34,1,0,0,1,0,1,301,2025-09-09 16:50:39,2026-04-17 16:18:38
,https://www.cloudemployee.io/developers/cv/alvin,,,0,1,34,1,0,0,1,0,1,301,2025-09-10 06:50:09,2026-05-10 22:46:19
,https://www.cloudemployee.io/developers/cv/alvin-james,,,0,1,34,1,0,0,1,0,1,301,2025-09-26 00:43:27,2026-05-08 03:19:40
,https://www.cloudemployee.io/developers/cv/alyssa,,,0,1,34,1,0,0,1,0,1,301,2025-09-09 15:40:03,2026-04-28 23:31:52
,https://www.cloudemployee.io/developers/cv/amadeo,,,0,1,34,1,0,0,1,0,1,301,2025-09-09 19:29:09,2026-04-17 18:12:09
,https://www.cloudemployee.io/developers/cv/amar,,,0,1,34,1,0,0,1,0,1,301,2025-09-15 18:06:38,2026-04-18 01:12:51
,https://www.cloudemployee.io/developers/cv/amber,,,0,1,34,1,0,0,1,0,1,301,2025-09-09 17:11:17,2026-04-17 15:01:24
,https://www.cloudemployee.io/developers/cv/ambrose,,,0,1,34,1,0,0,1,0,1,301,2025-09-10 05:07:08,2026-07-12 22:14:02
,https://www.cloudemployee.io/developers/cv/amelia,,,0,1,34,1,0,0,1,0,1,301,2025-09-09 22:46:18,2026-04-18 02:18:29
,https://www.cloudemployee.io/developers/cv/ameliana,,,0,1,34,1,0,0,1,0,1,301,2025-09-10 06:20:15,2026-04-17 21:21:41
,https://www.cloudemployee.io/developers/cv/amiel,,,0,1,34,1,0,0,1,0,1,301,2025-09-09 15:14:37,2026-05-08 12:10:19
,https://www.cloudemployee.io/developers/cv/amon,,,0,1,34,1,0,0,1,0,1,301,2025-09-09 13:27:21,2026-06-17 20:56:11
,https://www.cloudemployee.io/developers/cv/anders,,,0,1,34,1,0,0,1,0,1,301,2025-09-10 05:09:04,2026-04-18 01:19:10
,https://www.cloudemployee.io/developers/cv/andi,,,0,1,34,1,0,0,1,0,1,301,2025-09-09 15:10:59,2026-06-20 19:28:35
,https://www.cloudemployee.io/developers/cv/andrea,,,0,1,34,1,0,0,1,0,1,301,2025-09-15 15:39:14,2026-04-18 06:12:01
,https://www.cloudemployee.io/developers/cv/andrea-ann,,,0,1,34,1,0,0,1,0,1,301,2025-09-09 17:51:47,2026-04-18 00:45:57
,https://www.cloudemployee.io/developers/cv/andrei,,,0,1,34,1,0,0,1,0,1,301,2025-09-15 10:06:18,2026-04-17 03:41:08
,https://www.cloudemployee.io/developers/cv/andrei-dominic,,,0,1,34,1,0,0,1,0,1,301,2025-09-09 16:26:46,2026-04-18 01:55:42
,https://www.cloudemployee.io/developers/cv/andres,,,0,1,34,1,0,0,1,0,1,301,2025-09-09 14:27:13,2026-06-24 22:11:09
,https://www.cloudemployee.io/developers/cv/andrew,,,0,1,34,1,0,0,1,0,1,301,2025-09-10 18:15:40,2026-04-18 00:46:45
,https://www.cloudemployee.io/developers/cv/andrew-joshua,,,0,1,34,1,0,0,1,0,1,301,2025-09-09 12:39:31,2026-06-23 00:52:42
,https://www.cloudemployee.io/developers/cv/andrey-kobe,,,0,1,34,1,0,0,1,0,1,301,2025-09-10 18:22:14,2026-04-18 02:29:16
,https://www.cloudemployee.io/developers/cv/angela,,,0,1,34,1,0,0,1,0,1,301,2025-09-15 16:55:49,2026-07-08 07:02:34
,https://www.cloudemployee.io/developers/cv/angela-marah,,,0,1,34,1,0,0,1,0,1,301,2025-09-10 03:50:05,2026-05-02 19:56:49
,https://www.cloudemployee.io/developers/cv/angelico,,,0,1,34,1,0,0,1,0,1,301,2025-09-10 04:01:34,2026-07-01 12:01:02
,https://www.cloudemployee.io/developers/cv/angelina,,,0,1,34,1,0,0,1,0,1,301,2025-09-10 03:59:24,2026-05-24 04:24:21
,https://www.cloudemployee.io/developers/cv/angelito,,,0,1,34,1,0,0,1,0,1,301,2025-09-09 17:02:18,2026-06-17 11:14:37
,https://www.cloudemployee.io/developers/cv/angelo,,,0,1,34,1,0,0,1,0,1,301,2025-09-09 18:22:51,2026-06-09 15:57:43
,https://www.cloudemployee.io/developers/cv/angelo-bal,,,0,1,34,1,0,0,1,0,1,301,2025-09-09 17:27:29,2026-04-16 13:22:23
,https://www.cloudemployee.io/developers/cv/angie,,,0,1,34,1,0,0,1,0,1,301,2025-09-14 23:53:59,2026-04-18 03:56:01
,https://www.cloudemployee.io/developers/cv/aniceto,,,0,1,34,1,0,0,1,0,1,301,2025-09-10 05:05:20,2026-04-17 21:03:30
,https://www.cloudemployee.io/developers/cv/anita-grace,,,0,1,34,1,0,0,1,0,1,301,2025-09-10 03:21:30,2026-04-16 13:31:52
,https://www.cloudemployee.io/developers/cv/anna-marie,,,0,1,34,1,0,0,1,0,1,301,2025-09-10 02:54:44,2026-06-15 14:12:46
,https://www.cloudemployee.io/developers/cv/anne,,,0,1,34,1,0,0,1,0,1,301,2025-09-10 05:04:51,2026-05-30 02:34:33
,https://www.cloudemployee.io/developers/cv/ansel,,,0,1,34,1,0,0,1,0,1,301,2025-09-09 14:38:24,2026-07-06 22:44:47
,https://www.cloudemployee.io/developers/cv/anthon,,,0,1,34,1,0,0,1,0,1,301,2025-09-10 03:15:01,2026-04-17 06:59:48
,https://www.cloudemployee.io/developers/cv/anthony,,,0,1,34,1,0,0,1,0,1,301,2025-09-15 10:03:45,2026-04-17 07:03:23
,https://www.cloudemployee.io/developers/cv/anthony-david,,,0,1,34,1,0,0,1,0,1,301,2025-09-15 01:29:57,2026-04-17 15:20:24
,https://www.cloudemployee.io/developers/cv/anthony-james,,,0,1,34,1,0,0,1,0,1,301,2025-09-15 09:56:37,2026-06-26 15:15:07
,https://www.cloudemployee.io/developers/cv/anton,,,0,1,34,1,0,0,1,0,1,301,2025-09-10 00:40:22,2026-04-18 06:04:31
,https://www.cloudemployee.io/developers/cv/anton-victor,,,0,1,34,1,0,0,1,0,1,301,2025-09-15 10:07:40,2026-04-17 23:10:08
,https://www.cloudemployee.io/developers/cv/antonio,,,0,1,34,1,0,0,1,0,1,301,2025-09-10 17:25:49,2026-04-17 18:39:21
,https://www.cloudemployee.io/developers/cv/antonio-julio,,,0,1,34,1,0,0,1,0,1,301,2025-09-09 22:43:40,2026-04-17 20:01:38
,https://www.cloudemployee.io/developers/cv/anzo,,,0,1,34,1,0,0,1,0,1,301,2025-09-10 03:15:41,2026-06-25 02:04:00
,https://www.cloudemployee.io/developers/cv/apollo,,,0,1,34,1,0,0,1,0,1,301,2025-09-09 13:56:40,2026-05-24 09:44:43
,https://www.cloudemployee.io/developers/cv/aprylle,,,0,1,34,1,0,0,1,0,1,301,2025-09-09 14:53:28,2026-02-23 06:19:32
,https://www.cloudemployee.io/developers/cv/aran,,,0,1,34,1,0,0,1,0,1,301,2025-09-10 02:45:18,2026-06-01 18:26:41
,https://www.cloudemployee.io/developers/cv/arden,,,0,1,34,1,0,0,1,0,1,301,2025-09-09 14:02:38,2026-03-12 20:07:10
,https://www.cloudemployee.io/developers/cv/arden-max,,,0,1,34,1,0,0,1,0,1,301,2025-09-10 17:28:48,2026-07-06 03:19:41
,https://www.cloudemployee.io/developers/cv/arey,,,0,1,34,1,0,0,1,0,1,301,2025-09-15 17:47:20,2026-04-17 13:59:54
,https://www.cloudemployee.io/developers/cv/ari,,,0,1,34,1,0,0,1,0,1,301,2025-09-09 20:38:33,2026-04-18 02:25:34
,https://www.cloudemployee.io/developers/cv/arianne,,,0,1,34,1,0,0,1,0,1,301,2025-09-09 17:31:03,2026-07-06 04:46:32
,https://www.cloudemployee.io/developers/cv/arianne-mae,,,0,1,34,1,0,0,1,0,1,301,2025-09-10 04:34:46,2026-04-17 04:06:25
,https://www.cloudemployee.io/developers/cv/ariel,,,0,1,34,1,0,0,1,0,1,301,2025-09-10 10:49:14,2026-04-17 23:39:21
,https://www.cloudemployee.io/developers/cv/ariella-mae,,,0,1,34,1,0,0,1,0,1,301,2025-09-10 12:38:53,2026-04-17 21:00:36
,https://www.cloudemployee.io/developers/cv/aries,,,0,1,34,1,0,0,1,0,1,301,2025-09-10 03:45:14,2026-04-18 00:36:37
,https://www.cloudemployee.io/developers/cv/arina,,,0,1,34,1,0,0,1,0,1,301,2025-09-09 16:17:19,2026-04-17 21:46:40
,https://www.cloudemployee.io/developers/cv/aris,,,0,1,34,1,0,0,1,0,1,301,2025-09-09 14:57:30,2026-04-17 23:12:10
,https://www.cloudemployee.io/developers/cv/aristotle,,,0,1,34,1,0,0,1,0,1,301,2025-09-10 06:01:40,2026-04-17 14:26:56
,https://www.cloudemployee.io/developers/cv/arizza-mae,,,0,1,34,1,0,0,1,0,1,301,2025-09-09 16:09:53,2026-04-18 00:47:12
,https://www.cloudemployee.io/developers/cv/arjan,,,0,1,34,1,0,0,1,0,1,301,2025-09-10 17:21:59,2026-07-11 08:53:47
,https://www.cloudemployee.io/developers/cv/arjhay,,,0,1,34,1,0,0,1,0,1,301,2025-09-10 08:01:52,2026-04-18 01:29:29
,https://www.cloudemployee.io/developers/cv/arjun,,,0,1,34,1,0,0,1,0,1,301,2025-09-10 03:30:46,2026-07-01 10:56:09
,https://www.cloudemployee.io/developers/cv/arlan,,,0,1,34,1,0,0,1,0,1,301,2025-09-15 20:47:19,2026-06-24 04:26:59
,https://www.cloudemployee.io/developers/cv/arlo,,,0,1,34,1,0,0,1,0,1,301,2025-09-10 18:43:27,2026-04-17 22:17:19
,https://www.cloudemployee.io/developers/cv/arlynn,,,0,1,34,1,0,0,1,0,1,301,2025-09-10 07:53:21,2026-06-28 07:04:31
,https://www.cloudemployee.io/developers/cv/arman,,,0,1,34,1,0,0,1,0,1,301,2025-09-15 10:24:02,2026-06-25 05:29:44
,https://www.cloudemployee.io/developers/cv/armand,,,0,1,34,1,0,0,1,0,1,301,2025-09-10 09:47:47,2026-07-04 05:31:08
,https://www.cloudemployee.io/developers/cv/armino,,,0,1,34,1,0,0,1,0,1,301,2025-09-09 15:37:07,2026-06-20 09:20:03
,https://www.cloudemployee.io/developers/cv/arnel-john,,,0,1,34,1,0,0,1,0,1,301,2025-09-10 08:02:27,2026-04-17 23:11:52
,https://www.cloudemployee.io/developers/cv/arnel-nelson,,,0,1,34,1,0,0,1,0,1,301,2025-09-09 14:48:30,2026-04-17 22:10:08
,https://www.cloudemployee.io/developers/cv/arnie,,,0,1,34,1,0,0,1,0,1,301,2025-09-15 16:22:15,2026-04-16 16:07:43
,https://www.cloudemployee.io/developers/cv/arnold,,,0,1,34,1,0,0,1,0,1,301,2025-09-09 18:32:40,2026-05-31 21:00:14
,https://www.cloudemployee.io/developers/cv/arnulfo,,,0,1,34,1,0,0,1,0,1,301,2025-09-10 18:39:40,2026-04-17 20:37:33
,https://www.cloudemployee.io/developers/cv/art,,,0,1,34,1,0,0,1,0,1,301,2025-09-09 14:32:14,2026-04-15 07:39:27
,https://www.cloudemployee.io/developers/cv/art-nikolai,,,0,1,34,1,0,0,1,0,1,301,2025-09-09 14:54:12,2026-04-18 00:56:56
,https://www.cloudemployee.io/developers/cv/arthon,,,0,1,34,1,0,0,1,0,1,301,2025-09-15 06:42:57,2026-04-18 06:43:46
,https://www.cloudemployee.io/developers/cv/arthur,,,0,1,34,1,0,0,1,0,1,301,2025-10-06 06:04:02,2026-06-30 12:46:29
,https://www.cloudemployee.io/developers/cv/arturo,,,0,1,34,1,0,0,1,0,1,301,2025-09-09 20:08:09,2026-07-09 06:05:58
,https://www.cloudemployee.io/developers/cv/arvin-jay,,,0,1,34,1,0,0,1,0,1,301,2025-09-10 10:20:51,2026-07-03 09:24:41
,https://www.cloudemployee.io/developers/cv/arvin-john,,,0,1,34,1,0,0,1,0,1,301,2025-09-09 16:12:28,2026-04-18 01:12:05
,https://www.cloudemployee.io/developers/cv/arwind,,,0,1,34,1,0,0,1,0,1,301,2025-09-09 20:59:14,2026-06-27 17:35:00
,https://www.cloudemployee.io/developers/cv/asher,,,0,1,34,1,0,0,1,0,1,301,2025-09-09 22:59:23,2026-05-21 19:48:14
,https://www.cloudemployee.io/developers/cv/ashley,,,0,1,34,1,0,0,1,0,1,301,2025-09-09 12:27:14,2026-05-27 16:29:07
,https://www.cloudemployee.io/developers/cv/athan-jon,,,0,1,34,1,0,0,1,0,1,301,2025-09-09 14:39:54,2026-04-17 14:32:01
,https://www.cloudemployee.io/developers/cv/august,,,0,1,34,1,0,0,1,0,1,301,2025-09-10 08:10:00,2026-04-18 00:53:49
,https://www.cloudemployee.io/developers/cv/augustine,,,0,1,34,1,0,0,1,0,1,301,2025-09-09 17:47:40,2026-06-05 10:33:16
,https://www.cloudemployee.io/developers/cv/augusto,,,0,1,34,1,0,0,1,0,1,301,2025-09-09 17:23:29,2026-06-29 03:53:39
,https://www.cloudemployee.io/developers/cv/augustus,,,0,1,34,1,0,0,1,0,1,301,2025-09-15 16:51:30,2026-07-08 22:37:10
,https://www.cloudemployee.io/developers/cv/auriel,,,0,1,34,1,0,0,1,0,1,301,2025-09-10 03:26:29,2026-06-09 14:54:25
,https://www.cloudemployee.io/developers/cv/austin,,,0,1,34,1,0,0,1,0,1,301,2025-09-09 13:57:03,2026-04-15 07:26:30
,https://www.cloudemployee.io/developers/cv/ava,,,0,1,34,1,0,0,1,0,1,301,2025-09-10 05:45:20,2026-04-17 16:33:58
,https://www.cloudemployee.io/developers/cv/ava-isabel,,,0,1,34,1,0,0,1,0,1,301,2025-09-09 17:54:30,2026-04-17 08:49:30
,https://www.cloudemployee.io/developers/cv/axel,,,0,1,34,1,0,0,1,0,1,301,2025-09-09 15:10:33,2026-05-18 11:36:14
,https://www.cloudemployee.io/developers/cv/axel-don,,,0,1,34,1,0,0,1,0,1,301,2025-09-09 17:05:20,2026-05-02 19:02:57
,https://www.cloudemployee.io/developers/cv/axell,,,0,1,34,1,0,0,1,0,1,301,2025-09-15 16:39:05,2026-06-30 16:57:14
,https://www.cloudemployee.io/developers/cv/ayden,,,0,1,34,1,0,0,1,0,1,301,2025-09-15 11:52:45,2026-07-06 03:51:36
,https://www.cloudemployee.io/developers/cv/azazel,,,0,1,34,1,0,0,1,0,1,301,2025-09-10 04:30:29,2026-07-12 16:51:01
,https://www.cloudemployee.io/developers/cv/azriel,,,0,1,34,1,0,0,1,0,1,301,2025-09-09 19:23:33,2026-05-04 03:29:56
,https://www.cloudemployee.io/developers/cv/bado,,,0,1,34,1,0,0,1,0,1,301,2025-09-09 14:27:45,2026-04-16 12:08:19
,https://www.cloudemployee.io/developers/cv/banjo,,,0,1,34,1,0,0,1,0,1,301,2025-09-10 09:54:11,2026-04-17 23:03:58
,https://www.cloudemployee.io/developers/cv/baron,,,0,1,34,1,0,0,1,0,1,301,2025-09-10 11:55:41,2026-06-30 15:29:34
,https://www.cloudemployee.io/developers/cv/barrie,,,0,1,34,1,0,0,1,0,1,301,2025-09-15 00:56:08,2026-04-17 04:27:31
,https://www.cloudemployee.io/developers/cv/barry,,,0,1,34,1,0,0,1,0,1,301,2025-09-10 03:14:27,2026-05-14 14:14:26
,https://www.cloudemployee.io/developers/cv/bartholomew,,,0,1,34,1,0,0,1,0,1,301,2025-09-10 05:07:36,2026-07-06 17:43:02
,https://www.cloudemployee.io/developers/cv/basil-james,,,0,1,34,1,0,0,1,0,1,301,2025-09-10 04:49:43,2026-04-17 19:36:25
,https://www.cloudemployee.io/developers/cv/bastian,,,0,1,34,1,0,0,1,0,1,301,2025-09-09 15:32:11,2026-04-17 20:48:21
,https://www.cloudemployee.io/developers/cv/bastie,,,0,1,34,1,0,0,1,0,1,301,2025-09-09 22:26:06,2026-07-09 06:04:05
,https://www.cloudemployee.io/developers/cv/batista,,,0,1,34,1,0,0,1,0,1,301,2025-09-15 09:30:39,2026-04-30 03:56:11
,https://www.cloudemployee.io/developers/cv/bavis,,,0,1,34,1,0,0,1,0,1,301,2025-09-09 16:16:08,2026-06-17 15:14:39
,https://www.cloudemployee.io/developers/cv/bazo,,,0,1,34,1,0,0,1,0,1,301,2025-09-15 02:57:30,2026-05-09 18:17:55
,https://www.cloudemployee.io/developers/cv/bean,,,0,1,34,1,0,0,1,0,1,301,2025-09-10 05:40:13,2026-05-24 01:08:40
,https://www.cloudemployee.io/developers/cv/bellamy,,,0,1,34,1,0,0,1,0,1,301,2025-09-09 16:14:13,2026-04-17 15:10:35
,https://www.cloudemployee.io/developers/cv/bem,,,0,1,34,1,0,0,1,0,1,301,2025-09-15 12:21:49,2026-04-17 06:47:27
,https://www.cloudemployee.io/developers/cv/ben-w,,,0,1,34,1,0,0,1,0,1,301,2025-09-10 06:59:23,2026-04-17 08:24:37
,https://www.cloudemployee.io/developers/cv/benedict,,,0,1,34,1,0,0,1,0,1,301,2025-09-10 03:52:42,2026-04-17 04:59:18
,https://www.cloudemployee.io/developers/cv/benedicto,,,0,1,34,1,0,0,1,0,1,301,2025-09-15 18:12:11,2026-06-29 17:24:53
,https://www.cloudemployee.io/developers/cv/benj,,,0,1,34,1,0,0,1,0,1,301,2025-09-10 02:16:16,2026-06-28 05:34:06
,https://www.cloudemployee.io/developers/cv/benjamin-revel,,,0,1,34,1,0,0,1,0,1,301,2025-09-10 11:13:40,2026-04-17 18:38:03
,https://www.cloudemployee.io/developers/cv/benji,,,0,1,34,1,0,0,1,0,1,301,2025-09-09 13:55:46,2026-06-29 13:22:37
,https://www.cloudemployee.io/developers/cv/benjie-raven,,,0,1,34,1,0,0,1,0,1,301,2025-09-09 23:38:58,2026-04-17 21:56:20
,https://www.cloudemployee.io/developers/cv/bennett,,,0,1,34,1,0,0,1,0,1,301,2025-09-15 05:49:19,2026-07-02 03:56:48
,https://www.cloudemployee.io/developers/cv/benno,,,0,1,34,1,0,0,1,0,1,301,2025-09-15 06:25:29,2026-04-18 07:17:48
,https://www.cloudemployee.io/developers/cv/benny,,,0,1,34,1,0,0,1,0,1,301,2025-09-10 00:11:44,2026-04-17 13:10:44
,https://www.cloudemployee.io/developers/cv/bernard,,,0,1,34,1,0,0,1,0,1,301,2025-09-09 18:12:17,2026-04-17 19:20:47
,https://www.cloudemployee.io/developers/cv/bernard-john,,,0,1,34,1,0,0,1,0,1,301,2025-09-09 15:58:15,2026-07-03 23:54:31
,https://www.cloudemployee.io/developers/cv/bernardo,,,0,1,34,1,0,0,1,0,1,301,2025-09-15 12:25:01,2026-07-11 19:14:31
,https://www.cloudemployee.io/developers/cv/bernes,,,0,1,34,1,0,0,1,0,1,301,2025-09-10 07:00:52,2026-04-17 20:38:02
,https://www.cloudemployee.io/developers/cv/bernurd,,,0,1,34,1,0,0,1,0,1,301,2025-09-09 18:24:33,2026-04-17 22:49:51
,https://www.cloudemployee.io/developers/cv/bero,,,0,1,34,1,0,0,1,0,1,301,2025-09-15 01:50:10,2026-04-17 17:46:25
,https://www.cloudemployee.io/developers/cv/bert,,,0,1,34,1,0,0,1,0,1,301,2025-09-09 23:30:14,2026-06-24 11:59:51
,https://www.cloudemployee.io/developers/cv/bertie-manuelo,,,0,1,34,1,0,0,1,0,1,301,2025-09-09 18:11:36,2026-04-17 20:47:54
,https://www.cloudemployee.io/developers/cv/berto,,,0,1,34,1,0,0,1,0,1,301,2025-09-15 08:05:27,2026-04-18 03:28:07
,https://www.cloudemployee.io/developers/cv/beth,,,0,1,34,1,0,0,1,0,1,301,2025-09-09 16:30:24,2026-04-17 07:59:17
,https://www.cloudemployee.io/developers/cv/bethany,,,0,1,34,1,0,0,1,0,1,301,2025-09-15 00:28:56,2026-04-17 23:28:44
,https://www.cloudemployee.io/developers/cv/bethany-marie,,,0,1,34,1,0,0,1,0,1,301,2025-09-09 21:41:15,2026-04-17 09:57:26
,https://www.cloudemployee.io/developers/cv/betty,,,0,1,34,1,0,0,1,0,1,301,2025-09-10 00:46:29,2026-06-28 20:01:08
,https://www.cloudemployee.io/developers/cv/beverly,,,0,1,34,1,0,0,1,0,1,301,2025-09-15 16:42:16,2026-04-17 09:43:52
,https://www.cloudemployee.io/developers/cv/bianca,,,0,1,34,1,0,0,1,0,1,301,2025-09-10 11:40:13,2026-04-18 01:38:19
,https://www.cloudemployee.io/developers/cv/bilbo,,,0,1,34,1,0,0,1,0,1,301,2025-09-10 11:37:05,2026-04-18 05:50:30
,https://www.cloudemployee.io/developers/cv/billie,,,0,1,34,1,0,0,1,0,1,301,2025-09-09 23:18:13,2026-04-17 21:13:10
,https://www.cloudemployee.io/developers/cv/billy,,,0,1,34,1,0,0,1,0,1,301,2025-09-15 17:03:19,2026-04-18 02:45:50
,https://www.cloudemployee.io/developers/cv/billy-joel,,,0,1,34,1,0,0,1,0,1,301,2025-09-09 16:03:00,2026-04-17 17:22:54
,https://www.cloudemployee.io/developers/cv/blaine,,,0,1,34,1,0,0,1,0,1,301,2025-09-10 05:10:18,2026-04-17 07:28:26
,https://www.cloudemployee.io/developers/cv/blake,,,0,1,34,1,0,0,1,0,1,301,2025-09-10 04:17:28,2026-06-05 07:05:30
,https://www.cloudemployee.io/developers/cv/blanche,,,0,1,34,1,0,0,1,0,1,301,2025-09-09 14:40:24,2026-04-17 21:15:47
,https://www.cloudemployee.io/developers/cv/blas,,,0,1,34,1,0,0,1,0,1,301,2025-09-14 22:22:01,2026-04-17 23:59:43
,https://www.cloudemployee.io/developers/cv/bob,,,0,1,34,1,0,0,1,0,1,301,2025-09-10 05:16:24,2026-07-08 04:46:02
,https://www.cloudemployee.io/developers/cv/bobby,,,0,1,34,1,0,0,1,0,1,301,2025-09-10 01:37:13,2026-05-15 09:54:47
,https://www.cloudemployee.io/developers/cv/bodeck,,,0,1,34,1,0,0,1,0,1,301,2025-09-14 22:25:00,2026-04-17 12:38:05
,https://www.cloudemployee.io/developers/cv/bomm,,,0,1,34,1,0,0,1,0,1,301,2025-09-10 04:54:53,2026-04-18 03:15:54
,https://www.cloudemployee.io/developers/cv/bong,,,0,1,34,1,0,0,1,0,1,301,2025-09-10 03:13:15,2026-05-24 08:24:34
,https://www.cloudemployee.io/developers/cv/boris-paul,,,0,1,34,1,0,0,1,0,1,301,2025-09-10 04:29:14,2026-07-11 07:08:29
,https://www.cloudemployee.io/developers/cv/borje,,,0,1,34,1,0,0,1,0,1,301,2025-09-10 17:48:43,2026-07-12 04:13:11
,https://www.cloudemployee.io/developers/cv/boyle,,,0,1,34,1,0,0,1,0,1,301,2025-09-15 06:14:21,2026-04-17 17:44:01
,https://www.cloudemployee.io/developers/cv/brad,,,0,1,34,1,0,0,1,0,1,301,2025-09-10 06:05:45,2026-05-03 12:26:06
,https://www.cloudemployee.io/developers/cv/bran,,,0,1,34,1,0,0,1,0,1,301,2025-09-09 18:45:45,2026-06-25 11:43:34
,https://www.cloudemployee.io/developers/cv/brando,,,0,1,34,1,0,0,1,0,1,301,2025-09-09 13:32:20,2026-03-30 12:29:29
,https://www.cloudemployee.io/developers/cv/brandon,,,0,1,34,1,0,0,1,0,1,301,2025-09-10 03:46:32,2026-06-25 21:59:14
,https://www.cloudemployee.io/developers/cv/brandon-lee,,,0,1,34,1,0,0,1,0,1,301,2025-09-15 11:20:36,2026-07-02 13:11:47
,https://www.cloudemployee.io/developers/cv/brandy,,,0,1,34,1,0,0,1,0,1,301,2025-09-09 21:27:26,2026-06-29 05:47:14
,https://www.cloudemployee.io/developers/cv/bren,,,0,1,34,1,0,0,1,0,1,301,2025-09-09 21:59:20,2026-05-03 07:01:26
,https://www.cloudemployee.io/developers/cv/brenan,,,0,1,34,1,0,0,1,0,1,301,2025-09-15 16:40:47,2026-04-17 13:21:16
,https://www.cloudemployee.io/developers/cv/brennan,,,0,1,34,1,0,0,1,0,1,301,2025-09-15 20:13:52,2026-04-16 10:35:20
,https://www.cloudemployee.io/developers/cv/brent,,,0,1,34,1,0,0,1,0,1,301,2025-09-09 23:40:48,2026-04-17 17:16:15
,https://www.cloudemployee.io/developers/cv/brent-ethan,,,0,1,34,1,0,0,1,0,1,301,2025-09-15 14:59:43,2026-04-18 03:29:33
,https://www.cloudemployee.io/developers/cv/brett-manuel,,,0,1,34,1,0,0,1,0,1,301,2025-09-15 11:17:36,2026-04-17 14:03:10
,https://www.cloudemployee.io/developers/cv/brian,,,0,1,34,1,0,0,1,0,1,301,2025-09-10 04:06:19,2026-05-16 09:30:12
,https://www.cloudemployee.io/developers/cv/brianne,,,0,1,34,1,0,0,1,0,1,301,2025-09-09 16:48:48,2026-05-06 03:46:11
,https://www.cloudemployee.io/developers/cv/briar,,,0,1,34,1,0,0,1,0,1,301,2025-09-10 11:12:17,2026-07-08 06:34:58
,https://www.cloudemployee.io/developers/cv/broderick,,,0,1,34,1,0,0,1,0,1,301,2025-09-09 13:32:53,2026-04-17 04:30:17
,https://www.cloudemployee.io/developers/cv/brolly,,,0,1,34,1,0,0,1,0,1,301,2025-09-10 04:33:13,2026-07-02 19:06:53
,https://www.cloudemployee.io/developers/cv/bruce,,,0,1,34,1,0,0,1,0,1,301,2025-09-10 00:24:29,2026-07-12 06:46:29
,https://www.cloudemployee.io/developers/cv/bruce-liam,,,0,1,34,1,0,0,1,0,1,301,2025-09-14 22:44:11,2026-07-07 00:20:12
,https://www.cloudemployee.io/developers/cv/bruno,,,0,1,34,1,0,0,1,0,1,301,2025-09-15 14:12:52,2026-04-18 02:02:51
,https://www.cloudemployee.io/developers/cv/bryan,,,0,1,34,1,0,0,1,0,1,301,2025-09-09 15:53:00,2026-04-27 07:15:17
,https://www.cloudemployee.io/developers/cv/bryanne,,,0,1,34,1,0,0,1,0,1,301,2025-09-10 17:47:03,2026-04-17 21:54:26
,https://www.cloudemployee.io/developers/cv/brylle,,,0,1,34,1,0,0,1,0,1,301,2025-09-15 00:51:51,2026-04-17 14:53:05
,https://www.cloudemployee.io/developers/cv/buck,,,0,1,34,1,0,0,1,0,1,301,2025-09-10 17:44:47,2026-04-17 20:32:05
,https://www.cloudemployee.io/developers/cv/caedin,,,0,1,34,1,0,0,1,0,1,301,2025-09-09 22:16:23,2026-04-18 00:05:36
,https://www.cloudemployee.io/developers/cv/caleb,,,0,1,34,1,0,0,1,0,1,301,2025-09-09 15:12:04,2026-04-17 20:58:18
,https://www.cloudemployee.io/developers/cv/calvin,,,0,1,34,1,0,0,1,0,1,301,2025-09-10 10:16:23,2026-06-02 22:27:56
,https://www.cloudemployee.io/developers/cv/calvin-jae,,,0,1,34,1,0,0,1,0,1,301,2025-09-09 17:33:55,2026-05-07 07:16:31
,https://www.cloudemployee.io/developers/cv/calyx,,,0,1,34,1,0,0,1,0,1,301,2025-09-10 07:32:04,2026-04-18 01:57:07
,https://www.cloudemployee.io/developers/cv/cameron-alexander,,,0,1,34,1,0,0,1,0,1,301,2025-09-15 02:07:45,2026-04-16 15:30:28
,https://www.cloudemployee.io/developers/cv/camilla,,,0,1,34,1,0,0,1,0,1,301,2025-09-09 22:42:22,2026-04-17 19:44:26
,https://www.cloudemployee.io/developers/cv/camille,,,0,1,34,1,0,0,1,0,1,301,2025-09-10 07:23:09,2026-04-17 16:56:39
,https://www.cloudemployee.io/developers/cv/camilo,,,0,1,34,1,0,0,1,0,1,301,2025-09-15 10:55:56,2026-07-03 10:51:37
,https://www.cloudemployee.io/developers/cv/cancio,,,0,1,34,1,0,0,1,0,1,301,2025-09-09 20:23:56,2026-06-30 20:31:19
,https://www.cloudemployee.io/developers/cv/candice,,,0,1,34,1,0,0,1,0,1,301,2025-09-15 10:00:41,2026-04-17 04:55:32
,https://www.cloudemployee.io/developers/cv/cariza,,,0,1,34,1,0,0,1,0,1,301,2025-09-09 22:20:10,2026-04-17 15:07:43
,https://www.cloudemployee.io/developers/cv/carl,,,0,1,34,1,0,0,1,0,1,301,2025-09-09 17:50:10,2026-06-15 07:10:34
,https://www.cloudemployee.io/developers/cv/carl-darmen,,,0,1,34,1,0,0,1,0,1,301,2025-09-09 16:34:28,2026-04-17 18:06:25
,https://www.cloudemployee.io/developers/cv/carl-james,,,0,1,34,1,0,0,1,0,1,301,2025-09-15 10:46:01,2026-05-19 17:09:05
,https://www.cloudemployee.io/developers/cv/carl-joshua,,,0,1,34,1,0,0,1,0,1,301,2025-09-10 12:11:45,2026-04-17 23:07:53
,https://www.cloudemployee.io/developers/cv/carl-luis,,,0,1,34,1,0,0,1,0,1,301,2025-09-10 06:41:27,2026-07-05 05:57:59
,https://www.cloudemployee.io/developers/cv/carl-sean,,,0,1,34,1,0,0,1,0,1,301,2025-09-09 15:36:36,2026-05-04 12:26:00
,https://www.cloudemployee.io/developers/cv/carla-mae,,,0,1,34,1,0,0,1,0,1,301,2025-09-15 16:01:03,2026-07-10 03:11:38
,https://www.cloudemployee.io/developers/cv/carlie,,,0,1,34,1,0,0,1,0,1,301,2025-09-10 00:48:39,2026-04-18 02:29:08
,https://www.cloudemployee.io/developers/cv/carlito-paul,,,0,1,34,1,0,0,1,0,1,301,2025-09-15 02:13:58,2026-04-17 01:54:42
,https://www.cloudemployee.io/developers/cv/carlo,,,0,1,34,1,0,0,1,0,1,301,2025-09-09 16:43:29,2026-04-16 12:40:01
,https://www.cloudemployee.io/developers/cv/carlo-albert,,,0,1,34,1,0,0,1,0,1,301,2025-09-10 18:16:25,2026-06-29 10:54:58
,https://www.cloudemployee.io/developers/cv/carlo-james,,,0,1,34,1,0,0,1,0,1,301,2025-09-09 22:31:12,2026-04-17 17:52:13
,https://www.cloudemployee.io/developers/cv/carlos,,,0,1,34,1,0,0,1,0,1,301,2025-09-14 21:45:12,2026-04-16 13:33:01
,https://www.cloudemployee.io/developers/cv/carrie,,,0,1,34,1,0,0,1,0,1,301,2025-09-09 16:28:30,2026-04-17 23:12:34
,https://www.cloudemployee.io/developers/cv/casey,,,0,1,34,1,0,0,1,0,1,301,2025-09-15 06:53:45,2026-04-18 03:09:53
,https://www.cloudemployee.io/developers/cv/caspian,,,0,1,34,1,0,0,1,0,1,301,2025-09-10 04:25:12,2026-06-10 15:26:36
,https://www.cloudemployee.io/developers/cv/castiel,,,0,1,34,1,0,0,1,0,1,301,2025-09-09 19:28:17,2026-04-27 10:46:13
,https://www.cloudemployee.io/developers/cv/cathleen,,,0,1,34,1,0,0,1,0,1,301,2025-09-10 10:19:16,2026-07-05 05:26:10
,https://www.cloudemployee.io/developers/cv/catriona,,,0,1,34,1,0,0,1,0,1,301,2025-09-10 06:32:30,2026-04-17 11:27:37
,https://www.cloudemployee.io/developers/cv/cayden,,,0,1,34,1,0,0,1,0,1,301,2025-09-15 04:45:24,2026-04-17 20:31:34
,https://www.cloudemployee.io/developers/cv/cedie,,,0,1,34,1,0,0,1,0,1,301,2025-09-10 04:00:33,2026-04-16 13:39:52
,https://www.cloudemployee.io/developers/cv/cedric,,,0,1,34,1,0,0,1,0,1,301,2025-09-10 04:43:10,2026-04-17 16:04:26
,https://www.cloudemployee.io/developers/cv/cedrick,,,0,1,34,1,0,0,1,0,1,301,2025-09-10 04:09:15,2026-04-17 08:24:18
,https://www.cloudemployee.io/developers/cv/celso,,,0,1,34,1,0,0,1,0,1,301,2025-09-15 16:30:00,2026-04-18 01:55:18
,https://www.cloudemployee.io/developers/cv/cesar,,,0,1,34,1,0,0,1,0,1,301,2025-09-10 04:40:24,2026-04-17 18:15:01
,https://www.cloudemployee.io/developers/cv/chad,,,0,1,34,1,0,0,1,0,1,301,2025-09-10 17:35:47,2026-04-17 17:39:25
,https://www.cloudemployee.io/developers/cv/chaim,,,0,1,34,1,0,0,1,0,1,301,2025-09-15 20:48:54,2026-06-29 02:22:05
,https://www.cloudemployee.io/developers/cv/champ,,,0,1,34,1,0,0,1,0,1,301,2025-09-09 16:02:22,2026-04-16 13:45:12
,https://www.cloudemployee.io/developers/cv/channce,,,0,1,34,1,0,0,1,0,1,301,2025-09-15 16:25:37,2026-04-18 00:28:53
,https://www.cloudemployee.io/developers/cv/charcelone,,,0,1,34,1,0,0,1,0,1,301,2025-09-10 17:49:27,2026-06-27 23:36:50
,https://www.cloudemployee.io/developers/cv/chares,,,0,1,34,1,0,0,1,0,1,301,2025-09-09 22:43:02,2026-05-27 13:50:48
,https://www.cloudemployee.io/developers/cv/charleen,,,0,1,34,1,0,0,1,0,1,301,2025-09-15 09:41:32,2026-04-18 00:59:56
,https://www.cloudemployee.io/developers/cv/charlene,,,0,1,34,1,0,0,1,0,1,301,2025-09-09 16:16:39,2026-06-30 17:16:48
,https://www.cloudemployee.io/developers/cv/charles,,,0,1,34,1,0,0,1,0,1,301,2025-09-09 16:01:39,2026-06-27 21:47:44
,https://www.cloudemployee.io/developers/cv/charles-michael,,,0,1,34,1,0,0,1,0,1,301,2025-09-09 12:03:24,2026-05-27 13:15:52
,https://www.cloudemployee.io/developers/cv/charleson,,,0,1,34,1,0,0,1,0,1,301,2025-09-10 07:17:48,2026-04-18 00:56:16
,https://www.cloudemployee.io/developers/cv/charleston,,,0,1,34,1,0,0,1,0,1,301,2025-09-09 20:26:02,2026-07-09 06:16:28
,https://www.cloudemployee.io/developers/cv/charlie,,,0,1,34,1,0,0,1,0,1,301,2025-09-09 14:47:54,2026-06-25 12:14:39
,https://www.cloudemployee.io/developers/cv/charlie-shean,,,0,1,34,1,0,0,1,0,1,301,2025-09-09 23:31:45,2026-04-17 22:51:19
,https://www.cloudemployee.io/developers/cv/chella,,,0,1,34,1,0,0,1,0,1,301,2025-09-09 19:19:15,2026-04-18 00:49:05
,https://www.cloudemployee.io/developers/cv/cherrie-anne,,,0,1,34,1,0,0,1,0,1,301,2025-09-10 00:37:10,2026-07-06 07:27:00
,https://www.cloudemployee.io/developers/cv/cherry,,,0,1,34,1,0,0,1,0,1,301,2025-09-10 01:13:54,2026-04-18 02:17:02
,https://www.cloudemployee.io/developers/cv/chris,,,0,1,34,1,0,0,1,0,1,301,2025-09-09 19:18:43,2026-04-30 19:52:41
,https://www.cloudemployee.io/developers/cv/chris-genesis,,,0,1,34,1,0,0,1,0,1,301,2025-09-10 04:54:01,2026-05-19 11:31:33
,https://www.cloudemployee.io/developers/cv/christian,,,0,1,34,1,0,0,1,0,1,301,2025-10-05 03:05:13,2026-04-17 12:05:41
,https://www.cloudemployee.io/developers/cv/christian-dave,,,0,1,34,1,0,0,1,0,1,301,2025-09-10 10:56:24,2026-06-06 06:01:08
,https://www.cloudemployee.io/developers/cv/christian-james,,,0,1,34,1,0,0,1,0,1,301,2025-09-10 07:04:42,2026-07-04 00:27:30
,https://www.cloudemployee.io/developers/cv/christopher-john,,,0,1,34,1,0,0,1,0,1,301,2025-09-15 15:53:54,2026-04-18 07:03:10
,https://www.cloudemployee.io/developers/cv/chrystian,,,0,1,34,1,0,0,1,0,1,301,2025-09-10 02:02:22,2026-04-16 11:21:23
,https://www.cloudemployee.io/developers/cv/chuck,,,0,1,34,1,0,0,1,0,1,301,2025-09-10 11:07:53,2026-07-11 11:17:49
,https://www.cloudemployee.io/developers/cv/chyrile,,,0,1,34,1,0,0,1,0,1,301,2025-09-10 06:52:23,2026-04-17 21:20:09
,https://www.cloudemployee.io/developers/cv/cian,,,0,1,34,1,0,0,1,0,1,301,2025-09-10 03:42:17,2026-06-26 22:03:57
,https://www.cloudemployee.io/developers/cv/cj,,,0,1,34,1,0,0,1,0,1,301,2025-09-09 23:50:17,2026-04-17 19:48:31
,https://www.cloudemployee.io/developers/cv/clarence,,,0,1,34,1,0,0,1,0,1,301,2025-09-10 08:03:44,2026-03-04 18:08:02
,https://www.cloudemployee.io/developers/cv/clarissa,,,0,1,34,1,0,0,1,0,1,301,2025-09-10 03:48:46,2026-04-18 01:26:07
,https://www.cloudemployee.io/developers/cv/clarisse-mae,,,0,1,34,1,0,0,1,0,1,301,2025-09-10 02:46:50,2026-07-04 12:23:19
,https://www.cloudemployee.io/developers/cv/clark,,,0,1,34,1,0,0,1,0,1,301,2025-09-10 04:20:57,2026-05-04 21:25:34
,https://www.cloudemployee.io/developers/cv/clark-kevin,,,0,1,34,1,0,0,1,0,1,301,2025-09-10 04:51:42,2026-04-17 09:08:11
,https://www.cloudemployee.io/developers/cv/clarke,,,0,1,34,1,0,0,1,0,1,301,2025-09-10 02:49:20,2026-04-17 21:03:46
,https://www.cloudemployee.io/developers/cv/claud,,,0,1,34,1,0,0,1,0,1,301,2025-09-09 17:15:41,2026-04-17 22:10:26
,https://www.cloudemployee.io/developers/cv/clay,,,0,1,34,1,0,0,1,0,1,301,2025-09-15 17:22:43,2026-04-18 01:36:55
,https://www.cloudemployee.io/developers/cv/clays,,,0,1,34,1,0,0,1,0,1,301,2025-09-15 09:15:56,2026-06-29 09:53:31
,https://www.cloudemployee.io/developers/cv/cleo,,,0,1,34,1,0,0,1,0,1,301,2025-09-15 20:32:21,2026-04-18 04:02:50
,https://www.cloudemployee.io/developers/cv/cleo-rose,,,0,1,34,1,0,0,1,0,1,301,2025-09-10 00:46:55,2026-04-17 08:02:54
,https://www.cloudemployee.io/developers/cv/clinton,,,0,1,34,1,0,0,1,0,1,301,2025-09-15 11:45:07,2026-05-17 01:55:39
,https://www.cloudemployee.io/developers/cv/clyde,,,0,1,34,1,0,0,1,0,1,301,2025-09-10 04:13:23,2026-04-17 22:35:06
,https://www.cloudemployee.io/developers/cv/coco,,,0,1,34,1,0,0,1,0,1,301,2025-09-09 18:29:52,2026-04-17 08:27:47
,https://www.cloudemployee.io/developers/cv/codi,,,0,1,34,1,0,0,1,0,1,301,2025-09-10 04:07:17,2026-04-17 22:14:20
,https://www.cloudemployee.io/developers/cv/cody,,,0,1,34,1,0,0,1,0,1,301,2025-09-14 22:28:03,2026-05-29 20:08:05
,https://www.cloudemployee.io/developers/cv/cohan,,,0,1,34,1,0,0,1,0,1,301,2025-09-15 09:45:52,2026-04-16 17:14:17
,https://www.cloudemployee.io/developers/cv/cohen,,,0,1,34,1,0,0,1,0,1,301,2025-09-09 14:03:07,2026-04-17 23:12:51
,https://www.cloudemployee.io/developers/cv/colhane,,,0,1,34,1,0,0,1,0,1,301,2025-09-15 00:53:59,2026-06-28 14:19:05
,https://www.cloudemployee.io/developers/cv/colin,,,0,1,34,1,0,0,1,0,1,301,2025-09-09 22:52:22,2026-06-26 01:04:04
,https://www.cloudemployee.io/developers/cv/collett,,,0,1,34,1,0,0,1,0,1,301,2025-09-10 01:17:44,2026-04-18 01:15:52
,https://www.cloudemployee.io/developers/cv/conan,,,0,1,34,1,0,0,1,0,1,301,2025-09-09 06:26:12,2026-04-17 23:11:29
,https://www.cloudemployee.io/developers/cv/connie,,,0,1,34,1,0,0,1,0,1,301,2025-09-09 22:13:46,2026-05-16 08:21:30
,https://www.cloudemployee.io/developers/cv/connie-marie,,,0,1,34,1,0,0,1,0,1,301,2025-09-09 20:16:30,2026-04-18 01:17:32
,https://www.cloudemployee.io/developers/cv/connor,,,0,1,34,1,0,0,1,0,1,301,2025-09-09 22:37:18,2026-04-17 12:36:33
,https://www.cloudemployee.io/developers/cv/conrad-edsel,,,0,1,34,1,0,0,1,0,1,301,2025-09-09 18:40:10,2026-06-27 12:45:32
,https://www.cloudemployee.io/developers/cv/conrado,,,0,1,34,1,0,0,1,0,1,301,2025-09-10 04:43:44,2026-07-06 15:22:24
,https://www.cloudemployee.io/developers/cv/conrado-manuel,,,0,1,34,1,0,0,1,0,1,301,2025-09-10 05:28:10,2026-04-18 00:09:43
,https://www.cloudemployee.io/developers/cv/corey,,,0,1,34,1,0,0,1,0,1,301,2025-09-14 19:36:12,2026-04-17 10:36:53
,https://www.cloudemployee.io/developers/cv/coron,,,0,1,34,1,0,0,1,0,1,301,2025-09-15 07:53:20,2026-04-18 03:41:39
,https://www.cloudemployee.io/developers/cv/craig,,,0,1,34,1,0,0,1,0,1,301,2025-09-14 22:15:38,2026-05-07 23:52:41
,https://www.cloudemployee.io/developers/cv/crispin,,,0,1,34,1,0,0,1,0,1,301,2025-09-10 00:38:12,2026-05-17 06:05:57
,https://www.cloudemployee.io/developers/cv/cristal,,,0,1,34,1,0,0,1,0,1,301,2025-09-09 23:04:00,2026-04-18 02:23:56
,https://www.cloudemployee.io/developers/cv/cristan,,,0,1,34,1,0,0,1,0,1,301,2025-09-10 12:04:30,2026-04-17 23:03:36
,https://www.cloudemployee.io/developers/cv/cristian,,,0,1,34,1,0,0,1,0,1,301,2025-09-09 14:29:38,2026-06-27 08:19:36
,https://www.cloudemployee.io/developers/cv/cristian-ray,,,0,1,34,1,0,0,1,0,1,301,2025-09-10 06:55:31,2026-07-09 22:36:23
,https://www.cloudemployee.io/developers/cv/cristofer,,,0,1,34,1,0,0,1,0,1,301,2025-09-10 00:04:39,2026-04-18 01:03:10
,https://www.cloudemployee.io/developers/cv/cristoval,,,0,1,34,1,0,0,1,0,1,301,2025-09-09 20:56:15,2026-04-17 08:38:02
,https://www.cloudemployee.io/developers/cv/cristy,,,0,1,34,1,0,0,1,0,1,301,2025-09-15 10:29:11,2026-04-17 11:31:22
,https://www.cloudemployee.io/developers/cv/crizzella,,,0,1,34,1,0,0,1,0,1,301,2025-09-15 19:34:53,2026-04-16 23:52:01
,https://www.cloudemployee.io/developers/cv/crystal-marie,,,0,1,34,1,0,0,1,0,1,301,2025-09-09 23:55:01,2026-07-03 09:19:22
,https://www.cloudemployee.io/developers/cv/cutchick,,,0,1,34,1,0,0,1,0,1,301,2025-09-15 13:53:02,2026-04-17 11:25:16
,https://www.cloudemployee.io/developers/cv/cynthia,,,0,1,34,1,0,0,1,0,1,301,2025-09-10 02:47:23,2026-06-24 23:44:20
,https://www.cloudemployee.io/developers/cv/cyrill,,,0,1,34,1,0,0,1,0,1,301,2025-09-10 05:11:53,2026-07-03 02:56:30
,https://www.cloudemployee.io/developers/cv/daisy-charm,,,0,1,34,1,0,0,1,0,1,301,2025-09-15 10:10:45,2026-07-11 21:50:36
,https://www.cloudemployee.io/developers/cv/dakila,,,0,1,34,1,0,0,1,0,1,301,2025-09-09 21:11:08,2026-04-17 22:48:24
,https://www.cloudemployee.io/developers/cv/dale,,,0,1,34,1,0,0,1,0,1,301,2025-09-09 14:47:37,2026-04-16 12:33:54
,https://www.cloudemployee.io/developers/cv/dale-andrew,,,0,1,34,1,0,0,1,0,1,301,2025-09-09 22:36:16,2026-04-18 02:16:39
,https://www.cloudemployee.io/developers/cv/dalton,,,0,1,34,1,0,0,1,0,1,301,2025-09-10 07:35:12,2026-04-17 17:52:44
,https://www.cloudemployee.io/developers/cv/dame,,,0,1,34,1,0,0,1,0,1,301,2025-09-09 17:14:08,2026-04-16 11:45:45
,https://www.cloudemployee.io/developers/cv/damian,,,0,1,34,1,0,0,1,0,1,301,2025-09-10 00:37:43,2026-07-10 02:35:24
,https://www.cloudemployee.io/developers/cv/damiann,,,0,1,34,1,0,0,1,0,1,301,2025-09-15 16:35:51,2026-07-08 11:09:32
,https://www.cloudemployee.io/developers/cv/damien,,,0,1,34,1,0,0,1,0,1,301,2025-09-09 19:20:08,2026-06-27 15:20:17
,https://www.cloudemployee.io/developers/cv/dan,,,0,1,34,1,0,0,1,0,1,301,2025-09-10 10:43:12,2026-06-26 07:42:29
,https://www.cloudemployee.io/developers/cv/dan-joel,,,0,1,34,1,0,0,1,0,1,301,2025-09-09 16:22:49,2026-04-17 16:31:18
,https://www.cloudemployee.io/developers/cv/dane-angelo,,,0,1,34,1,0,0,1,0,1,301,2025-09-09 23:26:41,2026-06-10 07:15:28
,https://www.cloudemployee.io/developers/cv/dani,,,0,1,34,1,0,0,1,0,1,301,2025-09-10 03:41:44,2026-04-17 20:07:34
,https://www.cloudemployee.io/developers/cv/daniel-anthony,,,0,1,34,1,0,0,1,0,1,301,2025-09-09 13:55:01,2026-03-16 18:31:17
,https://www.cloudemployee.io/developers/cv/daniel-harvey,,,0,1,34,1,0,0,1,0,1,301,2025-09-09 19:58:59,2026-04-18 02:20:44
,https://www.cloudemployee.io/developers/cv/daniella,,,0,1,34,1,0,0,1,0,1,301,2025-09-09 16:03:36,2026-04-17 23:58:40
,https://www.cloudemployee.io/developers/cv/danielle,,,0,1,34,1,0,0,1,0,1,301,2025-09-10 02:41:57,2026-04-18 00:29:24
,https://www.cloudemployee.io/developers/cv/danika-rose,,,0,1,34,1,0,0,1,0,1,301,2025-09-15 02:20:24,2026-06-24 09:38:19
,https://www.cloudemployee.io/developers/cv/danillo,,,0,1,34,1,0,0,1,0,1,301,2025-09-09 18:25:33,2026-07-11 15:41:36
,https://www.cloudemployee.io/developers/cv/danilo,,,0,1,34,1,0,0,1,0,1,301,2025-09-09 15:09:42,2026-05-17 06:00:44
,https://www.cloudemployee.io/developers/cv/danny,,,0,1,34,1,0,0,1,0,1,301,2025-09-09 21:32:30,2026-04-17 21:32:00
,https://www.cloudemployee.io/developers/cv/danrey,,,0,1,34,1,0,0,1,0,1,301,2025-09-09 19:07:51,2026-06-28 05:38:42
,https://www.cloudemployee.io/developers/cv/dante,,,0,1,34,1,0,0,1,0,1,301,2025-09-10 01:44:09,2026-04-17 23:25:48
,https://www.cloudemployee.io/developers/cv/darcie-mae,,,0,1,34,1,0,0,1,0,1,301,2025-09-10 07:52:35,2026-04-18 01:57:24
,https://www.cloudemployee.io/developers/cv/darcy,,,0,1,34,1,0,0,1,0,1,301,2025-09-09 17:04:21,2026-05-29 22:39:06
,https://www.cloudemployee.io/developers/cv/darius,,,0,1,34,1,0,0,1,0,1,301,2025-09-15 19:59:59,2026-02-20 23:22:52
,https://www.cloudemployee.io/developers/cv/darla,,,0,1,34,1,0,0,1,0,1,301,2025-09-09 20:09:02,2026-04-18 00:07:49
,https://www.cloudemployee.io/developers/cv/darla-kaye,,,0,1,34,1,0,0,1,0,1,301,2025-09-09 15:13:47,2026-04-17 15:26:10
,https://www.cloudemployee.io/developers/cv/darrel,,,0,1,34,1,0,0,1,0,1,301,2025-09-14 22:17:17,2026-05-29 17:20:42
,https://www.cloudemployee.io/developers/cv/darron,,,0,1,34,1,0,0,1,0,1,301,2025-09-10 04:29:54,2026-07-06 03:59:47
,https://www.cloudemployee.io/developers/cv/darryl-john,,,0,1,34,1,0,0,1,0,1,301,2025-09-09 20:44:18,2026-04-18 02:15:02
,https://www.cloudemployee.io/developers/cv/darwin,,,0,1,34,1,0,0,1,0,1,301,2025-09-09 17:05:59,2026-04-16 14:06:58
,https://www.cloudemployee.io/developers/cv/daryl,,,0,1,34,1,0,0,1,0,1,301,2025-09-15 06:19:11,2026-04-17 21:52:50
,https://www.cloudemployee.io/developers/cv/dave,,,0,1,34,1,0,0,1,0,1,301,2025-09-10 07:30:42,2026-04-17 23:20:17
,https://www.cloudemployee.io/developers/cv/daveen,,,0,1,34,1,0,0,1,0,1,301,2025-09-10 18:34:49,2026-04-17 20:55:52
,https://www.cloudemployee.io/developers/cv/david,,,0,1,34,1,0,0,1,0,1,301,2025-09-10 04:33:47,2026-07-11 23:11:27
,https://www.cloudemployee.io/developers/cv/david-leo,,,0,1,34,1,0,0,1,0,1,301,2025-09-14 21:36:04,2026-04-17 22:10:42
,https://www.cloudemployee.io/developers/cv/davidson,,,0,1,34,1,0,0,1,0,1,301,2025-09-10 11:50:35,2026-07-11 16:22:23
,https://www.cloudemployee.io/developers/cv/davis,,,0,1,34,1,0,0,1,0,1,301,2025-09-09 18:50:22,2026-04-18 02:13:14
,https://www.cloudemployee.io/developers/cv/davis-michael,,,0,1,34,1,0,0,1,0,1,301,2025-09-09 16:25:16,2026-04-17 21:18:55
,https://www.cloudemployee.io/developers/cv/dee-dee,,,0,1,34,1,0,0,1,0,1,301,2025-09-15 13:48:23,2026-04-18 03:26:01
,https://www.cloudemployee.io/developers/cv/denok,,,0,1,34,1,0,0,1,0,1,301,2025-09-09 18:17:08,2026-04-17 22:56:12
,https://www.cloudemployee.io/developers/cv/derick,,,0,1,34,1,0,0,1,0,1,301,2025-09-09 19:14:30,2026-04-16 11:25:39
,https://www.cloudemployee.io/developers/cv/desmond,,,0,1,34,1,0,0,1,0,1,301,2025-09-09 22:14:45,2026-05-21 02:34:18
,https://www.cloudemployee.io/developers/cv/deto,,,0,1,34,1,0,0,1,0,1,301,2025-09-15 17:51:28,2026-07-12 14:16:13
,https://www.cloudemployee.io/developers/cv/dett,,,0,1,34,1,0,0,1,0,1,301,2025-09-09 20:31:57,2026-06-28 02:16:27
,https://www.cloudemployee.io/developers/cv/devin,,,0,1,34,1,0,0,1,0,1,301,2025-09-10 05:15:58,2026-04-18 01:21:26
,https://www.cloudemployee.io/developers/cv/devonn,,,0,1,34,1,0,0,1,0,1,301,2025-09-10 01:56:34,2026-05-08 20:37:13
,https://www.cloudemployee.io/developers/cv/dex,,,0,1,34,1,0,0,1,0,1,301,2025-09-09 16:20:11,2026-04-17 22:33:59
,https://www.cloudemployee.io/developers/cv/dexter,,,0,1,34,1,0,0,1,0,1,301,2025-09-09 16:34:56,2026-04-16 12:31:15
,https://www.cloudemployee.io/developers/cv/diego,,,0,1,34,1,0,0,1,0,1,301,2025-09-10 11:02:06,2026-07-03 21:50:33
,https://www.cloudemployee.io/developers/cv/dilan-noah,,,0,1,34,1,0,0,1,0,1,301,2025-09-10 02:35:23,2026-07-07 14:12:54
,https://www.cloudemployee.io/developers/cv/dindo,,,0,1,34,1,0,0,1,0,1,301,2025-09-10 00:52:42,2026-04-18 01:48:09
,https://www.cloudemployee.io/developers/cv/dino,,,0,1,34,1,0,0,1,0,1,301,2025-09-10 07:07:46,2026-04-17 09:06:00
,https://www.cloudemployee.io/developers/cv/diom,,,0,1,34,1,0,0,1,0,1,301,2025-09-09 14:33:07,2026-04-16 12:09:07
,https://www.cloudemployee.io/developers/cv/dion,,,0,1,34,1,0,0,1,0,1,301,2025-09-09 20:49:18,2026-04-17 23:29:20
,https://www.cloudemployee.io/developers/cv/dirk,,,0,1,34,1,0,0,1,0,1,301,2025-09-09 18:59:05,2026-04-17 22:23:44
,https://www.cloudemployee.io/developers/cv/divina,,,0,1,34,1,0,0,1,0,1,301,2025-09-09 18:19:50,2026-04-18 02:09:12
,https://www.cloudemployee.io/developers/cv/doakes,,,0,1,34,1,0,0,1,0,1,301,2025-09-15 11:42:40,2026-06-01 05:04:34
,https://www.cloudemployee.io/developers/cv/dominique,,,0,1,34,1,0,0,1,0,1,301,2025-09-09 14:47:22,2026-04-16 13:43:54
,https://www.cloudemployee.io/developers/cv/don-aldrin,,,0,1,34,1,0,0,1,0,1,301,2025-09-10 05:53:00,2026-07-10 01:50:23
,https://www.cloudemployee.io/developers/cv/don-fredo,,,0,1,34,1,0,0,1,0,1,301,2025-09-10 00:23:21,2026-04-18 06:54:22
,https://www.cloudemployee.io/developers/cv/donald,,,0,1,34,1,0,0,1,0,1,301,2025-09-10 07:54:29,2026-07-04 11:31:11
,https://www.cloudemployee.io/developers/cv/dondon,,,0,1,34,1,0,0,1,0,1,301,2025-09-09 15:12:44,2026-06-06 11:58:22
,https://www.cloudemployee.io/developers/cv/donito,,,0,1,34,1,0,0,1,0,1,301,2025-09-09 17:38:39,2026-05-28 02:48:56
,https://www.cloudemployee.io/developers/cv/donovan,,,0,1,34,1,0,0,1,0,1,301,2025-09-09 18:51:39,2026-07-04 11:00:49
,https://www.cloudemployee.io/developers/cv/doz,,,0,1,34,1,0,0,1,0,1,301,2025-09-10 01:30:38,2026-06-22 19:07:57
,https://www.cloudemployee.io/developers/cv/drake,,,0,1,34,1,0,0,1,0,1,301,2025-09-10 17:40:27,2026-04-17 19:44:01
,https://www.cloudemployee.io/developers/cv/dran,,,0,1,34,1,0,0,1,0,1,301,2025-09-15 07:55:57,2026-04-18 03:24:06
,https://www.cloudemployee.io/developers/cv/drew,,,0,1,34,1,0,0,1,0,1,301,2025-09-09 16:54:34,2026-04-17 06:55:42
,https://www.cloudemployee.io/developers/cv/drey,,,0,1,34,1,0,0,1,0,1,301,2025-09-15 05:08:52,2026-06-25 09:06:13
,https://www.cloudemployee.io/developers/cv/duncan,,,0,1,34,1,0,0,1,0,1,301,2025-09-09 17:10:28,2026-06-29 08:14:56
,https://www.cloudemployee.io/developers/cv/dustin,,,0,1,34,1,0,0,1,0,1,301,2025-09-15 12:11:23,2026-04-17 14:09:10
,https://www.cloudemployee.io/developers/cv/dustin-jae,,,0,1,34,1,0,0,1,0,1,301,2025-09-15 10:40:20,2026-05-29 14:40:19
,https://www.cloudemployee.io/developers/cv/dwayne,,,0,1,34,1,0,0,1,0,1,301,2025-09-09 17:30:20,2026-05-18 11:28:09
,https://www.cloudemployee.io/developers/cv/dwight,,,0,1,34,1,0,0,1,0,1,301,2025-09-09 17:03:01,2026-04-16 13:46:24
,https://www.cloudemployee.io/developers/cv/dylan,,,0,1,34,1,0,0,1,0,1,301,2025-09-10 02:01:08,2026-07-04 01:59:27
,https://www.cloudemployee.io/developers/cv/dyruss,,,0,1,34,1,0,0,1,0,1,301,2025-09-09 14:53:56,2026-04-16 11:55:28
,https://www.cloudemployee.io/developers/cv/earl,,,0,1,34,1,0,0,1,0,1,301,2025-09-10 03:38:41,2026-07-10 10:08:09
,https://www.cloudemployee.io/developers/cv/earl-patrick,,,0,1,34,1,0,0,1,0,1,301,2025-09-15 17:12:47,2026-04-18 03:39:49
,https://www.cloudemployee.io/developers/cv/ecko,,,0,1,34,1,0,0,1,0,1,301,2025-09-10 00:56:19,2026-05-18 21:58:21
,https://www.cloudemployee.io/developers/cv/edgardo,,,0,1,34,1,0,0,1,0,1,301,2025-09-10 06:53:06,2026-04-17 23:10:48
,https://www.cloudemployee.io/developers/cv/edison,,,0,1,34,1,0,0,1,0,1,301,2025-09-10 07:49:02,2026-05-02 15:58:57
,https://www.cloudemployee.io/developers/cv/edna,,,0,1,34,1,0,0,1,0,1,301,2025-09-10 07:41:17,2026-04-17 15:05:58
,https://www.cloudemployee.io/developers/cv/edrick,,,0,1,34,1,0,0,1,0,1,301,2025-10-06 06:27:32,2026-04-18 04:31:56
,https://www.cloudemployee.io/developers/cv/eduardo,,,0,1,34,1,0,0,1,0,1,301,2025-09-15 09:08:58,2026-04-18 03:41:19
,https://www.cloudemployee.io/developers/cv/edwardson,,,0,1,34,1,0,0,1,0,1,301,2025-09-10 00:01:45,2026-06-17 02:19:18
,https://www.cloudemployee.io/developers/cv/efraim,,,0,1,34,1,0,0,1,0,1,301,2025-09-10 09:46:14,2026-07-10 22:51:51
,https://www.cloudemployee.io/developers/cv/efren,,,0,1,34,1,0,0,1,0,1,301,2025-09-10 12:51:58,2026-04-18 02:11:15
,https://www.cloudemployee.io/developers/cv/ej,,,0,1,34,1,0,0,1,0,1,301,2025-09-15 16:54:21,2026-04-18 01:13:49
,https://www.cloudemployee.io/developers/cv/ejay,,,0,1,34,1,0,0,1,0,1,301,2025-09-09 10:43:07,2026-07-12 18:18:46
,https://www.cloudemployee.io/developers/cv/elaine,,,0,1,34,1,0,0,1,0,1,301,2025-09-09 18:27:25,2026-04-17 15:56:10
,https://www.cloudemployee.io/developers/cv/eli-christian,,,0,1,34,1,0,0,1,0,1,301,2025-09-15 09:38:24,2026-04-18 00:49:28
,https://www.cloudemployee.io/developers/cv/elio,,,0,1,34,1,0,0,1,0,1,301,2025-09-10 07:05:22,2026-04-17 20:26:56
,https://www.cloudemployee.io/developers/cv/eliot,,,0,1,34,1,0,0,1,0,1,301,2025-09-15 16:52:57,2026-04-17 12:37:27
,https://www.cloudemployee.io/developers/cv/elisa,,,0,1,34,1,0,0,1,0,1,301,2025-09-09 14:26:13,2026-04-17 20:13:15
,https://www.cloudemployee.io/developers/cv/eliseo,,,0,1,34,1,0,0,1,0,1,301,2025-09-09 15:10:49,2026-07-07 14:38:44
,https://www.cloudemployee.io/developers/cv/elisha,,,0,1,34,1,0,0,1,0,1,301,2025-09-09 18:17:45,2026-04-17 14:01:46
,https://www.cloudemployee.io/developers/cv/ella-dominique,,,0,1,34,1,0,0,1,0,1,301,2025-09-10 04:50:16,2026-04-17 07:56:21
,https://www.cloudemployee.io/developers/cv/ellan,,,0,1,34,1,0,0,1,0,1,301,2025-09-09 17:44:18,2026-06-27 08:40:13
,https://www.cloudemployee.io/developers/cv/ellie,,,0,1,34,1,0,0,1,0,1,301,2025-09-10 07:06:02,2026-04-17 23:17:25
,https://www.cloudemployee.io/developers/cv/ellie-jane,,,0,1,34,1,0,0,1,0,1,301,2025-09-10 11:31:03,2026-07-12 06:49:55
,https://www.cloudemployee.io/developers/cv/elliese,,,0,1,34,1,0,0,1,0,1,301,2025-09-10 10:54:59,2026-07-12 19:43:07
,https://www.cloudemployee.io/developers/cv/ellis,,,0,1,34,1,0,0,1,0,1,301,2025-09-09 14:46:32,2026-04-18 00:36:10
,https://www.cloudemployee.io/developers/cv/elmo,,,0,1,34,1,0,0,1,0,1,301,2025-09-10 04:44:15,2026-07-08 13:01:22
,https://www.cloudemployee.io/developers/cv/elois,,,0,1,34,1,0,0,1,0,1,301,2025-09-10 10:26:47,2026-04-18 04:14:27
,https://www.cloudemployee.io/developers/cv/elrey,,,0,1,34,1,0,0,1,0,1,301,2025-09-10 05:51:29,2026-05-06 12:19:18
,https://www.cloudemployee.io/developers/cv/elrod,,,0,1,34,1,0,0,1,0,1,301,2025-09-09 18:14:07,2026-04-18 00:40:38
,https://www.cloudemployee.io/developers/cv/elsevier,,,0,1,34,1,0,0,1,0,1,301,2025-09-09 14:06:14,2026-04-17 20:27:45
,https://www.cloudemployee.io/developers/cv/elson,,,0,1,34,1,0,0,1,0,1,301,2025-09-15 14:16:10,2026-04-17 23:38:14
,https://www.cloudemployee.io/developers/cv/elthon-james,,,0,1,34,1,0,0,1,0,1,301,2025-09-09 16:00:23,2026-05-29 08:41:44
,https://www.cloudemployee.io/developers/cv/elton-mario,,,0,1,34,1,0,0,1,0,1,301,2025-09-15 16:11:51,2026-04-17 22:05:40
,https://www.cloudemployee.io/developers/cv/elvis,,,0,1,34,1,0,0,1,0,1,301,2025-09-09 21:57:50,2026-07-01 14:50:23
,https://www.cloudemployee.io/developers/cv/emerson,,,0,1,34,1,0,0,1,0,1,301,2025-09-10 06:08:35,2026-05-03 13:04:58
,https://www.cloudemployee.io/developers/cv/emil,,,0,1,34,1,0,0,1,0,1,301,2025-09-09 16:22:17,2026-07-08 03:03:56
,https://www.cloudemployee.io/developers/cv/emil-joshua,,,0,1,34,1,0,0,1,0,1,301,2025-09-10 17:34:53,2026-04-17 14:58:29
,https://www.cloudemployee.io/developers/cv/emile,,,0,1,34,1,0,0,1,0,1,301,2025-09-09 15:00:43,2026-03-07 19:28:22
,https://www.cloudemployee.io/developers/cv/emilio,,,0,1,34,1,0,0,1,0,1,301,2025-09-09 14:26:42,2026-04-17 06:48:49
,https://www.cloudemployee.io/developers/cv/emille,,,0,1,34,1,0,0,1,0,1,301,2025-09-10 06:12:34,2026-04-14 18:51:34
,https://www.cloudemployee.io/developers/cv/emily,,,0,1,34,1,0,0,1,0,1,301,2025-09-10 00:50:58,2026-04-17 13:49:10
,https://www.cloudemployee.io/developers/cv/emman,,,0,1,34,1,0,0,1,0,1,301,2025-09-09 22:28:31,2026-04-17 08:12:40
,https://www.cloudemployee.io/developers/cv/emmann,,,0,1,34,1,0,0,1,0,1,301,2025-09-10 07:35:54,2026-04-17 10:49:13
,https://www.cloudemployee.io/developers/cv/emmanuel,,,0,1,34,1,0,0,1,0,1,301,2025-09-15 20:36:43,2026-04-16 10:38:28
,https://www.cloudemployee.io/developers/cv/emmie-jane,,,0,1,34,1,0,0,1,0,1,301,2025-09-09 14:55:19,2026-07-07 11:17:29
,https://www.cloudemployee.io/developers/cv/enrico,,,0,1,34,1,0,0,1,0,1,301,2025-09-10 07:51:12,2026-04-17 16:34:41
,https://www.cloudemployee.io/developers/cv/enrique,,,0,1,34,1,0,0,1,0,1,301,2025-09-09 14:53:10,2026-04-17 13:08:22
,https://www.cloudemployee.io/developers/cv/enzo,,,0,1,34,1,0,0,1,0,1,301,2025-09-09 15:14:48,2026-04-15 08:59:37
,https://www.cloudemployee.io/developers/cv/eon-john,,,0,1,34,1,0,0,1,0,1,301,2025-09-09 16:06:24,2026-04-17 21:59:33
,https://www.cloudemployee.io/developers/cv/ephraim,,,0,1,34,1,0,0,1,0,1,301,2025-09-09 16:49:29,2026-04-17 21:36:31
,https://www.cloudemployee.io/developers/cv/erica,,,0,1,34,1,0,0,1,0,1,301,2025-09-10 05:01:56,2026-02-26 01:08:55
,https://www.cloudemployee.io/developers/cv/ericca,,,0,1,34,1,0,0,1,0,1,301,2025-09-09 21:45:13,2026-07-03 12:22:25
,https://www.cloudemployee.io/developers/cv/erick,,,0,1,34,1,0,0,1,0,1,301,2025-09-09 14:38:37,2026-04-15 08:53:15
,https://www.cloudemployee.io/developers/cv/ericson,,,0,1,34,1,0,0,1,0,1,301,2025-09-10 04:12:55,2026-04-17 17:23:23
,https://www.cloudemployee.io/developers/cv/erika,,,0,1,34,1,0,0,1,0,1,301,2025-09-10 05:43:52,2026-04-17 19:36:54
,https://www.cloudemployee.io/developers/cv/erika-anne,,,0,1,34,1,0,0,1,0,1,301,2025-09-15 16:58:40,2026-07-06 02:55:11
,https://www.cloudemployee.io/developers/cv/erin,,,0,1,34,1,0,0,1,0,1,301,2025-09-10 12:10:16,2026-04-18 01:23:45
,https://www.cloudemployee.io/developers/cv/erl,,,0,1,34,1,0,0,1,0,1,301,2025-09-09 20:28:11,2026-04-18 01:27:22
,https://www.cloudemployee.io/developers/cv/ernesto,,,0,1,34,1,0,0,1,0,1,301,2025-09-15 05:53:03,2026-07-05 01:59:53
,https://www.cloudemployee.io/developers/cv/eros,,,0,1,34,1,0,0,1,0,1,301,2025-09-08 23:48:10,2026-06-28 06:45:10
,https://www.cloudemployee.io/developers/cv/errol,,,0,1,34,1,0,0,1,0,1,301,2025-09-09 14:52:07,2026-04-18 01:23:17
,https://www.cloudemployee.io/developers/cv/erros,,,,1,34,1,0,0,1,0,1,,2025-09-26 04:19:40,2026-03-30 10:09:28
,https://www.cloudemployee.io/developers/cv/ervin-john,,,0,1,34,1,0,0,1,0,1,301,2025-09-10 00:31:42,2026-07-06 03:09:49
,https://www.cloudemployee.io/developers/cv/ervin-rommel,,,0,1,34,1,0,0,1,0,1,301,2025-09-09 21:00:09,2026-06-30 04:21:35
,https://www.cloudemployee.io/developers/cv/erwin-gio,,,0,1,34,1,0,0,1,0,1,301,2025-09-09 10:21:13,2026-06-17 09:17:25
,https://www.cloudemployee.io/developers/cv/esmeralda,,,0,1,34,1,0,0,1,0,1,301,2025-09-10 06:56:18,2026-04-17 19:03:24
,https://www.cloudemployee.io/developers/cv/essu,,,0,1,34,1,0,0,1,0,1,301,2025-09-15 02:01:44,2026-04-18 01:51:23
,https://www.cloudemployee.io/developers/cv/ester,,,0,1,34,1,0,0,1,0,1,301,2025-09-15 08:11:36,2026-04-17 22:59:14
,https://www.cloudemployee.io/developers/cv/ethan,,,0,1,34,1,0,0,1,0,1,301,2025-09-09 13:57:16,2026-06-24 00:33:22
,https://www.cloudemployee.io/developers/cv/etienne-kai,,,0,1,34,1,0,0,1,0,1,301,2025-09-09 18:14:50,2026-07-02 17:19:25
,https://www.cloudemployee.io/developers/cv/eugene,,,0,1,34,1,0,0,1,0,1,301,2025-09-10 05:35:48,2026-04-16 13:40:23
,https://www.cloudemployee.io/developers/cv/eugene-milo,,,0,1,34,1,0,0,1,0,1,301,2025-09-09 16:06:50,2026-04-17 09:20:36
,https://www.cloudemployee.io/developers/cv/eugenio,,,0,1,34,1,0,0,1,0,1,301,2025-09-10 07:55:12,2026-04-17 19:52:59
,https://www.cloudemployee.io/developers/cv/eunice,,,0,1,34,1,0,0,1,0,1,301,2025-09-19 14:25:24,2026-04-17 12:07:31
,https://www.cloudemployee.io/developers/cv/evan,,,0,1,34,1,0,0,1,0,1,301,2025-09-09 22:41:37,2026-05-31 03:05:16
,https://www.cloudemployee.io/developers/cv/evander,,,0,1,34,1,0,0,1,0,1,301,2025-09-09 14:36:20,2026-04-17 14:19:12
,https://www.cloudemployee.io/developers/cv/eve-jeane,,,0,1,34,1,0,0,1,0,1,301,2025-09-10 00:33:24,2026-04-17 22:42:01
,https://www.cloudemployee.io/developers/cv/evie,,,0,1,34,1,0,0,1,0,1,301,2025-09-10 05:31:35,2026-05-29 23:25:03
,https://www.cloudemployee.io/developers/cv/ezekiel-maxim,,,0,1,34,1,0,0,1,0,1,301,2025-09-09 21:44:38,2026-04-17 17:35:03
,https://www.cloudemployee.io/developers/cv/ezra-levi,,,0,1,34,1,0,0,1,0,1,301,2025-09-09 22:18:06,2026-04-17 20:29:30
,https://www.cloudemployee.io/developers/cv/fabian,,,0,1,34,1,0,0,1,0,1,301,2025-09-09 22:40:42,2026-04-18 02:27:48
,https://www.cloudemployee.io/developers/cv/farren,,,0,1,34,1,0,0,1,0,1,301,2025-09-10 02:07:42,2026-06-26 11:04:06
,https://www.cloudemployee.io/developers/cv/fed,,,0,1,34,1,0,0,1,0,1,301,2025-09-09 14:58:30,2026-04-17 22:24:52
,https://www.cloudemployee.io/developers/cv/feliciano,,,0,1,34,1,0,0,1,0,1,301,2025-09-15 06:56:44,2026-04-17 20:45:57
,https://www.cloudemployee.io/developers/cv/felipe,,,0,1,34,1,0,0,1,0,1,301,2025-09-10 03:20:57,2026-04-16 13:31:18
,https://www.cloudemployee.io/developers/cv/felippe,,,0,1,34,1,0,0,1,0,1,301,2025-09-09 15:31:33,2026-05-07 21:45:14
,https://www.cloudemployee.io/developers/cv/felix,,,0,1,34,1,0,0,1,0,1,301,2025-09-10 05:56:41,2026-04-18 02:26:46
,https://www.cloudemployee.io/developers/cv/felix-ryan,,,0,1,34,1,0,0,1,0,1,301,2025-09-10 18:28:58,2026-04-18 00:44:17
,https://www.cloudemployee.io/developers/cv/fendy,,,0,1,34,1,0,0,1,0,1,301,2025-09-09 20:57:16,2026-05-15 08:53:57
,https://www.cloudemployee.io/developers/cv/ferdinand,,,0,1,34,1,0,0,1,0,1,301,2025-09-09 10:17:28,2026-05-18 00:50:59
,https://www.cloudemployee.io/developers/cv/fernan,,,0,1,34,1,0,0,1,0,1,301,2025-09-10 07:34:17,2026-07-12 10:40:27
,https://www.cloudemployee.io/developers/cv/fernando,,,0,1,34,1,0,0,1,0,1,301,2025-09-09 19:26:55,2026-04-16 13:57:04
,https://www.cloudemployee.io/developers/cv/fernando-jeff,,,0,1,34,1,0,0,1,0,1,301,2025-09-10 11:15:15,2026-06-26 16:41:55
,https://www.cloudemployee.io/developers/cv/filbert,,,0,1,34,1,0,0,1,0,1,301,2025-09-10 02:02:56,2026-04-16 11:22:20
,https://www.cloudemployee.io/developers/cv/finian,,,0,1,34,1,0,0,1,0,1,301,2025-09-09 19:29:41,2026-04-17 18:05:16
,https://www.cloudemployee.io/developers/cv/finley,,,0,1,34,1,0,0,1,0,1,301,2025-09-10 11:26:42,2026-06-26 19:42:25
,https://www.cloudemployee.io/developers/cv/finn,,,0,1,34,1,0,0,1,0,1,301,2025-09-10 10:25:18,2026-05-26 00:26:44
,https://www.cloudemployee.io/developers/cv/flinch,,,0,1,34,1,0,0,1,0,1,301,2025-09-15 06:12:39,2026-06-28 13:04:02
,https://www.cloudemployee.io/developers/cv/florence,,,0,1,34,1,0,0,1,0,1,301,2025-09-10 04:48:46,2026-04-18 03:01:14
,https://www.cloudemployee.io/developers/cv/floyd,,,0,1,34,1,0,0,1,0,1,301,2025-09-09 18:52:15,2026-06-07 04:06:39
,https://www.cloudemployee.io/developers/cv/foggy,,,0,1,34,1,0,0,1,0,1,301,2025-09-10 03:47:41,2026-04-18 01:21:50
,https://www.cloudemployee.io/developers/cv/france,,,0,1,34,1,0,0,1,0,1,301,2025-09-10 00:47:33,2026-07-05 08:29:23
,https://www.cloudemployee.io/developers/cv/frances,,,0,1,34,1,0,0,1,0,1,301,2025-09-15 09:22:13,2026-04-18 03:48:31
,https://www.cloudemployee.io/developers/cv/francis,,,0,1,34,1,0,0,1,0,1,301,2025-09-10 18:14:40,2026-06-26 14:45:33
,https://www.cloudemployee.io/developers/cv/francis-josh,,,0,1,34,1,0,0,1,0,1,301,2025-09-09 19:00:54,2026-05-17 18:35:53
,https://www.cloudemployee.io/developers/cv/francis-klair,,,0,1,34,1,0,0,1,0,1,301,2025-09-26 07:37:32,2026-06-28 17:25:13
,https://www.cloudemployee.io/developers/cv/francisco,,,0,1,34,1,0,0,1,0,1,301,2025-09-09 16:20:50,2026-07-06 03:18:25
,https://www.cloudemployee.io/developers/cv/franco,,,0,1,34,1,0,0,1,0,1,301,2025-09-10 05:57:34,2026-07-06 19:09:10
,https://www.cloudemployee.io/developers/cv/frank,,,0,1,34,1,0,0,1,0,1,301,2025-09-10 07:03:13,2026-04-17 20:30:47
,https://www.cloudemployee.io/developers/cv/frankie,,,0,1,34,1,0,0,1,0,1,301,2025-09-09 20:42:56,2026-04-18 00:11:32
,https://www.cloudemployee.io/developers/cv/fred,,,0,1,34,1,0,0,1,0,1,301,2025-09-10 06:57:06,2026-06-27 18:45:28
,https://www.cloudemployee.io/developers/cv/freddie,,,0,1,34,1,0,0,1,0,1,301,2025-09-09 19:56:37,2026-04-17 15:42:15
,https://www.cloudemployee.io/developers/cv/freddy,,,0,1,34,1,0,0,1,0,1,301,2025-09-10 04:28:44,2026-04-18 00:35:10
,https://www.cloudemployee.io/developers/cv/frederick,,,0,1,34,1,0,0,1,0,1,301,2025-09-09 15:49:57,2026-07-12 00:45:00
,https://www.cloudemployee.io/developers/cv/fredy,,,0,1,34,1,0,0,1,0,1,301,2025-09-10 04:45:46,2026-04-22 00:36:01
,https://www.cloudemployee.io/developers/cv/french,,,0,1,34,1,0,0,1,0,1,301,2025-09-10 08:04:20,2026-04-17 21:25:19
,https://www.cloudemployee.io/developers/cv/froilan,,,0,1,34,1,0,0,1,0,1,301,2025-09-09 14:36:07,2026-05-12 02:55:33
,https://www.cloudemployee.io/developers/cv/fromar,,,0,1,34,1,0,0,1,0,1,301,2025-09-10 10:30:59,2026-04-18 00:45:12
,https://www.cloudemployee.io/developers/cv/fynn,,,0,1,34,1,0,0,1,0,1,301,2025-09-10 18:48:18,2026-05-07 00:15:22
,https://www.cloudemployee.io/developers/cv/gab,,,0,1,34,1,0,0,1,0,1,301,2025-09-09 15:07:57,2026-05-19 05:23:35
,https://www.cloudemployee.io/developers/cv/gabby,,,0,1,34,1,0,0,1,0,1,301,2025-09-10 03:45:56,2026-04-17 20:19:19
,https://www.cloudemployee.io/developers/cv/gabe,,,0,1,34,1,0,0,1,0,1,301,2025-09-09 20:18:54,2026-04-17 16:41:13
,https://www.cloudemployee.io/developers/cv/gabo,,,0,1,34,1,0,0,1,0,1,301,2025-09-09 16:04:42,2026-04-18 01:39:35
,https://www.cloudemployee.io/developers/cv/gabriel,,,0,1,34,1,0,0,1,0,1,301,2025-09-09 13:59:56,2026-06-30 03:15:37
,https://www.cloudemployee.io/developers/cv/gabs,,,0,1,34,1,0,0,1,0,1,301,2025-09-09 14:48:55,2026-05-14 13:30:20
,https://www.cloudemployee.io/developers/cv/gami,,,0,1,34,1,0,0,1,0,1,301,2025-09-15 03:39:41,2026-07-01 15:18:05
,https://www.cloudemployee.io/developers/cv/gamm,,,0,1,34,1,0,0,1,0,1,301,2025-09-26 04:43:26,2026-06-19 14:18:02
,https://www.cloudemployee.io/developers/cv/garret,,,0,1,34,1,0,0,1,0,1,301,2025-09-10 00:54:24,2026-04-17 07:27:56
,https://www.cloudemployee.io/developers/cv/garry,,,0,1,34,1,0,0,1,0,1,301,2025-09-09 15:02:01,2026-04-17 19:27:48
,https://www.cloudemployee.io/developers/cv/gary,,,0,1,34,1,0,0,1,0,1,301,2025-09-10 11:41:40,2026-06-28 14:28:14
,https://www.cloudemployee.io/developers/cv/gaz,,,0,1,34,1,0,0,1,0,1,301,2025-09-15 05:54:24,2026-07-03 06:02:00
,https://www.cloudemployee.io/developers/cv/gello,,,0,1,34,1,0,0,1,0,1,301,2025-09-09 19:17:13,2026-06-19 15:12:50
,https://www.cloudemployee.io/developers/cv/gemmy,,,0,1,34,1,0,0,1,0,1,301,2025-09-09 16:29:10,2026-04-18 00:26:59
,https://www.cloudemployee.io/developers/cv/genard,,,0,1,34,1,0,0,1,0,1,301,2025-09-10 00:35:41,2026-04-17 23:29:32
,https://www.cloudemployee.io/developers/cv/genine,,,0,1,34,1,0,0,1,0,1,301,2025-09-10 11:38:41,2026-04-18 05:49:04
,https://www.cloudemployee.io/developers/cv/geoff,,,0,1,34,1,0,0,1,0,1,301,2025-09-15 09:55:22,2026-04-17 14:38:17
,https://www.cloudemployee.io/developers/cv/george-bailey,,,0,1,34,1,0,0,1,0,1,301,2025-09-09 15:52:34,2026-04-16 13:21:36
,https://www.cloudemployee.io/developers/cv/george-paul,,,0,1,34,1,0,0,1,0,1,301,2025-09-10 05:00:58,2026-05-29 16:00:30
,https://www.cloudemployee.io/developers/cv/gerald-andy,,,0,1,34,1,0,0,1,0,1,301,2025-09-15 04:20:30,2026-06-25 10:42:45
,https://www.cloudemployee.io/developers/cv/geraldine,,,0,1,34,1,0,0,1,0,1,301,2025-09-09 16:15:30,2026-04-18 00:38:54
,https://www.cloudemployee.io/developers/cv/gerard,,,0,1,34,1,0,0,1,0,1,301,2025-09-10 16:48:54,2026-04-18 03:12:48
,https://www.cloudemployee.io/developers/cv/gerardo,,,0,1,34,1,0,0,1,0,1,301,2025-09-10 04:26:37,2026-06-24 22:07:20
,https://www.cloudemployee.io/developers/cv/german,,,0,1,34,1,0,0,1,0,1,301,2025-09-09 14:34:37,2026-05-24 21:18:52
,https://www.cloudemployee.io/developers/cv/germano-junior,,,0,1,34,1,0,0,1,0,1,301,2025-09-09 22:22:56,2026-04-17 19:42:01
,https://www.cloudemployee.io/developers/cv/gerome,,,0,1,34,1,0,0,1,0,1,301,2025-09-15 00:58:15,2026-04-17 05:13:48
,https://www.cloudemployee.io/developers/cv/geronne,,,0,1,34,1,0,0,1,0,1,301,2025-09-10 02:12:12,2026-04-17 08:56:28
,https://www.cloudemployee.io/developers/cv/gerson,,,0,1,34,1,0,0,1,0,1,301,2025-09-09 23:35:57,2026-07-08 19:06:29
,https://www.cloudemployee.io/developers/cv/gian,,,0,1,34,1,0,0,1,0,1,301,2025-09-10 01:58:39,2026-05-23 21:21:47
,https://www.cloudemployee.io/developers/cv/gian-carlo,,,0,1,34,1,0,0,1,0,1,301,2025-09-14 23:03:44,2026-05-16 07:19:35
,https://www.cloudemployee.io/developers/cv/giannis,,,0,1,34,1,0,0,1,0,1,301,2025-09-09 14:32:39,2026-05-16 07:49:22
,https://www.cloudemployee.io/developers/cv/gideon,,,0,1,34,1,0,0,1,0,1,301,2025-09-15 20:15:19,2026-06-24 04:34:22
,https://www.cloudemployee.io/developers/cv/gilbert,,,0,1,34,1,0,0,1,0,1,301,2025-09-09 14:04:18,2026-02-19 06:54:45
,https://www.cloudemployee.io/developers/cv/gilo,,,0,1,34,1,0,0,1,0,1,301,2025-09-15 07:59:02,2026-04-18 04:11:53
,https://www.cloudemployee.io/developers/cv/gina-dina,,,0,1,34,1,0,0,1,0,1,301,2025-09-10 04:52:11,2026-06-19 17:45:18
,https://www.cloudemployee.io/developers/cv/ginny,,,0,1,34,1,0,0,1,0,1,301,2025-09-10 01:31:25,2026-04-17 22:10:56
,https://www.cloudemployee.io/developers/cv/gino,,,0,1,34,1,0,0,1,0,1,301,2025-09-10 18:46:37,2026-04-17 20:03:46
,https://www.cloudemployee.io/developers/cv/gioo,,,0,1,34,1,0,0,1,0,1,301,2025-09-09 17:25:28,2026-06-06 13:20:50
,https://www.cloudemployee.io/developers/cv/giovanni,,,0,1,34,1,0,0,1,0,1,301,2025-09-08 22:07:19,2026-06-25 20:35:51
,https://www.cloudemployee.io/developers/cv/gixo,,,0,1,34,1,0,0,1,0,1,301,2025-09-10 05:23:48,2026-07-01 18:31:24
,https://www.cloudemployee.io/developers/cv/glady,,,0,1,34,1,0,0,1,0,1,301,2025-09-10 11:06:26,2026-07-10 05:07:52
,https://www.cloudemployee.io/developers/cv/gladys,,,0,1,34,1,0,0,1,0,1,301,2025-09-09 21:07:43,2026-04-18 01:06:45
,https://www.cloudemployee.io/developers/cv/glen,,,0,1,34,1,0,0,1,0,1,301,2025-09-15 14:07:14,2026-04-18 02:12:10
,https://www.cloudemployee.io/developers/cv/glenda,,,0,1,34,1,0,0,1,0,1,301,2025-09-10 18:35:38,2026-04-18 02:23:25
,https://www.cloudemployee.io/developers/cv/glenji,,,0,1,34,1,0,0,1,0,1,301,2025-09-10 06:42:06,2026-04-18 02:33:45
,https://www.cloudemployee.io/developers/cv/glicerio,,,0,1,34,1,0,0,1,0,1,301,2025-09-09 14:50:25,2026-05-24 00:53:56
,https://www.cloudemployee.io/developers/cv/glyza,,,0,1,34,1,0,0,1,0,1,301,2025-09-10 01:28:38,2026-04-17 22:19:42
,https://www.cloudemployee.io/developers/cv/gordie,,,0,1,34,1,0,0,1,0,1,301,2025-09-15 15:15:52,2026-04-17 10:02:52
,https://www.cloudemployee.io/developers/cv/goy,,,0,1,34,1,0,0,1,0,1,301,2025-09-15 11:00:01,2026-04-17 04:40:55
,https://www.cloudemployee.io/developers/cv/grabby,,,0,1,34,1,0,0,1,0,1,301,2025-09-10 04:20:27,2026-04-18 02:19:20
,https://www.cloudemployee.io/developers/cv/grace,,,0,1,34,1,0,0,1,0,1,301,2025-09-10 03:40:26,2026-04-17 07:02:02
,https://www.cloudemployee.io/developers/cv/gracia,,,0,1,34,1,0,0,1,0,1,301,2025-09-09 15:06:02,2026-07-06 04:01:31
,https://www.cloudemployee.io/developers/cv/graciela,,,0,1,34,1,0,0,1,0,1,301,2025-09-10 18:12:29,2026-04-17 22:03:08
,https://www.cloudemployee.io/developers/cv/gracielyn,,,0,1,34,1,0,0,1,0,1,301,2025-09-09 18:21:22,2026-04-17 20:38:58
,https://www.cloudemployee.io/developers/cv/gregorio,,,0,1,34,1,0,0,1,0,1,301,2025-09-14 20:48:08,2026-04-18 01:22:54
,https://www.cloudemployee.io/developers/cv/gregory,,,0,1,34,1,0,0,1,0,1,301,2025-09-09 13:52:17,2026-04-16 10:18:13
,https://www.cloudemployee.io/developers/cv/gregson,,,0,1,34,1,0,0,1,0,1,301,2025-09-09 13:33:53,2026-04-17 20:53:57
,https://www.cloudemployee.io/developers/cv/grent,,,0,1,34,1,0,0,1,0,1,301,2025-09-09 23:30:53,2026-04-17 17:14:17
,https://www.cloudemployee.io/developers/cv/gretchen,,,0,1,34,1,0,0,1,0,1,301,2025-09-10 05:06:40,2026-04-18 02:31:51
,https://www.cloudemployee.io/developers/cv/gretchen-rae,,,0,1,34,1,0,0,1,0,1,301,2025-09-09 15:35:05,2026-07-05 09:00:43
,https://www.cloudemployee.io/developers/cv/grizz,,,0,1,34,1,0,0,1,0,1,301,2025-09-10 04:21:34,2026-05-19 01:32:55
,https://www.cloudemployee.io/developers/cv/groff,,,0,1,34,1,0,0,1,0,1,301,2025-09-09 17:12:00,2026-06-19 08:22:13
,https://www.cloudemployee.io/developers/cv/gunn,,,0,1,34,1,0,0,1,0,1,301,2025-09-10 08:04:58,2026-04-18 03:48:12
,https://www.cloudemployee.io/developers/cv/gusso,,,0,1,34,1,0,0,1,0,1,301,2025-09-10 10:29:34,2026-06-26 08:43:38
,https://www.cloudemployee.io/developers/cv/gust,,,0,1,34,1,0,0,1,0,1,301,2025-09-10 17:22:39,2026-07-06 14:10:20
,https://www.cloudemployee.io/developers/cv/gwenetha,,,0,1,34,1,0,0,1,0,1,301,2025-09-09 22:02:25,2026-06-04 11:06:22
,https://www.cloudemployee.io/developers/cv/hamlet,,,0,1,34,1,0,0,1,0,1,301,2025-09-15 11:23:18,2026-04-17 05:08:37
,https://www.cloudemployee.io/developers/cv/han,,,0,1,34,1,0,0,1,0,1,301,2025-09-15 05:56:20,2026-04-17 09:19:53
,https://www.cloudemployee.io/developers/cv/hank-liam,,,0,1,34,1,0,0,1,0,1,301,2025-09-10 02:36:24,2026-04-18 06:57:42
,https://www.cloudemployee.io/developers/cv/hannah-kate,,,0,1,34,1,0,0,1,0,1,301,2025-09-15 01:36:38,2026-04-17 05:57:17
,https://www.cloudemployee.io/developers/cv/hannah-mae,,,0,1,34,1,0,0,1,0,1,301,2025-09-10 07:11:35,2026-04-17 23:45:58
,https://www.cloudemployee.io/developers/cv/hannalyn,,,0,1,34,1,0,0,1,0,1,301,2025-09-09 15:05:32,2026-07-11 05:49:33
,https://www.cloudemployee.io/developers/cv/hans,,,0,1,34,1,0,0,1,0,1,301,2025-09-15 05:50:51,2026-04-18 14:02:50
,https://www.cloudemployee.io/developers/cv/hansel,,,0,1,34,1,0,0,1,0,1,301,2025-09-15 20:42:53,2026-04-17 20:37:08
,https://www.cloudemployee.io/developers/cv/hap,,,0,1,34,1,0,0,1,0,1,301,2025-09-10 07:59:20,2026-07-09 19:36:00
,https://www.cloudemployee.io/developers/cv/harley,,,0,1,34,1,0,0,1,0,1,301,2025-09-10 05:19:45,2026-04-17 09:28:11
,https://www.cloudemployee.io/developers/cv/harold,,,0,1,34,1,0,0,1,0,1,301,2025-09-09 19:51:48,2026-04-17 16:05:54
,https://www.cloudemployee.io/developers/cv/harris,,,0,1,34,1,0,0,1,0,1,301,2025-09-10 07:42:47,2026-04-17 22:53:40
,https://www.cloudemployee.io/developers/cv/harry,,,0,1,34,1,0,0,1,0,1,301,2025-09-10 05:20:09,2026-07-02 04:29:17
,https://www.cloudemployee.io/developers/cv/harvey,,,0,1,34,1,0,0,1,0,1,301,2025-09-10 10:44:42,2026-04-17 23:13:56
,https://www.cloudemployee.io/developers/cv/harvey-joshua,,,0,1,34,1,0,0,1,0,1,301,2025-09-09 14:38:05,2026-04-17 23:27:22
,https://www.cloudemployee.io/developers/cv/hazel-grace,,,0,1,34,1,0,0,1,0,1,301,2025-09-09 22:27:09,2026-04-17 13:46:18
,https://www.cloudemployee.io/developers/cv/hazelyn,,,0,1,34,1,0,0,1,0,1,301,2025-09-09 21:01:54,2026-07-11 13:46:41
,https://www.cloudemployee.io/developers/cv/heather,,,0,1,34,1,0,0,1,0,1,301,2025-09-09 20:54:23,2026-04-17 18:01:05
,https://www.cloudemployee.io/developers/cv/hector,,,0,1,34,1,0,0,1,0,1,301,2025-09-10 09:49:33,2026-04-17 12:39:19
,https://www.cloudemployee.io/developers/cv/hector-vawn,,,0,1,34,1,0,0,1,0,1,301,2025-09-15 20:44:20,2026-06-27 09:10:01
,https://www.cloudemployee.io/developers/cv/helen,,,0,1,34,1,0,0,1,0,1,301,2025-09-15 14:24:07,2026-04-17 11:45:08
,https://www.cloudemployee.io/developers/cv/helynore,,,0,1,34,1,0,0,1,0,1,301,2025-09-10 02:09:34,2026-06-23 19:42:23
,https://www.cloudemployee.io/developers/cv/heraldo,,,0,1,34,1,0,0,1,0,1,301,2025-09-10 07:21:44,2026-04-17 21:38:53
,https://www.cloudemployee.io/developers/cv/herardo,,,0,1,34,1,0,0,1,0,1,301,2025-09-09 15:30:17,2026-02-16 09:41:08
,https://www.cloudemployee.io/developers/cv/herby,,,0,1,34,1,0,0,1,0,1,301,2025-09-10 12:25:05,2026-06-07 18:36:54
,https://www.cloudemployee.io/developers/cv/herman,,,0,1,34,1,0,0,1,0,1,301,2025-09-09 18:51:07,2026-03-18 14:10:20
,https://www.cloudemployee.io/developers/cv/hez,,,0,1,34,1,0,0,1,0,1,301,2025-09-10 06:00:50,2026-04-17 10:00:04
,https://www.cloudemployee.io/developers/cv/hilary,,,0,1,34,1,0,0,1,0,1,301,2025-09-10 01:26:16,2026-06-28 15:57:56
,https://www.cloudemployee.io/developers/cv/hilberto,,,0,1,34,1,0,0,1,0,1,301,2025-09-09 18:31:15,2026-03-20 19:02:21
,https://www.cloudemployee.io/developers/cv/hilda,,,0,1,34,1,0,0,1,0,1,301,2025-09-09 15:09:28,2026-04-25 23:37:02
,https://www.cloudemployee.io/developers/cv/hill,,,0,1,34,1,0,0,1,0,1,301,2025-09-09 18:58:36,2026-07-05 07:02:27
,https://www.cloudemployee.io/developers/cv/hof,,,0,1,34,1,0,0,1,0,1,301,2025-09-15 17:49:31,2026-04-18 03:13:53
,https://www.cloudemployee.io/developers/cv/homer,,,0,1,34,1,0,0,1,0,1,301,2025-09-10 05:37:00,2026-05-14 21:53:39
,https://www.cloudemployee.io/developers/cv/homerr,,,0,1,34,1,0,0,1,0,1,301,2025-09-10 10:28:18,2026-04-17 23:27:33
,https://www.cloudemployee.io/developers/cv/honesto,,,0,1,34,1,0,0,1,0,1,301,2025-09-09 15:13:30,2026-06-13 07:14:30
,https://www.cloudemployee.io/developers/cv/howard,,,0,1,34,1,0,0,1,0,1,301,2025-09-15 05:42:26,2026-04-18 00:50:02
,https://www.cloudemployee.io/developers/cv/howell,,,0,1,34,1,0,0,1,0,1,301,2025-09-09 20:21:38,2026-07-06 17:34:13
,https://www.cloudemployee.io/developers/cv/howell-asley,,,0,1,34,1,0,0,1,0,1,301,2025-09-09 20:07:16,2026-04-17 07:58:03
,https://www.cloudemployee.io/developers/cv/howie,,,0,1,34,1,0,0,1,0,1,301,2025-09-10 04:16:14,2026-04-17 17:05:33
,https://www.cloudemployee.io/developers/cv/hubert,,,0,1,34,1,0,0,1,0,1,301,2025-09-14 19:50:52,2026-04-17 08:28:00
,https://www.cloudemployee.io/developers/cv/hudo,,,0,1,34,1,0,0,1,0,1,301,2025-09-10 00:36:42,2026-04-17 23:25:36
,https://www.cloudemployee.io/developers/cv/hugh,,,0,1,34,1,0,0,1,0,1,301,2025-09-09 17:17:08,2026-06-28 00:03:15
,https://www.cloudemployee.io/developers/cv/hugo,,,0,1,34,1,0,0,1,0,1,301,2025-09-10 11:04:59,2026-04-18 06:32:35
,https://www.cloudemployee.io/developers/cv/hugor,,,0,1,34,1,0,0,1,0,1,301,2025-09-15 09:10:29,2026-04-17 22:01:59
,https://www.cloudemployee.io/developers/cv/hunter,,,0,1,34,1,0,0,1,0,1,301,2025-09-26 08:02:44,2026-04-16 13:01:45
,https://www.cloudemployee.io/developers/cv/ian,,,0,1,34,1,0,0,1,0,1,301,2025-09-14 21:50:14,2026-04-16 13:33:40
,https://www.cloudemployee.io/developers/cv/ian-patrick,,,0,1,34,1,0,0,1,0,1,301,2025-09-09 23:57:35,2026-04-17 17:59:25
,https://www.cloudemployee.io/developers/cv/igo,,,0,1,34,1,0,0,1,0,1,301,2025-09-09 15:54:01,2026-03-13 14:18:52
,https://www.cloudemployee.io/developers/cv/iko,,,0,1,34,1,0,0,1,0,1,301,2025-09-15 01:43:06,2026-04-18 01:56:54
,https://www.cloudemployee.io/developers/cv/immu,,,0,1,34,1,0,0,1,0,1,301,2025-09-10 04:52:43,2026-06-24 15:31:50
,https://www.cloudemployee.io/developers/cv/imogen-rose,,,0,1,34,1,0,0,1,0,1,301,2025-09-10 04:32:13,2026-06-28 02:43:32
,https://www.cloudemployee.io/developers/cv/inno,,,0,1,34,1,0,0,1,0,1,301,2025-09-10 07:42:00,2026-04-17 17:35:59
,https://www.cloudemployee.io/developers/cv/ionn,,,0,1,34,1,0,0,1,0,1,301,2025-09-10 07:23:51,2026-04-17 17:48:14
,https://www.cloudemployee.io/developers/cv/isaiah,,,0,1,34,1,0,0,1,0,1,301,2025-09-10 04:37:16,2026-04-17 22:36:39
,https://www.cloudemployee.io/developers/cv/ishaac,,,0,1,34,1,0,0,1,0,1,301,2025-09-10 03:13:49,2026-05-30 16:58:45
,https://www.cloudemployee.io/developers/cv/isko,,,0,1,34,1,0,0,1,0,1,301,2025-09-09 22:50:52,2026-04-18 02:26:02
,https://www.cloudemployee.io/developers/cv/isla-mae,,,0,1,34,1,0,0,1,0,1,301,2025-09-10 04:44:43,2026-04-18 04:42:35
,https://www.cloudemployee.io/developers/cv/ismael,,,0,1,34,1,0,0,1,0,1,301,2025-09-09 22:10:52,2026-05-20 21:02:22
,https://www.cloudemployee.io/developers/cv/ivan-marshall,,,0,1,34,1,0,0,1,0,1,301,2025-09-10 06:18:40,2026-02-24 16:50:52
,https://www.cloudemployee.io/developers/cv/ivana,,,0,1,34,1,0,0,1,0,1,301,2025-09-09 22:17:29,2026-04-18 01:08:41
,https://www.cloudemployee.io/developers/cv/iven,,,0,1,34,1,0,0,1,0,1,301,2025-09-09 13:25:04,2026-05-12 03:25:38
,https://www.cloudemployee.io/developers/cv/ivo,,,0,1,34,1,0,0,1,0,1,301,2025-09-09 22:18:37,2026-06-09 18:36:12
,https://www.cloudemployee.io/developers/cv/iya-kathleen,,,0,1,34,1,0,0,1,0,1,301,2025-09-09 15:00:06,2026-04-17 18:45:24
,https://www.cloudemployee.io/developers/cv/jace,,,0,1,34,1,0,0,1,0,1,301,2025-09-10 03:18:21,2026-04-17 17:10:42
,https://www.cloudemployee.io/developers/cv/jack-paul,,,0,1,34,1,0,0,1,0,1,301,2025-09-09 22:24:05,2026-07-03 12:24:12
,https://www.cloudemployee.io/developers/cv/jackee,,,0,1,34,1,0,0,1,0,1,301,2025-09-14 21:41:23,2026-07-03 07:53:29
,https://www.cloudemployee.io/developers/cv/jackielyn,,,0,1,34,1,0,0,1,0,1,301,2025-09-09 17:55:52,2026-04-17 20:26:05
,https://www.cloudemployee.io/developers/cv/jackson,,,0,1,34,1,0,0,1,0,1,301,2025-09-09 17:22:53,2026-05-14 18:44:19
,https://www.cloudemployee.io/developers/cv/jacob-alex,,,0,1,34,1,0,0,1,0,1,301,2025-09-10 11:51:58,2026-07-02 13:58:30
,https://www.cloudemployee.io/developers/cv/jacobb,,,0,1,34,1,0,0,1,0,1,301,2025-09-09 14:28:13,2026-06-25 23:05:19
,https://www.cloudemployee.io/developers/cv/jacobi,,,0,1,34,1,0,0,1,0,1,301,2025-09-09 17:07:10,2026-05-04 22:58:34
,https://www.cloudemployee.io/developers/cv/jacquilyn-anne,,,0,1,34,1,0,0,1,0,1,301,2025-09-10 03:44:31,2026-04-17 10:34:09
,https://www.cloudemployee.io/developers/cv/jade-rose,,,0,1,34,1,0,0,1,0,1,301,2025-09-09 20:41:51,2026-04-17 17:54:07
,https://www.cloudemployee.io/developers/cv/jagger,,,0,1,34,1,0,0,1,0,1,301,2025-09-15 09:35:17,2026-04-17 15:55:43
,https://www.cloudemployee.io/developers/cv/jailene,,,0,1,34,1,0,0,1,0,1,301,2025-09-15 09:33:43,2026-04-17 14:28:51
,https://www.cloudemployee.io/developers/cv/jaime,,,0,1,34,1,0,0,1,0,1,301,2025-09-09 16:41:38,2026-04-18 00:15:57
,https://www.cloudemployee.io/developers/cv/jairah,,,0,1,34,1,0,0,1,0,1,301,2025-09-10 05:27:08,2026-04-18 02:07:44
,https://www.cloudemployee.io/developers/cv/jairel,,,0,1,34,1,0,0,1,0,1,301,2025-09-09 13:38:27,2026-06-09 00:25:44
,https://www.cloudemployee.io/developers/cv/jake,,,0,1,34,1,0,0,1,0,1,301,2025-09-10 16:48:15,2026-07-01 17:49:57
,https://www.cloudemployee.io/developers/cv/jake-andrew,,,0,1,34,1,0,0,1,0,1,301,2025-09-15 18:31:52,2026-04-17 01:42:40
,https://www.cloudemployee.io/developers/cv/jake-michael,,,0,1,34,1,0,0,1,0,1,301,2025-09-09 14:56:56,2026-04-17 22:59:50
,https://www.cloudemployee.io/developers/cv/jake-paul,,,0,1,34,1,0,0,1,0,1,301,2025-09-10 01:26:55,2026-04-17 23:31:04
,https://www.cloudemployee.io/developers/cv/jakob,,,0,1,34,1,0,0,1,0,1,301,2025-09-09 21:01:04,2026-06-19 22:21:53
,https://www.cloudemployee.io/developers/cv/jamella,,,0,1,34,1,0,0,1,0,1,301,2025-09-09 14:30:11,2026-07-02 04:25:39
,https://www.cloudemployee.io/developers/cv/james,,,0,1,34,1,0,0,1,0,1,301,2025-09-09 15:53:26,2026-04-17 22:24:19
,https://www.cloudemployee.io/developers/cv/james-arwin,,,0,1,34,1,0,0,1,0,1,301,2025-09-09 15:20:14,2026-06-20 23:29:40
,https://www.cloudemployee.io/developers/cv/james-colton,,,0,1,34,1,0,0,1,0,1,301,2025-09-09 22:31:51,2026-04-17 09:43:09
,https://www.cloudemployee.io/developers/cv/james-milo,,,0,1,34,1,0,0,1,0,1,301,2025-09-09 15:06:56,2026-04-17 22:56:36
,https://www.cloudemployee.io/developers/cv/jamie-john,,,0,1,34,1,0,0,1,0,1,301,2025-09-10 01:37:52,2026-05-20 11:19:11
,https://www.cloudemployee.io/developers/cv/jamielou,,,0,1,34,1,0,0,1,0,1,301,2025-09-09 21:19:00,2026-06-30 13:47:04
,https://www.cloudemployee.io/developers/cv/jamille,,,0,1,34,1,0,0,1,0,1,301,2025-09-10 09:57:17,2026-06-28 04:44:43
,https://www.cloudemployee.io/developers/cv/jan-anderson,,,0,1,34,1,0,0,1,0,1,301,2025-09-10 00:26:42,2026-07-07 19:13:31
,https://www.cloudemployee.io/developers/cv/jan-andres,,,0,1,34,1,0,0,1,0,1,301,2025-09-09 21:22:07,2026-04-17 16:51:10
,https://www.cloudemployee.io/developers/cv/jan-bruno,,,0,1,34,1,0,0,1,0,1,301,2025-09-15 04:24:50,2026-07-09 09:34:29
,https://www.cloudemployee.io/developers/cv/jan-dee,,,0,1,34,1,0,0,1,0,1,301,2025-09-09 15:39:34,2026-05-06 11:14:27
,https://www.cloudemployee.io/developers/cv/jan-michael,,,0,1,34,1,0,0,1,0,1,301,2025-09-10 05:25:31,2026-04-17 22:52:45
,https://www.cloudemployee.io/developers/cv/jan-miles,,,0,1,34,1,0,0,1,0,1,301,2025-09-10 00:53:18,2026-04-17 07:38:59
,https://www.cloudemployee.io/developers/cv/janerlyn,,,0,1,34,1,0,0,1,0,1,301,2025-09-10 12:01:43,2026-04-17 20:49:15
,https://www.cloudemployee.io/developers/cv/jangsen,,,0,1,34,1,0,0,1,0,1,301,2025-09-09 17:01:38,2026-05-13 02:27:49
,https://www.cloudemployee.io/developers/cv/janice-anne,,,0,1,34,1,0,0,1,0,1,301,2025-09-09 16:59:28,2026-04-17 09:33:35
,https://www.cloudemployee.io/developers/cv/janice-grace,,,0,1,34,1,0,0,1,0,1,301,2025-09-09 10:50:27,2026-05-08 18:11:21
,https://www.cloudemployee.io/developers/cv/janiz,,,0,1,34,1,0,0,1,0,1,301,2025-09-09 16:35:37,2026-06-20 01:04:26
,https://www.cloudemployee.io/developers/cv/jannah,,,0,1,34,1,0,0,1,0,1,301,2025-09-10 05:41:04,2026-05-01 08:53:21
,https://www.cloudemployee.io/developers/cv/jannica,,,0,1,34,1,0,0,1,0,1,301,2025-09-15 10:43:07,2026-05-10 04:42:48
,https://www.cloudemployee.io/developers/cv/jansen,,,0,1,34,1,0,0,1,0,1,301,2025-09-14 21:52:27,2026-06-23 11:11:05
,https://www.cloudemployee.io/developers/cv/jap,,,0,1,34,1,0,0,1,0,1,301,2025-09-10 01:09:39,2026-04-17 20:00:46
,https://www.cloudemployee.io/developers/cv/japet,,,0,1,34,1,0,0,1,0,1,301,2025-09-09 16:09:16,2026-03-20 22:11:28
,https://www.cloudemployee.io/developers/cv/jara,,,0,1,34,1,0,0,1,0,1,301,2025-09-09 21:45:44,2026-04-17 19:42:58
,https://www.cloudemployee.io/developers/cv/jared,,,0,1,34,1,0,0,1,0,1,301,2025-09-15 03:49:16,2026-04-17 22:17:36
,https://www.cloudemployee.io/developers/cv/jared-paulo,,,0,1,34,1,0,0,1,0,1,301,2025-09-09 23:22:17,2026-04-17 23:06:28
,https://www.cloudemployee.io/developers/cv/jarlie,,,0,1,34,1,0,0,1,0,1,301,2025-09-09 20:36:31,2026-06-27 11:35:46
,https://www.cloudemployee.io/developers/cv/jaron,,,0,1,34,1,0,0,1,0,1,301,2025-09-10 03:10:44,2026-06-25 14:43:59
,https://www.cloudemployee.io/developers/cv/jarred,,,0,1,34,1,0,0,1,0,1,301,2025-09-10 05:24:58,2026-04-17 16:56:56
,https://www.cloudemployee.io/developers/cv/jarvis,,,0,1,34,1,0,0,1,0,1,301,2025-09-10 01:05:44,2026-04-17 18:25:41
,https://www.cloudemployee.io/developers/cv/jasmin-may,,,0,1,34,1,0,0,1,0,1,301,2025-09-10 06:02:21,2026-04-17 12:43:55
,https://www.cloudemployee.io/developers/cv/jason,,,0,1,34,1,0,0,1,0,1,301,2025-09-10 18:27:33,2026-04-18 00:42:06
,https://www.cloudemployee.io/developers/cv/jason-ben,,,0,1,34,1,0,0,1,0,1,301,2025-09-09 16:50:05,2026-07-02 04:15:18
,https://www.cloudemployee.io/developers/cv/jason-frederick,,,0,1,34,1,0,0,1,0,1,301,2025-09-09 16:08:04,2026-05-18 22:05:07
,https://www.cloudemployee.io/developers/cv/jasper,,,0,1,34,1,0,0,1,0,1,301,2025-09-10 02:57:28,2026-05-29 18:22:50
,https://www.cloudemployee.io/developers/cv/jasper-henry,,,0,1,34,1,0,0,1,0,1,301,2025-09-09 22:54:09,2026-04-17 16:24:43
,https://www.cloudemployee.io/developers/cv/jasper-kim,,,0,1,34,1,0,0,1,0,1,301,2025-09-09 13:54:23,2026-06-01 15:58:19
,https://www.cloudemployee.io/developers/cv/javy,,,0,1,34,1,0,0,1,0,1,301,2025-09-15 04:49:37,2026-07-01 14:35:17
,https://www.cloudemployee.io/developers/cv/jay,,,0,1,34,1,0,0,1,0,1,301,2025-09-10 02:08:14,2026-04-17 22:16:59
,https://www.cloudemployee.io/developers/cv/jay-ar,,,0,1,34,1,0,0,1,0,1,301,2025-09-10 00:50:25,2026-04-17 20:24:58
,https://www.cloudemployee.io/developers/cv/jaybee,,,0,1,34,1,0,0,1,0,1,301,2025-09-09 10:38:19,2026-07-10 01:38:17
,https://www.cloudemployee.io/developers/cv/jaycee,,,0,1,34,1,0,0,1,0,1,301,2025-09-09 16:10:26,2026-04-16 13:56:36
,https://www.cloudemployee.io/developers/cv/jayjay,,,0,1,34,1,0,0,1,0,1,301,2025-09-09 19:59:58,2026-04-18 01:24:23
,https://www.cloudemployee.io/developers/cv/jaylon,,,0,1,34,1,0,0,1,0,1,301,2025-09-14 21:37:43,2026-04-17 22:58:35
,https://www.cloudemployee.io/developers/cv/jayme,,,0,1,34,1,0,0,1,0,1,301,2025-09-15 03:44:36,2026-04-17 22:49:24
,https://www.cloudemployee.io/developers/cv/jayson,,,0,1,34,1,0,0,1,0,1,301,2025-09-10 03:17:03,2026-06-21 05:22:46
,https://www.cloudemployee.io/developers/cv/jayvee,,,0,1,34,1,0,0,1,0,1,301,2025-09-10 05:09:34,2026-06-25 07:10:06
,https://www.cloudemployee.io/developers/cv/jean-joshua,,,0,1,34,1,0,0,1,0,1,301,2025-09-10 04:38:22,2026-04-17 04:37:28
,https://www.cloudemployee.io/developers/cv/jean-karlo,,,0,1,34,1,0,0,1,0,1,301,2025-09-10 04:50:43,2026-04-17 21:22:10
,https://www.cloudemployee.io/developers/cv/jedi,,,0,1,34,1,0,0,1,0,1,301,2025-09-15 00:13:44,2026-07-02 12:02:56
,https://www.cloudemployee.io/developers/cv/jeff-ryan,,,0,1,34,1,0,0,1,0,1,301,2025-09-14 23:05:26,2026-04-24 08:09:44
,https://www.cloudemployee.io/developers/cv/jefferson,,,0,1,34,1,0,0,1,0,1,301,2025-09-10 18:17:13,2026-04-17 19:17:45
,https://www.cloudemployee.io/developers/cv/jeffrey,,,0,1,34,1,0,0,1,0,1,301,2025-09-10 06:07:47,2026-04-17 09:14:31
,https://www.cloudemployee.io/developers/cv/jeffy,,,0,1,34,1,0,0,1,0,1,301,2025-09-10 16:47:30,2026-04-17 20:54:59
,https://www.cloudemployee.io/developers/cv/jenalyn,,,0,1,34,1,0,0,1,0,1,301,2025-09-10 00:41:32,2026-04-17 23:55:34
,https://www.cloudemployee.io/developers/cv/jenica,,,0,1,34,1,0,0,1,0,1,301,2025-09-09 21:59:56,2026-05-30 07:53:21
,https://www.cloudemployee.io/developers/cv/jenina,,,0,1,34,1,0,0,1,0,1,301,2025-09-09 20:19:47,2026-04-18 06:06:30
,https://www.cloudemployee.io/developers/cv/jennie,,,0,1,34,1,0,0,1,0,1,301,2025-09-10 01:10:14,2026-04-17 20:26:30
,https://www.cloudemployee.io/developers/cv/jennifer,,,0,1,34,1,0,0,1,0,1,301,2025-09-09 22:10:14,2026-02-21 06:35:50
,https://www.cloudemployee.io/developers/cv/jenson,,,0,1,34,1,0,0,1,0,1,301,2025-09-09 17:20:05,2026-04-17 20:06:00
,https://www.cloudemployee.io/developers/cv/jeremiah,,,0,1,34,1,0,0,1,0,1,301,2025-09-15 05:45:44,2026-06-27 15:37:19
,https://www.cloudemployee.io/developers/cv/jeri,,,0,1,34,1,0,0,1,0,1,301,2025-09-15 03:28:46,2026-04-17 10:32:42
,https://www.cloudemployee.io/developers/cv/jeric,,,0,1,34,1,0,0,1,0,1,301,2025-09-10 05:48:43,2026-05-19 03:26:49
,https://www.cloudemployee.io/developers/cv/jerica,,,0,1,34,1,0,0,1,0,1,301,2025-09-09 19:25:47,2026-05-13 17:29:10
,https://www.cloudemployee.io/developers/cv/jericko,,,0,1,34,1,0,0,1,0,1,301,2025-09-09 16:27:54,2026-04-17 17:49:34
,https://www.cloudemployee.io/developers/cv/jerimiah,,,0,1,34,1,0,0,1,0,1,301,2025-09-15 08:08:32,2026-04-18 01:35:14
,https://www.cloudemployee.io/developers/cv/jerry,,,0,1,34,1,0,0,1,0,1,301,2025-09-14 21:39:36,2026-04-17 18:42:23
,https://www.cloudemployee.io/developers/cv/jerwin,,,0,1,34,1,0,0,1,0,1,301,2025-09-10 18:36:32,2026-04-17 22:41:26
,https://www.cloudemployee.io/developers/cv/jesse,,,0,1,34,1,0,0,1,0,1,301,2025-09-10 06:16:25,2026-04-17 23:29:03
,https://www.cloudemployee.io/developers/cv/jesse-ivan,,,0,1,34,1,0,0,1,0,1,301,2025-09-09 17:14:45,2026-04-17 23:51:19
,https://www.cloudemployee.io/developers/cv/jessica,,,0,1,34,1,0,0,1,0,1,301,2025-09-15 00:00:25,2026-04-18 00:52:24
,https://www.cloudemployee.io/developers/cv/jessie,,,0,1,34,1,0,0,1,0,1,301,2025-09-10 05:44:36,2026-04-17 16:26:08
,https://www.cloudemployee.io/developers/cv/jessie-knox,,,0,1,34,1,0,0,1,0,1,301,2025-09-09 22:40:04,2026-04-17 16:58:52
,https://www.cloudemployee.io/developers/cv/jesus-miguel,,,0,1,34,1,0,0,1,0,1,301,2025-09-10 12:27:42,2026-06-16 03:14:40
,https://www.cloudemployee.io/developers/cv/jet,,,0,1,34,1,0,0,1,0,1,301,2025-09-09 20:25:00,2026-04-17 11:13:35
,https://www.cloudemployee.io/developers/cv/jethro,,,0,1,34,1,0,0,1,0,1,301,2025-09-10 03:33:07,2026-06-29 08:22:48
,https://www.cloudemployee.io/developers/cv/jev,,,0,1,34,1,0,0,1,0,1,301,2025-09-15 16:17:22,2026-04-17 05:47:40
,https://www.cloudemployee.io/developers/cv/jevan,,,0,1,34,1,0,0,1,0,1,301,2025-09-15 14:11:52,2026-04-17 16:36:33
,https://www.cloudemployee.io/developers/cv/jevanni,,,0,1,34,1,0,0,1,0,1,301,2025-09-10 18:37:15,2026-04-18 01:54:41
,https://www.cloudemployee.io/developers/cv/jex,,,0,1,34,1,0,0,1,0,1,301,2025-09-10 01:29:12,2026-05-24 23:52:05
,https://www.cloudemployee.io/developers/cv/jhalex,,,0,1,34,1,0,0,1,0,1,301,2025-09-10 18:29:43,2026-07-08 07:52:45
,https://www.cloudemployee.io/developers/cv/jhay,,,0,1,34,1,0,0,1,0,1,301,2025-09-09 20:18:14,2026-07-02 04:39:27
,https://www.cloudemployee.io/developers/cv/jiggy,,,0,1,34,1,0,0,1,0,1,301,2025-09-10 01:14:22,2026-06-22 15:23:47
,https://www.cloudemployee.io/developers/cv/jim,,,0,1,34,1,0,0,1,0,1,301,2025-09-09 17:13:29,2026-07-10 18:24:44
,https://www.cloudemployee.io/developers/cv/jimboy,,,0,1,34,1,0,0,1,0,1,301,2025-09-09 17:19:26,2026-06-13 12:17:48
,https://www.cloudemployee.io/developers/cv/jimmy,,,0,1,34,1,0,0,1,0,1,301,2025-09-10 04:23:07,2026-04-17 08:11:58
,https://www.cloudemployee.io/developers/cv/jimuel,,,0,1,34,1,0,0,1,0,1,301,2025-09-10 06:57:49,2026-07-02 22:56:50
,https://www.cloudemployee.io/developers/cv/jiroi,,,0,1,34,1,0,0,1,0,1,301,2025-09-10 03:05:37,2026-04-18 00:07:16
,https://www.cloudemployee.io/developers/cv/jiv,,,0,1,34,1,0,0,1,0,1,301,2025-09-09 17:28:08,2026-06-26 03:59:18
,https://www.cloudemployee.io/developers/cv/joan-louise,,,0,1,34,1,0,0,1,0,1,301,2025-09-10 18:22:56,2026-04-17 09:28:37
,https://www.cloudemployee.io/developers/cv/joaquin-raphael,,,0,1,34,1,0,0,1,0,1,301,2025-09-09 17:28:54,2026-07-08 21:40:47
,https://www.cloudemployee.io/developers/cv/joaquinn,,,0,1,34,1,0,0,1,0,1,301,2025-09-10 07:38:11,2026-04-17 18:37:00
,https://www.cloudemployee.io/developers/cv/jobert,,,0,1,34,1,0,0,1,0,1,301,2025-09-09 17:50:51,2026-04-18 00:30:39
,https://www.cloudemployee.io/developers/cv/jodo,,,0,1,34,1,0,0,1,0,1,301,2025-09-15 12:13:56,2026-06-23 06:22:29
,https://www.cloudemployee.io/developers/cv/joe,,,0,1,34,1,0,0,1,0,1,301,2025-09-10 04:27:42,2026-04-18 00:58:20
,https://www.cloudemployee.io/developers/cv/joe-pablo,,,0,1,34,1,0,0,1,0,1,301,2025-09-10 04:41:32,2026-07-11 06:39:46
,https://www.cloudemployee.io/developers/cv/joeffrey,,,0,1,34,1,0,0,1,0,1,301,2025-09-09 20:37:32,2026-04-17 21:23:32
,https://www.cloudemployee.io/developers/cv/joel,,,0,1,34,1,0,0,1,0,1,301,2025-09-10 06:48:03,2026-04-18 01:31:29
,https://www.cloudemployee.io/developers/cv/joemari,,,0,1,34,1,0,0,1,0,1,301,2025-09-09 21:14:35,2026-04-16 12:55:52
,https://www.cloudemployee.io/developers/cv/joeray,,,0,1,34,1,0,0,1,0,1,301,2025-09-10 11:58:36,2026-05-04 00:24:29
,https://www.cloudemployee.io/developers/cv/joey,,,0,1,34,1,0,0,1,0,1,301,2025-09-09 22:01:49,2026-05-11 22:17:47
,https://www.cloudemployee.io/developers/cv/joey-sarah,,,0,1,34,1,0,0,1,0,1,301,2025-09-10 00:42:40,2026-07-09 04:07:05
,https://www.cloudemployee.io/developers/cv/john-alberto,,,0,1,34,1,0,0,1,0,1,301,2025-09-09 19:26:20,2026-05-21 09:46:38
,https://www.cloudemployee.io/developers/cv/john-angelo,,,0,1,34,1,0,0,1,0,1,301,2025-09-09 16:47:14,2026-05-28 06:52:16
,https://www.cloudemployee.io/developers/cv/john-arlie,,,0,1,34,1,0,0,1,0,1,301,2025-09-10 11:59:59,2026-04-17 20:32:45
,https://www.cloudemployee.io/developers/cv/john-carlo,,,0,1,34,1,0,0,1,0,1,301,2025-09-15 06:11:19,2026-04-17 22:53:11
,https://www.cloudemployee.io/developers/cv/john-donald,,,0,1,34,1,0,0,1,0,1,301,2025-09-15 10:12:19,2026-04-17 09:46:39
,https://www.cloudemployee.io/developers/cv/john-fred,,,0,1,34,1,0,0,1,0,1,301,2025-09-15 01:02:48,2026-07-06 23:32:12
,https://www.cloudemployee.io/developers/cv/john-isaac,,,0,1,34,1,0,0,1,0,1,301,2025-09-09 15:14:04,2026-06-15 15:13:58
,https://www.cloudemployee.io/developers/cv/john-jeric,,,0,1,34,1,0,0,1,0,1,301,2025-09-10 18:20:50,2026-06-28 14:49:37
,https://www.cloudemployee.io/developers/cv/john-leo,,,0,1,34,1,0,0,1,0,1,301,2025-09-15 09:43:16,2026-04-18 02:05:55
,https://www.cloudemployee.io/developers/cv/john-lloyd,,,0,1,34,1,0,0,1,0,1,301,2025-09-15 09:59:14,2026-04-16 15:23:49
,https://www.cloudemployee.io/developers/cv/john-lucifer,,,0,1,34,1,0,0,1,0,1,301,2025-09-15 14:25:17,2026-04-17 15:44:01
,https://www.cloudemployee.io/developers/cv/john-marcus,,,0,1,34,1,0,0,1,0,1,301,2025-09-09 13:52:47,2026-03-30 12:50:46
,https://www.cloudemployee.io/developers/cv/john-michael,,,0,1,34,1,0,0,1,0,1,301,2025-09-09 15:42:01,2026-05-24 15:09:47
,https://www.cloudemployee.io/developers/cv/john-miles,,,0,1,34,1,0,0,1,0,1,301,2025-09-15 10:32:09,2026-04-17 03:52:38
,https://www.cloudemployee.io/developers/cv/john-noah,,,0,1,34,1,0,0,1,0,1,301,2025-09-09 23:36:43,2026-04-17 09:59:09
,https://www.cloudemployee.io/developers/cv/john-oliver,,,0,1,34,1,0,0,1,0,1,301,2025-09-09 18:28:14,2026-04-18 00:27:29
,https://www.cloudemployee.io/developers/cv/john-ray,,,0,1,34,1,0,0,1,0,1,301,2025-09-10 03:42:56,2026-07-02 14:01:42
,https://www.cloudemployee.io/developers/cv/john-reginald,,,0,1,34,1,0,0,1,0,1,301,2025-09-15 11:26:17,2026-06-23 07:54:27
,https://www.cloudemployee.io/developers/cv/john-shay,,,0,1,34,1,0,0,1,0,1,301,2025-09-10 18:10:56,2026-04-17 20:02:32
,https://www.cloudemployee.io/developers/cv/johnny,,,0,1,34,1,0,0,1,0,1,301,2025-09-10 03:09:26,2026-06-27 18:34:26
,https://www.cloudemployee.io/developers/cv/johnrey,,,0,1,34,1,0,0,1,0,1,301,2025-09-09 18:19:09,2026-07-03 23:29:10
,https://www.cloudemployee.io/developers/cv/johnson,,,0,1,34,1,0,0,1,0,1,301,2025-09-10 06:54:50,2026-04-17 22:21:55
,https://www.cloudemployee.io/developers/cv/jojo,,,0,1,34,1,0,0,1,0,1,301,2025-09-15 00:11:33,2026-04-18 03:26:10
,https://www.cloudemployee.io/developers/cv/jolo,,,0,1,34,1,0,0,1,0,1,301,2025-09-09 22:47:49,2026-06-28 16:53:07
,https://www.cloudemployee.io/developers/cv/jom,,,0,1,34,1,0,0,1,0,1,301,2025-09-09 15:55:54,2026-07-09 06:10:26
,https://www.cloudemployee.io/developers/cv/jomar,,,0,1,34,1,0,0,1,0,1,301,2025-09-15 04:32:57,2026-04-17 11:41:16
,https://www.cloudemployee.io/developers/cv/jomari,,,0,1,34,1,0,0,1,0,1,301,2025-09-09 20:03:13,2026-05-02 11:00:59
,https://www.cloudemployee.io/developers/cv/jon,,,0,1,34,1,0,0,1,0,1,301,2025-09-10 01:03:23,2026-07-05 00:02:58
,https://www.cloudemployee.io/developers/cv/jon-anthony,,,0,1,34,1,0,0,1,0,1,301,2025-09-15 09:18:48,2026-02-27 17:17:43
,https://www.cloudemployee.io/developers/cv/jon-athan,,,0,1,34,1,0,0,1,0,1,301,2025-09-19 14:25:11,2026-07-02 16:32:04
,https://www.cloudemployee.io/developers/cv/jon-karlo,,,0,1,34,1,0,0,1,0,1,301,2025-09-15 02:33:12,2026-04-18 00:21:06
,https://www.cloudemployee.io/developers/cv/jon-keiran,,,0,1,34,1,0,0,1,0,1,301,2025-09-10 04:45:14,2026-04-18 04:02:39
,https://www.cloudemployee.io/developers/cv/jon-magnus,,,0,1,34,1,0,0,1,0,1,301,2025-09-09 22:51:50,2026-04-17 08:14:20
,https://www.cloudemployee.io/developers/cv/jon-mikhael,,,0,1,34,1,0,0,1,0,1,301,2025-09-09 19:14:56,2026-04-16 11:26:36
,https://www.cloudemployee.io/developers/cv/jonah,,,0,1,34,1,0,0,1,0,1,301,2025-09-09 21:54:33,2026-07-07 21:08:27
,https://www.cloudemployee.io/developers/cv/jonalyn,,,0,1,34,1,0,0,1,0,1,301,2025-09-15 16:34:21,2026-07-05 04:31:40
,https://www.cloudemployee.io/developers/cv/jonard,,,0,1,34,1,0,0,1,0,1,301,2025-09-10 11:32:40,2026-05-09 11:08:19
,https://www.cloudemployee.io/developers/cv/jonille,,,0,1,34,1,0,0,1,0,1,301,2025-09-14 21:10:04,2026-04-18 03:15:29
,https://www.cloudemployee.io/developers/cv/jonny-joe,,,0,1,34,1,0,0,1,0,1,301,2025-09-10 09:34:39,2026-04-17 22:05:04
,https://www.cloudemployee.io/developers/cv/jopie,,,0,1,34,1,0,0,1,0,1,301,2025-09-09 15:57:43,2026-06-15 17:36:02
,https://www.cloudemployee.io/developers/cv/jorah,,,0,1,34,1,0,0,1,0,1,301,2025-09-09 21:47:29,2026-04-17 22:37:46
,https://www.cloudemployee.io/developers/cv/jordan,,,0,1,34,1,0,0,1,0,1,301,2025-09-09 15:31:17,2026-06-21 05:55:23
,https://www.cloudemployee.io/developers/cv/jordan-sean,,,0,1,34,1,0,0,1,0,1,301,2025-09-15 06:58:41,2026-04-17 11:26:33
,https://www.cloudemployee.io/developers/cv/jordie,,,0,1,34,1,0,0,1,0,1,301,2025-09-27 00:50:40,2026-04-17 05:58:05
,https://www.cloudemployee.io/developers/cv/jorge,,,0,1,34,1,0,0,1,0,1,301,2025-09-10 18:28:18,2026-04-17 17:43:31
,https://www.cloudemployee.io/developers/cv/jorge-luis,,,0,1,34,1,0,0,1,0,1,301,2025-09-10 11:19:21,2026-06-29 10:50:03
,https://www.cloudemployee.io/developers/cv/joross,,,0,1,34,1,0,0,1,0,1,301,2025-09-15 09:17:09,2026-04-28 10:03:09
,https://www.cloudemployee.io/developers/cv/jorren,,,0,1,34,1,0,0,1,0,1,301,2025-09-09 22:46:44,2026-04-17 23:49:04
,https://www.cloudemployee.io/developers/cv/jose-aldrin,,,0,1,34,1,0,0,1,0,1,301,2025-09-10 17:30:52,2026-06-29 20:25:12
,https://www.cloudemployee.io/developers/cv/jose-angelo,,,0,1,34,1,0,0,1,0,1,301,2025-09-14 23:08:56,2026-06-30 03:22:36
,https://www.cloudemployee.io/developers/cv/jose-mari,,,0,1,34,1,0,0,1,0,1,301,2025-09-09 17:00:10,2026-07-02 03:11:18
,https://www.cloudemployee.io/developers/cv/jose-victor,,,0,1,34,1,0,0,1,0,1,301,2025-09-09 17:01:04,2026-06-29 18:26:31
,https://www.cloudemployee.io/developers/cv/josef-alexander,,,0,1,34,1,0,0,1,0,1,301,2025-09-09 17:06:37,2026-06-28 13:09:01
,https://www.cloudemployee.io/developers/cv/josef-andrei,,,0,1,34,1,0,0,1,0,1,301,2025-09-10 06:31:05,2026-04-18 01:34:49
,https://www.cloudemployee.io/developers/cv/josefa,,,0,1,34,1,0,0,1,0,1,301,2025-09-10 07:22:27,2026-07-08 07:43:41
,https://www.cloudemployee.io/developers/cv/joseph,,,0,1,34,1,0,0,1,0,1,301,2025-09-15 16:20:41,2026-07-06 09:33:18
,https://www.cloudemployee.io/developers/cv/josephine-w,,,0,1,34,1,0,0,1,0,1,301,2025-09-10 02:43:09,2026-07-03 10:00:57
,https://www.cloudemployee.io/developers/cv/joshua-kyle,,,0,1,34,1,0,0,1,0,1,301,2025-09-10 18:23:40,2026-04-17 19:05:09
,https://www.cloudemployee.io/developers/cv/joshua-ray,,,0,1,34,1,0,0,1,0,1,301,2025-09-10 10:23:49,2026-04-18 03:01:53
,https://www.cloudemployee.io/developers/cv/josiah,,,0,1,34,1,0,0,1,0,1,301,2025-09-10 06:21:00,2026-04-17 21:55:26
,https://www.cloudemployee.io/developers/cv/josiah-eli,,,0,1,34,1,0,0,1,0,1,301,2025-09-09 23:32:24,2026-04-17 17:18:12
,https://www.cloudemployee.io/developers/cv/jovany,,,0,1,34,1,0,0,1,0,1,301,2025-09-15 17:27:03,2026-04-17 16:22:22
,https://www.cloudemployee.io/developers/cv/jovette,,,0,1,34,1,0,0,1,0,1,301,2025-09-09 17:24:11,2026-04-17 22:29:17
,https://www.cloudemployee.io/developers/cv/juan,,,0,1,34,1,0,0,1,0,1,301,2025-09-15 04:16:21,2026-04-18 03:10:46
,https://www.cloudemployee.io/developers/cv/juan-armando,,,0,1,34,1,0,0,1,0,1,301,2025-09-15 10:41:39,2026-05-31 17:54:31
,https://www.cloudemployee.io/developers/cv/juan-carlo,,,0,1,34,1,0,0,1,0,1,301,2025-09-14 22:20:18,2026-04-17 22:46:34
,https://www.cloudemployee.io/developers/cv/juan-carlos,,,0,1,34,1,0,0,1,0,1,301,2025-09-15 00:37:40,2026-04-17 09:37:28
,https://www.cloudemployee.io/developers/cv/juan-manuel,,,0,1,34,1,0,0,1,0,1,301,2025-09-15 10:21:02,2026-04-16 16:56:51
,https://www.cloudemployee.io/developers/cv/juan-marcos,,,0,1,34,1,0,0,1,0,1,301,2025-09-09 19:30:38,2026-07-09 15:46:08
,https://www.cloudemployee.io/developers/cv/juan-mateo,,,0,1,34,1,0,0,1,0,1,301,2025-09-10 02:55:23,2026-06-26 22:14:20
,https://www.cloudemployee.io/developers/cv/juan-matthew,,,0,1,34,1,0,0,1,0,1,301,2025-09-09 14:36:38,2026-06-04 19:04:33
,https://www.cloudemployee.io/developers/cv/juan-miguel,,,0,1,34,1,0,0,1,0,1,301,2025-09-10 11:57:09,2026-06-11 04:09:19
,https://www.cloudemployee.io/developers/cv/juan-ruffo,,,0,1,34,1,0,0,1,0,1,301,2025-09-09 18:10:03,2026-04-17 19:46:22
,https://www.cloudemployee.io/developers/cv/juanito,,,0,1,34,1,0,0,1,0,1,301,2025-09-09 19:24:14,2026-05-27 16:52:07
,https://www.cloudemployee.io/developers/cv/judah,,,0,1,34,1,0,0,1,0,1,301,2025-09-15 19:58:15,2026-05-31 12:56:47
,https://www.cloudemployee.io/developers/cv/jude-mark,,,0,1,34,1,0,0,1,0,1,301,2025-09-09 21:07:04,2026-07-09 03:42:29
,https://www.cloudemployee.io/developers/cv/jules,,,0,1,34,1,0,0,1,0,1,301,2025-09-10 01:16:59,2026-06-28 19:32:13
,https://www.cloudemployee.io/developers/cv/juleson,,,0,1,34,1,0,0,1,0,1,301,2025-09-10 07:20:13,2026-07-04 07:02:12
,https://www.cloudemployee.io/developers/cv/julian,,,0,1,34,1,0,0,1,0,1,301,2025-09-15 13:27:37,2026-04-17 07:47:41
,https://www.cloudemployee.io/developers/cv/juliet,,,0,1,34,1,0,0,1,0,1,301,2025-09-10 02:25:44,2026-06-24 18:38:30
,https://www.cloudemployee.io/developers/cv/julieta,,,0,1,34,1,0,0,1,0,1,301,2025-09-14 21:07:59,2026-07-09 18:39:41
,https://www.cloudemployee.io/developers/cv/julio,,,0,1,34,1,0,0,1,0,1,301,2025-09-10 17:38:57,2026-07-04 14:01:29
,https://www.cloudemployee.io/developers/cv/julius,,,0,1,34,1,0,0,1,0,1,301,2025-09-10 16:35:55,2026-07-05 06:57:50
,https://www.cloudemployee.io/developers/cv/julius-caesar,,,0,1,34,1,0,0,1,0,1,301,2025-09-10 06:51:44,2026-04-17 22:19:25
,https://www.cloudemployee.io/developers/cv/julius-frederick,,,0,1,34,1,0,0,1,0,1,301,2025-09-10 01:01:58,2026-05-10 23:44:58
,https://www.cloudemployee.io/developers/cv/jum,,,0,1,34,1,0,0,1,0,1,301,2025-09-10 18:32:28,2026-07-09 10:05:10
,https://www.cloudemployee.io/developers/cv/jumaro,,,0,1,34,1,0,0,1,0,1,301,2025-09-09 10:15:11,2026-05-20 13:20:44
,https://www.cloudemployee.io/developers/cv/june,,,0,1,34,1,0,0,1,0,1,301,2025-09-15 16:48:23,2026-07-09 23:06:12
,https://www.cloudemployee.io/developers/cv/junemar,,,0,1,34,1,0,0,1,0,1,301,2025-09-09 14:05:19,2026-07-09 20:06:24
,https://www.cloudemployee.io/developers/cv/junior,,,0,1,34,1,0,0,1,0,1,301,2025-09-09 23:43:23,2026-04-17 16:04:02
,https://www.cloudemployee.io/developers/cv/juniper,,,0,1,34,1,0,0,1,0,1,301,2025-09-14 22:23:20,2026-04-18 03:48:40
,https://www.cloudemployee.io/developers/cv/junmark,,,0,1,34,1,0,0,1,0,1,301,2025-09-09 19:27:55,2026-03-20 17:33:28
,https://www.cloudemployee.io/developers/cv/junnel,,,0,1,34,1,0,0,1,0,1,301,2025-09-10 05:53:41,2026-04-17 15:37:48
,https://www.cloudemployee.io/developers/cv/juno,,,0,1,34,1,0,0,1,0,1,301,2025-09-15 09:06:06,2026-04-18 01:31:04
,https://www.cloudemployee.io/developers/cv/justin,,,0,1,34,1,0,0,1,0,1,301,2025-09-10 07:16:27,2026-07-08 20:09:57
,https://www.cloudemployee.io/developers/cv/justine,,,0,1,34,1,0,0,1,0,1,301,2025-09-10 18:13:58,2026-04-17 18:08:28
,https://www.cloudemployee.io/developers/cv/justine-eunice,,,0,1,34,1,0,0,1,0,1,301,2025-09-09 15:30:44,2026-06-26 15:05:15
,https://www.cloudemployee.io/developers/cv/juvilyn,,,0,1,34,1,0,0,1,0,1,301,2025-09-15 17:55:40,2026-04-17 20:03:10
,https://www.cloudemployee.io/developers/cv/jyrell,,,0,1,34,1,0,0,1,0,1,301,2025-09-09 22:34:37,2026-04-17 07:11:10
,https://www.cloudemployee.io/developers/cv/kael,,,0,1,34,1,0,0,1,0,1,301,2025-09-10 02:13:57,2026-04-17 21:13:30
,https://www.cloudemployee.io/developers/cv/kai,,,0,1,34,1,0,0,1,0,1,301,2025-09-09 23:10:57,2026-04-17 20:24:05
,https://www.cloudemployee.io/developers/cv/kaled,,,0,1,34,1,0,0,1,0,1,301,2025-09-15 00:49:53,2026-04-17 14:18:09
,https://www.cloudemployee.io/developers/cv/kalel,,,0,1,34,1,0,0,1,0,1,301,2025-09-10 04:08:43,2026-04-17 16:01:46
,https://www.cloudemployee.io/developers/cv/kalvin-jun,,,0,1,34,1,0,0,1,0,1,301,2025-09-10 03:10:08,2026-04-17 20:25:26
,https://www.cloudemployee.io/developers/cv/kamila,,,0,1,34,1,0,0,1,0,1,301,2025-09-09 15:55:11,2026-04-17 17:34:06
,https://www.cloudemployee.io/developers/cv/kaniu,,,0,1,34,1,0,0,1,0,1,301,2025-09-10 05:23:19,2026-04-17 20:33:09
,https://www.cloudemployee.io/developers/cv/karel,,,0,1,34,1,0,0,1,0,1,301,2025-09-15 06:55:17,2026-04-17 09:49:53
,https://www.cloudemployee.io/developers/cv/karen-jane,,,0,1,34,1,0,0,1,0,1,301,2025-09-10 16:45:21,2026-06-25 03:30:33
,https://www.cloudemployee.io/developers/cv/karen-joy,,,0,1,34,1,0,0,1,0,1,301,2025-09-09 18:16:22,2026-04-18 02:29:24
,https://www.cloudemployee.io/developers/cv/karen-kim,,,0,1,34,1,0,0,1,0,1,301,2025-09-09 19:14:04,2026-07-07 17:13:36
,https://www.cloudemployee.io/developers/cv/karim,,,0,1,34,1,0,0,1,0,1,301,2025-09-10 17:46:19,2026-04-17 19:29:55
,https://www.cloudemployee.io/developers/cv/karina-anna,,,0,1,34,1,0,0,1,0,1,301,2025-09-15 10:09:21,2026-04-18 03:05:28
,https://www.cloudemployee.io/developers/cv/karl,,,0,1,34,1,0,0,1,0,1,301,2025-09-09 19:55:52,2026-04-17 23:48:08
,https://www.cloudemployee.io/developers/cv/karla,,,0,1,34,1,0,0,1,0,1,301,2025-09-09 15:29:57,2026-06-27 18:08:33
,https://www.cloudemployee.io/developers/cv/karleen,,,0,1,34,1,0,0,1,0,1,301,2025-09-10 05:08:09,2026-04-27 22:40:04
,https://www.cloudemployee.io/developers/cv/karlo,,,0,1,34,1,0,0,1,0,1,301,2025-09-10 06:14:51,2026-04-18 00:58:30
,https://www.cloudemployee.io/developers/cv/karlos,,,0,1,34,1,0,0,1,0,1,301,2025-09-09 12:37:29,2026-06-30 15:13:28
,https://www.cloudemployee.io/developers/cv/karrie,,,0,1,34,1,0,0,1,0,1,301,2025-09-09 19:57:20,2026-07-06 05:18:12
,https://www.cloudemployee.io/developers/cv/kasey,,,0,1,34,1,0,0,1,0,1,301,2025-09-09 23:38:18,2026-04-17 20:50:05
,https://www.cloudemployee.io/developers/cv/kat,,,0,1,34,1,0,0,1,0,1,301,2025-09-15 11:58:01,2026-05-17 02:26:00
,https://www.cloudemployee.io/developers/cv/katelyn,,,0,1,34,1,0,0,1,0,1,301,2025-09-15 12:30:16,2026-06-26 08:39:08
,https://www.cloudemployee.io/developers/cv/kathryn-mary,,,0,1,34,1,0,0,1,0,1,301,2025-09-09 22:38:51,2026-04-17 20:57:09
,https://www.cloudemployee.io/developers/cv/katya-sophia,,,0,1,34,1,0,0,1,0,1,301,2025-09-09 18:47:50,2026-04-17 21:28:08
,https://www.cloudemployee.io/developers/cv/kayleen,,,0,1,34,1,0,0,1,0,1,301,2025-09-10 09:32:41,2026-07-03 11:24:00
,https://www.cloudemployee.io/developers/cv/kean,,,0,1,34,1,0,0,1,0,1,301,2025-09-09 10:34:39,2026-04-15 02:02:34
,https://www.cloudemployee.io/developers/cv/keanu,,,0,1,34,1,0,0,1,0,1,301,2025-09-10 00:32:51,2026-04-18 01:07:13
,https://www.cloudemployee.io/developers/cv/keith,,,0,1,34,1,0,0,1,0,1,301,2025-09-10 07:29:54,2026-04-18 00:28:17
,https://www.cloudemployee.io/developers/cv/kelly,,,0,1,34,1,0,0,1,0,1,301,2025-09-09 17:16:15,2026-03-15 09:12:45
,https://www.cloudemployee.io/developers/cv/kenneth,,,0,1,34,1,0,0,1,0,1,301,2025-09-10 01:43:33,2026-04-17 20:40:57
,https://www.cloudemployee.io/developers/cv/kenneth-john,,,0,1,34,1,0,0,1,0,1,301,2025-09-09 16:57:01,2026-07-04 18:26:35
,https://www.cloudemployee.io/developers/cv/kenneth-kim,,,0,1,34,1,0,0,1,0,1,301,2025-09-10 16:44:39,2026-04-17 14:22:01
,https://www.cloudemployee.io/developers/cv/kenya,,,0,1,34,1,0,0,1,0,1,301,2025-09-15 00:47:38,2026-04-17 12:27:57
,https://www.cloudemployee.io/developers/cv/kerby,,,0,1,34,1,0,0,1,0,1,301,2025-09-09 20:47:03,2026-04-18 01:53:28
,https://www.cloudemployee.io/developers/cv/kervin,,,0,1,34,1,0,0,1,0,1,301,2025-09-10 01:03:58,2026-04-16 09:50:13
,https://www.cloudemployee.io/developers/cv/kerwin,,,0,1,34,1,0,0,1,0,1,301,2025-09-15 03:34:17,2026-04-17 11:34:29
,https://www.cloudemployee.io/developers/cv/kevin-michael,,,0,1,34,1,0,0,1,0,1,301,2025-09-10 00:45:25,2026-05-07 10:18:50
,https://www.cloudemployee.io/developers/cv/khaemille,,,0,1,34,1,0,0,1,0,1,301,2025-09-09 23:49:33,2026-07-05 11:53:31
,https://www.cloudemployee.io/developers/cv/kiefer,,,0,1,34,1,0,0,1,0,1,301,2025-09-10 04:58:32,2026-04-17 21:06:25
,https://www.cloudemployee.io/developers/cv/kiko,,,0,1,34,1,0,0,1,0,1,301,2025-09-09 15:15:16,2026-04-19 10:32:19
,https://www.cloudemployee.io/developers/cv/kim-luis,,,0,1,34,1,0,0,1,0,1,301,2025-09-09 17:08:22,2026-05-21 10:31:30
,https://www.cloudemployee.io/developers/cv/kimberly,,,0,1,34,1,0,0,1,0,1,301,2025-09-10 16:43:45,2026-04-17 17:29:19
,https://www.cloudemployee.io/developers/cv/kimmie,,,0,1,34,1,0,0,1,0,1,301,2025-09-10 02:51:25,2026-06-20 03:58:26
,https://www.cloudemployee.io/developers/cv/kimmy,,,0,1,34,1,0,0,1,0,1,301,2025-09-10 00:39:15,2026-04-17 22:32:01
,https://www.cloudemployee.io/developers/cv/kingson,,,0,1,34,1,0,0,1,0,1,301,2025-09-09 19:54:27,2026-05-09 15:44:35
,https://www.cloudemployee.io/developers/cv/kion,,,0,1,34,1,0,0,1,0,1,301,2025-09-10 05:15:00,2026-04-18 02:10:01
,https://www.cloudemployee.io/developers/cv/kirby,,,0,1,34,1,0,0,1,0,1,301,2025-09-15 02:50:57,2026-05-17 14:04:21
,https://www.cloudemployee.io/developers/cv/kirby-lloyd,,,0,1,34,1,0,0,1,0,1,301,2025-09-10 05:28:39,2026-04-17 06:19:31
,https://www.cloudemployee.io/developers/cv/kitt,,,0,1,34,1,0,0,1,0,1,301,2025-09-10 17:21:24,2026-06-24 06:32:43
,https://www.cloudemployee.io/developers/cv/klair,,,0,1,34,1,0,0,1,0,1,301,2025-09-09 21:26:53,2026-06-30 09:23:04
,https://www.cloudemployee.io/developers/cv/koby,,,0,1,34,1,0,0,1,0,1,301,2025-09-15 16:31:32,2026-04-17 23:49:39
,https://www.cloudemployee.io/developers/cv/kolin,,,0,1,34,1,0,0,1,0,1,301,2025-09-09 15:48:24,2026-03-30 11:36:33
,https://www.cloudemployee.io/developers/cv/kolo,,,0,1,34,1,0,0,1,0,1,301,2025-09-10 18:33:18,2026-04-17 17:56:12
,https://www.cloudemployee.io/developers/cv/kris-angela,,,0,1,34,1,0,0,1,0,1,301,2025-09-09 22:47:18,2026-04-17 23:23:26
,https://www.cloudemployee.io/developers/cv/kris-marie,,,0,1,34,1,0,0,1,0,1,301,2025-09-10 17:20:41,2026-07-07 05:40:39
,https://www.cloudemployee.io/developers/cv/kristian,,,0,1,34,1,0,0,1,0,1,301,2025-09-10 07:10:03,2026-04-17 06:20:19
,https://www.cloudemployee.io/developers/cv/kristina,,,0,1,34,1,0,0,1,0,1,301,2025-09-10 08:10:45,2026-04-17 20:26:44
,https://www.cloudemployee.io/developers/cv/kristoff,,,0,1,34,1,0,0,1,0,1,301,2025-09-15 09:49:02,2026-04-17 07:59:52
,https://www.cloudemployee.io/developers/cv/kristoff-ray,,,0,1,34,1,0,0,1,0,1,301,2025-09-10 02:00:01,2026-04-16 11:20:36
,https://www.cloudemployee.io/developers/cv/kriza,,,0,1,34,1,0,0,1,0,1,301,2025-09-10 05:38:05,2026-04-17 22:36:04
,https://www.cloudemployee.io/developers/cv/krystoff,,,0,1,34,1,0,0,1,0,1,301,2025-09-09 14:31:11,2026-04-17 22:09:50
,https://www.cloudemployee.io/developers/cv/kur,,,0,1,34,1,0,0,1,0,1,301,2025-09-10 12:07:30,2026-04-17 21:08:38
,https://www.cloudemployee.io/developers/cv/kurt,,,0,1,34,1,0,0,1,0,1,301,2025-09-09 15:51:20,2026-07-09 11:07:39
,https://www.cloudemployee.io/developers/cv/kyle,,,0,1,34,1,0,0,1,0,1,301,2025-09-15 12:37:35,2026-05-25 14:04:38
,https://www.cloudemployee.io/developers/cv/kyle-michael,,,0,1,34,1,0,0,1,0,1,301,2025-09-10 18:30:24,2026-04-18 02:43:06
,https://www.cloudemployee.io/developers/cv/kylie,,,0,1,34,1,0,0,1,0,1,301,2025-09-15 01:15:09,2026-04-17 06:12:02
,https://www.cloudemployee.io/developers/cv/kyrie-jose,,,0,1,34,1,0,0,1,0,1,301,2025-09-15 01:22:22,2026-04-17 03:22:20
,https://www.cloudemployee.io/developers/cv/lacey,,,0,1,34,1,0,0,1,0,1,301,2025-09-10 18:48:57,2026-06-28 00:06:45
,https://www.cloudemployee.io/developers/cv/lana,,,0,1,34,1,0,0,1,0,1,301,2025-09-10 18:06:09,2026-04-18 02:34:38
,https://www.cloudemployee.io/developers/cv/lance,,,0,1,34,1,0,0,1,0,1,301,2025-09-10 03:16:06,2026-04-17 23:59:12
,https://www.cloudemployee.io/developers/cv/lance-allen,,,0,1,34,1,0,0,1,0,1,301,2025-09-10 04:03:46,2026-05-27 02:24:34
,https://www.cloudemployee.io/developers/cv/lance-aron,,,0,1,34,1,0,0,1,0,1,301,2025-09-09 14:35:06,2026-06-07 07:41:11
,https://www.cloudemployee.io/developers/cv/lance-ray,,,0,1,34,1,0,0,1,0,1,301,2025-09-15 20:45:57,2026-07-07 05:30:23
,https://www.cloudemployee.io/developers/cv/lance-roi,,,0,1,34,1,0,0,1,0,1,301,2025-09-09 15:08:52,2026-06-13 11:05:16
,https://www.cloudemployee.io/developers/cv/lander,,,0,1,34,1,0,0,1,0,1,301,2025-09-09 20:29:02,2026-04-17 22:29:46
,https://www.cloudemployee.io/developers/cv/lando,,,0,1,34,1,0,0,1,0,1,301,2025-09-09 15:49:05,2026-05-19 20:27:04
,https://www.cloudemployee.io/developers/cv/landon,,,0,1,34,1,0,0,1,0,1,301,2025-09-10 01:01:27,2026-04-17 06:08:16
,https://www.cloudemployee.io/developers/cv/lao,,,0,1,34,1,0,0,1,0,1,301,2025-09-09 16:25:59,2026-07-11 20:52:20
,https://www.cloudemployee.io/developers/cv/larrie,,,0,1,34,1,0,0,1,0,1,301,2025-09-10 05:13:02,2026-07-04 18:57:50
,https://www.cloudemployee.io/developers/cv/larry,,,0,1,34,1,0,0,1,0,1,301,2025-09-09 16:53:53,2026-04-18 00:59:37
,https://www.cloudemployee.io/developers/cv/larry-james,,,0,1,34,1,0,0,1,0,1,301,2025-09-09 22:15:21,2026-05-01 03:23:02
,https://www.cloudemployee.io/developers/cv/laureen,,,0,1,34,1,0,0,1,0,1,301,2025-09-10 03:07:34,2026-07-13 00:24:48
,https://www.cloudemployee.io/developers/cv/laurence,,,0,1,34,1,0,0,1,0,1,301,2025-09-09 22:56:29,2026-04-17 19:56:14
,https://www.cloudemployee.io/developers/cv/lawren,,,0,1,34,1,0,0,1,0,1,301,2025-09-15 05:28:04,2026-04-17 15:57:49
,https://www.cloudemployee.io/developers/cv/lawrence,,,0,1,34,1,0,0,1,0,1,301,2025-09-09 13:34:57,2026-05-12 21:48:49
,https://www.cloudemployee.io/developers/cv/leah,,,0,1,34,1,0,0,1,0,1,301,2025-09-10 05:42:57,2026-05-04 05:54:40
,https://www.cloudemployee.io/developers/cv/leena,,,0,1,34,1,0,0,1,0,1,301,2025-09-10 05:29:24,2026-04-17 22:23:35
,https://www.cloudemployee.io/developers/cv/lei,,,0,1,34,1,0,0,1,0,1,301,2025-09-09 15:31:03,2026-04-17 16:57:22
,https://www.cloudemployee.io/developers/cv/lemuel,,,0,1,34,1,0,0,1,0,1,301,2025-09-15 16:32:53,2026-04-17 03:40:19
,https://www.cloudemployee.io/developers/cv/lenard,,,0,1,34,1,0,0,1,0,1,301,2025-09-10 04:06:44,2026-05-19 03:01:05
,https://www.cloudemployee.io/developers/cv/leo,,,0,1,34,1,0,0,1,0,1,301,2025-09-09 20:58:09,2026-07-07 04:36:23
,https://www.cloudemployee.io/developers/cv/leo-martin,,,0,1,34,1,0,0,1,0,1,301,2025-09-15 15:31:13,2026-07-04 13:28:52
,https://www.cloudemployee.io/developers/cv/leoine,,,0,1,34,1,0,0,1,0,1,301,2025-09-14 23:06:57,2026-04-30 12:23:20
,https://www.cloudemployee.io/developers/cv/leom,,,0,1,34,1,0,0,1,0,1,301,2025-09-15 10:25:50,2026-04-17 04:14:03
,https://www.cloudemployee.io/developers/cv/leomar,,,0,1,34,1,0,0,1,0,1,301,2025-09-09 17:09:55,2026-05-22 03:44:22
,https://www.cloudemployee.io/developers/cv/leomel,,,0,1,34,1,0,0,1,0,1,301,2025-09-10 06:21:44,2026-04-18 01:09:18
,https://www.cloudemployee.io/developers/cv/leonard,,,0,1,34,1,0,0,1,0,1,301,2025-09-10 11:09:17,2026-04-17 20:42:39
,https://www.cloudemployee.io/developers/cv/leonardo,,,0,1,34,1,0,0,1,0,1,301,2025-09-15 08:39:00,2026-04-17 11:01:42
,https://www.cloudemployee.io/developers/cv/leone,,,0,1,34,1,0,0,1,0,1,301,2025-09-10 12:08:59,2026-04-17 21:02:06
,https://www.cloudemployee.io/developers/cv/leonnel,,,0,1,34,1,0,0,1,0,1,301,2025-09-15 06:07:58,2026-04-18 06:57:51
,https://www.cloudemployee.io/developers/cv/leroy,,,0,1,34,1,0,0,1,0,1,301,2025-09-09 22:49:51,2026-04-17 07:29:21
,https://www.cloudemployee.io/developers/cv/lester,,,0,1,34,1,0,0,1,0,1,301,2025-09-10 02:28:55,2026-04-17 07:54:14
,https://www.cloudemployee.io/developers/cv/lester-paul,,,0,1,34,1,0,0,1,0,1,301,2025-09-09 17:39:52,2026-04-17 13:34:18
,https://www.cloudemployee.io/developers/cv/lewis,,,0,1,34,1,0,0,1,0,1,301,2025-09-15 00:15:59,2026-04-17 20:34:00
,https://www.cloudemployee.io/developers/cv/lexander,,,0,1,34,1,0,0,1,0,1,301,2025-09-09 18:00:54,2026-07-02 23:54:46
,https://www.cloudemployee.io/developers/cv/lexi,,,0,1,34,1,0,0,1,0,1,301,2025-09-10 10:14:52,2026-07-06 04:38:36
,https://www.cloudemployee.io/developers/cv/liam,,,0,1,34,1,0,0,1,0,1,301,2025-09-09 15:59:50,2026-04-22 02:33:24
,https://www.cloudemployee.io/developers/cv/liam-andrew,,,0,1,34,1,0,0,1,0,1,301,2025-09-09 16:18:24,2026-04-17 20:46:56
,https://www.cloudemployee.io/developers/cv/liann,,,0,1,34,1,0,0,1,0,1,301,2025-09-10 11:34:01,2026-04-18 05:27:01
,https://www.cloudemployee.io/developers/cv/lianne,,,0,1,34,1,0,0,1,0,1,301,2025-09-09 22:26:38,2026-04-18 01:55:52
,https://www.cloudemployee.io/developers/cv/lidia,,,0,1,34,1,0,0,1,0,1,301,2025-09-09 08:49:03,2026-07-12 02:14:47
,https://www.cloudemployee.io/developers/cv/lilias,,,0,1,34,1,0,0,1,0,1,301,2025-09-09 18:10:49,2026-07-07 05:43:02
,https://www.cloudemployee.io/developers/cv/lily,,,0,1,34,1,0,0,1,0,1,301,2025-09-09 16:29:47,2026-04-17 21:07:07
,https://www.cloudemployee.io/developers/cv/limuel,,,0,1,34,1,0,0,1,0,1,301,2025-09-09 17:26:46,2026-04-18 00:20:40
,https://www.cloudemployee.io/developers/cv/lioz,,,0,1,34,1,0,0,1,0,1,301,2025-09-09 20:21:00,2026-04-17 16:40:00
,https://www.cloudemployee.io/developers/cv/lisa,,,0,1,34,1,0,0,1,0,1,301,2025-09-09 15:03:16,2026-07-03 14:01:23
,https://www.cloudemployee.io/developers/cv/lisa-anne,,,0,1,34,1,0,0,1,0,1,301,2025-09-10 08:09:13,2026-04-17 23:55:59
,https://www.cloudemployee.io/developers/cv/lito,,,0,1,34,1,0,0,1,0,1,301,2025-09-10 11:35:34,2026-04-18 05:46:19
,https://www.cloudemployee.io/developers/cv/liyanah,,,0,1,34,1,0,0,1,0,1,301,2025-09-10 01:42:15,2026-07-09 04:32:41
,https://www.cloudemployee.io/developers/cv/liz,,,0,1,34,1,0,0,1,0,1,301,2025-09-10 18:04:34,2026-06-24 14:08:31
,https://www.cloudemployee.io/developers/cv/lloyd,,,0,1,34,1,0,0,1,0,1,301,2025-09-09 22:53:19,2026-07-07 14:42:29
,https://www.cloudemployee.io/developers/cv/lloyd-francis,,,0,1,34,1,0,0,1,0,1,301,2025-09-09 17:48:59,2026-05-17 06:42:00
,https://www.cloudemployee.io/developers/cv/lloyd-vincent,,,0,1,34,1,0,0,1,0,1,301,2025-09-09 20:01:46,2026-04-18 02:11:37
,https://www.cloudemployee.io/developers/cv/logan,,,0,1,34,1,0,0,1,0,1,301,2025-09-10 01:21:21,2026-05-25 06:55:11
,https://www.cloudemployee.io/developers/cv/lola-michelle,,,0,1,34,1,0,0,1,0,1,301,2025-09-10 10:11:26,2026-05-24 08:14:42
,https://www.cloudemployee.io/developers/cv/lolita,,,0,1,34,1,0,0,1,0,1,301,2025-09-10 10:13:17,2026-05-22 00:15:00
,https://www.cloudemployee.io/developers/cv/lorenzo,,,0,1,34,1,0,0,1,0,1,301,2025-09-10 11:18:03,2026-06-30 09:45:00
,https://www.cloudemployee.io/developers/cv/lorraine,,,0,1,34,1,0,0,1,0,1,301,2025-09-14 21:55:58,2026-07-06 03:32:37
,https://www.cloudemployee.io/developers/cv/louie,,,0,1,34,1,0,0,1,0,1,301,2025-09-10 02:51:56,2026-06-10 23:07:10
,https://www.cloudemployee.io/developers/cv/louis-john,,,0,1,34,1,0,0,1,0,1,301,2025-09-09 17:41:36,2026-04-16 12:16:57
,https://www.cloudemployee.io/developers/cv/louise-kate,,,0,1,34,1,0,0,1,0,1,301,2025-09-10 05:46:07,2026-04-17 22:54:12
,https://www.cloudemployee.io/developers/cv/loz,,,0,1,34,1,0,0,1,0,1,301,2025-09-15 05:57:27,2026-04-17 16:17:49
,https://www.cloudemployee.io/developers/cv/lucar,,,0,1,34,1,0,0,1,0,1,301,2025-09-15 16:50:04,2026-04-18 01:08:20
,https://www.cloudemployee.io/developers/cv/lucas,,,0,1,34,1,0,0,1,0,1,301,2025-09-09 15:12:15,2026-04-16 10:43:13
,https://www.cloudemployee.io/developers/cv/lucas-peter,,,0,1,34,1,0,0,1,0,1,301,2025-09-10 04:05:27,2026-05-16 23:34:16
,https://www.cloudemployee.io/developers/cv/luigi-anne,,,0,1,34,1,0,0,1,0,1,301,2025-09-10 18:21:39,2026-04-17 22:28:38
,https://www.cloudemployee.io/developers/cv/luis,,,0,1,34,1,0,0,1,0,1,301,2025-09-10 02:38:22,2026-07-10 00:37:01
,https://www.cloudemployee.io/developers/cv/luis-alfred,,,0,1,34,1,0,0,1,0,1,301,2025-09-09 15:07:18,2026-06-30 00:45:33
,https://www.cloudemployee.io/developers/cv/luis-miguel,,,0,1,34,1,0,0,1,0,1,301,2025-09-09 17:52:41,2026-06-27 06:21:54
,https://www.cloudemployee.io/developers/cv/luka,,,0,1,34,1,0,0,1,0,1,301,2025-09-09 21:20:49,2026-04-17 09:26:32
,https://www.cloudemployee.io/developers/cv/lukas,,,0,1,34,1,0,0,1,0,1,301,2025-09-10 04:34:14,2026-04-26 20:14:05
,https://www.cloudemployee.io/developers/cv/luke,,,0,1,34,1,0,0,1,0,1,301,2025-09-10 02:39:39,2026-04-17 19:38:09
,https://www.cloudemployee.io/developers/cv/luke-dennis,,,0,1,34,1,0,0,1,0,1,301,2025-09-09 16:04:06,2026-07-02 03:23:59
,https://www.cloudemployee.io/developers/cv/lupin,,,0,1,34,1,0,0,1,0,1,301,2025-09-09 20:40:48,2026-04-17 12:06:54
,https://www.cloudemployee.io/developers/cv/luther,,,0,1,34,1,0,0,1,0,1,301,2025-09-15 17:38:42,2026-04-17 15:34:04
,https://www.cloudemployee.io/developers/cv/luzviminda,,,0,1,34,1,0,0,1,0,1,301,2025-09-15 00:39:27,2026-04-17 02:28:51
,https://www.cloudemployee.io/developers/cv/lyle,,,0,1,34,1,0,0,1,0,1,301,2025-09-10 02:07:07,2026-07-06 04:53:39
,https://www.cloudemployee.io/developers/cv/lysa-marie,,,0,1,34,1,0,0,1,0,1,301,2025-09-09 18:07:01,2026-04-18 01:49:44
,https://www.cloudemployee.io/developers/cv/macaso,,,0,1,34,1,0,0,1,0,1,301,2025-09-15 09:01:08,2026-05-20 04:47:47
,https://www.cloudemployee.io/developers/cv/macdonald,,,0,1,34,1,0,0,1,0,1,301,2025-09-10 18:17:45,2026-04-17 20:05:01
,https://www.cloudemployee.io/developers/cv/macky-boy,,,0,1,34,1,0,0,1,0,1,301,2025-09-10 17:19:54,2026-04-18 02:49:15
,https://www.cloudemployee.io/developers/cv/macmac,,,0,1,34,1,0,0,1,0,1,301,2025-09-10 06:05:07,2026-05-22 20:39:32
,https://www.cloudemployee.io/developers/cv/madeleine,,,0,1,34,1,0,0,1,0,1,301,2025-09-09 13:57:58,2026-05-18 14:33:19
,https://www.cloudemployee.io/developers/cv/madeline,,,0,1,34,1,0,0,1,0,1,301,2025-09-10 18:11:43,2026-06-24 01:55:44
,https://www.cloudemployee.io/developers/cv/maeve,,,0,1,34,1,0,0,1,0,1,301,2025-09-10 06:29:28,2026-04-17 13:43:36
,https://www.cloudemployee.io/developers/cv/maki,,,0,1,34,1,0,0,1,0,1,301,2025-09-10 01:14:54,2026-06-25 04:12:39
,https://www.cloudemployee.io/developers/cv/maknel,,,0,1,34,1,0,0,1,0,1,301,2025-09-10 09:20:53,2026-07-07 14:33:08
,https://www.cloudemployee.io/developers/cv/manny,,,0,1,34,1,0,0,1,0,1,301,2025-09-09 22:14:15,2026-07-10 18:20:52
,https://www.cloudemployee.io/developers/cv/manolo,,,0,1,34,1,0,0,1,0,1,301,2025-09-10 03:23:30,2026-06-24 19:30:07
,https://www.cloudemployee.io/developers/cv/manuel,,,0,1,34,1,0,0,1,0,1,301,2025-09-09 23:29:40,2026-05-06 08:24:31
,https://www.cloudemployee.io/developers/cv/manuelle,,,0,1,34,1,0,0,1,0,1,301,2025-09-10 00:34:39,2026-05-04 04:54:36
,https://www.cloudemployee.io/developers/cv/manuelo,,,0,1,34,1,0,0,1,0,1,301,2025-09-09 19:30:10,2026-04-16 13:28:18
,https://www.cloudemployee.io/developers/cv/mar,,,0,1,34,1,0,0,1,0,1,301,2025-09-10 06:03:15,2026-06-25 22:33:24
,https://www.cloudemployee.io/developers/cv/mara,,,0,1,34,1,0,0,1,0,1,301,2025-09-10 02:27:49,2026-04-17 13:32:08
,https://www.cloudemployee.io/developers/cv/marc,,,0,1,34,1,0,0,1,0,1,301,2025-09-10 02:50:46,2026-03-15 13:00:42
,https://www.cloudemployee.io/developers/cv/marc-aaron,,,0,1,34,1,0,0,1,0,1,301,2025-09-19 14:24:58,2026-04-17 03:10:16
,https://www.cloudemployee.io/developers/cv/marc-anton,,,0,1,34,1,0,0,1,0,1,301,2025-09-10 07:53:57,2026-04-17 21:20:48
,https://www.cloudemployee.io/developers/cv/marc-henry,,,0,1,34,1,0,0,1,0,1,301,2025-09-10 01:12:21,2026-06-23 21:29:39
,https://www.cloudemployee.io/developers/cv/marc-joseph,,,0,1,34,1,0,0,1,0,1,301,2025-09-15 00:18:16,2026-04-17 21:16:26
,https://www.cloudemployee.io/developers/cv/marcel,,,0,1,34,1,0,0,1,0,1,301,2025-09-15 11:14:06,2026-04-17 13:06:37
,https://www.cloudemployee.io/developers/cv/marcelo,,,0,1,34,1,0,0,1,0,1,301,2025-09-10 03:22:02,2026-04-16 13:32:24
,https://www.cloudemployee.io/developers/cv/marco,,,0,1,34,1,0,0,1,0,1,301,2025-09-10 06:22:23,2026-04-18 03:14:59
,https://www.cloudemployee.io/developers/cv/marco-polo,,,0,1,34,1,0,0,1,0,1,301,2025-09-14 21:06:09,2026-04-17 23:58:12
,https://www.cloudemployee.io/developers/cv/marcos,,,0,1,34,1,0,0,1,0,1,301,2025-09-15 04:29:08,2026-07-05 05:31:38
,https://www.cloudemployee.io/developers/cv/marcus,,,0,1,34,1,0,0,1,0,1,301,2025-09-09 13:31:16,2026-04-17 07:08:03
,https://www.cloudemployee.io/developers/cv/margaret,,,0,1,34,1,0,0,1,0,1,301,2025-09-10 12:49:30,2026-04-18 02:31:27
,https://www.cloudemployee.io/developers/cv/margaux,,,0,1,34,1,0,0,1,0,1,301,2025-09-09 22:19:40,2026-05-14 23:33:22
,https://www.cloudemployee.io/developers/cv/margeline,,,0,1,34,1,0,0,1,0,1,301,2025-09-10 17:39:38,2026-04-17 18:50:57
,https://www.cloudemployee.io/developers/cv/mari,,,0,1,34,1,0,0,1,0,1,301,2025-09-10 12:22:20,2026-07-06 13:47:04
,https://www.cloudemployee.io/developers/cv/maria-bella,,,0,1,34,1,0,0,1,0,1,301,2025-09-09 19:22:17,2026-05-26 04:27:33
,https://www.cloudemployee.io/developers/cv/maria-christina,,,0,1,34,1,0,0,1,0,1,301,2025-09-10 11:16:42,2026-04-17 13:05:10
,https://www.cloudemployee.io/developers/cv/maria-elena,,,0,1,34,1,0,0,1,0,1,301,2025-09-09 13:52:31,2026-07-09 10:15:41
,https://www.cloudemployee.io/developers/cv/maria-sheena,,,0,1,34,1,0,0,1,0,1,301,2025-09-10 05:24:23,2026-04-17 20:18:58
,https://www.cloudemployee.io/developers/cv/mariano,,,0,1,34,1,0,0,1,0,1,301,2025-09-15 09:07:44,2026-04-18 01:23:36
,https://www.cloudemployee.io/developers/cv/maricel,,,0,1,34,1,0,0,1,0,1,301,2025-09-09 15:16:50,2026-04-17 18:21:16
,https://www.cloudemployee.io/developers/cv/maricris,,,0,1,34,1,0,0,1,0,1,301,2025-09-09 17:03:27,2026-04-16 13:28:59
,https://www.cloudemployee.io/developers/cv/marie,,,0,1,34,1,0,0,1,0,1,301,2025-09-09 15:15:02,2026-03-15 08:45:48
,https://www.cloudemployee.io/developers/cv/mario,,,0,1,34,1,0,0,1,0,1,301,2025-09-09 22:32:30,2026-04-17 15:30:12
,https://www.cloudemployee.io/developers/cv/mario-jose,,,0,1,34,1,0,0,1,0,1,301,2025-09-10 09:44:35,2026-04-18 02:38:10
,https://www.cloudemployee.io/developers/cv/marion,,,0,1,34,1,0,0,1,0,1,301,2025-09-10 01:21:52,2026-06-17 11:55:24
,https://www.cloudemployee.io/developers/cv/marione,,,0,1,34,1,0,0,1,0,1,301,2025-09-09 22:27:51,2026-04-17 23:17:05
,https://www.cloudemployee.io/developers/cv/maris,,,0,1,34,1,0,0,1,0,1,301,2025-09-09 23:40:02,2026-06-29 19:18:05
,https://www.cloudemployee.io/developers/cv/mark-aeron,,,0,1,34,1,0,0,1,0,1,301,2025-09-15 14:29:52,2026-04-18 02:08:31
,https://www.cloudemployee.io/developers/cv/mark-anthony,,,0,1,34,1,0,0,1,0,1,301,2025-09-09 15:09:54,2026-07-09 00:35:03
,https://www.cloudemployee.io/developers/cv/mark-arjay,,,0,1,34,1,0,0,1,0,1,301,2025-09-09 17:46:54,2026-07-12 01:13:50
,https://www.cloudemployee.io/developers/cv/mark-d,,,0,1,34,1,0,0,1,0,1,301,2025-09-10 03:17:45,2026-05-04 04:29:59
,https://www.cloudemployee.io/developers/cv/mark-jasper,,,0,1,34,1,0,0,1,0,1,301,2025-09-15 09:25:30,2026-04-19 00:36:21
,https://www.cloudemployee.io/developers/cv/mark-jonathan,,,0,1,34,1,0,0,1,0,1,301,2025-09-09 22:12:38,2026-04-16 13:30:10
,https://www.cloudemployee.io/developers/cv/mark-timothy,,,0,1,34,1,0,0,1,0,1,301,2025-09-09 13:57:46,2026-05-16 10:24:33
,https://www.cloudemployee.io/developers/cv/markus,,,0,1,34,1,0,0,1,0,1,301,2025-09-09 18:29:00,2026-07-04 04:59:44
,https://www.cloudemployee.io/developers/cv/marky,,,0,1,34,1,0,0,1,0,1,301,2025-09-10 09:55:41,2026-04-17 20:31:51
,https://www.cloudemployee.io/developers/cv/marky-john,,,0,1,34,1,0,0,1,0,1,301,2025-09-09 13:53:55,2026-06-06 17:40:53
,https://www.cloudemployee.io/developers/cv/markys,,,0,1,34,1,0,0,1,0,1,301,2025-09-10 03:12:48,2026-06-07 09:40:51
,https://www.cloudemployee.io/developers/cv/marla,,,0,1,34,1,0,0,1,0,1,301,2025-09-09 13:59:13,2026-04-17 16:45:32
,https://www.cloudemployee.io/developers/cv/marlon,,,0,1,34,1,0,0,1,0,1,301,2025-09-10 04:37:46,2026-07-11 21:43:50
,https://www.cloudemployee.io/developers/cv/marlon-antonio,,,0,1,34,1,0,0,1,0,1,301,2025-09-15 20:01:34,2026-05-31 09:31:06
,https://www.cloudemployee.io/developers/cv/marlon-paul,,,0,1,34,1,0,0,1,0,1,301,2025-09-09 21:18:10,2026-05-13 00:52:22
,https://www.cloudemployee.io/developers/cv/marlou,,,0,1,34,1,0,0,1,0,1,301,2025-09-15 10:18:05,2026-04-17 22:40:24
,https://www.cloudemployee.io/developers/cv/maron,,,0,1,34,1,0,0,1,0,1,301,2025-09-10 05:19:13,2026-04-17 23:25:21
,https://www.cloudemployee.io/developers/cv/marshall-paul,,,0,1,34,1,0,0,1,0,1,301,2025-09-15 04:36:38,2026-04-18 02:22:48
,https://www.cloudemployee.io/developers/cv/martin,,,0,1,34,1,0,0,1,0,1,301,2025-09-10 05:13:31,2026-04-17 21:48:36
,https://www.cloudemployee.io/developers/cv/martin-ethan,,,0,1,34,1,0,0,1,0,1,301,2025-09-10 12:20:04,2026-04-17 17:53:37
,https://www.cloudemployee.io/developers/cv/martin-john,,,0,1,34,1,0,0,1,0,1,301,2025-09-09 14:33:36,2026-04-16 12:27:02
,https://www.cloudemployee.io/developers/cv/martinn,,,0,1,34,1,0,0,1,0,1,301,2025-09-10 07:00:09,2026-04-17 23:02:06
,https://www.cloudemployee.io/developers/cv/marty,,,0,1,34,1,0,0,1,0,1,301,2025-09-15 12:27:28,2026-04-17 09:00:28
,https://www.cloudemployee.io/developers/cv/martynn,,,0,1,34,1,0,0,1,0,1,301,2025-09-15 11:01:37,2026-07-04 13:25:11
,https://www.cloudemployee.io/developers/cv/marvic,,,0,1,34,1,0,0,1,0,1,301,2025-09-09 21:15:28,2026-06-24 18:01:55
,https://www.cloudemployee.io/developers/cv/marvin,,,0,1,34,1,0,0,1,0,1,301,2025-09-10 00:43:51,2026-05-06 19:22:45
,https://www.cloudemployee.io/developers/cv/marvin-ethan,,,0,1,34,1,0,0,1,0,1,301,2025-09-10 07:10:50,2026-07-08 09:40:02
,https://www.cloudemployee.io/developers/cv/marvinn,,,0,1,34,1,0,0,1,0,1,301,2025-09-10 05:55:08,2026-06-01 08:33:48
,https://www.cloudemployee.io/developers/cv/mary-grace,,,0,1,34,1,0,0,1,0,1,301,2025-09-09 17:39:18,2026-04-16 12:15:42
,https://www.cloudemployee.io/developers/cv/mateo,,,0,1,34,1,0,0,1,0,1,301,2025-09-10 06:48:41,2026-04-18 02:48:01
,https://www.cloudemployee.io/developers/cv/matt,,,0,1,34,1,0,0,1,0,1,301,2025-09-10 17:37:11,2026-07-02 18:57:30
,https://www.cloudemployee.io/developers/cv/matt-axel,,,0,1,34,1,0,0,1,0,1,301,2025-09-15 16:15:43,2026-07-04 19:22:11
,https://www.cloudemployee.io/developers/cv/matteo,,,0,1,34,1,0,0,1,0,1,301,2025-09-09 14:52:37,2026-06-17 06:01:06
,https://www.cloudemployee.io/developers/cv/matthew,,,0,1,34,1,0,0,1,0,1,301,2025-09-09 14:40:03,2026-04-18 00:32:58
,https://www.cloudemployee.io/developers/cv/matthew-john,,,0,1,34,1,0,0,1,0,1,301,2025-09-09 15:50:38,2026-04-16 10:44:16
,https://www.cloudemployee.io/developers/cv/matthew-jon,,,0,1,34,1,0,0,1,0,1,301,2025-09-10 05:03:20,2026-05-06 10:25:50
,https://www.cloudemployee.io/developers/cv/matty,,,0,1,34,1,0,0,1,0,1,301,2025-09-10 05:55:54,2026-04-18 00:33:35
,https://www.cloudemployee.io/developers/cv/maurice,,,0,1,34,1,0,0,1,0,1,301,2025-09-10 01:20:17,2026-03-17 17:05:14
,https://www.cloudemployee.io/developers/cv/mauro,,,0,1,34,1,0,0,1,0,1,301,2025-09-14 19:43:41,2026-04-18 03:29:16
,https://www.cloudemployee.io/developers/cv/max,,,0,1,34,1,0,0,1,0,1,301,2025-09-10 11:49:04,2026-05-13 00:20:10
,https://www.cloudemployee.io/developers/cv/max-gilbert,,,0,1,34,1,0,0,1,0,1,301,2025-09-15 14:27:38,2026-04-17 10:22:32
,https://www.cloudemployee.io/developers/cv/maxem,,,0,1,34,1,0,0,1,0,1,301,2025-09-09 10:13:02,2026-05-21 03:38:41
,https://www.cloudemployee.io/developers/cv/maximo,,,0,1,34,1,0,0,1,0,1,301,2025-09-15 17:00:06,2026-04-18 04:12:31
,https://www.cloudemployee.io/developers/cv/maximus,,,0,1,34,1,0,0,1,0,1,301,2025-09-10 06:10:12,2026-04-17 22:11:52
,https://www.cloudemployee.io/developers/cv/maxine,,,0,1,34,1,0,0,1,0,1,301,2025-09-09 15:02:09,2026-04-16 12:07:21
,https://www.cloudemployee.io/developers/cv/mayson,,,0,1,34,1,0,0,1,0,1,301,2025-09-26 13:41:50,2026-05-28 10:52:52
,https://www.cloudemployee.io/developers/cv/mcadam,,,0,1,34,1,0,0,1,0,1,301,2025-09-10 10:46:03,2026-04-17 08:05:17
,https://www.cloudemployee.io/developers/cv/megan-rosette,,,0,1,34,1,0,0,1,0,1,301,2025-09-09 13:53:37,2026-07-02 16:59:02
,https://www.cloudemployee.io/developers/cv/melvin,,,0,1,34,1,0,0,1,0,1,301,2025-09-10 12:03:07,2026-07-12 12:44:40
,https://www.cloudemployee.io/developers/cv/merlin,,,0,1,34,1,0,0,1,0,1,301,2025-09-14 22:01:05,2026-06-30 14:14:49
,https://www.cloudemployee.io/developers/cv/merville,,,0,1,34,1,0,0,1,0,1,301,2025-09-09 22:37:50,2026-07-06 03:00:50
,https://www.cloudemployee.io/developers/cv/mervin,,,0,1,34,1,0,0,1,0,1,301,2025-09-09 13:58:45,2026-05-14 15:30:33
,https://www.cloudemployee.io/developers/cv/mez,,,0,1,34,1,0,0,1,0,1,301,2025-09-15 16:27:00,2026-07-03 12:55:56
,https://www.cloudemployee.io/developers/cv/mia,,,0,1,34,1,0,0,1,0,1,301,2025-09-10 02:26:49,2026-04-17 20:40:27
,https://www.cloudemployee.io/developers/cv/mia-grace,,,0,1,34,1,0,0,1,0,1,301,2025-09-09 15:32:26,2026-05-25 00:18:38
,https://www.cloudemployee.io/developers/cv/micah,,,0,1,34,1,0,0,1,0,1,301,2025-09-15 17:24:58,2026-04-17 01:00:57
,https://www.cloudemployee.io/developers/cv/micah-angelo,,,0,1,34,1,0,0,1,0,1,301,2025-09-09 20:52:06,2026-04-17 07:35:06
,https://www.cloudemployee.io/developers/cv/micahlyn,,,0,1,34,1,0,0,1,0,1,301,2025-09-14 23:49:02,2026-04-18 02:37:18
,https://www.cloudemployee.io/developers/cv/michael-elton,,,0,1,34,1,0,0,1,0,1,301,2025-09-09 18:03:56,2026-06-16 19:48:29
,https://www.cloudemployee.io/developers/cv/michael-henry,,,0,1,34,1,0,0,1,0,1,301,2025-09-09 23:42:42,2026-04-18 00:12:02
,https://www.cloudemployee.io/developers/cv/michael-jay,,,0,1,34,1,0,0,1,0,1,301,2025-09-10 08:01:17,2026-04-18 00:02:50
,https://www.cloudemployee.io/developers/cv/michael-lawrence,,,0,1,34,1,0,0,1,0,1,301,2025-09-15 09:27:02,2026-04-18 06:42:35
,https://www.cloudemployee.io/developers/cv/michelle,,,0,1,34,1,0,0,1,0,1,301,2025-09-09 14:01:30,2026-06-26 00:12:40
,https://www.cloudemployee.io/developers/cv/michelle-lyn,,,0,1,34,1,0,0,1,0,1,301,2025-09-09 21:34:48,2026-04-17 20:05:42
,https://www.cloudemployee.io/developers/cv/mickey,,,0,1,34,1,0,0,1,0,1,301,2025-09-09 22:09:41,2026-05-31 01:01:50
,https://www.cloudemployee.io/developers/cv/mickey-rafael,,,0,1,34,1,0,0,1,0,1,301,2025-09-10 16:42:47,2026-04-17 21:54:58
,https://www.cloudemployee.io/developers/cv/mico,,,0,1,34,1,0,0,1,0,1,301,2025-09-10 00:39:46,2026-04-17 22:12:36
,https://www.cloudemployee.io/developers/cv/migs,,,,1,34,1,0,1,1,0,1,,2025-09-15 14:21:55,2025-09-15 14:21:55
,https://www.cloudemployee.io/developers/cv/migs-allan,,,0,1,34,1,0,0,1,0,1,301,2025-09-09 23:01:16,2026-05-28 04:19:42
,https://www.cloudemployee.io/developers/cv/miguel-enrico,,,0,1,34,1,0,0,1,0,1,301,2025-09-09 13:51:10,2026-05-29 05:19:13
,https://www.cloudemployee.io/developers/cv/miguelito,,,0,1,34,1,0,0,1,0,1,301,2025-09-15 00:30:57,2026-04-18 00:29:53
,https://www.cloudemployee.io/developers/cv/mikael,,,0,1,34,1,0,0,1,0,1,301,2025-09-09 15:05:03,2026-05-04 12:58:04
,https://www.cloudemployee.io/developers/cv/mikaela,,,0,1,34,1,0,0,1,0,1,301,2025-09-09 20:04:51,2026-04-17 06:32:27
,https://www.cloudemployee.io/developers/cv/mike,,,0,1,34,1,0,0,1,0,1,301,2025-09-15 17:01:37,2026-07-04 12:03:06
,https://www.cloudemployee.io/developers/cv/mike-daniel,,,0,1,34,1,0,0,1,0,1,301,2025-09-09 22:45:36,2026-06-24 11:05:02
,https://www.cloudemployee.io/developers/cv/mikel,,,0,1,34,1,0,0,1,0,1,301,2025-09-10 16:46:53,2026-04-17 20:56:45
,https://www.cloudemployee.io/developers/cv/miko,,,0,1,34,1,0,0,1,0,1,301,2025-09-09 23:09:45,2026-07-11 17:48:39
,https://www.cloudemployee.io/developers/cv/milagros,,,0,1,34,1,0,0,1,0,1,301,2025-09-10 12:17:31,2026-04-17 21:28:29
,https://www.cloudemployee.io/developers/cv/miles,,,0,1,34,1,0,0,1,0,1,301,2025-09-10 00:44:54,2026-05-12 05:13:59
,https://www.cloudemployee.io/developers/cv/miles-danielle,,,0,1,34,1,0,0,1,0,1,301,2025-09-09 23:02:42,2026-04-17 19:04:03
,https://www.cloudemployee.io/developers/cv/miles-roi,,,0,1,34,1,0,0,1,0,1,301,2025-09-09 23:19:12,2026-04-17 19:31:24
,https://www.cloudemployee.io/developers/cv/milo,,,0,1,34,1,0,0,1,0,1,301,2025-09-10 18:47:30,2026-04-30 00:23:27
,https://www.cloudemployee.io/developers/cv/milton,,,0,1,34,1,0,0,1,0,1,301,2025-09-09 14:26:58,2026-04-26 13:14:07
,https://www.cloudemployee.io/developers/cv/mindy,,,0,1,34,1,0,0,1,0,1,301,2025-09-09 23:33:05,2026-07-10 03:19:05
,https://www.cloudemployee.io/developers/cv/mino,,,0,1,34,1,0,0,1,0,1,301,2025-09-15 03:03:20,2026-05-31 12:26:06
,https://www.cloudemployee.io/developers/cv/mira,,,0,1,34,1,0,0,1,0,1,301,2025-09-10 02:57:59,2026-04-18 01:51:00
,https://www.cloudemployee.io/developers/cv/mira-paula,,,0,1,34,1,0,0,1,0,1,301,2025-09-09 12:23:12,2026-05-21 16:39:35
,https://www.cloudemployee.io/developers/cv/missy-anne,,,0,1,34,1,0,0,1,0,1,301,2025-09-09 16:55:37,2026-04-17 15:27:34
,https://www.cloudemployee.io/developers/cv/mitchel-anthony,,,0,1,34,1,0,0,1,0,1,301,2025-09-15 04:41:01,2026-04-17 23:30:05
,https://www.cloudemployee.io/developers/cv/mj,,,0,1,34,1,0,0,1,0,1,301,2025-09-10 03:11:43,2026-04-17 14:47:47
,https://www.cloudemployee.io/developers/cv/mona,,,0,1,34,1,0,0,1,0,1,301,2025-09-09 23:22:58,2026-07-08 05:34:32
,https://www.cloudemployee.io/developers/cv/monty,,,0,1,34,1,0,0,1,0,1,301,2025-09-10 01:20:47,2026-06-09 12:25:29
,https://www.cloudemployee.io/developers/cv/moose,,,0,1,34,1,0,0,1,0,1,301,2025-09-10 02:12:40,2026-07-12 15:42:26
,https://www.cloudemployee.io/developers/cv/morgan,,,0,1,34,1,0,0,1,0,1,301,2025-09-10 01:39:42,2026-05-18 04:27:00
,https://www.cloudemployee.io/developers/cv/morris,,,0,1,34,1,0,0,1,0,1,301,2025-09-09 18:13:24,2026-06-26 03:12:25
,https://www.cloudemployee.io/developers/cv/mortel,,,0,1,34,1,0,0,1,0,1,301,2025-09-10 00:40:57,2026-06-09 20:59:07
,https://www.cloudemployee.io/developers/cv/mortinn,,,0,1,34,1,0,0,1,0,1,301,2025-09-15 06:41:30,2026-04-18 05:58:27
,https://www.cloudemployee.io/developers/cv/morty,,,0,1,34,1,0,0,1,0,1,301,2025-09-10 06:00:06,2026-05-27 15:09:01
,https://www.cloudemployee.io/developers/cv/moz,,,0,1,34,1,0,0,1,0,1,301,2025-09-10 01:29:54,2026-06-24 15:39:12
,https://www.cloudemployee.io/developers/cv/mykell,,,0,1,34,1,0,0,1,0,1,301,2025-09-10 06:09:27,2026-04-16 13:40:54
,https://www.cloudemployee.io/developers/cv/myra,,,0,1,34,1,0,0,1,0,1,301,2025-09-09 13:51:59,2026-05-31 18:33:27
,https://www.cloudemployee.io/developers/cv/nado,,,0,1,34,1,0,0,1,0,1,301,2025-09-10 01:19:13,2026-05-14 15:57:18
,https://www.cloudemployee.io/developers/cv/napoleon,,,0,1,34,1,0,0,1,0,1,301,2025-09-09 16:38:03,2026-04-17 23:13:32
,https://www.cloudemployee.io/developers/cv/nash,,,0,1,34,1,0,0,1,0,1,301,2025-09-10 11:29:31,2026-07-11 13:49:16
,https://www.cloudemployee.io/developers/cv/natasha,,,0,1,34,1,0,0,1,0,1,301,2025-09-09 12:10:22,2026-04-15 11:17:07
,https://www.cloudemployee.io/developers/cv/nate,,,0,1,34,1,0,0,1,0,1,301,2025-09-09 15:30:29,2026-04-17 08:41:19
,https://www.cloudemployee.io/developers/cv/nathan,,,0,1,34,1,0,0,1,0,1,301,2025-09-10 01:11:15,2026-04-17 22:25:00
,https://www.cloudemployee.io/developers/cv/nathan-john,,,0,1,34,1,0,0,1,0,1,301,2025-09-09 22:09:08,2026-04-18 01:58:15
,https://www.cloudemployee.io/developers/cv/nathaniel,,,0,1,34,1,0,0,1,0,1,301,2025-09-10 18:13:19,2026-04-17 06:49:23
,https://www.cloudemployee.io/developers/cv/ned,,,0,1,34,1,0,0,1,0,1,301,2025-09-09 23:37:36,2026-06-27 01:49:00
,https://www.cloudemployee.io/developers/cv/neil-aries,,,0,1,34,1,0,0,1,0,1,301,2025-09-09 13:30:53,2026-05-15 15:32:49
,https://www.cloudemployee.io/developers/cv/neil-earvin,,,0,1,34,1,0,0,1,0,1,301,2025-09-09 14:03:33,2026-05-18 08:54:41
,https://www.cloudemployee.io/developers/cv/neil-kyrie,,,0,1,34,1,0,0,1,0,1,301,2025-09-09 21:31:47,2026-07-10 04:39:26
,https://www.cloudemployee.io/developers/cv/neil-marvin,,,0,1,34,1,0,0,1,0,1,301,2025-09-10 01:51:08,2026-04-17 18:36:26
,https://www.cloudemployee.io/developers/cv/nelle-karrie,,,0,1,34,1,0,0,1,0,1,301,2025-09-09 17:46:25,2026-04-17 22:11:08
,https://www.cloudemployee.io/developers/cv/nelly,,,0,1,34,1,0,0,1,0,1,301,2025-09-09 14:39:21,2026-02-19 06:27:52
,https://www.cloudemployee.io/developers/cv/nelson,,,0,1,34,1,0,0,1,0,1,301,2025-09-10 03:48:17,2026-04-17 13:03:15
,https://www.cloudemployee.io/developers/cv/nestor,,,0,1,34,1,0,0,1,0,1,301,2025-09-10 17:30:06,2026-04-17 22:43:14
,https://www.cloudemployee.io/developers/cv/newell,,,0,1,34,1,0,0,1,0,1,301,2025-09-10 07:36:36,2026-04-17 14:59:10
,https://www.cloudemployee.io/developers/cv/newt,,,0,1,34,1,0,0,1,0,1,301,2025-09-10 04:53:38,2026-05-26 13:46:51
,https://www.cloudemployee.io/developers/cv/ni%C3%B1o,,,0,1,34,1,0,0,1,0,1,301,2025-09-10 12:47:18,2026-07-05 10:28:31
,https://www.cloudemployee.io/developers/cv/ni%C3%B1o-jose,,,0,1,34,1,0,0,1,0,1,301,2025-09-09 14:35:46,2026-06-09 01:33:38
,https://www.cloudemployee.io/developers/cv/niall,,,0,1,34,1,0,0,1,0,1,301,2025-09-09 20:51:15,2026-04-17 16:29:21
,https://www.cloudemployee.io/developers/cv/nica,,,0,1,34,1,0,0,1,0,1,301,2025-09-09 19:49:46,2026-07-12 15:44:21
,https://www.cloudemployee.io/developers/cv/nicco,,,0,1,34,1,0,0,1,0,1,301,2025-09-09 13:43:16,2026-04-17 22:58:21
,https://www.cloudemployee.io/developers/cv/nicholaj,,,0,1,34,1,0,0,1,0,1,301,2025-09-10 00:38:44,2026-04-18 00:53:38
,https://www.cloudemployee.io/developers/cv/nicky,,,0,1,34,1,0,0,1,0,1,301,2025-09-09 15:08:19,2026-05-07 15:54:45
,https://www.cloudemployee.io/developers/cv/nico,,,0,1,34,1,0,0,1,0,1,301,2025-09-10 16:35:00,2026-04-16 11:15:04
,https://www.cloudemployee.io/developers/cv/nico-paul,,,0,1,34,1,0,0,1,0,1,301,2025-09-15 00:35:22,2026-04-18 03:36:07
,https://www.cloudemployee.io/developers/cv/nicolo,,,0,1,34,1,0,0,1,0,1,301,2025-09-08 22:14:02,2026-07-08 22:07:19
,https://www.cloudemployee.io/developers/cv/nigel,,,0,1,34,1,0,0,1,0,1,301,2025-09-10 04:09:45,2026-06-30 06:56:18
,https://www.cloudemployee.io/developers/cv/nikki-mira,,,0,1,34,1,0,0,1,0,1,301,2025-09-09 18:46:50,2026-07-01 09:33:38
,https://www.cloudemployee.io/developers/cv/nikko,,,0,1,34,1,0,0,1,0,1,301,2025-09-10 02:55:53,2026-05-08 04:38:21
,https://www.cloudemployee.io/developers/cv/nile,,,0,1,34,1,0,0,1,0,1,301,2025-09-15 00:22:25,2026-06-27 02:32:25
,https://www.cloudemployee.io/developers/cv/nilo,,,0,1,34,1,0,0,1,0,1,301,2025-09-09 16:10:54,2026-05-08 15:09:15
,https://www.cloudemployee.io/developers/cv/nina,,,0,1,34,1,0,0,1,0,1,301,2025-09-10 06:06:50,2026-05-25 06:12:58
,https://www.cloudemployee.io/developers/cv/nina-marie,,,0,1,34,1,0,0,1,0,1,301,2025-09-10 01:38:29,2026-04-17 22:43:41
,https://www.cloudemployee.io/developers/cv/noah,,,0,1,34,1,0,0,1,0,1,301,2025-09-10 18:05:17,2026-04-17 23:57:40
,https://www.cloudemployee.io/developers/cv/noah-luke,,,0,1,34,1,0,0,1,0,1,301,2025-09-09 23:54:14,2026-06-24 17:40:06
,https://www.cloudemployee.io/developers/cv/noah-ray,,,0,1,34,1,0,0,1,0,1,301,2025-09-09 22:15:47,2026-04-17 15:58:39
,https://www.cloudemployee.io/developers/cv/noelo,,,0,1,34,1,0,0,1,0,1,301,2025-09-10 17:32:23,2026-07-08 17:43:32
,https://www.cloudemployee.io/developers/cv/nolan,,,0,1,34,1,0,0,1,0,1,301,2025-09-10 07:21:01,2026-06-25 16:07:42
,https://www.cloudemployee.io/developers/cv/nolann,,,,1,34,1,0,0,1,0,1,,2025-09-25 23:03:11,2026-06-28 12:04:24
,https://www.cloudemployee.io/developers/cv/nordan,,,0,1,34,1,0,0,1,0,1,301,2025-09-10 18:02:59,2026-04-18 01:16:44
,https://www.cloudemployee.io/developers/cv/noriel-jose,,,0,1,34,1,0,0,1,0,1,301,2025-09-10 05:29:53,2026-04-17 23:57:07
,https://www.cloudemployee.io/developers/cv/norion,,,0,1,34,1,0,0,1,0,1,301,2025-09-10 06:10:58,2026-04-18 03:49:30
,https://www.cloudemployee.io/developers/cv/norman,,,0,1,34,1,0,0,1,0,1,301,2025-09-10 06:34:05,2026-04-17 23:42:56
,https://www.cloudemployee.io/developers/cv/normandy,,,0,1,34,1,0,0,1,0,1,301,2025-09-10 03:39:13,2026-04-18 00:27:13
,https://www.cloudemployee.io/developers/cv/normann,,,0,1,34,1,0,0,1,0,1,301,2025-09-10 03:57:19,2026-04-17 17:42:13
,https://www.cloudemployee.io/developers/cv/norton,,,0,1,34,1,0,0,1,0,1,301,2025-09-09 22:22:21,2026-06-30 22:38:01
,https://www.cloudemployee.io/developers/cv/norwin,,,0,1,34,1,0,0,1,0,1,301,2025-09-15 14:09:34,2026-06-27 04:09:00
,https://www.cloudemployee.io/developers/cv/nozi,,,0,1,34,1,0,0,1,0,1,301,2025-09-10 04:14:24,2026-06-24 11:00:04
,https://www.cloudemployee.io/developers/cv/nur,,,0,1,34,1,0,0,1,0,1,301,2025-09-09 23:03:47,2026-03-05 14:51:36
,https://www.cloudemployee.io/developers/cv/oda,,,0,1,34,1,0,0,1,0,1,301,2025-09-15 01:56:19,2026-04-18 03:26:28
,https://www.cloudemployee.io/developers/cv/odette-marie,,,0,1,34,1,0,0,1,0,1,301,2025-09-15 14:00:21,2026-04-17 06:49:50
,https://www.cloudemployee.io/developers/cv/olan,,,0,1,34,1,0,0,1,0,1,301,2025-09-09 15:19:01,2026-05-24 10:13:18
,https://www.cloudemployee.io/developers/cv/olexey,,,0,1,34,1,0,0,1,0,1,301,2025-09-10 18:01:26,2026-04-18 06:37:48
,https://www.cloudemployee.io/developers/cv/oli,,,0,1,34,1,0,0,1,0,1,301,2025-09-09 19:31:37,2026-07-03 02:23:00
,https://www.cloudemployee.io/developers/cv/oliver,,,0,1,34,1,0,0,1,0,1,301,2025-09-09 14:01:10,2026-04-16 10:42:16
,https://www.cloudemployee.io/developers/cv/oliver-atticus,,,0,1,34,1,0,0,1,0,1,301,2025-09-10 04:31:03,2026-04-17 21:19:43
,https://www.cloudemployee.io/developers/cv/olivia,,,0,1,34,1,0,0,1,0,1,301,2025-09-10 05:05:46,2026-06-25 20:13:34
,https://www.cloudemployee.io/developers/cv/oliz,,,0,1,34,1,0,0,1,0,1,301,2025-09-10 01:27:46,2026-04-17 19:04:37
,https://www.cloudemployee.io/developers/cv/ollie,,,0,1,34,1,0,0,1,0,1,301,2025-09-09 17:32:50,2026-04-17 23:20:38
,https://www.cloudemployee.io/developers/cv/ophelia,,,0,1,34,1,0,0,1,0,1,301,2025-09-10 04:19:13,2026-04-18 00:37:57
,https://www.cloudemployee.io/developers/cv/orioz,,,0,1,34,1,0,0,1,0,1,301,2025-09-15 03:09:58,2026-05-21 21:45:41
,https://www.cloudemployee.io/developers/cv/orley,,,0,1,34,1,0,0,1,0,1,301,2025-09-10 09:58:36,2026-04-18 00:53:59
,https://www.cloudemployee.io/developers/cv/orly,,,0,1,34,1,0,0,1,0,1,301,2025-09-09 20:05:41,2026-04-18 01:11:42
,https://www.cloudemployee.io/developers/cv/oscar-wyatt,,,0,1,34,1,0,0,1,0,1,301,2025-09-09 20:53:09,2026-04-17 18:23:09
,https://www.cloudemployee.io/developers/cv/osmond,,,0,1,34,1,0,0,1,0,1,301,2025-09-09 14:17:32,2026-06-30 13:19:09
,https://www.cloudemployee.io/developers/cv/otis,,,0,1,34,1,0,0,1,0,1,301,2025-09-10 04:53:12,2026-05-26 04:57:44
,https://www.cloudemployee.io/developers/cv/oto,,,0,1,34,1,0,0,1,0,1,301,2025-09-15 12:18:48,2026-04-17 01:42:00
,https://www.cloudemployee.io/developers/cv/owen,,,0,1,34,1,0,0,1,0,1,301,2025-09-10 05:26:45,2026-07-07 03:22:04
,https://www.cloudemployee.io/developers/cv/pablos,,,0,1,34,1,0,0,1,0,1,301,2025-09-09 22:12:03,2026-05-18 02:08:01
,https://www.cloudemployee.io/developers/cv/pancho,,,0,1,34,1,0,0,1,0,1,301,2025-09-15 17:15:43,2026-04-18 02:22:37
,https://www.cloudemployee.io/developers/cv/paola-ann,,,0,1,34,1,0,0,1,0,1,301,2025-09-10 12:32:19,2026-07-04 23:03:31
,https://www.cloudemployee.io/developers/cv/paolo,,,0,1,34,1,0,0,1,0,1,301,2025-09-09 19:15:24,2026-04-16 11:27:31
,https://www.cloudemployee.io/developers/cv/paris,,,0,1,34,1,0,0,1,0,1,301,2025-09-15 10:44:38,2026-05-08 18:21:16
,https://www.cloudemployee.io/developers/cv/patricia,,,0,1,34,1,0,0,1,0,1,301,2025-09-09 15:49:21,2026-07-01 08:21:16
,https://www.cloudemployee.io/developers/cv/patrick,,,0,1,34,1,0,0,1,0,1,301,2025-09-09 08:26:06,2026-06-27 05:04:14
,https://www.cloudemployee.io/developers/cv/patrick-michael,,,0,1,34,1,0,0,1,0,1,301,2025-09-10 04:35:45,2026-04-17 21:29:32
,https://www.cloudemployee.io/developers/cv/paul-andres,,,0,1,34,1,0,0,1,0,1,301,2025-09-14 20:34:43,2026-04-17 08:15:00
,https://www.cloudemployee.io/developers/cv/paul-anthony,,,0,1,34,1,0,0,1,0,1,301,2025-09-10 02:06:32,2026-04-17 17:13:23
,https://www.cloudemployee.io/developers/cv/paul-jake,,,0,1,34,1,0,0,1,0,1,301,2025-09-10 08:03:09,2026-04-17 18:54:49
,https://www.cloudemployee.io/developers/cv/paul-mikhael,,,0,1,34,1,0,0,1,0,1,301,2025-09-15 09:44:31,2026-07-03 11:30:52
,https://www.cloudemployee.io/developers/cv/paula-jane,,,0,1,34,1,0,0,1,0,1,301,2025-09-15 00:33:04,2026-04-17 23:09:42
,https://www.cloudemployee.io/developers/cv/paulina,,,0,1,34,1,0,0,1,0,1,301,2025-09-15 00:41:26,2026-06-29 20:15:14
,https://www.cloudemployee.io/developers/cv/paulito,,,0,1,34,1,0,0,1,0,1,301,2025-09-09 22:07:50,2026-05-19 00:25:21
,https://www.cloudemployee.io/developers/cv/paulo,,,0,1,34,1,0,0,1,0,1,301,2025-09-09 22:34:05,2026-04-17 20:11:34
,https://www.cloudemployee.io/developers/cv/paulo-james,,,0,1,34,1,0,0,1,0,1,301,2025-09-09 17:18:47,2026-06-28 21:50:40
,https://www.cloudemployee.io/developers/cv/paulo-jose,,,0,1,34,1,0,0,1,0,1,301,2025-09-09 14:59:03,2026-04-16 12:14:32
,https://www.cloudemployee.io/developers/cv/pavel,,,0,1,34,1,0,0,1,0,1,301,2025-09-09 19:39:26,2026-04-17 17:25:13
,https://www.cloudemployee.io/developers/cv/pean,,,0,1,34,1,0,0,1,0,1,301,2025-09-09 22:20:42,2026-06-01 13:38:06
,https://www.cloudemployee.io/developers/cv/pedro,,,0,1,34,1,0,0,1,0,1,301,2025-09-10 10:39:53,2026-04-17 17:34:35
,https://www.cloudemployee.io/developers/cv/peggy,,,0,1,34,1,0,0,1,0,1,301,2025-09-09 20:29:52,2026-04-18 05:49:21
,https://www.cloudemployee.io/developers/cv/pelio,,,0,1,34,1,0,0,1,0,1,301,2025-09-09 21:40:02,2026-04-17 21:22:40
,https://www.cloudemployee.io/developers/cv/percy,,,0,1,34,1,0,0,1,0,1,301,2025-09-15 11:40:02,2026-04-16 22:42:58
,https://www.cloudemployee.io/developers/cv/pete,,,0,1,34,1,0,0,1,0,1,301,2025-09-10 01:10:43,2026-06-28 01:38:34
,https://www.cloudemployee.io/developers/cv/peter,,,0,1,34,1,0,0,1,0,1,301,2025-09-09 15:02:25,2026-04-18 00:13:09
,https://www.cloudemployee.io/developers/cv/peter-allan,,,0,1,34,1,0,0,1,0,1,301,2025-09-15 11:55:25,2026-02-18 23:13:50
,https://www.cloudemployee.io/developers/cv/peter-james,,,0,1,34,1,0,0,1,0,1,301,2025-09-10 07:50:35,2026-05-11 11:40:52
,https://www.cloudemployee.io/developers/cv/peter-sebastian,,,0,1,34,1,0,0,1,0,1,301,2025-09-10 03:26:55,2026-04-17 21:04:13
,https://www.cloudemployee.io/developers/cv/peterson,,,0,1,34,1,0,0,1,0,1,301,2025-09-10 03:56:05,2026-06-23 22:07:18
,https://www.cloudemployee.io/developers/cv/phil,,,0,1,34,1,0,0,1,0,1,301,2025-09-10 04:08:15,2026-04-17 17:50:05
,https://www.cloudemployee.io/developers/cv/philip,,,0,1,34,1,0,0,1,0,1,301,2025-09-15 16:43:40,2026-04-17 15:43:11
,https://www.cloudemployee.io/developers/cv/phillip,,,0,1,34,1,0,0,1,0,1,301,2025-09-10 17:27:20,2026-04-17 22:22:46
,https://www.cloudemployee.io/developers/cv/phillippe,,,0,1,34,1,0,0,1,0,1,301,2025-09-10 03:49:30,2026-07-08 01:36:30
,https://www.cloudemployee.io/developers/cv/pib,,,0,1,34,1,0,0,1,0,1,301,2025-09-15 17:53:34,2026-07-06 09:43:00
,https://www.cloudemployee.io/developers/cv/pilar,,,0,1,34,1,0,0,1,0,1,301,2025-09-09 19:17:44,2026-05-20 08:27:33
,https://www.cloudemployee.io/developers/cv/pimm,,,0,1,34,1,0,0,1,0,1,301,2025-09-09 17:07:47,2026-06-23 18:05:59
,https://www.cloudemployee.io/developers/cv/piolo,,,0,1,34,1,0,0,1,0,1,301,2025-09-15 09:14:45,2026-04-29 17:32:21
,https://www.cloudemployee.io/developers/cv/pippo,,,0,1,34,1,0,0,1,0,1,301,2025-09-09 07:14:48,2026-06-30 08:46:45
,https://www.cloudemployee.io/developers/cv/pochollo,,,0,1,34,1,0,0,1,0,1,301,2025-09-10 02:16:47,2026-06-09 06:03:01
,https://www.cloudemployee.io/developers/cv/pocholo,,,0,1,34,1,0,0,1,0,1,301,2025-09-10 03:06:14,2026-06-18 21:14:56
,https://www.cloudemployee.io/developers/cv/pof,,,0,1,34,1,0,0,1,0,1,301,2025-09-09 20:30:41,2026-04-17 22:58:01
,https://www.cloudemployee.io/developers/cv/pol,,,0,1,34,1,0,0,1,0,1,301,2025-09-10 05:18:45,2026-04-17 18:30:11
,https://www.cloudemployee.io/developers/cv/polo,,,0,1,34,1,0,0,1,0,1,301,2025-09-15 18:01:47,2026-04-17 23:36:39
,https://www.cloudemployee.io/developers/cv/polo-marc,,,0,1,34,1,0,0,1,0,1,301,2025-09-15 16:08:10,2026-04-18 02:29:59
,https://www.cloudemployee.io/developers/cv/pon,,,0,1,34,1,0,0,1,0,1,301,2025-09-09 17:58:36,2026-04-18 00:37:32
,https://www.cloudemployee.io/developers/cv/popoy,,,0,1,34,1,0,0,1,0,1,301,2025-09-10 01:15:21,2026-03-05 12:07:42
,https://www.cloudemployee.io/developers/cv/portia,,,0,1,34,1,0,0,1,0,1,301,2025-09-09 22:55:53,2026-04-17 09:33:11
,https://www.cloudemployee.io/developers/cv/prairie,,,0,1,34,1,0,0,1,0,1,301,2025-09-10 17:44:03,2026-04-17 10:57:41
,https://www.cloudemployee.io/developers/cv/precious,,,0,1,34,1,0,0,1,0,1,301,2025-09-10 18:38:17,2026-04-17 23:31:36
,https://www.cloudemployee.io/developers/cv/precy,,,0,1,34,1,0,0,1,0,1,301,2025-09-15 14:34:43,2026-04-18 04:10:24
,https://www.cloudemployee.io/developers/cv/pulo,,,0,1,34,1,0,0,1,0,1,301,2025-09-10 18:34:05,2026-04-17 16:52:49
,https://www.cloudemployee.io/developers/cv/queenie,,,0,1,34,1,0,0,1,0,1,301,2025-09-10 07:15:45,2026-04-17 21:44:42
,https://www.cloudemployee.io/developers/cv/quentin,,,0,1,34,1,0,0,1,0,1,301,2025-09-09 17:53:53,2026-06-26 07:13:59
,https://www.cloudemployee.io/developers/cv/quinn,,,0,1,34,1,0,0,1,0,1,301,2025-09-15 14:14:00,2026-05-31 00:26:18
,https://www.cloudemployee.io/developers/cv/quino,,,0,1,34,1,0,0,1,0,1,301,2025-09-10 05:02:25,2026-06-12 14:45:23
,https://www.cloudemployee.io/developers/cv/rachael,,,0,1,34,1,0,0,1,0,1,301,2025-09-09 19:16:46,2026-05-24 23:44:30
,https://www.cloudemployee.io/developers/cv/rachel,,,0,1,34,1,0,0,1,0,1,301,2025-09-10 17:45:32,2026-07-08 14:02:34
,https://www.cloudemployee.io/developers/cv/rafa,,,0,1,34,1,0,0,1,0,1,301,2025-09-10 04:55:47,2026-05-29 14:26:48
,https://www.cloudemployee.io/developers/cv/rafael,,,0,1,34,1,0,0,1,0,1,301,2025-09-15 09:39:54,2026-04-18 00:26:40
,https://www.cloudemployee.io/developers/cv/rafael-june,,,0,1,34,1,0,0,1,0,1,301,2025-09-10 05:26:05,2026-04-17 18:48:50
,https://www.cloudemployee.io/developers/cv/rafaela-louise,,,0,1,34,1,0,0,1,0,1,301,2025-09-09 21:31:07,2026-04-17 16:05:28
,https://www.cloudemployee.io/developers/cv/raffy-aaron,,,0,1,34,1,0,0,1,0,1,301,2025-09-09 15:11:14,2026-06-05 09:12:33
,https://www.cloudemployee.io/developers/cv/rai,,,0,1,34,1,0,0,1,0,1,301,2025-09-10 10:57:46,2026-04-18 05:38:48
,https://www.cloudemployee.io/developers/cv/raim-john,,,0,1,34,1,0,0,1,0,1,301,2025-09-15 15:46:58,2026-04-28 03:45:24
,https://www.cloudemployee.io/developers/cv/rain,,,0,1,34,1,0,0,1,0,1,301,2025-09-10 05:30:26,2026-04-17 20:10:05
,https://www.cloudemployee.io/developers/cv/ralph-martin,,,0,1,34,1,0,0,1,0,1,301,2025-09-15 09:23:57,2026-04-22 13:11:22
,https://www.cloudemployee.io/developers/cv/ram,,,0,1,34,1,0,0,1,0,1,301,2025-09-15 03:54:27,2026-05-18 22:32:15
,https://www.cloudemployee.io/developers/cv/ramon,,,0,1,34,1,0,0,1,0,1,301,2025-09-09 22:25:04,2026-07-04 01:57:40
,https://www.cloudemployee.io/developers/cv/ramon-f,,,0,1,34,1,0,0,1,0,1,301,2025-09-09 15:03:34,2026-04-16 12:43:29
,https://www.cloudemployee.io/developers/cv/randall,,,0,1,34,1,0,0,1,0,1,301,2025-09-09 22:11:27,2026-05-03 09:04:36
,https://www.cloudemployee.io/developers/cv/randy-alexis,,,0,1,34,1,0,0,1,0,1,301,2025-09-09 17:24:48,2026-05-30 17:23:17
,https://www.cloudemployee.io/developers/cv/raphael,,,0,1,34,1,0,0,1,0,1,301,2025-09-09 17:31:47,2026-07-04 12:51:55
,https://www.cloudemployee.io/developers/cv/raul,,,0,1,34,1,0,0,1,0,1,301,2025-09-09 13:27:44,2026-04-17 12:52:50
,https://www.cloudemployee.io/developers/cv/raul-dennis,,,0,1,34,1,0,0,1,0,1,301,2025-09-09 14:39:01,2026-05-12 10:12:51
,https://www.cloudemployee.io/developers/cv/ray,,,0,1,34,1,0,0,1,0,1,301,2025-09-09 19:25:19,2026-04-23 14:04:09
,https://www.cloudemployee.io/developers/cv/ray-jorge,,,0,1,34,1,0,0,1,0,1,301,2025-09-10 04:11:19,2026-04-17 23:26:25
,https://www.cloudemployee.io/developers/cv/ray-sigmund,,,0,1,34,1,0,0,1,0,1,301,2025-09-09 19:38:12,2026-04-18 00:10:38
,https://www.cloudemployee.io/developers/cv/rayleigh,,,0,1,34,1,0,0,1,0,1,301,2025-09-15 20:33:49,2026-06-24 10:55:45
,https://www.cloudemployee.io/developers/cv/raymart,,,0,1,34,1,0,0,1,0,1,301,2025-09-10 02:57:00,2026-04-28 04:09:48
,https://www.cloudemployee.io/developers/cv/raymond,,,0,1,34,1,0,0,1,0,1,301,2025-09-14 21:34:03,2026-04-18 01:02:46
,https://www.cloudemployee.io/developers/cv/raymund,,,0,1,34,1,0,0,1,0,1,301,2025-09-10 03:23:58,2026-05-16 20:57:06
,https://www.cloudemployee.io/developers/cv/raynier,,,0,1,34,1,0,0,1,0,1,301,2025-09-09 22:07:07,2026-04-18 01:19:52
,https://www.cloudemployee.io/developers/cv/raywin,,,0,1,34,1,0,0,1,0,1,301,2025-09-10 01:15:54,2026-07-09 00:16:23
,https://www.cloudemployee.io/developers/cv/rebecca,,,0,1,34,1,0,0,1,0,1,301,2025-09-09 19:03:42,2026-06-22 07:02:21
,https://www.cloudemployee.io/developers/cv/rechelle,,,0,1,34,1,0,0,1,0,1,301,2025-09-10 02:47:54,2026-03-20 21:15:23
,https://www.cloudemployee.io/developers/cv/reena,,,0,1,34,1,0,0,1,0,1,301,2025-09-09 19:46:13,2026-04-18 02:22:07
,https://www.cloudemployee.io/developers/cv/reggie,,,0,1,34,1,0,0,1,0,1,301,2025-09-09 22:55:16,2026-06-24 00:05:27
,https://www.cloudemployee.io/developers/cv/regina,,,0,1,34,1,0,0,1,0,1,301,2025-09-09 14:38:51,2026-05-30 02:04:56
,https://www.cloudemployee.io/developers/cv/reho,,,0,1,34,1,0,0,1,0,1,301,2025-09-15 08:02:26,2026-04-17 19:06:27
,https://www.cloudemployee.io/developers/cv/reinier,,,0,1,34,1,0,0,1,0,1,301,2025-09-10 06:27:51,2026-05-16 01:20:02
,https://www.cloudemployee.io/developers/cv/remi,,,0,1,34,1,0,0,1,0,1,301,2025-09-09 21:28:05,2026-07-04 22:29:26
,https://www.cloudemployee.io/developers/cv/remmy,,,0,1,34,1,0,0,1,0,1,301,2025-09-09 14:37:19,2026-05-03 15:28:02
,https://www.cloudemployee.io/developers/cv/remy,,,0,1,34,1,0,0,1,0,1,301,2025-09-15 04:54:18,2026-04-16 14:26:39
,https://www.cloudemployee.io/developers/cv/renato,,,0,1,34,1,0,0,1,0,1,301,2025-09-09 14:56:41,2026-05-08 18:00:40
,https://www.cloudemployee.io/developers/cv/renatta,,,0,1,34,1,0,0,1,0,1,301,2025-09-10 06:43:32,2026-05-26 23:36:30
,https://www.cloudemployee.io/developers/cv/rene,,,0,1,34,1,0,0,1,0,1,301,2025-09-15 11:28:58,2026-04-17 10:52:50
,https://www.cloudemployee.io/developers/cv/renz,,,0,1,34,1,0,0,1,0,1,301,2025-09-15 13:29:06,2026-04-17 11:24:24
,https://www.cloudemployee.io/developers/cv/renzo,,,0,1,34,1,0,0,1,0,1,301,2025-09-10 00:59:14,2026-05-06 07:44:23
,https://www.cloudemployee.io/developers/cv/rep,,,0,1,34,1,0,0,1,0,1,301,2025-09-10 05:46:56,2026-06-27 04:16:36
,https://www.cloudemployee.io/developers/cv/resty,,,0,1,34,1,0,0,1,0,1,301,2025-09-09 13:56:05,2026-05-28 10:28:08
,https://www.cloudemployee.io/developers/cv/reubben,,,0,1,34,1,0,0,1,0,1,301,2025-09-10 11:28:09,2026-04-17 20:30:05
,https://www.cloudemployee.io/developers/cv/reymond,,,0,1,34,1,0,0,1,0,1,301,2025-09-15 17:18:15,2026-06-30 07:17:25
,https://www.cloudemployee.io/developers/cv/reynald,,,0,1,34,1,0,0,1,0,1,301,2025-09-09 14:18:26,2026-04-18 01:25:10
,https://www.cloudemployee.io/developers/cv/reynaldo,,,0,1,34,1,0,0,1,0,1,301,2025-09-09 14:39:43,2026-04-17 23:13:12
,https://www.cloudemployee.io/developers/cv/rhea-anne,,,0,1,34,1,0,0,1,0,1,301,2025-09-10 01:12:54,2026-04-18 01:10:06
,https://www.cloudemployee.io/developers/cv/ricardo,,,0,1,34,1,0,0,1,0,1,301,2025-09-15 10:30:42,2026-04-17 07:53:45
,https://www.cloudemployee.io/developers/cv/riccolo,,,0,1,34,1,0,0,1,0,1,301,2025-09-10 07:38:54,2026-04-18 00:50:35
,https://www.cloudemployee.io/developers/cv/richard,,,0,1,34,1,0,0,1,0,1,301,2025-09-10 06:23:12,2026-07-12 04:52:25
,https://www.cloudemployee.io/developers/cv/richard-l,,,0,1,34,1,0,0,1,0,1,301,2025-09-10 02:10:22,2026-07-06 05:57:54
,https://www.cloudemployee.io/developers/cv/richard-n,,,0,1,34,1,0,0,1,0,1,301,2025-09-10 04:16:51,2026-06-25 13:30:20
,https://www.cloudemployee.io/developers/cv/richardo,,,0,1,34,1,0,0,1,0,1,301,2025-09-10 06:42:53,2026-04-18 03:21:04
,https://www.cloudemployee.io/developers/cv/richie,,,0,1,34,1,0,0,1,0,1,301,2025-09-10 03:47:05,2026-06-28 16:43:12
,https://www.cloudemployee.io/developers/cv/rick,,,0,1,34,1,0,0,1,0,1,301,2025-09-09 21:16:21,2026-04-16 12:57:33
,https://www.cloudemployee.io/developers/cv/ricky,,,0,1,34,1,0,0,1,0,1,301,2025-09-09 19:15:52,2026-07-12 14:13:57
,https://www.cloudemployee.io/developers/cv/rico-carlos,,,0,1,34,1,0,0,1,0,1,301,2025-10-06 09:59:07,2026-06-26 22:44:40
,https://www.cloudemployee.io/developers/cv/ridley,,,0,1,34,1,0,0,1,0,1,301,2025-09-15 14:15:04,2026-04-18 03:39:38
,https://www.cloudemployee.io/developers/cv/rinah,,,0,1,34,1,0,0,1,0,1,301,2025-09-10 06:44:20,2026-04-17 22:23:52
,https://www.cloudemployee.io/developers/cv/rio,,,0,1,34,1,0,0,1,0,1,301,2025-09-09 22:50:17,2026-04-17 14:28:26
,https://www.cloudemployee.io/developers/cv/ritto,,,0,1,34,1,0,0,1,0,1,301,2025-09-09 12:01:01,2026-04-16 12:01:36
,https://www.cloudemployee.io/developers/cv/riz,,,0,1,34,1,0,0,1,0,1,301,2025-09-09 16:00:58,2026-03-13 14:45:29
,https://www.cloudemployee.io/developers/cv/rizianne,,,0,1,34,1,0,0,1,0,1,301,2025-09-09 14:35:33,2026-05-22 02:09:06
,https://www.cloudemployee.io/developers/cv/rj,,,0,1,34,1,0,0,1,0,1,301,2025-09-10 08:05:34,2026-04-18 00:43:13
,https://www.cloudemployee.io/developers/cv/rob-allen,,,0,1,34,1,0,0,1,0,1,301,2025-09-15 20:03:09,2026-05-10 06:46:37
,https://www.cloudemployee.io/developers/cv/robbie,,,0,1,34,1,0,0,1,0,1,301,2025-09-10 04:35:18,2026-04-17 10:43:35
,https://www.cloudemployee.io/developers/cv/robern,,,0,1,34,1,0,0,1,0,1,301,2025-09-10 10:59:12,2026-04-17 23:26:14
,https://www.cloudemployee.io/developers/cv/robert-h,,,0,1,34,1,0,0,1,0,1,301,2025-09-10 04:23:32,2026-06-28 06:35:57
,https://www.cloudemployee.io/developers/cv/roberts,,,0,1,34,1,0,0,1,0,1,301,2025-09-10 07:59:56,2026-06-29 01:21:11
,https://www.cloudemployee.io/developers/cv/rochelle,,,0,1,34,1,0,0,1,0,1,301,2025-09-10 04:22:36,2026-06-30 18:08:03
,https://www.cloudemployee.io/developers/cv/rodelio,,,0,1,34,1,0,0,1,0,1,301,2025-09-09 23:35:15,2026-04-17 23:16:07
,https://www.cloudemployee.io/developers/cv/roderick,,,0,1,34,1,0,0,1,0,1,301,2025-09-15 12:08:26,2026-05-27 12:29:50
,https://www.cloudemployee.io/developers/cv/rodin,,,0,1,34,1,0,0,1,0,1,301,2025-09-09 16:24:37,2026-04-17 06:05:11
,https://www.cloudemployee.io/developers/cv/rodney,,,0,1,34,1,0,0,1,0,1,301,2025-09-10 03:36:43,2026-07-04 01:51:52
,https://www.cloudemployee.io/developers/cv/rodney-kyle,,,0,1,34,1,0,0,1,0,1,301,2025-09-10 02:48:19,2026-03-20 23:23:47
,https://www.cloudemployee.io/developers/cv/rodrick,,,0,1,34,1,0,0,1,0,1,301,2025-09-09 17:49:37,2026-04-18 07:15:56
,https://www.cloudemployee.io/developers/cv/rodrigo,,,0,1,34,1,0,0,1,0,1,301,2025-09-10 17:26:41,2026-04-17 16:58:33
,https://www.cloudemployee.io/developers/cv/roel,,,0,1,34,1,0,0,1,0,1,301,2025-09-09 21:11:54,2026-06-29 14:13:09
,https://www.cloudemployee.io/developers/cv/roger,,,0,1,34,1,0,0,1,0,1,301,2025-09-09 12:41:44,2026-06-12 02:05:06
,https://www.cloudemployee.io/developers/cv/roi-marten,,,0,1,34,1,0,0,1,0,1,301,2025-09-10 00:55:04,2026-06-29 00:18:53
,https://www.cloudemployee.io/developers/cv/rojan,,,0,1,34,1,0,0,1,0,1,301,2025-09-10 05:34:42,2026-06-11 23:14:01
,https://www.cloudemployee.io/developers/cv/rojin,,,0,1,34,1,0,0,1,0,1,301,2025-09-10 06:24:39,2026-04-18 01:56:27
,https://www.cloudemployee.io/developers/cv/rolan,,,0,1,34,1,0,0,1,0,1,301,2025-09-15 10:22:41,2026-04-17 15:05:14
,https://www.cloudemployee.io/developers/cv/rolando,,,0,1,34,1,0,0,1,0,1,301,2025-09-10 07:49:50,2026-05-19 13:03:31
,https://www.cloudemployee.io/developers/cv/roldan,,,0,1,34,1,0,0,1,0,1,301,2025-09-09 20:48:16,2026-04-17 14:55:48
,https://www.cloudemployee.io/developers/cv/roll,,,0,1,34,1,0,0,1,0,1,301,2025-09-09 19:58:10,2026-04-17 16:37:32
,https://www.cloudemployee.io/developers/cv/romabelle,,,0,1,34,1,0,0,1,0,1,301,2025-09-08 22:00:15,2026-04-17 21:14:36
,https://www.cloudemployee.io/developers/cv/romano,,,0,1,34,1,0,0,1,0,1,301,2025-09-09 16:47:46,2026-05-22 04:12:42
,https://www.cloudemployee.io/developers/cv/romeo,,,0,1,34,1,0,0,1,0,1,301,2025-09-10 09:30:56,2026-04-17 18:22:46
,https://www.cloudemployee.io/developers/cv/rommel,,,0,1,34,1,0,0,1,0,1,301,2025-09-09 10:30:08,2026-03-06 05:56:11
,https://www.cloudemployee.io/developers/cv/ron,,,0,1,34,1,0,0,1,0,1,301,2025-09-09 17:42:11,2026-06-22 23:01:50
,https://www.cloudemployee.io/developers/cv/ron-teddy,,,0,1,34,1,0,0,1,0,1,301,2025-09-10 05:04:23,2026-04-27 18:20:22
,https://www.cloudemployee.io/developers/cv/rona,,,0,1,34,1,0,0,1,0,1,301,2025-09-10 18:10:13,2026-04-17 16:48:31
,https://www.cloudemployee.io/developers/cv/ronald,,,0,1,34,1,0,0,1,0,1,301,2025-09-09 20:46:09,2026-07-06 04:11:19
,https://www.cloudemployee.io/developers/cv/ronaldo,,,0,1,34,1,0,0,1,0,1,301,2025-09-10 01:40:56,2026-07-04 09:55:23
,https://www.cloudemployee.io/developers/cv/ronalio,,,0,1,34,1,0,0,1,0,1,301,2025-09-15 05:23:53,2026-04-17 19:45:32
,https://www.cloudemployee.io/developers/cv/ronan,,,0,1,34,1,0,0,1,0,1,301,2025-09-10 05:39:04,2026-04-17 07:25:13
,https://www.cloudemployee.io/developers/cv/rondave,,,0,1,34,1,0,0,1,0,1,301,2025-09-15 17:45:11,2026-04-18 04:26:26
,https://www.cloudemployee.io/developers/cv/ronel,,,0,1,34,1,0,0,1,0,1,301,2025-09-10 12:13:06,2026-04-17 19:58:47
,https://www.cloudemployee.io/developers/cv/ronnel,,,0,1,34,1,0,0,1,0,1,301,2025-09-09 16:23:28,2026-04-16 13:44:34
,https://www.cloudemployee.io/developers/cv/ronnick,,,0,1,34,1,0,0,1,0,1,301,2025-09-09 23:41:25,2026-04-17 15:16:35
,https://www.cloudemployee.io/developers/cv/ronnie,,,0,1,34,1,0,0,1,0,1,301,2025-09-10 00:52:03,2026-02-26 22:42:28
,https://www.cloudemployee.io/developers/cv/ronnie-james,,,0,1,34,1,0,0,1,0,1,301,2025-09-09 13:31:50,2026-07-02 04:14:10
,https://www.cloudemployee.io/developers/cv/ros,,,0,1,34,1,0,0,1,0,1,301,2025-09-10 04:27:06,2026-04-17 18:49:49
,https://www.cloudemployee.io/developers/cv/rose,,,0,1,34,1,0,0,1,0,1,301,2025-09-09 13:27:12,2026-04-17 23:00:57
,https://www.cloudemployee.io/developers/cv/rosemary,,,0,1,34,1,0,0,1,0,1,301,2025-09-15 20:17:06,2026-04-16 10:37:30
,https://www.cloudemployee.io/developers/cv/ross,,,0,1,34,1,0,0,1,0,1,301,2025-09-09 17:57:13,2026-04-17 11:00:25
,https://www.cloudemployee.io/developers/cv/rossano,,,0,1,34,1,0,0,1,0,1,301,2025-09-10 01:44:43,2026-04-17 10:45:37
,https://www.cloudemployee.io/developers/cv/rowena,,,0,1,34,1,0,0,1,0,1,301,2025-09-09 19:22:54,2026-05-04 13:31:22
,https://www.cloudemployee.io/developers/cv/roy-karl,,,0,1,34,1,0,0,1,0,1,301,2025-09-09 22:57:08,2026-04-18 03:06:02
,https://www.cloudemployee.io/developers/cv/ruark,,,0,1,34,1,0,0,1,0,1,301,2025-09-09 20:22:29,2026-04-17 23:05:03
,https://www.cloudemployee.io/developers/cv/ruben,,,0,1,34,1,0,0,1,0,1,301,2025-09-10 04:51:11,2026-04-18 03:08:11
,https://www.cloudemployee.io/developers/cv/rudolf,,,0,1,34,1,0,0,1,0,1,301,2025-09-09 15:02:46,2026-04-17 16:16:42
,https://www.cloudemployee.io/developers/cv/rudy,,,0,1,34,1,0,0,1,0,1,301,2025-09-10 03:22:31,2026-07-07 17:03:29
,https://www.cloudemployee.io/developers/cv/ruf,,,0,1,34,1,0,0,1,0,1,301,2025-09-15 06:22:38,2026-04-17 22:18:30
,https://www.cloudemployee.io/developers/cv/rupert,,,0,1,34,1,0,0,1,0,1,301,2025-09-10 17:34:09,2026-04-17 20:20:34
,https://www.cloudemployee.io/developers/cv/rupert-brandon,,,0,1,34,1,0,0,1,0,1,301,2025-09-09 23:34:25,2026-04-18 01:26:47
,https://www.cloudemployee.io/developers/cv/russel,,,0,1,34,1,0,0,1,0,1,301,2025-09-10 18:49:48,2026-04-17 10:51:41
,https://www.cloudemployee.io/developers/cv/ruth,,,0,1,34,1,0,0,1,0,1,301,2025-09-15 00:05:02,2026-07-06 14:05:37
,https://www.cloudemployee.io/developers/cv/ruth-mhel,,,0,1,34,1,0,0,1,0,1,301,2025-09-09 15:10:10,2026-06-23 14:28:52
,https://www.cloudemployee.io/developers/cv/ryan-adam,,,0,1,34,1,0,0,1,0,1,301,2025-09-15 01:00:42,2026-04-17 05:51:40
,https://www.cloudemployee.io/developers/cv/ryan-casey,,,0,1,34,1,0,0,1,0,1,301,2025-09-15 20:35:07,2026-04-18 03:20:30
,https://www.cloudemployee.io/developers/cv/ryan-g,,,0,1,34,1,0,0,1,0,1,301,2025-09-09 21:12:40,2026-04-16 13:26:03
,https://www.cloudemployee.io/developers/cv/ryan-nico,,,0,1,34,1,0,0,1,0,1,301,2025-09-15 17:43:14,2026-07-11 00:11:55
,https://www.cloudemployee.io/developers/cv/ryanne,,,0,1,34,1,0,0,1,0,1,301,2025-09-09 19:27:27,2026-05-10 13:13:17
,https://www.cloudemployee.io/developers/cv/ryland,,,0,1,34,1,0,0,1,0,1,301,2025-09-10 04:31:39,2026-04-17 23:03:10
,https://www.cloudemployee.io/developers/cv/rylie,,,0,1,34,1,0,0,1,0,1,301,2025-09-09 16:05:45,2026-04-18 02:59:32
,https://www.cloudemployee.io/developers/cv/rysa,,,0,1,34,1,0,0,1,0,1,301,2025-09-09 22:23:30,2026-04-17 18:09:52
,https://www.cloudemployee.io/developers/cv/sab,,,0,1,34,1,0,0,1,0,1,301,2025-09-09 14:49:49,2026-04-18 00:45:39
,https://www.cloudemployee.io/developers/cv/sadie-jane,,,0,1,34,1,0,0,1,0,1,301,2025-09-15 14:32:33,2026-04-17 20:12:33
,https://www.cloudemployee.io/developers/cv/sam,,,0,1,34,1,0,0,1,0,1,301,2025-09-09 22:01:13,2026-05-15 01:56:40
,https://www.cloudemployee.io/developers/cv/samantha,,,0,1,34,1,0,0,1,0,1,301,2025-09-09 13:31:05,2026-04-16 10:16:30
,https://www.cloudemployee.io/developers/cv/samantha-joy,,,0,1,34,1,0,0,1,0,1,301,2025-09-10 01:59:25,2026-05-18 19:53:16
,https://www.cloudemployee.io/developers/cv/sammy,,,0,1,34,1,0,0,1,0,1,301,2025-09-09 15:07:01,2026-05-30 23:59:25
,https://www.cloudemployee.io/developers/cv/sandra,,,0,1,34,1,0,0,1,0,1,301,2025-09-09 22:29:05,2026-04-18 00:34:39
,https://www.cloudemployee.io/developers/cv/sandrell,,,0,1,34,1,0,0,1,0,1,301,2025-09-10 05:02:50,2026-06-16 02:15:50
,https://www.cloudemployee.io/developers/cv/sandrio,,,0,1,34,1,0,0,1,0,1,301,2025-09-10 02:13:11,2026-04-17 22:51:51
,https://www.cloudemployee.io/developers/cv/sanji,,,0,1,34,1,0,0,1,0,1,301,2025-09-09 13:36:58,2026-06-08 17:04:39
,https://www.cloudemployee.io/developers/cv/santiago,,,0,1,34,1,0,0,1,0,1,301,2025-09-15 16:37:46,2026-07-11 00:42:48
,https://www.cloudemployee.io/developers/cv/sarah,,,0,1,34,1,0,0,1,0,1,301,2025-09-09 22:44:55,2026-04-17 21:08:14
,https://www.cloudemployee.io/developers/cv/sasha-loraine,,,0,1,34,1,0,0,1,0,1,301,2025-09-15 12:00:55,2026-04-17 22:15:31
,https://www.cloudemployee.io/developers/cv/scott,,,0,1,34,1,0,0,1,0,1,301,2025-09-15 10:02:14,2026-07-01 15:21:23
,https://www.cloudemployee.io/developers/cv/sean,,,0,1,34,1,0,0,1,0,1,301,2025-09-10 00:44:20,2026-04-17 06:54:35
,https://www.cloudemployee.io/developers/cv/sean-michael,,,0,1,34,1,0,0,1,0,1,301,2025-09-09 18:30:35,2026-06-23 22:37:59
,https://www.cloudemployee.io/developers/cv/sebastian,,,0,1,34,1,0,0,1,0,1,301,2025-09-10 11:00:28,2026-04-18 01:30:13
,https://www.cloudemployee.io/developers/cv/sergio,,,0,1,34,1,0,0,1,0,1,301,2025-09-09 15:59:19,2026-07-04 12:27:37
,https://www.cloudemployee.io/developers/cv/sergio-neil,,,0,1,34,1,0,0,1,0,1,301,2025-09-14 20:27:22,2026-07-03 08:57:00
,https://www.cloudemployee.io/developers/cv/seth,,,0,1,34,1,0,0,1,0,1,301,2025-09-10 02:44:10,2026-07-02 04:36:09
,https://www.cloudemployee.io/developers/cv/seth-cael,,,0,1,34,1,0,0,1,0,1,301,2025-09-10 00:11:07,2026-04-17 04:57:37
,https://www.cloudemployee.io/developers/cv/sevie,,,0,1,34,1,0,0,1,0,1,301,2025-09-10 04:18:31,2026-04-17 18:49:19
,https://www.cloudemployee.io/developers/cv/sevon,,,0,1,34,1,0,0,1,0,1,301,2025-09-10 06:11:51,2026-06-26 05:00:54
,https://www.cloudemployee.io/developers/cv/shaira,,,0,1,34,1,0,0,1,0,1,301,2025-09-09 10:26:49,2026-05-20 16:27:55
,https://www.cloudemployee.io/developers/cv/shane,,,0,1,34,1,0,0,1,0,1,301,2025-09-09 15:13:00,2026-07-03 18:30:07
,https://www.cloudemployee.io/developers/cv/shanna,,,0,1,34,1,0,0,1,0,1,301,2025-09-09 23:33:45,2026-04-17 17:50:36
,https://www.cloudemployee.io/developers/cv/shanne,,,0,1,34,1,0,0,1,0,1,301,2025-09-10 05:14:31,2026-06-28 03:39:14
,https://www.cloudemployee.io/developers/cv/shaun,,,0,1,34,1,0,0,1,0,1,301,2025-09-09 22:13:10,2026-04-16 11:46:34
,https://www.cloudemployee.io/developers/cv/sheena-mae,,,0,1,34,1,0,0,1,0,1,301,2025-09-09 10:44:46,2026-04-17 13:12:50
,https://www.cloudemployee.io/developers/cv/sherwin,,,0,1,34,1,0,0,1,0,1,301,2025-09-09 15:11:45,2026-04-18 06:26:23
,https://www.cloudemployee.io/developers/cv/shina,,,0,1,34,1,0,0,1,0,1,301,2025-09-15 10:15:11,2026-04-18 03:23:10
,https://www.cloudemployee.io/developers/cv/sid,,,0,1,34,1,0,0,1,0,1,301,2025-09-09 20:55:11,2026-04-17 07:23:12
,https://www.cloudemployee.io/developers/cv/siena-lane,,,0,1,34,1,0,0,1,0,1,301,2025-09-10 00:48:05,2026-06-29 21:49:07
,https://www.cloudemployee.io/developers/cv/siera-marie,,,0,1,34,1,0,0,1,0,1,301,2025-09-10 17:19:41,2026-04-17 22:52:22
,https://www.cloudemployee.io/developers/cv/silas,,,0,1,34,1,0,0,1,0,1,301,2025-09-09 14:39:11,2026-05-26 08:57:59
,https://www.cloudemployee.io/developers/cv/simon,,,0,1,34,1,0,0,1,0,1,301,2025-09-09 10:36:51,2026-07-08 02:10:52
,https://www.cloudemployee.io/developers/cv/simon-james,,,0,1,34,1,0,0,1,0,1,301,2025-09-09 15:52:00,2026-06-17 08:11:37
,https://www.cloudemployee.io/developers/cv/siv,,,0,1,34,1,0,0,1,0,1,301,2025-09-10 01:32:03,2026-06-12 14:36:24
,https://www.cloudemployee.io/developers/cv/smithen,,,0,1,34,1,0,0,1,0,1,301,2025-09-10 00:42:09,2026-04-18 01:14:08
,https://www.cloudemployee.io/developers/cv/soc,,,0,1,34,1,0,0,1,0,1,301,2025-09-15 04:58:46,2026-07-05 05:01:34
,https://www.cloudemployee.io/developers/cv/socrates,,,0,1,34,1,0,0,1,0,1,301,2025-09-09 16:33:10,2026-04-17 21:21:27
,https://www.cloudemployee.io/developers/cv/sol,,,0,1,34,1,0,0,1,0,1,301,2025-09-15 12:32:47,2026-04-17 10:01:08
,https://www.cloudemployee.io/developers/cv/solomon,,,0,1,34,1,0,0,1,0,1,301,2025-09-10 00:45:54,2026-04-17 16:56:29
,https://www.cloudemployee.io/developers/cv/som,,,0,1,34,1,0,0,1,0,1,301,2025-09-09 16:13:07,2026-05-30 06:33:49
,https://www.cloudemployee.io/developers/cv/sonny,,,0,1,34,1,0,0,1,0,1,301,2025-09-09 19:52:34,2026-05-22 04:46:36
,https://www.cloudemployee.io/developers/cv/sophia-eva,,,0,1,34,1,0,0,1,0,1,301,2025-10-05 03:34:49,2026-06-26 01:28:27
,https://www.cloudemployee.io/developers/cv/soz,,,0,1,34,1,0,0,1,0,1,301,2025-09-09 15:31:45,2026-04-17 23:07:31
,https://www.cloudemployee.io/developers/cv/spears,,,0,1,34,1,0,0,1,0,1,301,2025-09-10 01:42:51,2026-07-11 09:12:44
,https://www.cloudemployee.io/developers/cv/spencer,,,0,1,34,1,0,0,1,0,1,301,2025-09-10 07:01:36,2026-04-17 20:09:44
,https://www.cloudemployee.io/developers/cv/stan,,,0,1,34,1,0,0,1,0,1,301,2025-09-15 11:31:40,2026-04-17 05:43:55
,https://www.cloudemployee.io/developers/cv/stanley,,,0,1,34,1,0,0,1,0,1,301,2025-09-10 18:44:17,2026-06-12 18:33:10
,https://www.cloudemployee.io/developers/cv/stefan,,,0,1,34,1,0,0,1,0,1,301,2025-09-14 22:18:46,2026-05-18 05:56:07
,https://www.cloudemployee.io/developers/cv/stefano,,,0,1,34,1,0,0,1,0,1,301,2025-09-15 17:57:30,2026-04-18 00:22:55
,https://www.cloudemployee.io/developers/cv/stella,,,0,1,34,1,0,0,1,0,1,301,2025-09-09 22:48:52,2026-04-17 23:40:56
,https://www.cloudemployee.io/developers/cv/stephanie,,,0,1,34,1,0,0,1,0,1,301,2025-09-15 09:57:53,2026-07-06 11:31:37
,https://www.cloudemployee.io/developers/cv/stephen,,,0,1,34,1,0,0,1,0,1,301,2025-09-10 06:04:12,2026-05-23 19:08:54
,https://www.cloudemployee.io/developers/cv/steve,,,0,1,34,1,0,0,1,0,1,301,2025-09-10 06:17:08,2026-04-18 00:16:48
,https://www.cloudemployee.io/developers/cv/steven,,,0,1,34,1,0,0,1,0,1,301,2025-09-09 13:58:59,2026-06-29 23:28:04
,https://www.cloudemployee.io/developers/cv/stevie,,,0,1,34,1,0,0,1,0,1,301,2025-09-10 16:34:06,2026-04-16 11:13:02
,https://www.cloudemployee.io/developers/cv/suz,,,0,1,34,1,0,0,1,0,1,301,2025-09-15 12:16:30,2026-07-11 14:46:06
,https://www.cloudemployee.io/developers/cv/tala,,,0,1,34,1,0,0,1,0,1,301,2025-09-09 23:20:23,2026-04-17 14:32:33
,https://www.cloudemployee.io/developers/cv/tam,,,0,1,34,1,0,0,1,0,1,301,2025-09-15 16:18:55,2026-04-17 09:09:12
,https://www.cloudemployee.io/developers/cv/tanya,,,0,1,34,1,0,0,1,0,1,301,2025-09-10 04:32:43,2026-04-18 00:57:52
,https://www.cloudemployee.io/developers/cv/tav,,,0,1,34,1,0,0,1,0,1,301,2025-09-10 04:55:23,2026-07-12 07:46:16
,https://www.cloudemployee.io/developers/cv/taylor,,,0,1,34,1,0,0,1,0,1,301,2025-09-10 00:43:14,2026-04-17 10:54:30
,https://www.cloudemployee.io/developers/cv/ted,,,0,1,34,1,0,0,1,0,1,301,2025-09-10 08:06:15,2026-04-18 02:34:13
,https://www.cloudemployee.io/developers/cv/teddie,,,0,1,34,1,0,0,1,0,1,301,2025-09-09 18:26:41,2026-04-17 08:19:25
,https://www.cloudemployee.io/developers/cv/teena,,,0,1,34,1,0,0,1,0,1,301,2025-09-10 16:37:00,2026-04-16 11:17:06
,https://www.cloudemployee.io/developers/cv/tenten,,,0,1,34,1,0,0,1,0,1,301,2025-09-09 13:59:27,2026-04-15 12:52:10
,https://www.cloudemployee.io/developers/cv/teori,,,0,1,34,1,0,0,1,0,1,301,2025-09-09 12:08:22,2026-04-16 11:51:10
,https://www.cloudemployee.io/developers/cv/terrence,,,0,1,34,1,0,0,1,0,1,301,2025-09-10 05:12:52,2026-04-17 17:55:54
,https://www.cloudemployee.io/developers/cv/tessa,,,0,1,34,1,0,0,1,0,1,301,2025-09-10 18:03:52,2026-04-18 00:57:19
,https://www.cloudemployee.io/developers/cv/tex,,,0,1,34,1,0,0,1,0,1,301,2025-09-09 17:48:20,2026-06-21 08:04:12
,https://www.cloudemployee.io/developers/cv/theodore,,,0,1,34,1,0,0,1,0,1,301,2025-09-09 12:14:52,2026-04-17 18:59:11
,https://www.cloudemployee.io/developers/cv/therese,,,0,1,34,1,0,0,1,0,1,301,2025-09-10 01:32:49,2026-07-07 03:38:12
,https://www.cloudemployee.io/developers/cv/thomas,,,0,1,34,1,0,0,1,0,1,301,2025-09-09 15:09:10,2026-06-26 21:50:37
,https://www.cloudemployee.io/developers/cv/thomas-jeff,,,0,1,34,1,0,0,1,0,1,301,2025-09-09 19:31:08,2026-07-07 09:12:02
,https://www.cloudemployee.io/developers/cv/timoteo,,,0,1,34,1,0,0,1,0,1,301,2025-09-15 05:19:48,2026-04-18 01:15:11
,https://www.cloudemployee.io/developers/cv/timothy,,,0,1,34,1,0,0,1,0,1,301,2025-09-09 18:23:50,2026-06-28 08:07:12
,https://www.cloudemployee.io/developers/cv/tj,,,0,1,34,1,0,0,1,0,1,301,2025-09-09 20:50:19,2026-07-10 04:17:22
,https://www.cloudemployee.io/developers/cv/tobias,,,0,1,34,1,0,0,1,0,1,301,2025-09-09 20:32:34,2026-04-17 20:45:07
,https://www.cloudemployee.io/developers/cv/toby-miles,,,0,1,34,1,0,0,1,0,1,301,2025-09-10 00:49:43,2026-04-17 20:18:39
,https://www.cloudemployee.io/developers/cv/tomas,,,0,1,34,1,0,0,1,0,1,301,2025-09-10 12:40:52,2026-04-18 01:33:56
,https://www.cloudemployee.io/developers/cv/tommy,,,0,1,34,1,0,0,1,0,1,301,2025-09-10 17:36:28,2026-07-09 14:13:16
,https://www.cloudemployee.io/developers/cv/tony,,,0,1,34,1,0,0,1,0,1,301,2025-09-09 14:39:32,2026-04-17 23:46:34
,https://www.cloudemployee.io/developers/cv/tony-blake,,,0,1,34,1,0,0,1,0,1,301,2025-09-10 06:49:28,2026-04-18 03:50:29
,https://www.cloudemployee.io/developers/cv/tony-marlon,,,0,1,34,1,0,0,1,0,1,301,2025-09-15 02:26:49,2026-04-17 10:52:36
,https://www.cloudemployee.io/developers/cv/travis,,,0,1,34,1,0,0,1,0,1,301,2025-09-09 21:56:14,2026-04-28 06:11:26
,https://www.cloudemployee.io/developers/cv/trax,,,0,1,34,1,0,0,1,0,1,301,2025-09-10 17:47:53,2026-07-04 14:56:21
,https://www.cloudemployee.io/developers/cv/tre,,,0,1,34,1,0,0,1,0,1,301,2025-09-15 10:58:30,2026-04-17 11:31:54
,https://www.cloudemployee.io/developers/cv/trevor,,,0,1,34,1,0,0,1,0,1,301,2025-09-09 12:31:23,2026-05-25 03:26:10
,https://www.cloudemployee.io/developers/cv/trisha,,,0,1,34,1,0,0,1,0,1,301,2025-09-09 17:43:36,2026-05-29 15:36:49
,https://www.cloudemployee.io/developers/cv/tristan,,,0,1,34,1,0,0,1,0,1,301,2025-09-10 04:57:32,2026-05-04 10:53:11
,https://www.cloudemployee.io/developers/cv/trixie,,,0,1,34,1,0,0,1,0,1,301,2025-09-09 23:06:06,2026-04-18 01:40:04
,https://www.cloudemployee.io/developers/cv/troy,,,0,1,34,1,0,0,1,0,1,301,2025-09-09 15:37:37,2026-04-16 12:36:35
,https://www.cloudemployee.io/developers/cv/tsarina,,,0,1,34,1,0,0,1,0,1,301,2025-10-06 09:26:30,2026-04-17 22:33:00
,https://www.cloudemployee.io/developers/cv/twinkle,,,0,1,34,1,0,0,1,0,1,301,2025-09-10 05:47:47,2026-04-17 16:37:57
,https://www.cloudemployee.io/developers/cv/tyler,,,0,1,34,1,0,0,1,0,1,301,2025-09-14 22:26:26,2026-04-18 03:37:08
,https://www.cloudemployee.io/developers/cv/tyreese,,,0,1,34,1,0,0,1,0,1,301,2025-09-09 15:42:36,2026-07-12 06:51:31
,https://www.cloudemployee.io/developers/cv/tyrion,,,0,1,34,1,0,0,1,0,1,301,2025-09-15 11:37:14,2026-04-17 04:25:14
,https://www.cloudemployee.io/developers/cv/tyrone,,,0,1,34,1,0,0,1,0,1,301,2025-09-10 06:50:59,2026-06-12 06:12:22
,https://www.cloudemployee.io/developers/cv/tyson,,,0,1,34,1,0,0,1,0,1,301,2025-09-10 18:51:24,2026-04-17 20:05:18
,https://www.cloudemployee.io/developers/cv/ugio,,,0,1,34,1,0,0,1,0,1,301,2025-09-10 03:23:04,2026-04-17 04:52:56
,https://www.cloudemployee.io/developers/cv/ugo,,,0,1,34,1,0,0,1,0,1,301,2025-09-10 03:19:00,2026-03-07 16:40:21
,https://www.cloudemployee.io/developers/cv/ulysses,,,0,1,34,1,0,0,1,0,1,301,2025-09-09 13:41:00,2026-05-21 03:30:33
,https://www.cloudemployee.io/developers/cv/ursula,,,0,1,34,1,0,0,1,0,1,301,2025-09-09 17:09:05,2026-04-17 20:27:07
,https://www.cloudemployee.io/developers/cv/val,,,0,1,34,1,0,0,1,0,1,301,2025-09-09 21:17:21,2026-04-16 12:58:24
,https://www.cloudemployee.io/developers/cv/valentina,,,0,1,34,1,0,0,1,0,1,301,2025-09-10 12:30:21,2026-06-29 20:49:45
,https://www.cloudemployee.io/developers/cv/van,,,0,1,34,1,0,0,1,0,1,301,2025-09-09 18:15:39,2026-06-25 23:11:15
,https://www.cloudemployee.io/developers/cv/vance,,,0,1,34,1,0,0,1,0,1,301,2025-09-10 09:29:09,2026-04-18 01:55:06
,https://www.cloudemployee.io/developers/cv/vandolf,,,0,1,34,1,0,0,1,0,1,301,2025-09-10 04:10:48,2026-04-17 15:53:10
,https://www.cloudemployee.io/developers/cv/vaughn,,,0,1,34,1,0,0,1,0,1,301,2025-09-10 02:19:44,2026-06-15 23:47:52
,https://www.cloudemployee.io/developers/cv/velez,,,0,1,34,1,0,0,1,0,1,301,2025-09-10 03:25:59,2026-06-29 23:19:49
,https://www.cloudemployee.io/developers/cv/vergel,,,0,1,34,1,0,0,1,0,1,301,2025-09-15 06:52:17,2026-04-16 14:27:49
,https://www.cloudemployee.io/developers/cv/veronica,,,0,1,34,1,0,0,1,0,1,301,2025-09-09 20:45:13,2026-04-17 22:55:18
,https://www.cloudemployee.io/developers/cv/veronica-mitch,,,0,1,34,1,0,0,1,0,1,301,2025-09-15 14:39:24,2026-07-09 09:11:35
,https://www.cloudemployee.io/developers/cv/veyson,,,0,1,34,1,0,0,1,0,1,301,2025-09-09 17:04:44,2026-05-31 13:04:56
,https://www.cloudemployee.io/developers/cv/vic-michael,,,0,1,34,1,0,0,1,0,1,301,2025-09-09 19:00:19,2026-05-27 16:06:41
,https://www.cloudemployee.io/developers/cv/vicente,,,0,1,34,1,0,0,1,0,1,301,2025-09-09 11:56:24,2026-06-12 03:03:55
,https://www.cloudemployee.io/developers/cv/victor,,,0,1,34,1,0,0,1,0,1,301,2025-09-15 16:46:44,2026-07-08 11:16:41
,https://www.cloudemployee.io/developers/cv/victor-bien,,,0,1,34,1,0,0,1,0,1,301,2025-09-15 10:47:22,2026-05-23 23:47:10
,https://www.cloudemployee.io/developers/cv/victoria,,,0,1,34,1,0,0,1,0,1,301,2025-09-19 14:24:43,2026-04-17 14:34:32
,https://www.cloudemployee.io/developers/cv/viktor,,,0,1,34,1,0,0,1,0,1,301,2025-09-10 18:00:53,2026-04-18 05:28:00
,https://www.cloudemployee.io/developers/cv/viktor-silas,,,0,1,34,1,0,0,1,0,1,301,2025-09-09 21:55:39,2026-04-17 22:45:34
,https://www.cloudemployee.io/developers/cv/viktore,,,0,1,34,1,0,0,1,0,1,301,2025-09-10 04:54:26,2026-04-17 15:22:30
,https://www.cloudemployee.io/developers/cv/vin,,,0,1,34,1,0,0,1,0,1,301,2025-09-09 15:56:30,2026-07-12 03:42:23
,https://www.cloudemployee.io/developers/cv/vince,,,0,1,34,1,0,0,1,0,1,301,2025-09-10 00:56:51,2026-05-13 12:02:13
,https://www.cloudemployee.io/developers/cv/vince-michael,,,0,1,34,1,0,0,1,0,1,301,2025-09-10 06:23:56,2026-06-26 06:37:37
,https://www.cloudemployee.io/developers/cv/vince-ryan,,,0,1,34,1,0,0,1,0,1,301,2025-09-09 15:43:08,2026-04-17 14:56:17
,https://www.cloudemployee.io/developers/cv/vincent,,,0,1,34,1,0,0,1,0,1,301,2025-09-09 19:55:13,2026-06-25 03:39:05
,https://www.cloudemployee.io/developers/cv/vincent-chase,,,0,1,34,1,0,0,1,0,1,301,2025-09-09 22:30:13,2026-06-28 06:04:06
,https://www.cloudemployee.io/developers/cv/vinn,,,0,1,34,1,0,0,1,0,1,301,2025-09-10 00:53:49,2026-04-17 13:58:30
,https://www.cloudemployee.io/developers/cv/vion,,,0,1,34,1,0,0,1,0,1,301,2025-09-10 04:56:17,2026-04-17 23:26:56
,https://www.cloudemployee.io/developers/cv/vit,,,0,1,34,1,0,0,1,0,1,301,2025-09-15 16:28:35,2026-04-17 02:13:09
,https://www.cloudemployee.io/developers/cv/vynce,,,0,1,34,1,0,0,1,0,1,301,2025-09-09 18:05:25,2026-02-22 13:54:48
,https://www.cloudemployee.io/developers/cv/wakim,,,0,1,34,1,0,0,1,0,1,301,2025-09-09 19:07:18,2026-05-08 16:33:29
,https://www.cloudemployee.io/developers/cv/wally,,,0,1,34,1,0,0,1,0,1,301,2025-09-09 16:42:23,2026-06-02 06:43:56
,https://www.cloudemployee.io/developers/cv/walter,,,0,1,34,1,0,0,1,0,1,301,2025-09-10 08:07:21,2026-04-18 03:44:13
,https://www.cloudemployee.io/developers/cv/walter-lennon,,,0,1,34,1,0,0,1,0,1,301,2025-09-10 03:12:14,2026-04-18 01:09:03
,https://www.cloudemployee.io/developers/cv/wen,,,0,1,34,1,0,0,1,0,1,301,2025-09-10 04:56:48,2026-04-18 01:02:04
,https://www.cloudemployee.io/developers/cv/wendell,,,0,1,34,1,0,0,1,0,1,301,2025-09-09 23:42:04,2026-04-17 22:26:45
,https://www.cloudemployee.io/developers/cv/wendy,,,0,1,34,1,0,0,1,0,1,301,2025-09-14 21:59:35,2026-04-17 21:32:56
,https://www.cloudemployee.io/developers/cv/wendylyn,,,0,1,34,1,0,0,1,0,1,301,2025-09-10 11:10:44,2026-04-17 19:47:21
,https://www.cloudemployee.io/developers/cv/wes,,,0,1,34,1,0,0,1,0,1,301,2025-09-15 11:34:29,2026-06-27 07:34:20
,https://www.cloudemployee.io/developers/cv/wesley,,,0,1,34,1,0,0,1,0,1,301,2025-09-14 20:55:31,2026-05-06 14:24:06
,https://www.cloudemployee.io/developers/cv/wilbert,,,0,1,34,1,0,0,1,0,1,301,2025-09-15 00:24:35,2026-04-17 23:50:07
,https://www.cloudemployee.io/developers/cv/wilfredo,,,0,1,34,1,0,0,1,0,1,301,2025-09-15 10:16:38,2026-04-17 22:14:04
,https://www.cloudemployee.io/developers/cv/will,,,0,1,34,1,0,0,1,0,1,301,2025-09-15 17:07:02,2026-04-17 11:46:59
,https://www.cloudemployee.io/developers/cv/will-s,,,0,1,34,1,0,0,1,0,1,301,2025-09-10 00:57:18,2026-07-04 10:25:22
,https://www.cloudemployee.io/developers/cv/willam,,,0,1,34,1,0,0,1,0,1,301,2025-09-09 21:28:40,2026-04-17 15:51:38
,https://www.cloudemployee.io/developers/cv/william-aaden,,,0,1,34,1,0,0,1,0,1,301,2025-09-10 02:33:39,2026-05-25 23:20:53
,https://www.cloudemployee.io/developers/cv/william-harry,,,0,1,34,1,0,0,1,0,1,301,2025-09-09 13:55:01,2026-04-16 10:19:36
,https://www.cloudemployee.io/developers/cv/willy,,,0,1,34,1,0,0,1,0,1,301,2025-09-09 10:40:03,2026-06-24 22:30:12
,https://www.cloudemployee.io/developers/cv/winston,,,0,1,34,1,0,0,1,0,1,301,2025-09-15 05:44:00,2026-04-18 01:28:26
,https://www.cloudemployee.io/developers/cv/wyatt,,,0,1,34,1,0,0,1,0,1,301,2025-09-09 21:03:57,2026-07-10 19:53:28
,https://www.cloudemployee.io/developers/cv/xander,,,0,1,34,1,0,0,1,0,1,301,2025-09-10 07:29:15,2026-04-17 19:59:20
,https://www.cloudemployee.io/developers/cv/xander-noe,,,0,1,34,1,0,0,1,0,1,301,2025-09-10 17:33:19,2026-06-29 07:13:33
,https://www.cloudemployee.io/developers/cv/xandria,,,0,1,34,1,0,0,1,0,1,301,2025-09-09 22:53:44,2026-04-29 08:27:31
,https://www.cloudemployee.io/developers/cv/xandro,,,0,1,34,1,0,0,1,0,1,301,2025-09-10 03:34:06,2026-04-17 19:17:12
,https://www.cloudemployee.io/developers/cv/xavier,,,0,1,34,1,0,0,1,0,1,301,2025-09-09 20:39:50,2026-04-18 01:29:37
,https://www.cloudemployee.io/developers/cv/xiro,,,0,1,34,1,0,0,1,0,1,301,2025-09-09 14:51:41,2026-04-17 21:12:37
,https://www.cloudemployee.io/developers/cv/xyrelle,,,0,1,34,1,0,0,1,0,1,301,2025-09-15 00:43:34,2026-06-25 20:43:57
,https://www.cloudemployee.io/developers/cv/yael,,,0,1,34,1,0,0,1,0,1,301,2025-09-09 14:31:43,2026-04-16 10:55:11
,https://www.cloudemployee.io/developers/cv/yanis,,,0,1,34,1,0,0,1,0,1,301,2025-09-09 22:24:31,2026-04-17 23:21:28
,https://www.cloudemployee.io/developers/cv/yasmine,,,0,1,34,1,0,0,1,0,1,301,2025-09-10 03:37:58,2026-04-18 00:42:40
,https://www.cloudemployee.io/developers/cv/yconne,,,0,1,34,1,0,0,1,0,1,301,2025-09-10 05:16:59,2026-06-24 20:42:35
,https://www.cloudemployee.io/developers/cv/yogi,,,0,1,34,1,0,0,1,0,1,301,2025-09-10 10:09:50,2026-06-29 00:31:45
,https://www.cloudemployee.io/developers/cv/yohan,,,0,1,34,1,0,0,1,0,1,301,2025-09-09 22:49:24,2026-04-18 05:51:40
,https://www.cloudemployee.io/developers/cv/yohann,,,0,1,34,1,0,0,1,0,1,301,2025-09-09 18:35:19,2026-04-16 13:47:00
,https://www.cloudemployee.io/developers/cv/yumi,,,0,1,34,1,0,0,1,0,1,301,2025-09-10 10:17:48,2026-06-03 02:00:28
,https://www.cloudemployee.io/developers/cv/yves,,,0,1,34,1,0,0,1,0,1,301,2025-09-10 01:41:34,2026-05-14 01:42:09
,https://www.cloudemployee.io/developers/cv/zac,,,0,1,34,1,0,0,1,0,1,301,2025-09-10 12:45:07,2026-07-12 19:54:01
,https://www.cloudemployee.io/developers/cv/zachary,,,0,1,34,1,0,0,1,0,1,301,2025-09-09 17:20:42,2026-04-18 01:28:06
,https://www.cloudemployee.io/developers/cv/zack,,,0,1,34,1,0,0,1,0,1,301,2025-09-15 10:05:06,2026-04-17 02:35:16
,https://www.cloudemployee.io/developers/cv/zander,,,0,1,34,1,0,0,1,0,1,301,2025-09-10 00:25:02,2026-04-14 19:28:27
,https://www.cloudemployee.io/developers/cv/zave,,,0,1,34,1,0,0,1,0,1,301,2025-09-09 23:23:49,2026-04-17 21:35:54
,https://www.cloudemployee.io/developers/cv/zed,,,0,1,34,1,0,0,1,0,1,301,2025-09-10 02:01:43,2026-03-21 13:14:57
,https://www.cloudemployee.io/developers/cv/zymon,,,0,1,34,1,0,0,1,0,1,301,2025-09-10 18:50:36,2026-04-17 15:54:45
,https://www.cloudemployee.io/developers/cv/zyron,,,0,1,34,1,0,0,1,0,1,301,2025-09-09 13:42:56,2026-05-14 13:05:50
,https://www.cloudemployee.io/developers/cython,,,0,1,34,1,0,0,1,0,1,301,2025-09-19 13:41:30,2026-07-04 14:51:47
,https://www.cloudemployee.io/developers/d3,,,0,1,34,1,0,0,1,0,1,301,2025-09-09 14:04:54,2026-05-11 19:16:29
,https://www.cloudemployee.io/developers/d3-js,,,0,1,34,1,0,0,1,0,1,301,2025-09-10 00:16:18,2026-07-06 21:13:57
,https://www.cloudemployee.io/developers/d3js,,,0,1,34,1,0,0,1,0,1,301,2025-09-18 12:14:28,2026-04-30 00:29:44
,https://www.cloudemployee.io/developers/dancer,,,0,1,34,1,0,0,1,0,1,301,2025-09-19 13:42:34,2026-04-18 05:04:21
,https://www.cloudemployee.io/developers/dapp,,,0,1,34,1,0,0,1,0,1,301,2025-09-19 14:05:47,2026-07-12 04:17:30
,https://www.cloudemployee.io/developers/dapper,,,0,1,34,1,0,0,1,0,1,301,2025-09-09 12:05:45,2026-04-18 01:13:09
,https://www.cloudemployee.io/developers/data-administration,,,0,1,34,1,0,0,1,0,1,301,2025-09-09 14:54:43,2026-05-16 13:55:11
,https://www.cloudemployee.io/developers/data-analysis,,,0,1,34,1,0,0,1,0,1,301,2025-09-09 13:43:39,2026-02-27 05:21:27
,https://www.cloudemployee.io/developers/data-driven-design,,,0,1,34,1,0,0,1,0,1,301,2025-09-10 04:38:50,2026-04-16 13:55:01
,https://www.cloudemployee.io/developers/data-entry,,,0,1,34,1,0,0,1,0,1,301,2025-09-09 13:45:21,2026-04-13 06:10:13
,https://www.cloudemployee.io/developers/data-mapping,,,0,1,34,1,0,0,1,0,1,301,2025-09-10 02:49:51,2026-07-10 20:39:42
,https://www.cloudemployee.io/developers/data-migration,,,0,1,34,1,0,0,1,0,1,301,2025-09-09 09:54:46,2026-04-13 15:20:44
,https://www.cloudemployee.io/developers/data-mining,,,0,1,34,1,0,0,1,0,1,301,2025-09-09 03:00:08,2026-05-02 11:25:40
,https://www.cloudemployee.io/developers/data-science,,,0,1,34,1,0,0,1,0,1,301,2025-09-15 10:27:25,2026-06-04 01:41:47
,https://www.cloudemployee.io/developers/data-visualisation,,,0,1,34,1,0,0,1,0,1,301,2025-09-09 07:22:32,2026-06-18 13:17:30
,https://www.cloudemployee.io/developers/data-warehouse,,,0,1,34,1,0,0,1,0,1,301,2025-09-19 14:17:36,2026-07-06 16:06:47
,https://www.cloudemployee.io/developers/database,,,0,1,34,1,0,0,1,0,1,301,2025-09-09 17:29:32,2026-04-18 04:13:11
,https://www.cloudemployee.io/developers/database-10g,,,0,1,34,1,0,0,1,0,1,301,2025-09-10 07:27:32,2026-04-18 05:02:53
,https://www.cloudemployee.io/developers/database-design,,,0,1,34,1,0,0,1,0,1,301,2025-09-15 05:31:20,2026-04-18 22:40:18
,https://www.cloudemployee.io/developers/database-management,,,0,1,34,1,0,0,1,0,1,301,2025-09-09 13:57:27,2026-07-05 04:24:38
,https://www.cloudemployee.io/developers/datatablesnet,,,0,1,34,1,0,0,1,0,1,301,2025-09-09 16:13:39,2026-04-18 04:55:42
,https://www.cloudemployee.io/developers/db-solo,,,0,1,34,1,0,0,1,0,1,301,2025-09-10 17:51:40,2026-04-18 04:41:27
,https://www.cloudemployee.io/developers/db2,,,0,1,34,1,0,0,1,0,1,301,2025-09-19 13:14:34,2026-04-16 11:56:56
,https://www.cloudemployee.io/developers/dc-os,,,0,1,34,1,0,0,1,0,1,301,2025-09-09 14:19:46,2026-06-24 21:59:55
,https://www.cloudemployee.io/developers/debian,,,0,1,34,1,0,0,1,0,1,301,2025-09-19 15:21:01,2026-04-18 02:18:41
,https://www.cloudemployee.io/developers/defect-tracking,,,0,1,34,1,0,0,1,0,1,301,2025-09-15 06:04:32,2026-04-18 04:18:59
,https://www.cloudemployee.io/developers/delphi,,,0,1,34,1,0,0,1,0,1,301,2025-09-09 07:25:45,2026-04-22 15:06:48
,https://www.cloudemployee.io/developers/delphi-7,,,0,1,34,1,0,0,1,0,1,301,2025-09-09 15:04:24,2026-05-02 05:26:42
,https://www.cloudemployee.io/developers/demandware,,,0,1,34,1,0,0,1,0,1,301,2025-09-19 11:41:47,2026-04-14 05:54:35
,https://www.cloudemployee.io/developers/devexpress,,,0,1,34,1,0,0,1,0,1,301,2025-09-19 10:09:59,2026-06-15 01:12:58
,https://www.cloudemployee.io/developers/devops,,,0,1,34,1,0,0,1,0,1,301,2025-09-19 05:51:59,2026-04-22 09:41:18
,https://www.cloudemployee.io/developers/digital-marketing,,,0,1,34,1,0,0,1,0,1,301,2025-09-09 21:46:50,2026-04-18 06:19:10
,https://www.cloudemployee.io/developers/directx,,,0,1,34,1,0,0,1,0,1,301,2025-09-19 13:27:41,2026-07-08 03:13:00
,https://www.cloudemployee.io/developers/divi-themes,,,0,1,34,1,0,0,1,0,1,301,2025-09-09 20:11:23,2026-04-18 03:40:13
,https://www.cloudemployee.io/developers/django,,,0,1,34,1,0,0,1,0,1,301,2025-09-16 16:33:40,2026-07-03 12:49:19
,https://www.cloudemployee.io/developers/django-mezzanine,,,0,1,34,1,0,0,1,0,1,301,2025-09-10 01:39:02,2026-04-18 05:40:07
,https://www.cloudemployee.io/developers/django-oscar,,,0,1,34,1,0,0,1,0,1,301,2025-09-15 09:52:23,2026-04-18 04:18:40
,https://www.cloudemployee.io/developers/django-rest-framework,,,0,1,34,1,0,0,1,0,1,301,2025-09-09 11:47:11,2026-05-07 19:07:30
,https://www.cloudemployee.io/developers/docker,,,0,1,34,1,0,0,1,0,1,301,2025-09-16 22:48:11,2026-06-30 21:20:01
,https://www.cloudemployee.io/developers/docker-hub,,,0,1,34,1,0,0,1,0,1,301,2025-09-15 13:45:57,2026-04-17 09:22:00
,https://www.cloudemployee.io/developers/doctrine,,,0,1,34,1,0,0,1,0,1,301,2025-09-09 01:08:19,2026-07-09 18:36:48
,https://www.cloudemployee.io/developers/documentation-review,,,0,1,34,1,0,0,1,0,1,301,2025-09-15 06:24:10,2026-04-18 04:13:59
,https://www.cloudemployee.io/developers/dojo,,,0,1,34,1,0,0,1,0,1,301,2025-09-19 11:26:31,2026-04-18 06:32:14
,https://www.cloudemployee.io/developers/dot-net,,,0,1,34,1,0,0,1,0,1,301,2025-09-25 17:45:38,2026-05-05 10:53:52
,https://www.cloudemployee.io/developers/dot-net-frameworks,,,0,1,34,1,0,0,1,0,1,301,2025-09-09 19:11:16,2026-06-09 20:39:49
,https://www.cloudemployee.io/developers/dotnetnuke,,,0,1,34,1,0,0,1,0,1,301,2025-09-19 12:07:52,2026-05-01 03:30:00
,https://www.cloudemployee.io/developers/dreamweaver,,,0,1,34,1,0,0,1,0,1,301,2025-09-10 04:15:33,2026-05-09 00:33:23
,https://www.cloudemployee.io/developers/drupal,,,0,1,34,1,0,0,1,0,1,301,2025-09-16 20:59:03,2026-04-13 16:28:25
,https://www.cloudemployee.io/developers/drupal8,,,0,1,34,1,0,0,1,0,1,301,2025-09-10 02:18:13,2026-05-08 09:46:00
,https://www.cloudemployee.io/developers/dry-principle,,,0,1,34,1,0,0,1,0,1,301,2025-09-10 00:22:37,2026-04-18 05:11:24
,https://www.cloudemployee.io/developers/dublin/adk,,,0,1,34,1,0,0,1,0,1,301,2025-09-17 23:44:37,2026-04-17 15:02:07
,https://www.cloudemployee.io/developers/dublin/adobe-software,,,,1,34,1,0,1,1,0,1,,2025-09-17 09:15:14,2025-09-17 09:15:14
,https://www.cloudemployee.io/developers/dublin/fsharp,,,0,1,34,1,0,0,1,0,1,301,2025-09-14 22:52:00,2026-04-17 08:13:18
,https://www.cloudemployee.io/developers/dublin/maya,,,0,1,34,1,0,0,1,0,1,301,2025-09-24 05:08:08,2026-06-24 08:01:32
,https://www.cloudemployee.io/developers/dublin/powerbuilder,,,0,1,34,1,0,0,1,0,1,301,2025-09-14 23:30:58,2026-04-17 04:52:13
,https://www.cloudemployee.io/developers/dublin/rackspace,,,,1,34,1,0,1,1,0,1,,2025-09-18 04:02:28,2025-09-18 04:02:28
,https://www.cloudemployee.io/developers/dwr,,,0,1,34,1,0,0,1,0,1,301,2025-09-09 18:38:53,2026-05-10 14:10:26
,https://www.cloudemployee.io/developers/e-commerce,,,0,1,34,1,0,0,1,0,1,301,2025-09-09 21:02:38,2026-04-27 18:11:30
,https://www.cloudemployee.io/developers/e-learning,,,0,1,34,1,0,0,1,0,1,301,2025-09-10 05:54:24,2026-07-07 05:32:59
,https://www.cloudemployee.io/developers/ebay-api,,,0,1,34,1,0,0,1,0,1,301,2025-09-19 12:20:46,2026-04-15 14:36:12
,https://www.cloudemployee.io/developers/ec2,,,0,1,34,1,0,0,1,0,1,301,2025-09-25 10:41:04,2026-04-18 02:04:32
,https://www.cloudemployee.io/developers/eclipse,,,0,1,34,1,0,0,1,0,1,301,2025-09-16 19:01:43,2026-07-03 05:02:53
,https://www.cloudemployee.io/developers/eclipse-ide,,,0,1,34,1,0,0,1,0,1,301,2025-09-09 21:56:47,2026-04-27 05:42:10
,https://www.cloudemployee.io/developers/eclipse-rap,,,0,1,34,1,0,0,1,0,1,301,2025-09-19 11:10:25,2026-04-18 05:42:15
,https://www.cloudemployee.io/developers/ecmascript-6,,,0,1,34,1,0,0,1,0,1,301,2025-09-19 12:01:41,2026-05-03 01:24:36
,https://www.cloudemployee.io/developers/ecommerce,,,0,1,34,1,0,0,1,0,1,301,2025-09-09 13:07:54,2026-04-23 17:12:09
,https://www.cloudemployee.io/developers/edi,,,0,1,34,1,0,0,1,0,1,301,2025-09-19 12:21:37,2026-07-07 21:11:24
,https://www.cloudemployee.io/developers/edinburgh/agavi,,,,1,34,1,0,1,1,0,1,,2025-09-18 07:27:01,2025-09-18 07:27:01
,https://www.cloudemployee.io/developers/edinburgh/cobol,,,0,1,34,1,0,0,1,0,1,301,2025-09-14 22:55:02,2026-04-17 13:45:16
,https://www.cloudemployee.io/developers/edinburgh/knockoutjs,,,0,1,34,1,0,0,1,0,1,301,2025-09-16 02:34:24,2026-04-16 22:40:38
,https://www.cloudemployee.io/developers/edinburgh/laravel,,,0,1,34,1,0,0,1,0,1,301,2025-09-18 07:36:11,2026-04-18 05:46:29
,https://www.cloudemployee.io/developers/edinburgh/openlaszlo,,,0,1,34,1,0,0,1,0,1,301,2025-10-17 14:41:15,2026-07-07 16:17:06
,https://www.cloudemployee.io/developers/edinburgh/rackspace,,,0,1,34,1,0,0,1,0,1,301,2025-09-14 22:50:24,2026-04-17 08:07:19
,https://www.cloudemployee.io/developers/edinburgh/umbraco-cms,,,0,1,34,1,0,0,1,0,1,301,2025-09-17 13:53:38,2026-04-17 21:05:43
,https://www.cloudemployee.io/developers/edm,,,0,1,34,1,0,0,1,0,1,301,2025-09-23 02:09:52,2026-07-12 02:48:45
,https://www.cloudemployee.io/developers/efk,,,0,1,34,1,0,0,1,0,1,301,2025-09-15 13:39:13,2026-04-17 23:44:28
,https://www.cloudemployee.io/developers/ejb,,,0,1,34,1,0,0,1,0,1,301,2025-09-09 11:45:08,2026-04-29 00:02:25
,https://www.cloudemployee.io/developers/elasticsearch,,,0,1,34,1,0,0,1,0,1,301,2025-09-18 18:11:51,2026-04-28 18:30:25
,https://www.cloudemployee.io/developers/electron,,,0,1,34,1,0,0,1,0,1,301,2025-09-08 22:36:41,2026-04-13 16:40:44
,https://www.cloudemployee.io/developers/electron-js,,,0,1,34,1,0,0,1,0,1,301,2025-09-19 14:40:38,2026-04-18 06:51:18
,https://www.cloudemployee.io/developers/elgg,,,0,1,34,1,0,0,1,0,1,301,2025-09-19 15:50:57,2026-04-18 05:34:21
,https://www.cloudemployee.io/developers/elixir,,,0,1,34,1,0,0,1,0,1,301,2025-09-19 12:01:58,2026-04-18 07:03:56
,https://www.cloudemployee.io/developers/elk,,,0,1,34,1,0,0,1,0,1,301,2025-09-15 13:44:32,2026-07-05 11:57:19
,https://www.cloudemployee.io/developers/eloqua,,,0,1,34,1,0,0,1,0,1,301,2025-09-10 03:37:25,2026-04-18 06:52:36
,https://www.cloudemployee.io/developers/email-marketing,,,0,1,34,1,0,0,1,0,1,301,2025-09-09 13:30:25,2026-04-13 05:49:17
,https://www.cloudemployee.io/developers/embedded-software,,,0,1,34,1,0,0,1,0,1,301,2025-09-09 06:33:50,2026-04-24 18:39:31
,https://www.cloudemployee.io/developers/ember,,,0,1,34,1,0,0,1,0,1,301,2025-09-08 18:27:40,2026-06-27 18:43:27
,https://www.cloudemployee.io/developers/emberjs,,,0,1,34,1,0,0,1,0,1,301,2025-09-19 09:11:04,2026-05-06 23:55:29
,https://www.cloudemployee.io/developers/enterprise-application,,,0,1,34,1,0,0,1,0,1,301,2025-09-09 22:25:35,2026-04-18 06:21:03
,https://www.cloudemployee.io/developers/entity-framework,,,0,1,34,1,0,0,1,0,1,301,2025-09-25 00:51:22,2026-04-14 09:24:56
,https://www.cloudemployee.io/developers/episerver,,,0,1,34,1,0,0,1,0,1,301,2025-09-09 18:55:01,2026-04-18 15:09:53
,https://www.cloudemployee.io/developers/erlang,,,0,1,34,1,0,0,1,0,1,301,2025-09-19 10:16:03,2026-05-04 02:04:59
,https://www.cloudemployee.io/developers/erp,,,0,1,34,1,0,0,1,0,1,301,2025-09-16 02:08:44,2026-04-21 10:47:13
,https://www.cloudemployee.io/developers/es5,,,0,1,34,1,0,0,1,0,1,301,2025-09-09 19:32:03,2026-07-06 22:32:50
,https://www.cloudemployee.io/developers/es6,,,0,1,34,1,0,0,1,0,1,301,2025-09-25 07:20:06,2026-04-18 05:15:13
,https://www.cloudemployee.io/developers/es7,,,0,1,34,1,0,0,1,0,1,301,2025-09-09 15:22:31,2026-05-17 09:28:37
,https://www.cloudemployee.io/developers/espresso,,,0,1,34,1,0,0,1,0,1,301,2025-09-15 06:01:35,2026-04-18 06:15:22
,https://www.cloudemployee.io/developers/ethereum,,,0,1,34,1,0,0,1,0,1,301,2025-09-19 15:55:54,2026-04-18 04:12:06
,https://www.cloudemployee.io/developers/etl,,,0,1,34,1,0,0,1,0,1,301,2025-09-19 11:53:08,2026-05-02 15:28:02
,https://www.cloudemployee.io/developers/eventum,,,0,1,34,1,0,0,1,0,1,301,2025-09-10 17:52:35,2026-07-11 04:10:40
,https://www.cloudemployee.io/developers/evernote,,,0,1,34,1,0,0,1,0,1,301,2025-09-19 12:59:41,2026-07-01 05:25:12
,https://www.cloudemployee.io/developers/express,,,0,1,34,1,0,0,1,0,1,301,2025-09-09 14:59:36,2026-05-09 14:09:36
,https://www.cloudemployee.io/developers/express-framework,,,0,1,34,1,0,0,1,0,1,301,2025-09-09 13:53:22,2026-04-14 23:57:59
,https://www.cloudemployee.io/developers/expressionengine,,,0,1,34,1,0,0,1,0,1,301,2025-09-19 12:47:51,2026-05-23 03:46:20
,https://www.cloudemployee.io/developers/expressjs,,,0,1,34,1,0,0,1,0,1,301,2025-09-16 19:43:18,2026-06-23 11:26:58
,https://www.cloudemployee.io/developers/ext-js,,,0,1,34,1,0,0,1,0,1,301,2025-09-19 12:04:54,2026-06-28 17:16:21
,https://www.cloudemployee.io/developers/ext20,,,0,1,34,1,0,0,1,0,1,301,2025-09-09 17:22:19,2026-07-12 08:15:19
,https://www.cloudemployee.io/developers/extjs,,,0,1,34,1,0,0,1,0,1,301,2025-09-09 09:42:21,2026-05-03 09:35:04
,https://www.cloudemployee.io/developers/fabric,,,0,1,34,1,0,0,1,0,1,301,2025-09-09 09:47:04,2026-05-06 19:44:54
,https://www.cloudemployee.io/developers/facebook-api,,,0,1,34,1,0,0,1,0,1,301,2025-09-19 07:54:08,2026-04-18 06:27:27
,https://www.cloudemployee.io/developers/facebook-graph-api,,,0,1,34,1,0,0,1,0,1,301,2025-09-10 07:14:20,2026-07-01 07:25:20
,https://www.cloudemployee.io/developers/falcon,,,0,1,34,1,0,0,1,0,1,301,2025-09-09 15:02:50,2026-05-30 23:37:06
,https://www.cloudemployee.io/developers/fastexport,,,0,1,34,1,0,0,1,0,1,301,2025-09-15 05:16:56,2026-04-18 05:10:08
,https://www.cloudemployee.io/developers/fastload,,,0,1,34,1,0,0,1,0,1,301,2025-09-15 05:21:44,2026-07-01 01:34:57
,https://www.cloudemployee.io/developers/fat-free,,,0,1,34,1,0,0,1,0,1,301,2025-09-19 13:46:18,2026-07-02 04:03:12
,https://www.cloudemployee.io/developers/fcm,,,0,1,34,1,0,0,1,0,1,301,2025-09-09 09:40:29,2026-05-10 20:12:30
,https://www.cloudemployee.io/developers/fedora,,,0,1,34,1,0,0,1,0,1,301,2025-09-09 00:43:56,2026-06-05 04:32:17
,https://www.cloudemployee.io/developers/filezilla,,,0,1,34,1,0,0,1,0,1,301,2025-09-09 02:07:09,2026-05-14 06:50:00
,https://www.cloudemployee.io/developers/financial-software,,,0,1,34,1,0,0,1,0,1,301,2025-09-09 04:34:15,2026-04-24 09:06:21
,https://www.cloudemployee.io/developers/fire,,,0,1,34,1,0,0,1,0,1,301,2025-09-09 18:36:03,2026-05-18 15:06:09
,https://www.cloudemployee.io/developers/firebase,,,0,1,34,1,0,0,1,0,1,301,2025-09-18 12:27:25,2026-02-26 06:17:03
,https://www.cloudemployee.io/developers/firebird,,,0,1,34,1,0,0,1,0,1,301,2025-09-09 06:00:22,2026-05-15 18:33:45
,https://www.cloudemployee.io/developers/flash,,,0,1,34,1,0,0,1,0,1,301,2025-09-25 10:38:29,2026-04-18 05:42:01
,https://www.cloudemployee.io/developers/flask,,,0,1,34,1,0,0,1,0,1,301,2025-09-16 21:43:06,2026-04-13 11:56:53
,https://www.cloudemployee.io/developers/flex,,,0,1,34,1,0,0,1,0,1,301,2025-09-19 12:44:51,2026-04-18 04:57:44
,https://www.cloudemployee.io/developers/flutter,,,0,1,34,1,0,0,1,0,1,301,2025-09-19 17:15:33,2026-04-18 05:22:36
,https://www.cloudemployee.io/developers/formengine,,,0,1,34,1,0,0,1,0,1,301,2025-09-19 15:07:33,2026-05-20 00:50:35
,https://www.cloudemployee.io/developers/fortran,,,0,1,34,1,0,0,1,0,1,301,2025-09-19 12:22:20,2026-04-13 23:59:47
,https://www.cloudemployee.io/developers/foundation,,,0,1,34,1,0,0,1,0,1,301,2025-09-09 19:45:16,2026-04-18 06:59:30
,https://www.cloudemployee.io/developers/foxpro,,,0,1,34,1,0,0,1,0,1,301,2025-09-19 08:03:07,2026-05-14 20:27:29
,https://www.cloudemployee.io/developers/freebsd,,,0,1,34,1,0,0,1,0,1,301,2025-09-19 13:11:37,2026-04-14 11:45:22
,https://www.cloudemployee.io/developers/freemarker,,,0,1,34,1,0,0,1,0,1,301,2025-09-09 18:39:39,2026-05-14 08:45:21
,https://www.cloudemployee.io/developers/front-end,,,0,1,34,1,0,0,1,0,1,301,2025-09-19 12:31:00,2026-04-18 04:12:17
,https://www.cloudemployee.io/developers/front-end-develeopers,,,0,1,34,1,0,0,1,0,1,301,2025-09-09 14:37:53,2026-04-14 07:21:04
,https://www.cloudemployee.io/developers/front-end-development,,,0,1,34,1,0,0,1,0,1,301,2025-09-15 10:19:29,2026-07-01 19:00:17
,https://www.cloudemployee.io/developers/front-end-technologies,,,0,1,34,1,0,0,1,0,1,301,2025-09-09 21:06:02,2026-05-12 00:25:41
,https://www.cloudemployee.io/developers/front-end-testing,,,0,1,34,1,0,0,1,0,1,301,2025-09-14 22:09:40,2026-07-01 06:04:08
,https://www.cloudemployee.io/developers/front-page,,,0,1,34,1,0,0,1,0,1,301,2025-09-10 11:47:42,2026-04-18 04:33:46
,https://www.cloudemployee.io/developers/fsharp,,,0,1,34,1,0,0,1,0,1,301,2025-09-19 12:08:57,2026-07-11 12:51:01
,https://www.cloudemployee.io/developers/ftp,,,0,1,34,1,0,0,1,0,1,301,2025-09-10 01:02:38,2026-05-17 05:54:46
,https://www.cloudemployee.io/developers/fuelphp,,,0,1,34,1,0,0,1,0,1,301,2025-09-19 14:49:44,2026-05-27 13:25:51
,https://www.cloudemployee.io/developers/full-stack-web-development,,,0,1,34,1,0,0,1,0,1,301,2025-09-09 23:13:07,2026-02-27 10:54:43
,https://www.cloudemployee.io/developers/functional-testing,,,0,1,34,1,0,0,1,0,1,301,2025-09-08 23:02:51,2026-05-04 04:32:48
,https://www.cloudemployee.io/developers/fusebox,,,0,1,34,1,0,0,1,0,1,301,2025-09-19 13:31:27,2026-07-09 17:07:07
,https://www.cloudemployee.io/developers/game-ai,,,0,1,34,1,0,0,1,0,1,301,2025-09-09 19:02:43,2026-05-22 12:45:40
,https://www.cloudemployee.io/developers/game-development,,,0,1,34,1,0,0,1,0,1,301,2025-09-09 16:31:49,2026-04-14 02:03:23
,https://www.cloudemployee.io/developers/gentoo,,,0,1,34,1,0,0,1,0,1,301,2025-09-19 13:15:04,2026-06-30 05:52:20
,https://www.cloudemployee.io/developers/germany/ada,,,0,1,34,1,0,0,1,0,1,301,2025-09-14 23:20:18,2026-04-17 08:31:57
,https://www.cloudemployee.io/developers/germany/facebook-api,,,0,1,34,1,0,0,1,0,1,301,2025-09-25 07:33:12,2026-04-17 13:33:22
,https://www.cloudemployee.io/developers/germany/haskell,,,0,1,34,1,0,0,1,0,1,301,2025-09-14 21:32:16,2026-07-07 17:37:30
,https://www.cloudemployee.io/developers/germany/hybris,,,0,1,34,1,0,0,1,0,1,301,2025-09-24 06:47:57,2026-04-17 21:14:01
,https://www.cloudemployee.io/developers/germany/prestashop,,,0,1,34,1,0,0,1,0,1,301,2025-09-19 08:39:43,2026-07-03 01:02:16
,https://www.cloudemployee.io/developers/germany/silex,,,0,1,34,1,0,0,1,0,1,301,2025-09-14 22:57:28,2026-04-17 18:43:57
,https://www.cloudemployee.io/developers/ginger,,,0,1,34,1,0,0,1,0,1,301,2025-09-14 22:14:14,2026-04-18 05:26:40
,https://www.cloudemployee.io/developers/git,,,0,1,34,1,0,0,1,0,1,301,2025-09-16 22:33:50,2026-04-16 14:24:20
,https://www.cloudemployee.io/developers/git-bash,,,0,1,34,1,0,0,1,0,1,301,2025-09-10 18:20:07,2026-04-18 04:59:00
,https://www.cloudemployee.io/developers/github,,,0,1,34,1,0,0,1,0,1,301,2025-09-18 11:02:59,2026-02-23 00:15:31
,https://www.cloudemployee.io/developers/github-api,,,0,1,34,1,0,0,1,0,1,301,2025-09-10 17:59:07,2026-04-18 05:53:02
,https://www.cloudemployee.io/developers/glasgow/jira,,,0,1,34,1,0,0,1,0,1,301,2025-09-17 15:11:23,2026-06-27 23:07:36
,https://www.cloudemployee.io/developers/glasgow/openrasta,,,0,1,34,1,0,0,1,0,1,301,2025-09-23 07:44:13,2026-04-18 04:08:13
,https://www.cloudemployee.io/developers/glasgow/youtube-api,,,,1,34,1,0,1,1,0,1,,2025-09-18 03:52:41,2025-09-18 03:52:41
,https://www.cloudemployee.io/developers/glassfish,,,0,1,34,1,0,0,1,0,1,301,2025-09-09 08:42:10,2026-06-28 11:07:20
,https://www.cloudemployee.io/developers/glide,,,0,1,34,1,0,0,1,0,1,301,2025-09-09 21:34:15,2026-04-18 06:58:10
,https://www.cloudemployee.io/developers/golang,,,0,1,34,1,0,0,1,0,1,301,2025-09-09 14:37:09,2026-07-04 13:23:18
,https://www.cloudemployee.io/developers/google-analytics,,,0,1,34,1,0,0,1,0,1,301,2025-09-09 15:26:32,2026-07-09 00:09:48
,https://www.cloudemployee.io/developers/google-api,,,0,1,34,1,0,0,1,0,1,301,2025-09-19 11:21:47,2026-05-24 11:23:35
,https://www.cloudemployee.io/developers/google-app-engine,,,0,1,34,1,0,0,1,0,1,301,2025-09-09 20:15:03,2026-07-07 15:13:36
,https://www.cloudemployee.io/developers/google-cloud-platform,,,0,1,34,1,0,0,1,0,1,301,2025-09-09 11:32:57,2026-04-13 14:52:24
,https://www.cloudemployee.io/developers/google-drive,,,0,1,34,1,0,0,1,0,1,301,2025-09-09 19:50:47,2026-07-06 18:03:12
,https://www.cloudemployee.io/developers/google-maps,,,0,1,34,1,0,0,1,0,1,301,2025-09-09 19:04:16,2026-04-18 07:05:34
,https://www.cloudemployee.io/developers/google-products,,,0,1,34,1,0,0,1,0,1,301,2025-09-09 21:57:18,2026-07-08 18:35:57
,https://www.cloudemployee.io/developers/gradle,,,0,1,34,1,0,0,1,0,1,301,2025-09-25 07:57:00,2026-05-07 22:36:16
,https://www.cloudemployee.io/developers/grafana,,,0,1,34,1,0,0,1,0,1,301,2025-09-15 13:40:28,2026-04-18 03:03:27
,https://www.cloudemployee.io/developers/grails,,,0,1,34,1,0,0,1,0,1,301,2025-09-19 11:30:28,2026-06-19 14:53:41
,https://www.cloudemployee.io/developers/graphcool,,,0,1,34,1,0,0,1,0,1,301,2025-09-09 17:26:08,2026-04-18 04:58:52
,https://www.cloudemployee.io/developers/graphic-design,,,0,1,34,1,0,0,1,0,1,301,2025-09-09 02:02:00,2026-05-03 15:04:59
,https://www.cloudemployee.io/developers/graphql,,,0,1,34,1,0,0,1,0,1,301,2025-09-19 11:11:54,2026-04-18 06:16:54
,https://www.cloudemployee.io/developers/gravity-forms,,,0,1,34,1,0,0,1,0,1,301,2025-09-09 20:10:21,2026-04-18 01:52:39
,https://www.cloudemployee.io/developers/grok,,,0,1,34,1,0,0,1,0,1,301,2025-09-19 11:42:13,2026-04-15 16:41:13
,https://www.cloudemployee.io/developers/groovy,,,0,1,34,1,0,0,1,0,1,301,2025-09-19 08:43:05,2026-05-14 06:56:26
,https://www.cloudemployee.io/developers/grunt,,,0,1,34,1,0,0,1,0,1,301,2025-09-08 16:46:13,2026-05-13 05:00:55
,https://www.cloudemployee.io/developers/gulp,,,0,1,34,1,0,0,1,0,1,301,2025-09-18 16:12:38,2026-05-24 02:08:33
,https://www.cloudemployee.io/developers/gulpjs,,,0,1,34,1,0,0,1,0,1,301,2025-09-25 07:15:37,2026-06-20 14:20:45
,https://www.cloudemployee.io/developers/hadoop,,,0,1,34,1,0,0,1,0,1,301,2025-09-19 12:00:56,2026-05-07 14:44:02
,https://www.cloudemployee.io/developers/haml,,,0,1,34,1,0,0,1,0,1,301,2025-12-25 15:41:09,2026-05-20 11:38:29
,https://www.cloudemployee.io/developers/hamlets,,,0,1,34,1,0,0,1,0,1,301,2025-09-19 16:06:31,2026-06-25 13:36:29
,https://www.cloudemployee.io/developers/handlebarsjs,,,0,1,34,1,0,0,1,0,1,301,2025-09-15 17:36:10,2026-06-27 01:41:23
,https://www.cloudemployee.io/developers/hangfire,,,0,1,34,1,0,0,1,0,1,301,2025-09-14 20:12:08,2026-04-18 04:14:13
,https://www.cloudemployee.io/developers/hapijs,,,0,1,34,1,0,0,1,0,1,301,2025-09-15 05:29:23,2026-04-21 09:08:07
,https://www.cloudemployee.io/developers/haskell,,,0,1,34,1,0,0,1,0,1,301,2025-09-16 03:22:15,2026-04-18 03:07:54
,https://www.cloudemployee.io/developers/hazaar-mvc,,,0,1,34,1,0,0,1,0,1,301,2025-09-19 12:23:28,2026-06-10 08:33:22
,https://www.cloudemployee.io/developers/helsinki/maya,,,,1,34,1,0,1,1,0,1,,2025-09-18 06:22:51,2025-09-18 06:22:51
,https://www.cloudemployee.io/developers/helsinki/openxava,,,,1,34,1,0,1,1,0,1,,2025-09-18 03:27:06,2025-09-18 03:27:06
,https://www.cloudemployee.io/developers/helsinki/pyobjc,,,,1,34,1,0,1,1,0,1,,2025-09-18 03:41:54,2025-09-18 03:41:54
,https://www.cloudemployee.io/developers/helsinki/r3-corda,,,0,1,34,1,0,0,1,0,1,301,2025-09-17 15:47:53,2026-04-17 11:49:01
,https://www.cloudemployee.io/developers/helsinki/turbogears,,,0,1,34,1,0,0,1,0,1,301,2025-09-15 06:31:32,2026-04-16 21:49:48
,https://www.cloudemployee.io/developers/helsinki/vss,,,0,1,34,1,0,0,1,0,1,301,2025-09-18 03:58:59,2026-04-18 05:33:49
,https://www.cloudemployee.io/developers/heroku,,,0,1,34,1,0,0,1,0,1,301,2025-09-19 13:24:26,2026-07-03 04:26:42
,https://www.cloudemployee.io/developers/hi5-api,,,0,1,34,1,0,0,1,0,1,301,2025-09-19 12:39:03,2026-04-16 12:10:43
,https://www.cloudemployee.io/developers/hib,,,0,1,34,1,0,0,1,0,1,301,2025-09-15 17:33:48,2026-07-08 06:11:52
,https://www.cloudemployee.io/developers/hibernate,,,0,1,34,1,0,0,1,0,1,301,2025-09-16 16:53:54,2026-04-16 11:57:42
,https://www.cloudemployee.io/developers/highcharts-js,,,0,1,34,1,0,0,1,0,1,301,2025-09-10 00:07:53,2026-05-08 17:04:53
,https://www.cloudemployee.io/developers/hiring-software-developers,,,0,1,34,1,0,0,1,0,1,301,2025-09-09 23:14:05,2026-05-15 16:26:53
,https://www.cloudemployee.io/developers/hololens,,,0,1,34,1,0,0,1,0,1,301,2025-09-15 17:31:33,2026-04-17 23:01:40
,https://www.cloudemployee.io/developers/hotel-js,,,0,1,34,1,0,0,1,0,1,301,2025-09-10 04:25:44,2026-04-18 05:26:29
,https://www.cloudemployee.io/developers/hp-alm,,,0,1,34,1,0,0,1,0,1,301,2025-09-09 09:08:13,2026-05-10 04:07:12
,https://www.cloudemployee.io/developers/hpqc,,,0,1,34,1,0,0,1,0,1,301,2025-09-10 17:56:53,2026-04-18 03:27:39
,https://www.cloudemployee.io/developers/ht,,,0,1,34,1,0,0,1,0,1,301,2025-09-09 12:45:55,2026-07-06 02:59:59
,https://www.cloudemployee.io/developers/htm,,,0,1,34,1,0,0,1,0,1,301,2025-09-09 03:04:29,2026-02-23 16:44:53
,https://www.cloudemployee.io/developers/html,,,0,1,34,1,0,0,1,0,1,301,2025-09-16 14:12:55,2026-07-11 07:16:18
,https://www.cloudemployee.io/developers/html5,,,0,1,34,1,0,0,1,0,1,301,2025-09-15 23:32:45,2026-06-03 00:25:07
,https://www.cloudemployee.io/developers/http,,,0,1,34,1,0,0,1,0,1,301,2025-09-25 08:53:37,2026-04-15 04:44:49
,https://www.cloudemployee.io/developers/hubspot,,,0,1,34,1,0,0,1,0,1,301,2025-09-09 13:55:16,2026-05-08 02:01:37
,https://www.cloudemployee.io/developers/hull/arch-linux,,,0,1,34,1,0,0,1,0,1,301,2025-09-18 04:13:13,2026-04-18 05:47:07
,https://www.cloudemployee.io/developers/hull/bada,,,0,1,34,1,0,0,1,0,1,301,2025-09-14 22:58:58,2026-04-17 14:10:07
,https://www.cloudemployee.io/developers/hull/meteor,,,0,1,34,1,0,0,1,0,1,301,2025-09-14 22:32:40,2026-04-17 01:10:11
,https://www.cloudemployee.io/developers/hull/web-developer,,,0,1,34,1,0,0,1,0,1,301,2025-09-14 22:53:40,2026-07-08 23:08:49
,https://www.cloudemployee.io/developers/hull/wordpress,,,0,1,34,1,0,0,1,0,1,301,2025-09-16 10:09:46,2026-04-17 10:37:36
,https://www.cloudemployee.io/developers/hull/yelp-api,,,,1,34,1,0,1,1,0,1,,2025-09-18 07:56:08,2025-09-18 07:56:08
,https://www.cloudemployee.io/developers/hybrid,,,0,1,34,1,0,0,1,0,1,301,2025-09-09 02:11:14,2026-04-26 19:07:55
,https://www.cloudemployee.io/developers/hybris,,,0,1,34,1,0,0,1,0,1,301,2025-09-19 12:08:39,2026-07-10 06:45:19
,https://www.cloudemployee.io/developers/hyper-v,,,0,1,34,1,0,0,1,0,1,301,2025-09-09 22:30:45,2026-04-26 19:12:07
,https://www.cloudemployee.io/developers/hyperledger,,,0,1,34,1,0,0,1,0,1,301,2025-09-19 14:19:48,2026-04-18 06:11:11
,https://www.cloudemployee.io/developers/ibeacon,,,0,1,34,1,0,0,1,0,1,301,2025-09-19 17:21:53,2026-04-18 05:48:22
,https://www.cloudemployee.io/developers/ibm,,,0,1,34,1,0,0,1,0,1,301,2025-09-10 00:05:19,2026-04-13 07:40:10
,https://www.cloudemployee.io/developers/ibm-as-400,,,0,1,34,1,0,0,1,0,1,301,2025-09-10 04:02:40,2026-04-18 05:17:18
,https://www.cloudemployee.io/developers/ide,,,0,1,34,1,0,0,1,0,1,301,2025-09-25 08:37:05,2026-04-15 17:59:35
,https://www.cloudemployee.io/developers/iis,,,0,1,34,1,0,0,1,0,1,301,2025-09-25 15:04:40,2026-05-23 07:18:50
,https://www.cloudemployee.io/developers/illustrator,,,0,1,34,1,0,0,1,0,1,301,2025-09-09 01:12:44,2026-04-18 06:59:39
,https://www.cloudemployee.io/developers/informa,,,0,1,34,1,0,0,1,0,1,301,2025-09-10 06:40:08,2026-04-18 05:35:44
,https://www.cloudemployee.io/developers/informatica,,,0,1,34,1,0,0,1,0,1,301,2025-09-19 13:23:12,2026-04-15 12:28:18
,https://www.cloudemployee.io/developers/informix,,,0,1,34,1,0,0,1,0,1,301,2025-09-09 13:50:38,2026-04-23 07:14:52
,https://www.cloudemployee.io/developers/infusionsoft,,,0,1,34,1,0,0,1,0,1,301,2025-09-19 15:24:26,2026-05-22 19:43:23
,https://www.cloudemployee.io/developers/inja,,,0,1,34,1,0,0,1,0,1,301,2025-09-09 21:58:20,2026-05-08 21:45:21
,https://www.cloudemployee.io/developers/instagram-api,,,0,1,34,1,0,0,1,0,1,301,2025-09-19 12:57:03,2026-07-01 02:05:03
,https://www.cloudemployee.io/developers/integration-testing,,,0,1,34,1,0,0,1,0,1,301,2025-09-10 05:30:57,2026-07-09 10:38:35
,https://www.cloudemployee.io/developers/intellij,,,0,1,34,1,0,0,1,0,1,301,2025-09-25 06:38:02,2026-07-13 02:19:20
,https://www.cloudemployee.io/developers/interfaces-and-dependency-injection,,,0,1,34,1,0,0,1,0,1,301,2025-09-10 01:49:50,2026-05-07 23:08:03
,https://www.cloudemployee.io/developers/investran,,,0,1,34,1,0,0,1,0,1,301,2025-09-10 18:40:27,2026-07-02 19:54:43
,https://www.cloudemployee.io/developers/invision,,,0,1,34,1,0,0,1,0,1,301,2025-09-10 06:36:59,2026-04-18 05:21:47
,https://www.cloudemployee.io/developers/ionic,,,0,1,34,1,0,0,1,0,1,301,2025-09-18 06:37:55,2026-06-28 18:52:22
,https://www.cloudemployee.io/developers/ionic-2,,,0,1,34,1,0,0,1,0,1,301,2025-09-09 20:00:54,2026-06-25 05:57:27
,https://www.cloudemployee.io/developers/ionic-3,,,0,1,34,1,0,0,1,0,1,301,2025-09-09 23:48:56,2026-07-10 17:13:38
,https://www.cloudemployee.io/developers/ionic-framework,,,0,1,34,1,0,0,1,0,1,301,2025-09-09 13:46:11,2026-04-13 17:04:30
,https://www.cloudemployee.io/developers/ios,,,0,1,34,1,0,0,1,0,1,301,2025-09-16 16:30:35,2026-07-03 06:54:38
,https://www.cloudemployee.io/developers/ios-application-development,,,0,1,34,1,0,0,1,0,1,301,2025-09-09 23:17:30,2026-04-18 05:41:35
,https://www.cloudemployee.io/developers/ios-development,,,0,1,34,1,0,0,1,0,1,301,2025-09-09 02:30:02,2026-04-13 13:06:41
,https://www.cloudemployee.io/developers/ios-office-apps,,,0,1,34,1,0,0,1,0,1,301,2025-09-10 10:01:55,2026-04-18 07:18:35
,https://www.cloudemployee.io/developers/ireport,,,0,1,34,1,0,0,1,0,1,301,2025-09-10 10:34:01,2026-07-12 20:22:36
,https://www.cloudemployee.io/developers/it-support,,,0,1,34,1,0,0,1,0,1,301,2025-09-09 13:30:13,2026-04-13 05:37:38
,https://www.cloudemployee.io/developers/itsnat,,,0,1,34,1,0,0,1,0,1,301,2025-09-19 13:17:05,2026-03-06 00:12:56
,https://www.cloudemployee.io/developers/j2,,,0,1,34,1,0,0,1,0,1,301,2025-09-09 03:08:24,2026-04-30 02:32:21
,https://www.cloudemployee.io/developers/j2ee,,,0,1,34,1,0,0,1,0,1,301,2025-09-18 13:50:33,2026-07-04 11:26:41
,https://www.cloudemployee.io/developers/j2se,,,0,1,34,1,0,0,1,0,1,301,2025-09-08 18:02:36,2026-06-01 02:05:43
,https://www.cloudemployee.io/developers/jade,,,0,1,34,1,0,0,1,0,1,301,2025-09-18 20:51:13,2026-04-25 22:47:37
,https://www.cloudemployee.io/developers/jasmine,,,0,1,34,1,0,0,1,0,1,301,2025-09-25 08:02:31,2026-06-26 03:30:29
,https://www.cloudemployee.io/developers/jasperreports,,,0,1,34,1,0,0,1,0,1,301,2025-09-09 04:59:59,2026-05-06 14:47:55
,https://www.cloudemployee.io/developers/java,,,0,1,34,1,0,0,1,0,1,301,2025-09-15 23:56:12,2026-06-29 19:21:48
,https://www.cloudemployee.io/developers/java-android,,,0,1,34,1,0,0,1,0,1,301,2025-09-09 22:48:20,2026-07-05 06:55:17
,https://www.cloudemployee.io/developers/java-ee,,,0,1,34,1,0,0,1,0,1,301,2025-09-25 06:48:26,2026-05-14 05:54:20
,https://www.cloudemployee.io/developers/java-se,,,0,1,34,1,0,0,1,0,1,301,2025-09-25 15:11:52,2026-04-14 05:17:11
,https://www.cloudemployee.io/developers/java-spring,,,0,1,34,1,0,0,1,0,1,301,2025-09-25 08:08:06,2026-04-15 08:33:04
,https://www.cloudemployee.io/developers/java-swing,,,0,1,34,1,0,0,1,0,1,301,2025-09-09 04:39:29,2026-07-12 19:24:40
,https://www.cloudemployee.io/developers/javaee,,,0,1,34,1,0,0,1,0,1,301,2025-09-09 16:08:43,2026-07-11 23:15:41
,https://www.cloudemployee.io/developers/javaoop,,,0,1,34,1,0,0,1,0,1,301,2025-09-09 19:42:53,2026-06-03 00:38:45
,https://www.cloudemployee.io/developers/javascript,,,0,1,34,1,0,0,1,0,1,301,2025-09-15 20:26:25,2026-04-15 07:50:55
,https://www.cloudemployee.io/developers/javaserver-faces,,,0,1,34,1,0,0,1,0,1,301,2025-09-09 05:20:16,2026-04-24 09:12:56
,https://www.cloudemployee.io/developers/jaxb,,,0,1,34,1,0,0,1,0,1,301,2025-09-09 13:47:21,2026-05-03 17:34:51
,https://www.cloudemployee.io/developers/jboss,,,0,1,34,1,0,0,1,0,1,301,2025-09-18 22:33:24,2026-03-09 01:49:28
,https://www.cloudemployee.io/developers/jcl,,,0,1,34,1,0,0,1,0,1,301,2025-09-10 04:58:59,2026-04-18 06:11:45
,https://www.cloudemployee.io/developers/jdbc,,,0,1,34,1,0,0,1,0,1,301,2025-09-25 07:54:18,2026-06-10 23:17:17
,https://www.cloudemployee.io/developers/jdeveloper,,,0,1,34,1,0,0,1,0,1,301,2025-09-10 02:04:47,2026-04-18 05:44:38
,https://www.cloudemployee.io/developers/jenkins,,,0,1,34,1,0,0,1,0,1,301,2025-09-18 12:24:20,2026-05-30 01:02:04
,https://www.cloudemployee.io/developers/jersey,,,0,1,34,1,0,0,1,0,1,301,2025-09-09 11:01:31,2026-04-18 05:51:30
,https://www.cloudemployee.io/developers/jest,,,0,1,34,1,0,0,1,0,1,301,2025-09-10 11:46:15,2026-04-18 06:22:27
,https://www.cloudemployee.io/developers/jinja,,,0,1,34,1,0,0,1,0,1,301,2025-09-09 02:52:05,2026-07-03 17:52:00
,https://www.cloudemployee.io/developers/jinja2,,,0,1,34,1,0,0,1,0,1,301,2025-09-08 23:33:07,2026-06-19 15:03:36
,https://www.cloudemployee.io/developers/jira,,,0,1,34,1,0,0,1,0,1,301,2025-09-16 18:44:19,2026-07-02 03:34:03
,https://www.cloudemployee.io/developers/jms,,,0,1,34,1,0,0,1,0,1,301,2025-09-19 13:14:18,2026-04-17 20:25:09
,https://www.cloudemployee.io/developers/joomla,,,0,1,34,1,0,0,1,0,1,301,2025-09-17 00:33:54,2026-04-16 11:00:58
,https://www.cloudemployee.io/developers/jpa,,,0,1,34,1,0,0,1,0,1,301,2025-09-25 09:01:46,2026-04-18 06:16:03
,https://www.cloudemployee.io/developers/jq,,,0,1,34,1,0,0,1,0,1,301,2025-09-10 12:36:33,2026-04-18 06:36:32
,https://www.cloudemployee.io/developers/jqgrid,,,0,1,34,1,0,0,1,0,1,301,2025-09-09 13:46:31,2026-05-18 13:30:40
,https://www.cloudemployee.io/developers/jquar,,,0,1,34,1,0,0,1,0,1,301,2025-09-09 18:40:51,2026-06-07 04:42:06
,https://www.cloudemployee.io/developers/jquery,,,0,1,34,1,0,0,1,0,1,301,2025-09-16 14:05:22,2026-07-01 03:02:55
,https://www.cloudemployee.io/developers/jquery-mobile,,,0,1,34,1,0,0,1,0,1,301,2025-09-09 14:44:06,2026-02-26 12:15:16
,https://www.cloudemployee.io/developers/jquery-ui,,,0,1,34,1,0,0,1,0,1,301,2025-09-08 22:49:23,2026-06-27 21:11:30
,https://www.cloudemployee.io/developers/jsf,,,0,1,34,1,0,0,1,0,1,301,2025-09-09 14:26:26,2026-07-10 21:41:36
,https://www.cloudemployee.io/developers/json,,,0,1,34,1,0,0,1,0,1,301,2025-09-17 00:02:36,2026-02-27 11:17:53
,https://www.cloudemployee.io/developers/jsp,,,0,1,34,1,0,0,1,0,1,301,2025-09-17 10:22:10,2026-05-05 15:52:19
,https://www.cloudemployee.io/developers/jspx,,,0,1,34,1,0,0,1,0,1,301,2025-09-09 14:25:58,2026-04-18 06:13:22
,https://www.cloudemployee.io/developers/jspx-bay,,,0,1,34,1,0,0,1,0,1,301,2025-09-19 12:30:41,2026-06-24 18:43:30
,https://www.cloudemployee.io/developers/jstl,,,0,1,34,1,0,0,1,0,1,301,2025-09-09 17:17:37,2026-07-02 12:00:02
,https://www.cloudemployee.io/developers/julia,,,0,1,34,1,0,0,1,0,1,301,2025-09-19 12:57:53,2026-06-27 18:49:01
,https://www.cloudemployee.io/developers/juni,,,0,1,34,1,0,0,1,0,1,301,2025-09-09 04:23:00,2026-04-21 08:34:40
,https://www.cloudemployee.io/developers/junifer,,,0,1,34,1,0,0,1,0,1,301,2025-12-18 03:19:57,2026-05-03 09:28:44
,https://www.cloudemployee.io/developers/junit,,,0,1,34,1,0,0,1,0,1,301,2025-09-25 07:11:00,2026-06-10 05:10:53
,https://www.cloudemployee.io/developers/jvx,,,0,1,34,1,0,0,1,0,1,301,2025-09-19 11:46:14,2026-04-18 02:03:09
,https://www.cloudemployee.io/developers/kafka,,,0,1,34,1,0,0,1,0,1,301,2025-09-19 06:16:37,2026-04-21 20:42:20
,https://www.cloudemployee.io/developers/kajona,,,0,1,34,1,0,0,1,0,1,301,2025-09-19 12:36:41,2026-06-12 07:12:58
,https://www.cloudemployee.io/developers/kanban,,,0,1,34,1,0,0,1,0,1,301,2025-09-09 14:22:53,2026-04-13 21:33:51
,https://www.cloudemployee.io/developers/karma,,,0,1,34,1,0,0,1,0,1,301,2025-09-09 13:58:32,2026-05-04 09:01:46
,https://www.cloudemployee.io/developers/kendo,,,0,1,34,1,0,0,1,0,1,301,2025-09-25 07:59:57,2026-04-18 05:45:31
,https://www.cloudemployee.io/developers/kendo-ui,,,0,1,34,1,0,0,1,0,1,301,2025-09-09 16:58:05,2026-05-07 02:23:28
,https://www.cloudemployee.io/developers/kendojs,,,0,1,34,1,0,0,1,0,1,301,2025-09-14 21:57:36,2026-07-09 10:44:47
,https://www.cloudemployee.io/developers/kentico,,,0,1,34,1,0,0,1,0,1,301,2025-09-19 02:47:36,2026-07-01 07:02:34
,https://www.cloudemployee.io/developers/kibana,,,0,1,34,1,0,0,1,0,1,301,2025-09-09 14:54:53,2026-04-29 23:22:37
,https://www.cloudemployee.io/developers/kindle,,,0,1,34,1,0,0,1,0,1,301,2025-09-19 13:43:00,2026-04-17 21:24:55
,https://www.cloudemployee.io/developers/knockoutjs,,,0,1,34,1,0,0,1,0,1,301,2025-09-17 16:25:20,2026-04-16 13:59:25
,https://www.cloudemployee.io/developers/koajs,,,0,1,34,1,0,0,1,0,1,301,2025-09-15 11:10:46,2026-04-18 05:45:07
,https://www.cloudemployee.io/developers/kohana,,,0,1,34,1,0,0,1,0,1,301,2025-09-19 04:05:08,2026-05-14 08:02:21
,https://www.cloudemployee.io/developers/kotlin,,,0,1,34,1,0,0,1,0,1,301,2025-09-19 00:14:44,2026-06-07 23:51:00
,https://www.cloudemployee.io/developers/kubernetes,,,0,1,34,1,0,0,1,0,1,301,2025-09-25 08:39:43,2026-06-08 12:20:08
,https://www.cloudemployee.io/developers/labview,,,0,1,34,1,0,0,1,0,1,301,2025-09-19 13:01:20,2026-06-05 02:04:13
,https://www.cloudemployee.io/developers/lambda,,,0,1,34,1,0,0,1,0,1,301,2025-09-25 06:33:33,2026-04-18 06:45:37
,https://www.cloudemployee.io/developers/lambda-expressions,,,0,1,34,1,0,0,1,0,1,301,2025-09-09 14:10:53,2026-05-09 16:11:33
,https://www.cloudemployee.io/developers/lamp,,,0,1,34,1,0,0,1,0,1,301,2025-09-18 23:52:13,2026-06-29 13:43:42
,https://www.cloudemployee.io/developers/lan,,,0,1,34,1,0,0,1,0,1,301,2025-09-09 14:45:39,2026-03-08 19:06:51
,https://www.cloudemployee.io/developers/larav,,,0,1,34,1,0,0,1,0,1,301,2025-09-10 07:32:50,2026-07-07 05:35:37
,https://www.cloudemployee.io/developers/laravel,,,0,1,34,1,0,0,1,0,1,301,2025-09-16 03:45:34,2026-04-13 19:50:23
,https://www.cloudemployee.io/developers/layar,,,0,1,34,1,0,0,1,0,1,301,2025-09-19 12:23:41,2026-04-18 06:40:51
,https://www.cloudemployee.io/developers/lead-generation,,,0,1,34,1,0,0,1,0,1,301,2025-09-09 13:30:38,2026-04-13 06:00:09
,https://www.cloudemployee.io/developers/leaflet,,,0,1,34,1,0,0,1,0,1,301,2025-09-09 14:56:25,2026-04-18 04:52:23
,https://www.cloudemployee.io/developers/leap-motion,,,0,1,34,1,0,0,1,0,1,301,2025-09-19 12:52:29,2026-05-10 09:21:27
,https://www.cloudemployee.io/developers/leeds/expressionengine,,,,1,34,1,0,1,1,0,1,,2025-09-24 06:17:25,2025-09-24 06:17:25
,https://www.cloudemployee.io/developers/leeds/kentico,,,0,1,34,1,0,0,1,0,1,301,2025-09-24 04:45:45,2026-04-17 04:43:58
,https://www.cloudemployee.io/developers/leeds/netbsd,,,,1,34,1,0,1,1,0,1,,2025-09-17 06:37:17,2025-09-17 06:37:17
,https://www.cloudemployee.io/developers/leeds/opengl,,,,1,34,1,0,1,1,0,1,,2025-09-17 08:36:01,2025-09-17 08:36:01
,https://www.cloudemployee.io/developers/leeds/opensocial,,,0,1,34,1,0,0,1,0,1,301,2025-09-18 05:08:54,2026-04-17 12:36:01
,https://www.cloudemployee.io/developers/leeds/openxava,,,0,1,34,1,0,0,1,0,1,301,2025-09-14 22:42:12,2026-04-18 02:47:06
,https://www.cloudemployee.io/developers/leeds/webrtc,,,,1,34,1,0,1,1,0,1,,2025-09-17 13:41:40,2025-09-17 13:41:40
,https://www.cloudemployee.io/developers/leeds/xp,,,0,1,34,1,0,0,1,0,1,301,2025-09-17 15:57:23,2026-04-17 01:24:40
,https://www.cloudemployee.io/developers/less,,,0,1,34,1,0,0,1,0,1,301,2025-09-24 06:28:29,2026-07-12 19:55:52
,https://www.cloudemployee.io/developers/liferay,,,0,1,34,1,0,0,1,0,1,301,2025-09-09 17:29:45,2026-05-23 02:49:48
,https://www.cloudemployee.io/developers/lift,,,0,1,34,1,0,0,1,0,1,301,2025-09-19 14:27:32,2026-04-18 05:47:21
,https://www.cloudemployee.io/developers/lightning,,,0,1,34,1,0,0,1,0,1,301,2025-09-19 14:00:13,2026-05-29 21:21:21
,https://www.cloudemployee.io/developers/linkedin-api,,,0,1,34,1,0,0,1,0,1,301,2025-09-19 15:10:16,2026-04-18 06:09:30
,https://www.cloudemployee.io/developers/linq,,,0,1,34,1,0,0,1,0,1,301,2025-09-25 03:26:44,2026-04-18 02:32:20
,https://www.cloudemployee.io/developers/linux,,,0,1,34,1,0,0,1,0,1,301,2025-09-18 04:34:15,2026-07-12 10:46:46
,https://www.cloudemployee.io/developers/linux-administration,,,0,1,34,1,0,0,1,0,1,301,2025-09-15 13:37:42,2026-07-01 22:06:10
,https://www.cloudemployee.io/developers/lithium,,,0,1,34,1,0,0,1,0,1,301,2025-09-19 15:52:16,2026-04-16 00:20:40
,https://www.cloudemployee.io/developers/live-testing,,,0,1,34,1,0,0,1,0,1,301,2025-09-09 23:04:41,2026-07-04 06:56:30
,https://www.cloudemployee.io/developers/lms,,,0,1,34,1,0,0,1,0,1,301,2025-09-19 15:32:25,2026-06-29 16:43:32
,https://www.cloudemployee.io/developers/load-testing,,,0,1,34,1,0,0,1,0,1,301,2025-09-15 06:06:14,2026-06-25 22:01:36
,https://www.cloudemployee.io/developers/lodash,,,0,1,34,1,0,0,1,0,1,301,2025-09-15 10:48:40,2026-04-18 00:54:08
,https://www.cloudemployee.io/developers/log4j,,,0,1,34,1,0,0,1,0,1,301,2025-09-10 11:43:06,2026-04-18 05:23:24
,https://www.cloudemployee.io/developers/london/adobe-software,,,0,1,34,1,0,0,1,0,1,301,2025-09-16 12:22:07,2026-07-12 18:14:11
,https://www.cloudemployee.io/developers/london/drupal,,,0,1,34,1,0,0,1,0,1,301,2025-09-14 22:47:31,2026-07-08 16:37:38
,https://www.cloudemployee.io/developers/london/grok,,,0,1,34,1,0,0,1,0,1,301,2025-09-24 05:59:22,2026-07-08 15:37:46
,https://www.cloudemployee.io/developers/london/kentico,,,,1,34,1,0,1,1,0,1,,2025-09-18 06:28:15,2025-09-18 06:28:15
,https://www.cloudemployee.io/developers/london/pos,,,0,1,34,1,0,0,1,0,1,301,2025-09-15 14:18:23,2026-07-08 03:23:33
,https://www.cloudemployee.io/developers/london/wordpress,,,0,1,34,1,0,0,1,0,1,301,2025-09-14 21:25:38,2026-04-17 19:15:43
,https://www.cloudemployee.io/developers/lotus-notes,,,0,1,34,1,0,0,1,0,1,301,2025-09-19 11:08:26,2026-07-06 08:25:46
,https://www.cloudemployee.io/developers/lua,,,0,1,34,1,0,0,1,0,1,301,2025-09-19 15:41:05,2026-04-16 09:58:27
,https://www.cloudemployee.io/developers/lumen,,,0,1,34,1,0,0,1,0,1,301,2025-09-08 21:42:32,2026-06-28 09:33:38
,https://www.cloudemployee.io/developers/mac,,,0,1,34,1,0,0,1,0,1,301,2025-09-10 05:15:31,2026-04-17 22:23:14
,https://www.cloudemployee.io/developers/mac-os-x,,,0,1,34,1,0,0,1,0,1,301,2025-09-09 01:32:52,2026-05-22 00:06:08
,https://www.cloudemployee.io/developers/macaw,,,0,1,34,1,0,0,1,0,1,301,2025-09-10 02:24:46,2026-06-25 22:11:56
,https://www.cloudemployee.io/developers/mach-ii,,,0,1,34,1,0,0,1,0,1,301,2025-09-19 12:43:38,2026-04-15 09:40:24
,https://www.cloudemployee.io/developers/machine-learning,,,0,1,34,1,0,0,1,0,1,301,2025-09-09 01:00:37,2026-05-13 09:01:50
,https://www.cloudemployee.io/developers/macintosh-hardware,,,0,1,34,1,0,0,1,0,1,301,2025-09-09 13:36:01,2026-07-05 04:28:01
,https://www.cloudemployee.io/developers/madrid/csla,,,,1,34,1,0,1,1,0,1,,2025-09-18 05:01:57,2025-09-18 05:01:57
,https://www.cloudemployee.io/developers/madrid/openxava,,,0,1,34,1,0,0,1,0,1,301,2025-09-14 22:39:30,2026-04-17 05:55:41
,https://www.cloudemployee.io/developers/magento,,,0,1,34,1,0,0,1,0,1,301,2025-09-16 23:12:16,2026-07-01 00:05:11
,https://www.cloudemployee.io/developers/mailchimp,,,0,1,34,1,0,0,1,0,1,301,2025-09-09 18:41:28,2026-04-26 15:10:35
,https://www.cloudemployee.io/developers/mamp,,,0,1,34,1,0,0,1,0,1,301,2025-09-10 05:03:54,2026-04-17 20:02:53
,https://www.cloudemployee.io/developers/manchester/nette-framework,,,0,1,34,1,0,0,1,0,1,301,2025-09-25 05:29:49,2026-04-18 03:42:14
,https://www.cloudemployee.io/developers/manchester/quickbase,,,0,1,34,1,0,0,1,0,1,301,2025-09-14 22:31:02,2026-04-17 08:22:00
,https://www.cloudemployee.io/developers/manchester/raspberry-pi,,,0,1,34,1,0,0,1,0,1,301,2025-09-18 05:54:19,2026-04-18 05:20:23
,https://www.cloudemployee.io/developers/manual-testing,,,0,1,34,1,0,0,1,0,1,301,2025-09-09 04:06:40,2026-06-03 18:35:49
,https://www.cloudemployee.io/developers/mapbox-api,,,0,1,34,1,0,0,1,0,1,301,2025-09-10 05:42:05,2026-05-02 23:53:34
,https://www.cloudemployee.io/developers/mapquest,,,0,1,34,1,0,0,1,0,1,301,2025-09-23 02:15:17,2026-04-24 04:40:15
,https://www.cloudemployee.io/developers/mariadb,,,0,1,34,1,0,0,1,0,1,301,2025-09-09 02:21:11,2026-05-11 13:49:47
,https://www.cloudemployee.io/developers/material,,,0,1,34,1,0,0,1,0,1,301,2025-09-09 18:31:59,2026-05-06 22:58:36
,https://www.cloudemployee.io/developers/materializecss,,,0,1,34,1,0,0,1,0,1,301,2025-09-09 19:05:49,2026-04-18 09:43:58
,https://www.cloudemployee.io/developers/matlab,,,0,1,34,1,0,0,1,0,1,301,2025-09-19 08:12:11,2026-05-06 20:29:47
,https://www.cloudemployee.io/developers/maven,,,0,1,34,1,0,0,1,0,1,301,2025-09-25 07:36:51,2026-05-29 14:06:33
,https://www.cloudemployee.io/developers/maxima,,,0,1,34,1,0,0,1,0,1,301,2025-09-09 14:42:15,2026-05-07 12:16:06
,https://www.cloudemployee.io/developers/maya,,,0,1,34,1,0,0,1,0,1,301,2025-09-19 13:07:14,2026-04-18 06:52:55
,https://www.cloudemployee.io/developers/maya-3d,,,0,1,34,1,0,0,1,0,1,301,2025-09-09 15:36:04,2026-05-09 05:39:12
,https://www.cloudemployee.io/developers/mean,,,0,1,34,1,0,0,1,0,1,301,2025-09-15 08:41:50,2026-07-11 03:24:30
,https://www.cloudemployee.io/developers/mean-stack,,,0,1,34,1,0,0,1,0,1,301,2025-09-19 12:47:03,2026-04-18 06:51:33
,https://www.cloudemployee.io/developers/meap,,,0,1,34,1,0,0,1,0,1,301,2025-09-09 18:20:40,2026-04-18 05:43:09
,https://www.cloudemployee.io/developers/memcache,,,0,1,34,1,0,0,1,0,1,301,2025-09-09 14:58:47,2026-04-18 03:59:08
,https://www.cloudemployee.io/developers/mercurial,,,0,1,34,1,0,0,1,0,1,301,2025-09-09 11:10:15,2026-04-18 06:05:58
,https://www.cloudemployee.io/developers/messenger-platform,,,0,1,34,1,0,0,1,0,1,301,2025-09-10 07:39:41,2026-07-08 22:12:12
,https://www.cloudemployee.io/developers/meteorjs,,,0,1,34,1,0,0,1,0,1,301,2025-09-25 15:43:24,2026-04-30 10:21:13
,https://www.cloudemployee.io/developers/metronic,,,0,1,34,1,0,0,1,0,1,301,2025-09-09 13:44:03,2026-07-03 19:52:07
,https://www.cloudemployee.io/developers/metroui,,,0,1,34,1,0,0,1,0,1,301,2025-09-09 04:29:04,2026-04-22 09:34:22
,https://www.cloudemployee.io/developers/microservices,,,0,1,34,1,0,0,1,0,1,301,2025-09-10 04:07:46,2026-06-29 16:49:57
,https://www.cloudemployee.io/developers/microsoft,,,0,1,34,1,0,0,1,0,1,301,2025-09-19 11:16:51,2026-04-18 06:58:39
,https://www.cloudemployee.io/developers/microsoft-access,,,0,1,34,1,0,0,1,0,1,301,2025-09-09 09:01:53,2026-04-26 07:15:06
,https://www.cloudemployee.io/developers/microsoft-azure,,,0,1,34,1,0,0,1,0,1,301,2025-09-25 01:35:54,2026-05-30 22:39:50
,https://www.cloudemployee.io/developers/microsoft-excel,,,0,1,34,1,0,0,1,0,1,301,2025-09-09 15:21:29,2026-05-19 03:56:05
,https://www.cloudemployee.io/developers/microsoft-frontpage,,,0,1,34,1,0,0,1,0,1,301,2025-09-10 05:17:34,2026-04-18 04:00:17
,https://www.cloudemployee.io/developers/microsoft-office,,,0,1,34,1,0,0,1,0,1,301,2025-09-09 12:52:47,2026-04-18 06:22:17
,https://www.cloudemployee.io/developers/microsoft-sql-server,,,0,1,34,1,0,0,1,0,1,301,2025-09-09 02:26:08,2026-05-07 16:36:34
,https://www.cloudemployee.io/developers/microsoft-sql-server-2014-2016,,,0,1,34,1,0,0,1,0,1,301,2025-09-10 17:55:40,2026-04-18 03:31:27
,https://www.cloudemployee.io/developers/microsoft-visual-sourcesafe,,,0,1,34,1,0,0,1,0,1,301,2025-09-15 10:52:48,2026-04-18 05:46:07
,https://www.cloudemployee.io/developers/microsoft-visual-studio,,,0,1,34,1,0,0,1,0,1,301,2025-09-09 00:56:12,2026-04-18 06:25:45
,https://www.cloudemployee.io/developers/microsoft-windows,,,0,1,34,1,0,0,1,0,1,301,2025-09-09 10:28:11,2026-06-28 16:17:55
,https://www.cloudemployee.io/developers/microsoft-windows-server-administration,,,0,1,34,1,0,0,1,0,1,301,2025-09-15 13:43:12,2026-04-17 22:06:16
,https://www.cloudemployee.io/developers/migration-testing,,,0,1,34,1,0,0,1,0,1,301,2025-09-14 22:06:10,2026-04-17 18:03:17
,https://www.cloudemployee.io/developers/mint-12,,,0,1,34,1,0,0,1,0,1,301,2025-09-09 23:08:41,2026-05-18 19:00:08
,https://www.cloudemployee.io/developers/mobile-and-desktop-applications,,,0,1,34,1,0,0,1,0,1,301,2025-09-10 07:57:13,2026-07-09 06:18:25
,https://www.cloudemployee.io/developers/mobile-app,,,0,1,34,1,0,0,1,0,1,301,2025-09-19 14:28:41,2026-07-03 15:55:15
,https://www.cloudemployee.io/developers/mobile-app-development,,,0,1,34,1,0,0,1,0,1,301,2025-09-10 09:36:14,2026-04-18 01:07:58
,https://www.cloudemployee.io/developers/mobile-app-development-lifecycle,,,0,1,34,1,0,0,1,0,1,301,2025-09-10 07:28:30,2026-04-18 04:56:19
,https://www.cloudemployee.io/developers/mobile-apps,,,0,1,34,1,0,0,1,0,1,301,2025-09-10 09:52:31,2026-04-18 04:34:08
,https://www.cloudemployee.io/developers/mobile-development,,,0,1,34,1,0,0,1,0,1,301,2025-09-10 03:24:54,2026-04-18 05:55:51
,https://www.cloudemployee.io/developers/mobile-site,,,0,1,34,1,0,0,1,0,1,301,2025-09-10 04:19:45,2026-04-18 04:57:08
,https://www.cloudemployee.io/developers/mobile-testing,,,0,1,34,1,0,0,1,0,1,301,2025-09-09 10:53:53,2026-07-01 00:08:39
,https://www.cloudemployee.io/developers/mocha,,,0,1,34,1,0,0,1,0,1,301,2025-09-08 21:05:11,2026-04-13 18:13:49
,https://www.cloudemployee.io/developers/mocha-unit-testing,,,0,1,34,1,0,0,1,0,1,301,2025-09-10 10:35:28,2026-04-21 10:40:02
,https://www.cloudemployee.io/developers/mockito,,,0,1,34,1,0,0,1,0,1,301,2025-09-10 10:38:21,2026-04-17 17:51:04
,https://www.cloudemployee.io/developers/modx,,,0,1,34,1,0,0,1,0,1,301,2025-09-19 11:33:39,2026-04-18 02:10:53
,https://www.cloudemployee.io/developers/mon,,,0,1,34,1,0,0,1,0,1,301,2025-09-23 02:50:07,2026-04-25 21:08:24
,https://www.cloudemployee.io/developers/mongo,,,0,1,34,1,0,0,1,0,1,301,2025-09-09 06:19:38,2026-05-01 20:23:43
,https://www.cloudemployee.io/developers/mongodb,,,0,1,34,1,0,0,1,0,1,301,2025-09-16 07:34:57,2026-04-16 11:14:09
,https://www.cloudemployee.io/developers/mongoose,,,0,1,34,1,0,0,1,0,1,301,2025-09-09 17:40:39,2026-04-18 05:25:56
,https://www.cloudemployee.io/developers/mono-framework,,,0,1,34,1,0,0,1,0,1,301,2025-09-10 07:13:01,2026-04-18 04:53:00
,https://www.cloudemployee.io/developers/moodle,,,0,1,34,1,0,0,1,0,1,301,2025-09-19 16:20:06,2026-07-12 02:21:35
,https://www.cloudemployee.io/developers/moq,,,0,1,34,1,0,0,1,0,1,301,2025-09-15 00:07:13,2026-04-18 05:36:45
,https://www.cloudemployee.io/developers/ms-access,,,0,1,34,1,0,0,1,0,1,301,2025-09-08 23:43:17,2026-05-15 00:49:33
,https://www.cloudemployee.io/developers/ms-excel,,,0,1,34,1,0,0,1,0,1,301,2025-09-09 08:12:08,2026-04-18 05:56:08
,https://www.cloudemployee.io/developers/ms-office,,,0,1,34,1,0,0,1,0,1,301,2025-09-15 10:37:36,2026-04-18 06:23:03
,https://www.cloudemployee.io/developers/ms-outlook,,,0,1,34,1,0,0,1,0,1,301,2025-09-10 07:57:57,2026-04-18 05:37:57
,https://www.cloudemployee.io/developers/ms-powerpoint,,,0,1,34,1,0,0,1,0,1,301,2025-09-10 07:46:44,2026-04-18 05:01:45
,https://www.cloudemployee.io/developers/ms-sql,,,0,1,34,1,0,0,1,0,1,301,2025-09-16 03:57:03,2026-06-23 02:26:26
,https://www.cloudemployee.io/developers/ms-sql-server,,,0,1,34,1,0,0,1,0,1,301,2025-09-09 10:02:39,2026-05-02 19:32:39
,https://www.cloudemployee.io/developers/ms-test,,,0,1,34,1,0,0,1,0,1,301,2025-09-09 05:45:54,2026-05-12 07:08:16
,https://www.cloudemployee.io/developers/ms-testing,,,0,1,34,1,0,0,1,0,1,301,2025-09-09 16:18:57,2026-05-08 00:06:55
,https://www.cloudemployee.io/developers/ms-visual-foxpro,,,0,1,34,1,0,0,1,0,1,301,2025-09-09 21:13:40,2026-04-23 20:13:53
,https://www.cloudemployee.io/developers/ms-windows,,,0,1,34,1,0,0,1,0,1,301,2025-09-10 03:39:54,2026-04-18 05:28:45
,https://www.cloudemployee.io/developers/ms-word,,,0,1,34,1,0,0,1,0,1,301,2025-09-14 20:05:02,2026-06-30 23:26:30
,https://www.cloudemployee.io/developers/mssql,,,0,1,34,1,0,0,1,0,1,301,2025-09-25 06:53:09,2026-04-13 19:40:43
,https://www.cloudemployee.io/developers/mule,,,0,1,34,1,0,0,1,0,1,301,2025-09-09 22:44:20,2026-04-18 05:52:24
,https://www.cloudemployee.io/developers/multithreading,,,0,1,34,1,0,0,1,0,1,301,2025-09-09 11:05:30,2026-04-22 13:05:08
,https://www.cloudemployee.io/developers/mvc,,,0,1,34,1,0,0,1,0,1,301,2025-09-18 02:51:06,2026-04-16 12:46:01
,https://www.cloudemployee.io/developers/mvc-architecture,,,0,1,34,1,0,0,1,0,1,301,2025-09-09 06:16:13,2026-05-01 18:02:59
,https://www.cloudemployee.io/developers/mvci,,,0,1,34,1,0,0,1,0,1,301,2025-09-10 07:03:55,2026-07-07 02:07:20
,https://www.cloudemployee.io/developers/mvp,,,0,1,34,1,0,0,1,0,1,301,2025-09-09 14:42:29,2026-06-02 13:29:50
,https://www.cloudemployee.io/developers/mvp-design-pattern,,,0,1,34,1,0,0,1,0,1,301,2025-09-09 04:54:45,2026-06-02 11:54:58
,https://www.cloudemployee.io/developers/mvvc,,,0,1,34,1,0,0,1,0,1,301,2025-09-09 15:40:53,2026-04-18 05:09:29
,https://www.cloudemployee.io/developers/mvvm,,,0,1,34,1,0,0,1,0,1,301,2025-09-25 08:56:16,2026-07-02 08:54:36
,https://www.cloudemployee.io/developers/my,,,0,1,34,1,0,0,1,0,1,301,2025-09-09 07:04:10,2026-05-17 16:00:46
,https://www.cloudemployee.io/developers/my-sql,,,0,1,34,1,0,0,1,0,1,301,2025-09-25 04:52:02,2026-04-16 14:12:00
,https://www.cloudemployee.io/developers/mybatis,,,0,1,34,1,0,0,1,0,1,301,2025-09-25 15:31:35,2026-07-01 18:52:06
,https://www.cloudemployee.io/developers/mysql,,,0,1,34,1,0,0,1,0,1,301,2025-09-15 22:41:38,2026-04-08 21:25:37
,https://www.cloudemployee.io/developers/mysql-workbench,,,0,1,34,1,0,0,1,0,1,301,2025-09-09 14:29:05,2026-06-06 02:33:32
,https://www.cloudemployee.io/developers/n-tier,,,0,1,34,1,0,0,1,0,1,301,2025-09-09 18:18:26,2026-05-14 05:21:44
,https://www.cloudemployee.io/developers/nagare,,,0,1,34,1,0,0,1,0,1,301,2025-09-19 11:40:21,2026-06-01 12:57:21
,https://www.cloudemployee.io/developers/nas-ndmp,,,0,1,34,1,0,0,1,0,1,301,2025-09-15 13:55:26,2026-07-11 22:12:07
,https://www.cloudemployee.io/developers/native-android,,,0,1,34,1,0,0,1,0,1,301,2025-09-25 04:39:08,2026-04-14 23:11:34
,https://www.cloudemployee.io/developers/native-android-development,,,0,1,34,1,0,0,1,0,1,301,2025-09-10 09:41:14,2026-04-18 05:29:40
,https://www.cloudemployee.io/developers/native-app-development,,,0,1,34,1,0,0,1,0,1,301,2025-09-10 09:42:47,2026-07-11 11:44:49
,https://www.cloudemployee.io/developers/native-php,,,0,1,34,1,0,0,1,0,1,301,2025-09-09 23:28:53,2026-05-27 12:20:15
,https://www.cloudemployee.io/developers/nativescript,,,0,1,34,1,0,0,1,0,1,301,2025-09-09 23:56:14,2026-07-04 02:01:19
,https://www.cloudemployee.io/developers/ndmp,,,0,1,34,1,0,0,1,0,1,301,2025-09-10 05:13:59,2026-04-18 05:29:05
,https://www.cloudemployee.io/developers/neo4j,,,0,1,34,1,0,0,1,0,1,301,2025-09-19 12:22:04,2026-05-08 05:31:22
,https://www.cloudemployee.io/developers/net,,,0,1,34,1,0,0,1,0,1,301,2025-09-16 06:38:32,2026-04-14 23:47:52
,https://www.cloudemployee.io/developers/net-35,,,0,1,34,1,0,0,1,0,1,301,2025-09-10 01:47:57,2026-04-22 21:13:16
,https://www.cloudemployee.io/developers/net-40,,,0,1,34,1,0,0,1,0,1,301,2025-09-10 03:30:01,2026-04-18 06:47:14
,https://www.cloudemployee.io/developers/net-452,,,0,1,34,1,0,0,1,0,1,301,2025-09-10 01:52:26,2026-04-18 06:22:45
,https://www.cloudemployee.io/developers/net-charting,,,0,1,34,1,0,0,1,0,1,301,2025-09-10 02:00:35,2026-06-27 09:16:53
,https://www.cloudemployee.io/developers/net-core,,,0,1,34,1,0,0,1,0,1,301,2025-09-09 00:52:36,2026-05-08 16:44:31
,https://www.cloudemployee.io/developers/net-core-web-api,,,0,1,34,1,0,0,1,0,1,301,2025-09-09 10:22:57,2026-04-13 20:00:15
,https://www.cloudemployee.io/developers/net-developers,,,0,1,34,1,0,0,1,0,1,301,2025-09-10 17:25:03,2026-07-08 03:20:12
,https://www.cloudemployee.io/developers/net-entity-framework,,,0,1,34,1,0,0,1,0,1,301,2025-09-15 10:36:11,2026-04-18 05:31:20
,https://www.cloudemployee.io/developers/net-framework,,,0,1,34,1,0,0,1,0,1,301,2025-09-09 01:45:13,2026-04-21 23:41:51
,https://www.cloudemployee.io/developers/net-frameworks,,,0,1,34,1,0,0,1,0,1,301,2025-09-25 07:51:37,2026-04-15 05:58:40
,https://www.cloudemployee.io/developers/net-mvc,,,0,1,34,1,0,0,1,0,1,301,2025-09-08 22:24:49,2026-05-19 04:03:31
,https://www.cloudemployee.io/developers/netbeans,,,0,1,34,1,0,0,1,0,1,301,2025-09-09 00:22:14,2026-05-25 15:53:25
,https://www.cloudemployee.io/developers/netbeans-ide,,,0,1,34,1,0,0,1,0,1,301,2025-09-15 10:35:01,2026-04-25 08:44:16
,https://www.cloudemployee.io/developers/netbeans-java,,,0,1,34,1,0,0,1,0,1,301,2025-09-09 07:52:00,2026-04-13 16:00:56
,https://www.cloudemployee.io/developers/netbsd,,,0,1,34,1,0,0,1,0,1,301,2025-09-19 11:40:34,2026-04-15 14:54:41
,https://www.cloudemployee.io/developers/netlogo,,,0,1,34,1,0,0,1,0,1,301,2025-09-09 14:42:50,2026-07-04 01:23:18
,https://www.cloudemployee.io/developers/nette-framework,,,0,1,34,1,0,0,1,0,1,301,2025-09-19 12:10:39,2026-04-18 05:40:22
,https://www.cloudemployee.io/developers/network-security,,,0,1,34,1,0,0,1,0,1,301,2025-09-09 12:25:10,2026-05-10 14:46:07
,https://www.cloudemployee.io/developers/nginx,,,0,1,34,1,0,0,1,0,1,301,2025-09-25 05:24:44,2026-06-25 04:09:44
,https://www.cloudemployee.io/developers/nhibernate,,,0,1,34,1,0,0,1,0,1,301,2025-09-15 10:50:03,2026-04-18 05:17:47
,https://www.cloudemployee.io/developers/nightwatchjs,,,0,1,34,1,0,0,1,0,1,301,2025-09-09 07:00:32,2026-04-13 13:41:16
,https://www.cloudemployee.io/developers/node,,,0,1,34,1,0,0,1,0,1,301,2025-09-15 09:53:53,2026-04-18 05:51:05
,https://www.cloudemployee.io/developers/node-js,,,0,1,34,1,0,0,1,0,1,301,2025-09-09 00:35:58,2026-04-18 07:16:52
,https://www.cloudemployee.io/developers/nodejs,,,0,1,34,1,0,0,1,0,1,301,2025-09-16 03:29:44,2026-04-13 11:26:53
,https://www.cloudemployee.io/developers/nodejs-developers,,,0,1,34,1,0,0,1,0,1,301,2025-09-09 18:36:46,2026-05-06 22:32:12
,https://www.cloudemployee.io/developers/nopcommerce,,,0,1,34,1,0,0,1,0,1,301,2025-09-19 15:55:19,2026-06-24 10:25:55
,https://www.cloudemployee.io/developers/nosql,,,0,1,34,1,0,0,1,0,1,301,2025-09-25 01:21:34,2026-06-19 17:57:52
,https://www.cloudemployee.io/developers/notepadplus-plus,,,0,1,34,1,0,0,1,0,1,301,2025-09-08 19:04:40,2026-05-17 23:06:19
,https://www.cloudemployee.io/developers/npm,,,0,1,34,1,0,0,1,0,1,301,2025-09-25 07:46:07,2026-05-09 13:21:32
,https://www.cloudemployee.io/developers/nuget,,,0,1,34,1,0,0,1,0,1,301,2025-09-09 21:35:59,2026-07-06 17:37:33
,https://www.cloudemployee.io/developers/numpy,,,0,1,34,1,0,0,1,0,1,301,2025-09-19 15:17:19,2026-03-20 19:50:33
,https://www.cloudemployee.io/developers/nunit,,,0,1,34,1,0,0,1,0,1,301,2025-09-09 06:42:51,2026-04-18 06:19:57
,https://www.cloudemployee.io/developers/oauth,,,0,1,34,1,0,0,1,0,1,301,2025-09-09 15:23:40,2026-05-10 11:11:31
,https://www.cloudemployee.io/developers/obj,,,0,1,34,1,0,0,1,0,1,301,2025-09-15 11:47:43,2026-04-16 12:37:18
,https://www.cloudemployee.io/developers/object-oriented-programming,,,0,1,34,1,0,0,1,0,1,301,2025-09-25 05:55:37,2026-07-12 13:18:16
,https://www.cloudemployee.io/developers/objective-c,,,0,1,34,1,0,0,1,0,1,301,2025-09-16 22:02:52,2026-04-10 14:55:26
,https://www.cloudemployee.io/developers/ocaml,,,0,1,34,1,0,0,1,0,1,301,2025-09-19 16:54:15,2026-04-15 15:38:36
,https://www.cloudemployee.io/developers/octave,,,0,1,34,1,0,0,1,0,1,301,2025-09-19 12:49:32,2026-04-13 17:39:03
,https://www.cloudemployee.io/developers/october,,,0,1,34,1,0,0,1,0,1,301,2025-09-10 04:24:05,2026-04-18 04:46:06
,https://www.cloudemployee.io/developers/octopus,,,0,1,34,1,0,0,1,0,1,301,2025-09-10 01:19:49,2026-04-25 11:13:14
,https://www.cloudemployee.io/developers/oculus-rift,,,0,1,34,1,0,0,1,0,1,301,2025-09-19 12:57:20,2026-04-18 07:00:56
,https://www.cloudemployee.io/developers/odoo,,,0,1,34,1,0,0,1,0,1,301,2025-09-10 00:03:57,2026-05-04 07:33:33
,https://www.cloudemployee.io/developers/okhttp,,,0,1,34,1,0,0,1,0,1,301,2025-09-09 23:21:04,2026-04-18 04:55:54
,https://www.cloudemployee.io/developers/okta,,,0,1,34,1,0,0,1,0,1,301,2025-09-10 18:09:23,2026-04-18 05:45:39
,https://www.cloudemployee.io/developers/oop,,,0,1,34,1,0,0,1,0,1,301,2025-09-24 06:32:28,2026-04-16 11:38:44
,https://www.cloudemployee.io/developers/open-office,,,0,1,34,1,0,0,1,0,1,301,2025-09-10 06:19:26,2026-04-22 04:38:38
,https://www.cloudemployee.io/developers/openbsd,,,0,1,34,1,0,0,1,0,1,301,2025-09-19 12:09:28,2026-04-15 20:00:42
,https://www.cloudemployee.io/developers/opencart,,,0,1,34,1,0,0,1,0,1,301,2025-09-19 02:42:11,2026-04-18 06:43:21
,https://www.cloudemployee.io/developers/opencv,,,0,1,34,1,0,0,1,0,1,301,2025-09-19 13:34:19,2026-06-26 05:36:31
,https://www.cloudemployee.io/developers/opengl,,,0,1,34,1,0,0,1,0,1,301,2025-09-19 16:12:54,2026-05-28 08:35:21
,https://www.cloudemployee.io/developers/openlaszlo,,,0,1,34,1,0,0,1,0,1,301,2025-10-22 21:15:27,2026-05-26 12:00:48
,https://www.cloudemployee.io/developers/openoffice-writer,,,0,1,34,1,0,0,1,0,1,301,2025-09-09 16:45:55,2026-05-10 01:19:23
,https://www.cloudemployee.io/developers/openrasta,,,0,1,34,1,0,0,1,0,1,301,2025-09-19 14:39:25,2026-03-18 17:22:10
,https://www.cloudemployee.io/developers/opensocial,,,0,1,34,1,0,0,1,0,1,301,2025-09-19 12:40:47,2026-06-27 01:13:10
,https://www.cloudemployee.io/developers/openstack,,,0,1,34,1,0,0,1,0,1,301,2025-09-19 15:30:23,2026-06-25 14:32:06
,https://www.cloudemployee.io/developers/openui5,,,0,1,34,1,0,0,1,0,1,301,2025-09-19 11:23:42,2026-04-18 03:51:56
,https://www.cloudemployee.io/developers/openxava,,,0,1,34,1,0,0,1,0,1,301,2025-09-19 11:48:11,2026-04-15 15:03:14
,https://www.cloudemployee.io/developers/oracle,,,0,1,34,1,0,0,1,0,1,301,2025-09-17 00:41:47,2026-04-16 12:28:50
,https://www.cloudemployee.io/developers/oracle-adf,,,0,1,34,1,0,0,1,0,1,301,2025-09-19 16:12:25,2026-05-18 23:07:31
,https://www.cloudemployee.io/developers/oracle-sql,,,0,1,34,1,0,0,1,0,1,301,2025-09-19 05:47:52,2026-02-25 22:53:14
,https://www.cloudemployee.io/developers/orm,,,0,1,34,1,0,0,1,0,1,301,2025-09-10 01:47:17,2026-06-27 01:17:34
,https://www.cloudemployee.io/developers/oscar,,,0,1,34,1,0,0,1,0,1,301,2025-09-09 12:33:27,2026-07-02 09:30:51
,https://www.cloudemployee.io/developers/oscommerce,,,0,1,34,1,0,0,1,0,1,301,2025-09-19 14:03:58,2026-04-18 01:13:32
,https://www.cloudemployee.io/developers/osx,,,0,1,34,1,0,0,1,0,1,301,2025-09-25 08:18:53,2026-06-30 11:24:06
,https://www.cloudemployee.io/developers/outbound-sales,,,0,1,34,1,0,0,1,0,1,301,2025-09-09 11:54:27,2026-04-13 05:15:44
,https://www.cloudemployee.io/developers/owin,,,0,1,34,1,0,0,1,0,1,301,2025-09-09 15:28:01,2026-07-03 21:25:53
,https://www.cloudemployee.io/developers/paas,,,0,1,34,1,0,0,1,0,1,301,2025-09-10 03:08:43,2026-02-26 15:50:31
,https://www.cloudemployee.io/developers/padrino,,,0,1,34,1,0,0,1,0,1,301,2025-09-19 12:59:55,2026-04-18 05:11:56
,https://www.cloudemployee.io/developers/pandas,,,0,1,34,1,0,0,1,0,1,301,2025-09-19 17:22:03,2026-04-18 06:50:46
,https://www.cloudemployee.io/developers/pantheon,,,0,1,34,1,0,0,1,0,1,301,2025-09-09 21:33:05,2026-04-18 06:18:43
,https://www.cloudemployee.io/developers/paramiko,,,0,1,34,1,0,0,1,0,1,301,2025-09-10 05:52:20,2026-04-18 05:00:18
,https://www.cloudemployee.io/developers/paris/netbsd,,,0,1,34,1,0,0,1,0,1,301,2025-09-14 22:37:36,2026-07-03 21:21:44
,https://www.cloudemployee.io/developers/paris/nette-framework,,,,1,34,1,0,1,1,0,1,,2025-09-18 09:29:54,2025-09-18 09:29:54
,https://www.cloudemployee.io/developers/paris/rackspace,,,,1,34,1,0,1,1,0,1,,2025-09-18 06:08:21,2025-09-18 06:08:21
,https://www.cloudemployee.io/developers/paris/twitter-bootstrap,,,0,1,34,1,0,0,1,0,1,301,2025-09-15 05:34:44,2026-06-25 02:34:17
,https://www.cloudemployee.io/developers/paris/umbraco-cms,,,0,1,34,1,0,0,1,0,1,301,2025-09-14 22:34:28,2026-04-17 15:48:07
,https://www.cloudemployee.io/developers/parse,,,0,1,34,1,0,0,1,0,1,301,2025-09-09 14:43:27,2026-05-07 13:51:06
,https://www.cloudemployee.io/developers/pascal,,,0,1,34,1,0,0,1,0,1,301,2025-09-09 21:22:44,2026-05-07 09:38:47
,https://www.cloudemployee.io/developers/passportjs,,,0,1,34,1,0,0,1,0,1,301,2025-09-10 05:01:27,2026-06-29 00:49:14
,https://www.cloudemployee.io/developers/pathfinding,,,0,1,34,1,0,0,1,0,1,301,2025-09-09 13:49:00,2026-07-01 11:32:19
,https://www.cloudemployee.io/developers/payment-administration,,,0,1,34,1,0,0,1,0,1,301,2025-09-09 22:57:41,2026-04-18 05:13:03
,https://www.cloudemployee.io/developers/paypal,,,0,1,34,1,0,0,1,0,1,301,2025-09-19 14:28:22,2026-04-18 06:02:27
,https://www.cloudemployee.io/developers/pebble,,,0,1,34,1,0,0,1,0,1,301,2025-10-24 08:12:10,2026-04-17 09:39:56
,https://www.cloudemployee.io/developers/perforce,,,0,1,34,1,0,0,1,0,1,301,2025-09-25 15:37:22,2026-04-18 05:12:24
,https://www.cloudemployee.io/developers/performance-testing,,,0,1,34,1,0,0,1,0,1,301,2025-09-10 00:09:49,2026-04-30 08:02:08
,https://www.cloudemployee.io/developers/perl,,,0,1,34,1,0,0,1,0,1,301,2025-09-16 22:15:38,2026-07-01 22:03:15
,https://www.cloudemployee.io/developers/ph,,,0,1,34,1,0,0,1,0,1,301,2025-09-09 12:16:54,2026-04-14 00:51:14
,https://www.cloudemployee.io/developers/phalcon,,,0,1,34,1,0,0,1,0,1,301,2025-09-19 11:22:58,2026-04-20 16:36:12
,https://www.cloudemployee.io/developers/phalcon-php,,,0,1,34,1,0,0,1,0,1,301,2025-09-10 18:18:31,2026-07-12 02:18:12
,https://www.cloudemployee.io/developers/phaserjs,,,0,1,34,1,0,0,1,0,1,301,2025-09-09 22:29:37,2026-04-18 04:17:16
,https://www.cloudemployee.io/developers/phoenix,,,0,1,34,1,0,0,1,0,1,301,2025-09-19 13:49:49,2026-04-17 13:42:34
,https://www.cloudemployee.io/developers/phon,,,0,1,34,1,0,0,1,0,1,301,2025-09-10 06:26:15,2026-04-18 04:31:27
,https://www.cloudemployee.io/developers/phonegap,,,0,1,34,1,0,0,1,0,1,301,2025-09-19 00:43:00,2026-06-27 16:21:13
,https://www.cloudemployee.io/developers/photoshop,,,0,1,34,1,0,0,1,0,1,301,2025-09-25 05:04:13,2026-04-18 06:21:40
,https://www.cloudemployee.io/developers/php,,,0,1,34,1,0,0,1,0,1,301,2025-09-15 22:43:03,2026-04-16 13:47:32
,https://www.cloudemployee.io/developers/php-developers,,,0,1,34,1,0,0,1,0,1,301,2025-09-09 11:41:02,2026-07-11 11:38:58
,https://www.cloudemployee.io/developers/php-excel,,,0,1,34,1,0,0,1,0,1,301,2025-09-09 20:27:09,2026-04-18 04:15:46
,https://www.cloudemployee.io/developers/phpbb,,,0,1,34,1,0,0,1,0,1,301,2025-09-19 10:13:58,2026-03-05 06:29:26
,https://www.cloudemployee.io/developers/phpfox,,,0,1,34,1,0,0,1,0,1,301,2025-09-19 10:01:26,2026-06-07 01:29:17
,https://www.cloudemployee.io/developers/phpixie,,,0,1,34,1,0,0,1,0,1,301,2025-09-19 15:01:01,2026-04-18 06:02:59
,https://www.cloudemployee.io/developers/phpmyadmin,,,0,1,34,1,0,0,1,0,1,301,2025-09-09 16:32:33,2026-05-20 05:01:31
,https://www.cloudemployee.io/developers/phpstorm,,,0,1,34,1,0,0,1,0,1,301,2025-09-25 05:14:27,2026-06-26 19:25:16
,https://www.cloudemployee.io/developers/phpunit,,,0,1,34,1,0,0,1,0,1,301,2025-09-25 16:03:27,2026-05-15 16:18:05
,https://www.cloudemployee.io/developers/pimcore,,,0,1,34,1,0,0,1,0,1,301,2025-09-09 19:04:48,2026-06-26 22:06:40
,https://www.cloudemployee.io/developers/piwik,,,0,1,34,1,0,0,1,0,1,301,2025-09-09 14:54:32,2026-06-26 22:09:34
,https://www.cloudemployee.io/developers/pixijs,,,0,1,34,1,0,0,1,0,1,301,2025-09-09 15:27:39,2026-04-18 06:56:43
,https://www.cloudemployee.io/developers/pl,,,0,1,34,1,0,0,1,0,1,301,2025-09-09 14:55:57,2026-04-27 20:11:46
,https://www.cloudemployee.io/developers/pl-pgsql,,,0,1,34,1,0,0,1,0,1,301,2025-09-10 07:12:13,2026-04-18 05:07:09
,https://www.cloudemployee.io/developers/pl-sql,,,0,1,34,1,0,0,1,0,1,301,2025-09-17 00:49:01,2026-04-12 03:15:10
,https://www.cloudemployee.io/developers/platespin-forge,,,0,1,34,1,0,0,1,0,1,301,2025-09-10 02:05:21,2026-07-08 03:47:24
,https://www.cloudemployee.io/developers/play-framework,,,0,1,34,1,0,0,1,0,1,301,2025-09-18 16:30:23,2026-02-20 06:17:43
,https://www.cloudemployee.io/developers/plone,,,0,1,34,1,0,0,1,0,1,301,2025-09-19 13:23:40,2026-07-10 10:43:45
,https://www.cloudemployee.io/developers/plsql,,,0,1,34,1,0,0,1,0,1,301,2025-09-25 03:57:28,2026-06-04 01:28:46
,https://www.cloudemployee.io/developers/pocket,,,0,1,34,1,0,0,1,0,1,301,2025-09-19 15:41:41,2026-04-21 12:32:53
,https://www.cloudemployee.io/developers/pos,,,0,1,34,1,0,0,1,0,1,301,2025-09-19 13:53:28,2026-04-17 20:22:09
,https://www.cloudemployee.io/developers/postgis,,,0,1,34,1,0,0,1,0,1,301,2025-09-10 11:22:21,2026-04-18 06:03:27
,https://www.cloudemployee.io/developers/postgre,,,0,1,34,1,0,0,1,0,1,301,2025-09-09 14:09:14,2026-04-22 20:03:23
,https://www.cloudemployee.io/developers/postgres,,,0,1,34,1,0,0,1,0,1,301,2025-09-09 16:07:28,2026-06-25 11:35:03
,https://www.cloudemployee.io/developers/postgresql,,,0,1,34,1,0,0,1,0,1,301,2025-09-16 13:57:30,2026-04-16 09:37:41
,https://www.cloudemployee.io/developers/postman,,,0,1,34,1,0,0,1,0,1,301,2025-09-10 04:46:46,2026-05-18 17:32:07
,https://www.cloudemployee.io/developers/postre,,,0,1,34,1,0,0,1,0,1,301,2025-09-09 15:00:57,2026-04-18 04:46:43
,https://www.cloudemployee.io/developers/powerbuilder,,,0,1,34,1,0,0,1,0,1,301,2025-09-19 12:50:03,2026-06-29 12:15:40
,https://www.cloudemployee.io/developers/powershell,,,0,1,34,1,0,0,1,0,1,301,2025-09-08 17:11:06,2026-04-25 11:17:57
,https://www.cloudemployee.io/developers/powershell-scripting,,,0,1,34,1,0,0,1,0,1,301,2025-09-15 06:17:45,2026-06-29 15:53:36
,https://www.cloudemployee.io/developers/prado,,,0,1,34,1,0,0,1,0,1,301,2025-09-19 13:32:06,2026-05-12 14:28:00
,https://www.cloudemployee.io/developers/presta,,,0,1,34,1,0,0,1,0,1,301,2025-09-10 07:43:32,2026-04-18 04:52:41
,https://www.cloudemployee.io/developers/prestashop,,,0,1,34,1,0,0,1,0,1,301,2025-09-19 12:31:27,2026-04-18 04:25:52
,https://www.cloudemployee.io/developers/prism,,,0,1,34,1,0,0,1,0,1,301,2025-09-19 12:34:41,2026-05-04 05:03:15
,https://www.cloudemployee.io/developers/project-management,,,0,1,34,1,0,0,1,0,1,301,2025-09-09 09:37:06,2026-05-13 21:25:08
,https://www.cloudemployee.io/developers/prometheus,,,0,1,34,1,0,0,1,0,1,301,2025-09-15 14:04:45,2026-04-17 09:10:56
,https://www.cloudemployee.io/developers/prototype,,,0,1,34,1,0,0,1,0,1,301,2025-09-19 11:48:49,2026-04-18 04:48:40
,https://www.cloudemployee.io/developers/prototype-js,,,0,1,34,1,0,0,1,0,1,301,2025-09-09 13:14:05,2026-07-03 04:54:15
,https://www.cloudemployee.io/developers/prototypejs,,,0,1,34,1,0,0,1,0,1,301,2025-09-09 08:14:27,2026-04-30 02:56:01
,https://www.cloudemployee.io/developers/protractor,,,0,1,34,1,0,0,1,0,1,301,2025-09-19 00:36:30,2026-04-14 00:29:29
,https://www.cloudemployee.io/developers/psql,,,0,1,34,1,0,0,1,0,1,301,2025-09-09 14:05:55,2026-05-02 09:54:43
,https://www.cloudemployee.io/developers/pug,,,0,1,34,1,0,0,1,0,1,301,2025-09-09 02:47:23,2026-05-13 23:56:40
,https://www.cloudemployee.io/developers/puppeteer,,,0,1,34,1,0,0,1,0,1,301,2025-09-19 12:05:26,2026-04-14 06:39:38
,https://www.cloudemployee.io/developers/purecss,,,0,1,34,1,0,0,1,0,1,301,2025-09-10 17:29:23,2026-06-30 20:08:18
,https://www.cloudemployee.io/developers/puremvc,,,0,1,34,1,0,0,1,0,1,301,2025-09-19 13:21:10,2026-04-18 03:42:26
,https://www.cloudemployee.io/developers/putty,,,0,1,34,1,0,0,1,0,1,301,2025-09-25 06:57:07,2026-06-07 04:30:58
,https://www.cloudemployee.io/developers/pycharm,,,0,1,34,1,0,0,1,0,1,301,2025-09-09 08:38:45,2026-05-03 02:01:13
,https://www.cloudemployee.io/developers/pyht,,,0,1,34,1,0,0,1,0,1,301,2025-09-09 13:39:16,2026-04-19 23:15:29
,https://www.cloudemployee.io/developers/pyjs,,,0,1,34,1,0,0,1,0,1,301,2025-09-19 13:59:45,2026-05-12 13:22:45
,https://www.cloudemployee.io/developers/pylons,,,0,1,34,1,0,0,1,0,1,301,2025-09-19 13:51:51,2026-04-18 04:24:44
,https://www.cloudemployee.io/developers/pyobjc,,,0,1,34,1,0,0,1,0,1,301,2025-09-19 12:36:29,2026-05-24 02:42:21
,https://www.cloudemployee.io/developers/pyqt,,,0,1,34,1,0,0,1,0,1,301,2025-09-23 13:16:00,2026-05-06 17:23:15
,https://www.cloudemployee.io/developers/pyramid,,,0,1,34,1,0,0,1,0,1,301,2025-09-19 13:16:12,2026-04-18 05:16:32
,https://www.cloudemployee.io/developers/pyrocms,,,0,1,34,1,0,0,1,0,1,301,2025-09-09 08:40:30,2026-05-18 15:26:20
,https://www.cloudemployee.io/developers/pyt,,,0,1,34,1,0,0,1,0,1,301,2025-09-09 17:12:58,2026-05-14 01:24:06
,https://www.cloudemployee.io/developers/pyth,,,0,1,34,1,0,0,1,0,1,301,2025-09-10 05:00:29,2026-07-04 10:52:25
,https://www.cloudemployee.io/developers/python,,,0,1,34,1,0,0,1,0,1,301,2025-09-16 05:50:34,2026-04-13 04:39:52
,https://www.cloudemployee.io/developers/python-eve,,,0,1,34,1,0,0,1,0,1,301,2025-09-09 13:56:53,2026-07-06 06:38:44
,https://www.cloudemployee.io/developers/qa-standards,,,0,1,34,1,0,0,1,0,1,301,2025-09-10 01:04:36,2026-05-03 05:33:12
,https://www.cloudemployee.io/developers/qa-testing,,,0,1,34,1,0,0,1,0,1,301,2025-09-10 07:44:15,2026-04-17 23:53:24
,https://www.cloudemployee.io/developers/qlikview,,,0,1,34,1,0,0,1,0,1,301,2025-09-19 11:45:31,2026-05-15 18:24:43
,https://www.cloudemployee.io/developers/qt,,,0,1,34,1,0,0,1,0,1,301,2025-09-19 15:40:46,2026-05-13 04:12:13
,https://www.cloudemployee.io/developers/query-trees,,,0,1,34,1,0,0,1,0,1,301,2025-09-10 01:50:27,2026-06-29 11:46:57
,https://www.cloudemployee.io/developers/quickbase,,,0,1,34,1,0,0,1,0,1,301,2025-09-19 11:35:57,2026-04-14 13:56:40
,https://www.cloudemployee.io/developers/quickbooks,,,0,1,34,1,0,0,1,0,1,301,2025-09-19 13:11:21,2026-07-12 05:21:24
,https://www.cloudemployee.io/developers/r,,,0,1,34,1,0,0,1,0,1,301,2025-09-19 06:47:31,2026-07-08 18:02:04
,https://www.cloudemployee.io/developers/r-programming,,,0,1,34,1,0,0,1,0,1,301,2025-09-09 12:54:52,2026-04-13 18:29:36
,https://www.cloudemployee.io/developers/r3-corda,,,0,1,34,1,0,0,1,0,1,301,2025-09-19 12:25:06,2026-06-25 05:38:52
,https://www.cloudemployee.io/developers/rabbitmq,,,0,1,34,1,0,0,1,0,1,301,2025-09-15 17:10:01,2026-05-07 14:16:01
,https://www.cloudemployee.io/developers/rackspace,,,0,1,34,1,0,0,1,0,1,301,2025-09-19 15:25:59,2026-04-18 06:05:31
,https://www.cloudemployee.io/developers/ractivejs,,,0,1,34,1,0,0,1,0,1,301,2025-09-19 12:53:18,2026-05-26 13:30:54
,https://www.cloudemployee.io/developers/ranorex,,,0,1,34,1,0,0,1,0,1,301,2025-09-09 16:24:05,2026-05-01 04:06:06
,https://www.cloudemployee.io/developers/raspberry-pi,,,0,1,34,1,0,0,1,0,1,301,2025-09-19 11:55:26,2026-06-15 02:09:23
,https://www.cloudemployee.io/developers/ravendb,,,0,1,34,1,0,0,1,0,1,301,2025-09-09 19:21:34,2026-04-18 04:34:46
,https://www.cloudemployee.io/developers/razor,,,0,1,34,1,0,0,1,0,1,301,2025-09-25 08:10:45,2026-04-15 15:55:54
,https://www.cloudemployee.io/developers/razor-framework,,,0,1,34,1,0,0,1,0,1,301,2025-09-10 01:18:19,2026-04-29 04:28:19
,https://www.cloudemployee.io/developers/rdbms,,,0,1,34,1,0,0,1,0,1,301,2025-09-09 19:20:40,2026-06-30 03:42:04
,https://www.cloudemployee.io/developers/rdbms-microsoft-sql-server,,,0,1,34,1,0,0,1,0,1,301,2025-09-10 17:28:03,2026-04-18 04:35:02
,https://www.cloudemployee.io/developers/rds,,,0,1,34,1,0,0,1,0,1,301,2025-09-08 19:57:40,2026-05-05 16:38:52
,https://www.cloudemployee.io/developers/react,,,0,1,34,1,0,0,1,0,1,301,2025-09-18 19:12:26,2026-05-24 15:17:54
,https://www.cloudemployee.io/developers/react-bootstrap,,,0,1,34,1,0,0,1,0,1,301,2025-09-09 16:45:07,2026-07-04 13:21:25
,https://www.cloudemployee.io/developers/react-native,,,0,1,34,1,0,0,1,0,1,301,2025-09-17 16:15:36,2026-04-16 13:38:47
,https://www.cloudemployee.io/developers/react-router,,,0,1,34,1,0,0,1,0,1,301,2025-09-15 16:57:06,2026-04-17 21:27:49
,https://www.cloudemployee.io/developers/reactjs,,,0,1,34,1,0,0,1,0,1,301,2025-09-17 10:39:19,2026-03-07 05:11:03
,https://www.cloudemployee.io/developers/reading/moodle,,,0,1,34,1,0,0,1,0,1,301,2025-09-14 22:35:59,2026-04-17 18:17:55
,https://www.cloudemployee.io/developers/reading/nopcommerce,,,0,1,34,1,0,0,1,0,1,301,2025-09-14 21:26:56,2026-04-17 12:45:16
,https://www.cloudemployee.io/developers/reading/openstack,,,0,1,34,1,0,0,1,0,1,301,2025-09-15 06:48:57,2026-06-26 16:56:46
,https://www.cloudemployee.io/developers/red-hat,,,0,1,34,1,0,0,1,0,1,301,2025-09-25 08:05:22,2026-04-18 06:04:03
,https://www.cloudemployee.io/developers/redis,,,0,1,34,1,0,0,1,0,1,301,2025-09-25 07:48:56,2026-05-02 10:01:19
,https://www.cloudemployee.io/developers/redmine,,,0,1,34,1,0,0,1,0,1,301,2025-09-09 10:11:04,2026-05-16 18:29:49
,https://www.cloudemployee.io/developers/redux,,,0,1,34,1,0,0,1,0,1,301,2025-09-25 04:10:39,2026-04-18 05:49:30
,https://www.cloudemployee.io/developers/regression-testing,,,0,1,34,1,0,0,1,0,1,301,2025-09-09 05:37:33,2026-04-18 06:24:46
,https://www.cloudemployee.io/developers/release-engineering,,,0,1,34,1,0,0,1,0,1,301,2025-09-10 01:00:18,2026-04-24 18:16:23
,https://www.cloudemployee.io/developers/reporting-services,,,0,1,34,1,0,0,1,0,1,301,2025-09-09 19:44:28,2026-05-11 18:52:17
,https://www.cloudemployee.io/developers/responsive-web-design,,,0,1,34,1,0,0,1,0,1,301,2025-09-09 06:46:39,2026-04-12 13:09:13
,https://www.cloudemployee.io/developers/rest,,,0,1,34,1,0,0,1,0,1,301,2025-09-24 06:27:14,2026-06-04 09:45:27
,https://www.cloudemployee.io/developers/rest-apis,,,0,1,34,1,0,0,1,0,1,301,2025-09-09 06:22:40,2026-05-02 21:03:51
,https://www.cloudemployee.io/developers/rest-soap-api,,,0,1,34,1,0,0,1,0,1,301,2025-09-09 12:35:36,2026-04-18 06:05:15
,https://www.cloudemployee.io/developers/restful-api,,,0,1,34,1,0,0,1,0,1,301,2025-09-25 06:00:58,2026-04-15 15:30:00
,https://www.cloudemployee.io/developers/retrofit,,,0,1,34,1,0,0,1,0,1,301,2025-09-09 11:13:59,2026-05-04 23:04:49
,https://www.cloudemployee.io/developers/rife,,,0,1,34,1,0,0,1,0,1,301,2025-09-19 11:14:37,2026-07-09 14:07:14
,https://www.cloudemployee.io/developers/robot-framework,,,0,1,34,1,0,0,1,0,1,301,2025-09-14 22:02:57,2026-06-26 07:01:37
,https://www.cloudemployee.io/developers/rspec,,,0,1,34,1,0,0,1,0,1,301,2025-09-09 00:48:10,2026-06-26 02:10:54
,https://www.cloudemployee.io/developers/rss,,,0,1,34,1,0,0,1,0,1,301,2025-09-19 15:45:13,2026-03-09 23:34:02
,https://www.cloudemployee.io/developers/rub,,,0,1,34,1,0,0,1,0,1,301,2025-09-09 16:21:37,2026-05-15 12:33:50
,https://www.cloudemployee.io/developers/ruby,,,0,1,34,1,0,0,1,0,1,301,2025-09-25 04:27:39,2026-06-02 23:54:14
,https://www.cloudemployee.io/developers/ruby-on-rails,,,0,1,34,1,0,0,1,0,1,301,2025-09-16 20:45:00,2026-04-16 14:35:59
,https://www.cloudemployee.io/developers/rxandroid,,,0,1,34,1,0,0,1,0,1,301,2025-09-10 00:59:43,2026-05-10 11:20:50
,https://www.cloudemployee.io/developers/rxjava,,,0,1,34,1,0,0,1,0,1,301,2025-09-10 05:20:34,2026-06-27 14:11:23
,https://www.cloudemployee.io/developers/rxjs,,,0,1,34,1,0,0,1,0,1,301,2025-09-19 11:23:23,2026-04-18 05:20:48
,https://www.cloudemployee.io/developers/saas,,,0,1,34,1,0,0,1,0,1,301,2025-09-19 12:45:09,2026-04-18 01:07:33
,https://www.cloudemployee.io/developers/saetta-web-server,,,0,1,34,1,0,0,1,0,1,301,2025-09-19 13:20:55,2026-04-18 06:51:52
,https://www.cloudemployee.io/developers/sailsjs,,,0,1,34,1,0,0,1,0,1,301,2025-09-19 16:16:32,2026-04-18 06:28:31
,https://www.cloudemployee.io/developers/salesforce,,,0,1,34,1,0,0,1,0,1,301,2025-09-18 14:41:29,2026-05-04 16:25:12
,https://www.cloudemployee.io/developers/sap,,,0,1,34,1,0,0,1,0,1,301,2025-09-25 07:42:51,2026-04-18 06:56:23
,https://www.cloudemployee.io/developers/sap-business-one,,,0,1,34,1,0,0,1,0,1,301,2025-09-10 10:50:35,2026-06-27 06:15:09
,https://www.cloudemployee.io/developers/sas,,,0,1,34,1,0,0,1,0,1,301,2025-09-15 20:53:36,2026-04-18 02:19:32
,https://www.cloudemployee.io/developers/sass,,,0,1,34,1,0,0,1,0,1,301,2025-09-16 06:08:01,2026-05-18 22:24:06
,https://www.cloudemployee.io/developers/scada,,,0,1,34,1,0,0,1,0,1,301,2025-09-19 13:13:19,2026-06-29 12:55:12
,https://www.cloudemployee.io/developers/scala,,,0,1,34,1,0,0,1,0,1,301,2025-09-19 11:12:10,2026-07-09 22:10:00
,https://www.cloudemployee.io/developers/scalatra,,,0,1,34,1,0,0,1,0,1,301,2025-09-19 12:52:47,2026-07-09 13:44:18
,https://www.cloudemployee.io/developers/scm,,,0,1,34,1,0,0,1,0,1,301,2025-09-15 06:09:48,2026-04-18 05:58:10
,https://www.cloudemployee.io/developers/scrapy,,,0,1,34,1,0,0,1,0,1,301,2025-09-09 08:00:44,2026-04-13 13:18:24
,https://www.cloudemployee.io/developers/scrum,,,0,1,34,1,0,0,1,0,1,301,2025-09-25 01:26:06,2026-03-10 00:21:53
,https://www.cloudemployee.io/developers/scss,,,0,1,34,1,0,0,1,0,1,301,2025-09-25 01:17:22,2026-03-10 00:06:42
,https://www.cloudemployee.io/developers/sdio-packet-analyzer,,,0,1,34,1,0,0,1,0,1,301,2025-09-09 14:58:02,2026-06-28 09:39:31
,https://www.cloudemployee.io/developers/sdio-transport,,,0,1,34,1,0,0,1,0,1,301,2025-09-09 14:57:48,2026-06-28 17:20:48
,https://www.cloudemployee.io/developers/sdk,,,0,1,34,1,0,0,1,0,1,301,2025-09-09 21:23:47,2026-04-30 08:53:26
,https://www.cloudemployee.io/developers/sdlc,,,0,1,34,1,0,0,1,0,1,301,2025-09-09 02:16:42,2026-05-11 22:51:33
,https://www.cloudemployee.io/developers/search-engine-optimization,,,0,1,34,1,0,0,1,0,1,301,2025-09-09 15:35:30,2026-05-08 14:17:03
,https://www.cloudemployee.io/developers/selenium,,,0,1,34,1,0,0,1,0,1,301,2025-09-25 06:17:55,2026-07-07 10:37:58
,https://www.cloudemployee.io/developers/selenium-web-driver,,,0,1,34,1,0,0,1,0,1,301,2025-09-10 17:50:54,2026-07-04 17:51:33
,https://www.cloudemployee.io/developers/semantic-ui,,,0,1,34,1,0,0,1,0,1,301,2025-09-09 19:06:39,2026-04-20 16:44:47
,https://www.cloudemployee.io/developers/sencha-ext-js,,,0,1,34,1,0,0,1,0,1,301,2025-09-09 15:03:03,2026-05-06 20:47:33
,https://www.cloudemployee.io/developers/sencha-touch,,,0,1,34,1,0,0,1,0,1,301,2025-09-19 12:14:11,2026-04-16 12:34:43
,https://www.cloudemployee.io/developers/seo,,,0,1,34,1,0,0,1,0,1,301,2025-09-25 08:42:23,2026-07-11 12:44:46
,https://www.cloudemployee.io/developers/seo-marketing,,,0,1,34,1,0,0,1,0,1,301,2025-09-10 18:25:57,2026-04-18 04:29:18
,https://www.cloudemployee.io/developers/server-administration,,,0,1,34,1,0,0,1,0,1,301,2025-09-10 01:00:53,2026-05-18 05:03:32
,https://www.cloudemployee.io/developers/servlet,,,0,1,34,1,0,0,1,0,1,301,2025-09-09 06:07:58,2026-05-17 22:38:31
,https://www.cloudemployee.io/developers/servlets,,,0,1,34,1,0,0,1,0,1,301,2025-09-25 05:34:51,2026-04-15 03:56:13
,https://www.cloudemployee.io/developers/severless,,,0,1,34,1,0,0,1,0,1,301,2025-09-15 08:57:47,2026-07-11 02:18:51
,https://www.cloudemployee.io/developers/sharepoint,,,0,1,34,1,0,0,1,0,1,301,2025-09-18 12:50:01,2026-07-02 21:02:09
,https://www.cloudemployee.io/developers/shell-scripting,,,0,1,34,1,0,0,1,0,1,301,2025-09-09 11:36:37,2026-03-08 15:01:58
,https://www.cloudemployee.io/developers/shopify,,,0,1,34,1,0,0,1,0,1,301,2025-09-18 14:46:25,2026-05-10 11:34:39
,https://www.cloudemployee.io/developers/shopping-cart-development,,,0,1,34,1,0,0,1,0,1,301,2025-09-10 04:24:40,2026-04-18 04:37:58
,https://www.cloudemployee.io/developers/signalr,,,0,1,34,1,0,0,1,0,1,301,2025-09-25 08:29:43,2026-06-24 21:28:57
,https://www.cloudemployee.io/developers/silex,,,0,1,34,1,0,0,1,0,1,301,2025-09-19 13:00:23,2026-04-18 06:25:55
,https://www.cloudemployee.io/developers/silverlight,,,0,1,34,1,0,0,1,0,1,301,2025-09-19 11:52:11,2026-04-25 07:11:23
,https://www.cloudemployee.io/developers/silverstripe,,,0,1,34,1,0,0,1,0,1,301,2025-09-19 13:12:30,2026-04-15 01:26:45
,https://www.cloudemployee.io/developers/sinatra,,,0,1,34,1,0,0,1,0,1,301,2025-09-19 17:49:22,2026-06-30 07:44:31
,https://www.cloudemployee.io/developers/sitecore,,,0,1,34,1,0,0,1,0,1,301,2025-09-19 11:47:16,2026-04-18 05:46:51
,https://www.cloudemployee.io/developers/sitefinity,,,0,1,34,1,0,0,1,0,1,301,2025-09-19 14:31:19,2026-07-07 08:09:59
,https://www.cloudemployee.io/developers/slim,,,0,1,34,1,0,0,1,0,1,301,2025-09-09 14:53:39,2026-04-18 04:51:25
,https://www.cloudemployee.io/developers/sling,,,0,1,34,1,0,0,1,0,1,301,2025-09-10 07:09:15,2026-04-18 05:15:01
,https://www.cloudemployee.io/developers/smalltalk,,,0,1,34,1,0,0,1,0,1,301,2025-09-08 18:37:10,2026-04-22 05:09:21
,https://www.cloudemployee.io/developers/smarty,,,0,1,34,1,0,0,1,0,1,301,2025-09-19 08:18:47,2026-07-06 11:07:51
,https://www.cloudemployee.io/developers/smoke-testing,,,0,1,34,1,0,0,1,0,1,301,2025-09-10 00:09:14,2026-05-08 21:33:28
,https://www.cloudemployee.io/developers/smpp,,,0,1,34,1,0,0,1,0,1,301,2025-09-09 17:53:19,2026-04-18 04:35:20
,https://www.cloudemployee.io/developers/smsc,,,0,1,34,1,0,0,1,0,1,301,2025-09-09 17:34:24,2026-04-18 04:47:08
,https://www.cloudemployee.io/developers/smt,,,0,1,34,1,0,0,1,0,1,301,2025-09-10 12:43:05,2026-04-18 04:53:17
,https://www.cloudemployee.io/developers/soa,,,0,1,34,1,0,0,1,0,1,301,2025-09-19 13:15:57,2026-04-18 06:27:08
,https://www.cloudemployee.io/developers/soap,,,0,1,34,1,0,0,1,0,1,301,2025-09-24 06:48:51,2026-05-05 20:01:52
,https://www.cloudemployee.io/developers/soapui,,,0,1,34,1,0,0,1,0,1,301,2025-09-10 01:05:14,2026-05-10 13:42:59
,https://www.cloudemployee.io/developers/social-media,,,0,1,34,1,0,0,1,0,1,301,2025-09-09 15:58:45,2026-04-18 05:12:53
,https://www.cloudemployee.io/developers/socketio,,,0,1,34,1,0,0,1,0,1,301,2025-09-19 11:24:17,2026-07-04 12:55:44
,https://www.cloudemployee.io/developers/software-configuration-management,,,0,1,34,1,0,0,1,0,1,301,2025-09-09 16:44:10,2026-03-03 00:57:13
,https://www.cloudemployee.io/developers/software-development,,,0,1,34,1,0,0,1,0,1,301,2025-09-09 06:39:54,2026-05-18 18:01:07
,https://www.cloudemployee.io/developers/software-development-lifecycle,,,0,1,34,1,0,0,1,0,1,301,2025-09-10 07:56:29,2026-04-18 02:25:16
,https://www.cloudemployee.io/developers/software-testing,,,0,1,34,1,0,0,1,0,1,301,2025-09-10 17:50:14,2026-05-03 14:28:07
,https://www.cloudemployee.io/developers/solaris,,,0,1,34,1,0,0,1,0,1,301,2025-09-19 14:13:49,2026-04-18 00:53:06
,https://www.cloudemployee.io/developers/solid,,,0,1,34,1,0,0,1,0,1,301,2025-09-09 09:44:41,2026-04-28 08:15:51
,https://www.cloudemployee.io/developers/solid-design-principles,,,0,1,34,1,0,0,1,0,1,301,2025-09-09 03:25:36,2026-04-13 13:29:50
,https://www.cloudemployee.io/developers/solid-principles,,,0,1,34,1,0,0,1,0,1,301,2025-09-10 02:56:24,2026-06-30 05:17:24
,https://www.cloudemployee.io/developers/solidity,,,0,1,34,1,0,0,1,0,1,301,2025-09-19 14:06:05,2026-07-10 18:37:55
,https://www.cloudemployee.io/developers/sonarqube,,,0,1,34,1,0,0,1,0,1,301,2025-09-09 22:00:30,2026-04-18 07:08:41
,https://www.cloudemployee.io/developers/sourcetree,,,0,1,34,1,0,0,1,0,1,301,2025-09-09 06:04:29,2026-05-09 06:20:44
,https://www.cloudemployee.io/developers/spa-framework,,,0,1,34,1,0,0,1,0,1,301,2025-09-09 18:38:10,2026-05-01 09:01:43
,https://www.cloudemployee.io/developers/spark,,,0,1,34,1,0,0,1,0,1,301,2025-09-09 19:10:41,2026-04-18 05:35:03
,https://www.cloudemployee.io/developers/specflow,,,0,1,34,1,0,0,1,0,1,301,2025-09-09 07:29:10,2026-04-18 07:07:07
,https://www.cloudemployee.io/developers/splunk,,,0,1,34,1,0,0,1,0,1,301,2025-09-19 11:57:13,2026-06-12 13:45:32
,https://www.cloudemployee.io/developers/spree-commerce,,,0,1,34,1,0,0,1,0,1,301,2025-09-19 13:11:07,2026-04-15 09:46:52
,https://www.cloudemployee.io/developers/spring,,,0,1,34,1,0,0,1,0,1,301,2025-09-16 12:56:19,2026-04-15 01:08:24
,https://www.cloudemployee.io/developers/spring-4,,,0,1,34,1,0,0,1,0,1,301,2025-09-09 13:44:31,2026-05-07 10:47:31
,https://www.cloudemployee.io/developers/spring-boot,,,0,1,34,1,0,0,1,0,1,301,2025-09-17 10:04:32,2026-04-16 14:10:30
,https://www.cloudemployee.io/developers/spring-framework,,,0,1,34,1,0,0,1,0,1,301,2025-09-09 15:04:36,2026-06-03 15:37:18
,https://www.cloudemployee.io/developers/spring-mvc,,,0,1,34,1,0,0,1,0,1,301,2025-09-25 01:02:31,2026-05-11 13:38:17
,https://www.cloudemployee.io/developers/spring-tool-suite,,,0,1,34,1,0,0,1,0,1,301,2025-09-10 10:05:05,2026-04-18 05:03:56
,https://www.cloudemployee.io/developers/sprite-grunt-js,,,0,1,34,1,0,0,1,0,1,301,2025-09-10 06:15:32,2026-07-08 13:45:14
,https://www.cloudemployee.io/developers/spritekit,,,0,1,34,1,0,0,1,0,1,301,2025-09-09 23:02:05,2026-06-25 09:54:38
,https://www.cloudemployee.io/developers/sqa-methodologies,,,0,1,34,1,0,0,1,0,1,301,2025-09-15 05:37:36,2026-04-16 12:48:23
,https://www.cloudemployee.io/developers/sqa-testing,,,0,1,34,1,0,0,1,0,1,301,2025-09-15 05:39:05,2026-04-16 12:49:59
,https://www.cloudemployee.io/developers/sql,,,0,1,34,1,0,0,1,0,1,301,2025-09-16 02:39:06,2026-04-15 14:01:32
,https://www.cloudemployee.io/developers/sql-2008r2,,,0,1,34,1,0,0,1,0,1,301,2025-09-10 07:18:36,2026-04-18 03:09:36
,https://www.cloudemployee.io/developers/sql-alchemy,,,0,1,34,1,0,0,1,0,1,301,2025-09-09 16:19:32,2026-07-06 03:47:10
,https://www.cloudemployee.io/developers/sql-clr,,,0,1,34,1,0,0,1,0,1,301,2025-09-19 13:52:13,2026-06-25 19:13:32
,https://www.cloudemployee.io/developers/sql-scripting,,,0,1,34,1,0,0,1,0,1,301,2025-09-10 18:19:21,2026-04-18 05:05:06
,https://www.cloudemployee.io/developers/sql-scripts,,,0,1,34,1,0,0,1,0,1,301,2025-09-15 05:40:48,2026-04-16 12:51:38
,https://www.cloudemployee.io/developers/sql-server,,,0,1,34,1,0,0,1,0,1,301,2025-09-17 12:23:54,2026-04-16 10:34:09
,https://www.cloudemployee.io/developers/sql-server-express,,,0,1,34,1,0,0,1,0,1,301,2025-09-10 18:42:39,2026-04-18 05:01:07
,https://www.cloudemployee.io/developers/sql-server-profiler,,,0,1,34,1,0,0,1,0,1,301,2025-09-10 03:25:30,2026-04-18 06:46:42
,https://www.cloudemployee.io/developers/sql-stored-procedure,,,0,1,34,1,0,0,1,0,1,301,2025-09-10 02:15:44,2026-04-18 03:21:58
,https://www.cloudemployee.io/developers/sqlite,,,0,1,34,1,0,0,1,0,1,301,2025-09-25 00:57:00,2026-07-11 00:06:51
,https://www.cloudemployee.io/developers/sqlyog,,,0,1,34,1,0,0,1,0,1,301,2025-09-08 23:52:50,2026-07-06 23:15:16
,https://www.cloudemployee.io/developers/squarespace,,,0,1,34,1,0,0,1,0,1,301,2025-09-19 13:48:17,2026-04-18 03:27:47
,https://www.cloudemployee.io/developers/ssas,,,0,1,34,1,0,0,1,0,1,301,2025-09-09 10:06:53,2026-05-23 14:52:30
,https://www.cloudemployee.io/developers/ssh,,,0,1,34,1,0,0,1,0,1,301,2025-09-09 14:46:00,2026-06-29 00:42:00
,https://www.cloudemployee.io/developers/ssis,,,0,1,34,1,0,0,1,0,1,301,2025-09-18 20:27:20,2026-07-03 06:27:31
,https://www.cloudemployee.io/developers/ssrs,,,0,1,34,1,0,0,1,0,1,301,2025-09-25 05:50:06,2026-04-21 11:44:14
,https://www.cloudemployee.io/developers/stockholm/ios,,,0,1,34,1,0,0,1,0,1,301,2025-09-16 12:18:53,2026-04-17 14:44:08
,https://www.cloudemployee.io/developers/stockholm/ze-framework,,,0,1,34,1,0,0,1,0,1,301,2025-09-11 16:01:28,2026-04-18 06:04:17
,https://www.cloudemployee.io/developers/stored-procedures,,,0,1,34,1,0,0,1,0,1,301,2025-09-09 16:46:37,2026-05-27 21:24:48
,https://www.cloudemployee.io/developers/stream,,,0,1,34,1,0,0,1,0,1,301,2025-09-08 20:30:20,2026-04-18 06:44:33
,https://www.cloudemployee.io/developers/stress-testing,,,0,1,34,1,0,0,1,0,1,301,2025-09-10 01:51:49,2026-07-07 11:22:32
,https://www.cloudemployee.io/developers/stripes,,,0,1,34,1,0,0,1,0,1,301,2025-09-19 13:45:49,2026-05-08 14:46:43
,https://www.cloudemployee.io/developers/struts,,,0,1,34,1,0,0,1,0,1,301,2025-09-17 10:30:48,2026-04-29 05:56:20
,https://www.cloudemployee.io/developers/struts-framework,,,0,1,34,1,0,0,1,0,1,301,2025-09-09 16:11:43,2026-04-18 04:36:39
,https://www.cloudemployee.io/developers/stylus,,,0,1,34,1,0,0,1,0,1,301,2025-09-09 09:12:57,2026-04-25 08:38:22
,https://www.cloudemployee.io/developers/sublime,,,0,1,34,1,0,0,1,0,1,301,2025-09-09 00:10:04,2026-05-12 08:15:00
,https://www.cloudemployee.io/developers/sublime-text,,,0,1,34,1,0,0,1,0,1,301,2025-09-09 10:19:38,2026-05-11 07:46:30
,https://www.cloudemployee.io/developers/subsonic,,,0,1,34,1,0,0,1,0,1,301,2025-09-09 19:42:05,2026-05-20 08:00:04
,https://www.cloudemployee.io/developers/sucuri,,,0,1,34,1,0,0,1,0,1,301,2025-09-09 20:13:14,2026-04-18 04:32:50
,https://www.cloudemployee.io/developers/sugarcrm,,,0,1,34,1,0,0,1,0,1,301,2025-09-08 21:16:42,2026-05-03 07:33:38
,https://www.cloudemployee.io/developers/svg,,,0,1,34,1,0,0,1,0,1,301,2025-09-19 13:00:09,2026-04-18 06:24:17
,https://www.cloudemployee.io/developers/svn,,,0,1,34,1,0,0,1,0,1,301,2025-09-25 01:07:34,2026-04-18 06:17:05
,https://www.cloudemployee.io/developers/swagger,,,0,1,34,1,0,0,1,0,1,301,2025-09-09 16:52:11,2026-06-29 09:23:44
,https://www.cloudemployee.io/developers/sweden/jvx,,,0,1,34,1,0,0,1,0,1,301,2025-09-18 09:33:03,2026-05-24 18:58:41
,https://www.cloudemployee.io/developers/sweden/sharepoint,,,0,1,34,1,0,0,1,0,1,301,2025-09-24 03:54:09,2026-04-17 21:51:56
,https://www.cloudemployee.io/developers/sweden/sinatra,,,0,1,34,1,0,0,1,0,1,301,2025-09-16 05:13:41,2026-04-17 14:28:39
,https://www.cloudemployee.io/developers/sweden/sitecore,,,0,1,34,1,0,0,1,0,1,301,2025-09-17 14:43:34,2026-04-18 04:37:39
,https://www.cloudemployee.io/developers/sweden/twilio,,,0,1,34,1,0,0,1,0,1,301,2025-09-09 21:33:38,2026-04-16 18:43:28
,https://www.cloudemployee.io/developers/sweden/web2py,,,0,1,34,1,0,0,1,0,1,301,2025-09-17 13:28:50,2026-04-17 18:07:25
,https://www.cloudemployee.io/developers/swift,,,0,1,34,1,0,0,1,0,1,301,2025-09-17 05:31:25,2026-03-10 01:20:32
,https://www.cloudemployee.io/developers/swift-mailer,,,0,1,34,1,0,0,1,0,1,301,2025-09-09 20:06:28,2026-04-18 01:25:31
,https://www.cloudemployee.io/developers/swig,,,0,1,34,1,0,0,1,0,1,301,2025-09-10 03:43:48,2026-06-26 03:37:13
,https://www.cloudemployee.io/developers/sybase,,,0,1,34,1,0,0,1,0,1,301,2025-09-19 04:20:08,2026-06-26 13:09:39
,https://www.cloudemployee.io/developers/sydney/ext-js,,,0,1,34,1,0,0,1,0,1,301,2025-09-12 16:33:55,2026-04-18 04:24:08
,https://www.cloudemployee.io/developers/sydney/fsharp,,,0,1,34,1,0,0,1,0,1,301,2025-09-15 09:11:43,2026-07-01 18:56:34
,https://www.cloudemployee.io/developers/sydney/numpy,,,0,1,34,1,0,0,1,0,1,301,2025-09-12 15:42:40,2026-06-26 02:31:13
,https://www.cloudemployee.io/developers/sydney/woocommerce,,,,1,34,1,0,1,1,0,1,,2025-09-17 08:06:56,2025-09-17 08:06:56
,https://www.cloudemployee.io/developers/symantec,,,0,1,34,1,0,0,1,0,1,301,2025-09-15 14:22:57,2026-07-12 15:49:39
,https://www.cloudemployee.io/developers/symfony,,,0,1,34,1,0,0,1,0,1,301,2025-09-17 03:02:22,2026-05-05 17:38:04
,https://www.cloudemployee.io/developers/sympathy,,,0,1,34,1,0,0,1,0,1,301,2025-09-10 07:08:29,2026-04-18 04:47:35
,https://www.cloudemployee.io/developers/system-administrator,,,0,1,34,1,0,0,1,0,1,301,2025-09-10 03:16:38,2026-05-01 09:59:08
,https://www.cloudemployee.io/developers/system-testing,,,0,1,34,1,0,0,1,0,1,301,2025-09-10 05:06:13,2026-04-18 04:54:16
,https://www.cloudemployee.io/developers/systems-analysis,,,0,1,34,1,0,0,1,0,1,301,2025-09-25 08:24:39,2026-04-15 17:21:17
,https://www.cloudemployee.io/developers/systems-design,,,0,1,34,1,0,0,1,0,1,301,2025-09-10 18:41:59,2026-04-18 05:37:31
,https://www.cloudemployee.io/developers/t-sql,,,0,1,34,1,0,0,1,0,1,301,2025-09-25 15:49:36,2026-06-11 15:13:01
,https://www.cloudemployee.io/developers/tcl,,,0,1,34,1,0,0,1,0,1,301,2025-09-10 04:12:27,2026-04-18 04:22:41
,https://www.cloudemployee.io/developers/tcp-ip,,,0,1,34,1,0,0,1,0,1,301,2025-09-10 09:51:05,2026-07-12 19:15:15
,https://www.cloudemployee.io/developers/tdd,,,0,1,34,1,0,0,1,0,1,301,2025-09-09 10:56:59,2026-07-05 04:07:35
,https://www.cloudemployee.io/developers/team-management,,,0,1,34,1,0,0,1,0,1,301,2025-09-10 18:41:06,2026-04-18 00:39:46
,https://www.cloudemployee.io/developers/teamcity,,,0,1,34,1,0,0,1,0,1,301,2025-09-09 10:31:40,2026-03-09 08:42:43
,https://www.cloudemployee.io/developers/tech,,,0,1,34,1,0,0,1,0,1,301,2025-09-25 15:19:01,2026-07-05 12:57:45
,https://www.cloudemployee.io/developers/telerik,,,0,1,34,1,0,0,1,0,1,301,2025-09-18 21:04:43,2026-05-07 17:10:58
,https://www.cloudemployee.io/developers/teradata,,,0,1,34,1,0,0,1,0,1,301,2025-09-19 09:50:58,2026-04-10 18:32:40
,https://www.cloudemployee.io/developers/test-design,,,0,1,34,1,0,0,1,0,1,301,2025-09-08 20:45:24,2026-04-24 03:15:10
,https://www.cloudemployee.io/developers/test-driven-development,,,0,1,34,1,0,0,1,0,1,301,2025-09-25 16:16:31,2026-04-16 02:00:19
,https://www.cloudemployee.io/developers/test-execution,,,0,1,34,1,0,0,1,0,1,301,2025-09-09 13:22:50,2026-07-06 05:22:12
,https://www.cloudemployee.io/developers/test-plan,,,0,1,34,1,0,0,1,0,1,301,2025-09-09 14:33:48,2026-05-18 18:25:03
,https://www.cloudemployee.io/developers/test-suite,,,0,1,34,1,0,0,1,0,1,301,2025-09-15 05:11:44,2026-04-18 06:26:41
,https://www.cloudemployee.io/developers/testflight,,,0,1,34,1,0,0,1,0,1,301,2025-09-10 06:14:02,2026-06-30 03:17:10
,https://www.cloudemployee.io/developers/testing,,,0,1,34,1,0,0,1,0,1,301,2025-09-09 22:33:35,2026-04-18 06:09:45
,https://www.cloudemployee.io/developers/testing-and-debugging,,,0,1,34,1,0,0,1,0,1,301,2025-09-09 14:43:07,2026-04-25 21:43:09
,https://www.cloudemployee.io/developers/testing-life-cycle,,,0,1,34,1,0,0,1,0,1,301,2025-09-10 07:45:59,2026-04-18 03:44:42
,https://www.cloudemployee.io/developers/testing-methodologies,,,0,1,34,1,0,0,1,0,1,301,2025-09-10 07:45:08,2026-04-18 03:19:55
,https://www.cloudemployee.io/developers/testrail,,,0,1,34,1,0,0,1,0,1,301,2025-09-14 22:11:28,2026-04-18 06:20:17
,https://www.cloudemployee.io/developers/tfs,,,0,1,34,1,0,0,1,0,1,301,2025-09-25 05:09:14,2026-06-23 02:33:31
,https://www.cloudemployee.io/developers/thinwire,,,0,1,34,1,0,0,1,0,1,301,2025-09-19 13:59:57,2026-04-18 05:32:27
,https://www.cloudemployee.io/developers/three-tier,,,0,1,34,1,0,0,1,0,1,301,2025-09-10 09:39:34,2026-07-04 07:57:11
,https://www.cloudemployee.io/developers/tibco,,,0,1,34,1,0,0,1,0,1,301,2025-09-19 14:15:15,2026-06-29 02:27:09
,https://www.cloudemployee.io/developers/titanium,,,0,1,34,1,0,0,1,0,1,301,2025-09-19 15:51:31,2026-07-01 14:39:40
,https://www.cloudemployee.io/developers/tizen,,,0,1,34,1,0,0,1,0,1,301,2025-09-19 13:34:50,2026-04-18 06:48:37
,https://www.cloudemployee.io/developers/tntnet,,,0,1,34,1,0,0,1,0,1,301,2025-09-19 13:13:04,2026-04-16 12:27:56
,https://www.cloudemployee.io/developers/toad,,,0,1,34,1,0,0,1,0,1,301,2025-09-09 15:00:26,2026-05-11 15:14:23
,https://www.cloudemployee.io/developers/tokbox,,,0,1,34,1,0,0,1,0,1,301,2025-09-19 13:15:44,2026-05-18 13:40:35
,https://www.cloudemployee.io/developers/tomcat,,,0,1,34,1,0,0,1,0,1,301,2025-09-25 03:50:39,2026-05-12 06:22:18
,https://www.cloudemployee.io/developers/tornado,,,0,1,34,1,0,0,1,0,1,301,2025-09-19 11:26:44,2026-04-18 04:50:03
,https://www.cloudemployee.io/developers/tortoisesvn,,,0,1,34,1,0,0,1,0,1,301,2025-09-09 08:05:26,2026-05-03 13:29:14
,https://www.cloudemployee.io/developers/travisci,,,0,1,34,1,0,0,1,0,1,301,2025-09-15 06:02:48,2026-04-18 05:45:57
,https://www.cloudemployee.io/developers/trello,,,0,1,34,1,0,0,1,0,1,301,2025-09-09 13:58:16,2026-05-13 04:24:30
,https://www.cloudemployee.io/developers/trend-micro,,,0,1,34,1,0,0,1,0,1,301,2025-09-15 14:02:37,2026-04-18 03:23:57
,https://www.cloudemployee.io/developers/troubleshooting,,,0,1,34,1,0,0,1,0,1,301,2025-09-09 22:33:04,2026-04-18 05:30:49
,https://www.cloudemployee.io/developers/tset,,,0,1,34,1,0,0,1,0,1,301,2025-09-10 03:06:54,2026-07-11 20:13:41
,https://www.cloudemployee.io/developers/tsql,,,0,1,34,1,0,0,1,0,1,301,2025-09-09 15:28:13,2026-07-05 10:33:21
,https://www.cloudemployee.io/developers/turbo-basic,,,0,1,34,1,0,0,1,0,1,301,2025-09-10 10:08:11,2026-04-24 08:16:20
,https://www.cloudemployee.io/developers/turbo-cplus-plus,,,0,1,34,1,0,0,1,0,1,301,2025-09-15 10:38:58,2026-04-18 23:41:07
,https://www.cloudemployee.io/developers/turbo-pascal,,,0,1,34,1,0,0,1,0,1,301,2025-09-09 21:46:20,2026-05-16 02:54:21
,https://www.cloudemployee.io/developers/turbogears,,,0,1,34,1,0,0,1,0,1,301,2025-09-19 12:23:10,2026-04-18 07:15:18
,https://www.cloudemployee.io/developers/twig,,,0,1,34,1,0,0,1,0,1,301,2025-09-10 18:26:48,2026-04-18 05:02:04
,https://www.cloudemployee.io/developers/twilio,,,0,1,34,1,0,0,1,0,1,301,2025-09-19 12:56:29,2026-06-25 18:45:57
,https://www.cloudemployee.io/developers/twitter-api,,,0,1,34,1,0,0,1,0,1,301,2025-09-09 22:38:20,2026-04-18 04:27:12
,https://www.cloudemployee.io/developers/twitter-bootstrap,,,0,1,34,1,0,0,1,0,1,301,2025-09-19 04:15:28,2026-05-08 11:46:17
,https://www.cloudemployee.io/developers/typescript,,,0,1,34,1,0,0,1,0,1,301,2025-09-16 12:10:16,2026-04-16 12:53:03
,https://www.cloudemployee.io/developers/typo3,,,0,1,34,1,0,0,1,0,1,301,2025-09-19 14:40:58,2026-05-19 16:06:01
,https://www.cloudemployee.io/developers/typo3-flow,,,0,1,34,1,0,0,1,0,1,301,2025-09-19 13:47:37,2026-04-17 14:43:11
,https://www.cloudemployee.io/developers/uat,,,0,1,34,1,0,0,1,0,1,301,2025-09-14 22:08:01,2026-04-18 05:02:20
,https://www.cloudemployee.io/developers/ubu,,,0,1,34,1,0,0,1,0,1,301,2025-09-15 06:16:17,2026-04-27 14:11:22
,https://www.cloudemployee.io/developers/ubuntu,,,0,1,34,1,0,0,1,0,1,301,2025-09-17 07:20:01,2026-04-15 17:40:20
,https://www.cloudemployee.io/developers/ui-testing,,,0,1,34,1,0,0,1,0,1,301,2025-09-10 09:23:05,2026-04-18 06:14:45
,https://www.cloudemployee.io/developers/ui-ux,,,0,1,34,1,0,0,1,0,1,301,2025-09-16 22:38:14,2026-04-15 14:15:22
,https://www.cloudemployee.io/developers/umbraco,,,0,1,34,1,0,0,1,0,1,301,2025-09-08 16:58:28,2026-05-01 19:20:31
,https://www.cloudemployee.io/developers/uml,,,0,1,34,1,0,0,1,0,1,301,2025-09-19 16:26:39,2026-04-20 02:12:35
,https://www.cloudemployee.io/developers/underscore-js,,,0,1,34,1,0,0,1,0,1,301,2025-09-09 14:44:24,2026-06-25 05:41:11
,https://www.cloudemployee.io/developers/underscorejs,,,0,1,34,1,0,0,1,0,1,301,2025-09-09 05:05:15,2026-04-18 06:36:50
,https://www.cloudemployee.io/developers/unfuddle,,,0,1,34,1,0,0,1,0,1,301,2025-09-09 13:48:20,2026-06-25 02:06:16
,https://www.cloudemployee.io/developers/unifiedjs,,,0,1,34,1,0,0,1,0,1,301,2025-09-19 14:03:40,2026-05-23 13:44:46
,https://www.cloudemployee.io/developers/unit-testing,,,0,1,34,1,0,0,1,0,1,301,2025-09-25 06:42:57,2026-05-18 14:25:07
,https://www.cloudemployee.io/developers/unity,,,0,1,34,1,0,0,1,0,1,301,2025-09-09 12:29:16,2026-05-29 15:23:14
,https://www.cloudemployee.io/developers/unity3d,,,0,1,34,1,0,0,1,0,1,301,2025-09-18 10:50:59,2026-06-04 19:57:30
,https://www.cloudemployee.io/developers/unix,,,0,1,34,1,0,0,1,0,1,301,2025-09-25 03:43:32,2026-05-24 17:14:55
,https://www.cloudemployee.io/developers/untangle,,,0,1,34,1,1,0,1,0,1,301,2026-01-14 01:40:43,2026-05-19 07:02:27
,https://www.cloudemployee.io/developers/user-acceptance-testing,,,0,1,34,1,0,0,1,0,1,301,2025-09-09 15:26:05,2026-07-06 16:40:12
,https://www.cloudemployee.io/developers/uwsgi,,,0,1,34,1,0,0,1,0,1,301,2025-09-09 17:42:52,2026-04-18 04:12:43
,https://www.cloudemployee.io/developers/vaadin,,,0,1,34,1,0,0,1,0,1,301,2025-09-19 14:10:14,2026-04-18 06:49:02
,https://www.cloudemployee.io/developers/vagrant,,,0,1,34,1,0,0,1,0,1,301,2025-09-10 00:03:14,2026-07-06 10:04:01
,https://www.cloudemployee.io/developers/vanillajs,,,0,1,34,1,0,0,1,0,1,301,2025-09-14 23:58:21,2026-04-18 02:20:13
,https://www.cloudemployee.io/developers/vb,,,0,1,34,1,0,0,1,0,1,301,2025-09-25 01:31:35,2026-04-16 14:24:51
,https://www.cloudemployee.io/developers/vb-classic,,,0,1,34,1,0,0,1,0,1,301,2025-09-10 07:13:39,2026-04-18 03:43:01
,https://www.cloudemployee.io/developers/vb-dot-net,,,0,1,34,1,0,0,1,0,1,301,2025-09-25 16:54:54,2026-06-26 23:02:09
,https://www.cloudemployee.io/developers/vb6,,,0,1,34,1,0,0,1,0,1,301,2025-09-09 03:12:23,2026-05-13 16:17:45
,https://www.cloudemployee.io/developers/vb6o,,,0,1,34,1,0,0,1,0,1,301,2025-09-09 20:34:42,2026-05-08 22:15:15
,https://www.cloudemployee.io/developers/vba,,,0,1,34,1,0,0,1,0,1,301,2025-09-19 02:32:18,2026-05-26 14:03:51
,https://www.cloudemployee.io/developers/vbnet,,,0,1,34,1,0,0,1,0,1,301,2025-09-16 11:02:40,2026-06-27 01:43:49
,https://www.cloudemployee.io/developers/vbnet-2008-2010,,,0,1,34,1,0,0,1,0,1,301,2025-09-10 10:00:05,2026-04-18 05:03:25
,https://www.cloudemployee.io/developers/vbscript,,,0,1,34,1,0,0,1,0,1,301,2025-09-25 10:35:53,2026-04-18 05:39:55
,https://www.cloudemployee.io/developers/vbulletin,,,0,1,34,1,0,0,1,0,1,301,2025-09-19 12:35:46,2026-07-10 18:16:45
,https://www.cloudemployee.io/developers/vector-design,,,0,1,34,1,0,0,1,0,1,301,2025-09-10 05:59:20,2026-07-06 04:07:46
,https://www.cloudemployee.io/developers/velocity,,,0,1,34,1,0,0,1,0,1,301,2025-09-19 13:14:49,2026-07-09 10:10:58
,https://www.cloudemployee.io/developers/verbal-communication,,,0,1,34,1,0,0,1,0,1,301,2025-09-09 11:17:05,2026-03-09 00:33:06
,https://www.cloudemployee.io/developers/version-control,,,0,1,34,1,0,0,1,0,1,301,2025-09-14 22:45:47,2026-07-03 05:34:12
,https://www.cloudemployee.io/developers/version-control-microsoft,,,0,1,34,1,0,0,1,0,1,301,2025-09-10 04:48:10,2026-06-26 16:32:20
,https://www.cloudemployee.io/developers/vertica,,,0,1,34,1,0,0,1,0,1,301,2025-09-15 09:20:36,2026-04-18 06:38:25
,https://www.cloudemployee.io/developers/vibe,,,0,1,34,1,0,0,1,0,1,301,2025-09-09 14:55:07,2026-04-16 13:24:17
,https://www.cloudemployee.io/developers/vibed,,,0,1,34,1,0,0,1,0,1,301,2025-09-19 13:18:27,2026-06-26 08:00:04
,https://www.cloudemployee.io/developers/vip,,,0,1,34,1,0,0,1,0,1,301,2025-09-15 20:12:21,2026-07-09 11:41:37
,https://www.cloudemployee.io/developers/viper,,,0,1,34,1,0,0,1,0,1,301,2025-09-09 15:26:45,2026-05-01 21:01:46
,https://www.cloudemployee.io/developers/virtualenv,,,0,1,34,1,0,0,1,0,1,301,2025-09-10 04:47:08,2026-04-22 17:08:49
,https://www.cloudemployee.io/developers/visio,,,0,1,34,1,0,0,1,0,1,301,2025-09-19 11:43:02,2026-05-29 16:24:24
,https://www.cloudemployee.io/developers/visual-basic,,,0,1,34,1,0,0,1,0,1,301,2025-09-16 16:57:14,2026-04-16 14:09:51
,https://www.cloudemployee.io/developers/visual-basic-net,,,0,1,34,1,0,0,1,0,1,301,2025-09-09 20:33:36,2026-05-13 23:43:48
,https://www.cloudemployee.io/developers/visual-fox-pro,,,0,1,34,1,0,0,1,0,1,301,2025-09-09 18:08:36,2026-04-18 03:21:39
,https://www.cloudemployee.io/developers/visual-studio,,,0,1,34,1,0,0,1,0,1,301,2025-09-25 04:16:34,2026-04-14 21:48:20
,https://www.cloudemployee.io/developers/visual-studio-and-ms-sql,,,0,1,34,1,0,0,1,0,1,301,2025-09-09 10:04:55,2026-07-13 00:48:40
,https://www.cloudemployee.io/developers/visual-studio-code,,,0,1,34,1,0,0,1,0,1,301,2025-09-26 12:33:34,2026-04-26 07:08:42
,https://www.cloudemployee.io/developers/visual-studio-net,,,0,1,34,1,0,0,1,0,1,301,2025-09-10 11:44:36,2026-07-06 03:36:46
,https://www.cloudemployee.io/developers/visualforce,,,0,1,34,1,0,0,1,0,1,301,2025-09-18 17:26:50,2026-04-16 14:23:38
,https://www.cloudemployee.io/developers/vmware,,,0,1,34,1,0,0,1,0,1,301,2025-09-09 11:06:59,2026-05-23 07:45:35
,https://www.cloudemployee.io/developers/vnc,,,0,1,34,1,0,0,1,0,1,301,2025-09-09 21:38:47,2026-04-18 06:03:17
,https://www.cloudemployee.io/developers/vp,,,0,1,34,1,0,0,1,0,1,301,2025-09-10 10:03:25,2026-04-18 05:15:53
,https://www.cloudemployee.io/developers/vs-2013,,,0,1,34,1,0,0,1,0,1,301,2025-09-10 04:13:54,2026-06-26 08:08:29
,https://www.cloudemployee.io/developers/vsam,,,0,1,34,1,0,0,1,0,1,301,2025-09-10 04:59:27,2026-04-18 05:36:26
,https://www.cloudemployee.io/developers/vss,,,0,1,34,1,0,0,1,0,1,301,2025-09-15 19:24:22,2026-04-18 05:24:03
,https://www.cloudemployee.io/developers/vuejs,,,0,1,34,1,0,0,1,0,1,301,2025-09-16 19:24:37,2026-06-06 20:56:39
,https://www.cloudemployee.io/developers/wamp,,,0,1,34,1,0,0,1,0,1,301,2025-09-25 08:27:03,2026-04-18 06:58:48
,https://www.cloudemployee.io/developers/wan,,,0,1,34,1,0,0,1,0,1,301,2025-09-09 14:40:35,2026-03-08 18:43:23
,https://www.cloudemployee.io/developers/waterfall,,,0,1,34,1,0,0,1,0,1,301,2025-09-25 04:33:10,2026-04-17 23:38:53
,https://www.cloudemployee.io/developers/wcf,,,0,1,34,1,0,0,1,0,1,301,2025-09-25 04:21:52,2026-04-18 04:23:16
,https://www.cloudemployee.io/developers/wcf-web-services,,,0,1,34,1,0,0,1,0,1,301,2025-09-09 16:05:14,2026-07-10 10:46:44
,https://www.cloudemployee.io/developers/web-and-mobile-applications,,,0,1,34,1,0,0,1,0,1,301,2025-09-09 20:02:27,2026-04-18 05:30:17
,https://www.cloudemployee.io/developers/web-api,,,0,1,34,1,0,0,1,0,1,301,2025-09-09 03:21:08,2026-04-21 20:14:29
,https://www.cloudemployee.io/developers/web-apis,,,0,1,34,1,0,0,1,0,1,301,2025-09-24 06:45:45,2026-06-05 06:12:14
,https://www.cloudemployee.io/developers/web-application,,,0,1,34,1,0,0,1,0,1,301,2025-09-25 08:13:37,2026-04-22 18:34:50
,https://www.cloudemployee.io/developers/web-development,,,0,1,34,1,0,0,1,0,1,301,2025-09-08 20:05:52,2026-05-10 06:36:22
,https://www.cloudemployee.io/developers/web-forms,,,0,1,34,1,0,0,1,0,1,301,2025-09-09 01:53:13,2026-04-21 12:12:53
,https://www.cloudemployee.io/developers/web-pack,,,0,1,34,1,0,0,1,0,1,301,2025-09-10 05:27:44,2026-06-29 07:55:56
,https://www.cloudemployee.io/developers/web-scraping,,,0,1,34,1,0,0,1,0,1,301,2025-09-09 10:46:49,2026-04-30 23:52:18
,https://www.cloudemployee.io/developers/web-server,,,0,1,34,1,0,0,1,0,1,301,2025-09-10 04:11:55,2026-04-18 04:40:22
,https://www.cloudemployee.io/developers/web-service,,,0,1,34,1,0,0,1,0,1,301,2025-09-25 07:06:13,2026-04-15 05:22:14
,https://www.cloudemployee.io/developers/web-services,,,0,1,34,1,0,0,1,0,1,301,2025-09-25 01:12:33,2026-05-04 17:34:43
,https://www.cloudemployee.io/developers/web-socket,,,0,1,34,1,0,0,1,0,1,301,2025-09-15 00:09:17,2026-04-17 20:21:15
,https://www.cloudemployee.io/developers/web-systems-administration,,,0,1,34,1,0,0,1,0,1,301,2025-09-10 07:31:23,2026-07-12 15:51:23
,https://www.cloudemployee.io/developers/web-testing,,,0,1,34,1,0,0,1,0,1,301,2025-09-09 17:45:18,2026-04-18 06:23:41
,https://www.cloudemployee.io/developers/web2py,,,0,1,34,1,0,0,1,0,1,301,2025-10-19 21:49:45,2026-07-09 20:13:00
,https://www.cloudemployee.io/developers/webapi,,,0,1,34,1,0,0,1,0,1,301,2025-09-15 11:07:40,2026-04-20 23:04:57
,https://www.cloudemployee.io/developers/webapp2,,,0,1,34,1,0,0,1,0,1,301,2025-09-09 20:15:53,2026-07-04 08:00:33
,https://www.cloudemployee.io/developers/webex,,,0,1,34,1,0,0,1,0,1,301,2025-09-09 15:34:25,2026-04-30 03:30:50
,https://www.cloudemployee.io/developers/webhook,,,0,1,34,1,0,0,1,0,1,301,2025-09-10 11:03:37,2026-04-18 06:14:59
,https://www.cloudemployee.io/developers/weblogic,,,0,1,34,1,0,0,1,0,1,301,2025-09-25 16:42:09,2026-04-18 05:11:13
,https://www.cloudemployee.io/developers/webmatrix,,,0,1,34,1,0,0,1,0,1,301,2025-09-10 04:58:01,2026-04-18 06:58:28
,https://www.cloudemployee.io/developers/webpack,,,0,1,34,1,0,0,1,0,1,301,2025-09-25 05:39:30,2026-05-30 19:30:46
,https://www.cloudemployee.io/developers/webpy,,,0,1,34,1,0,0,1,0,1,301,2025-09-08 20:52:53,2026-06-28 12:49:26
,https://www.cloudemployee.io/developers/webpy-rest,,,0,1,34,1,0,0,1,0,1,301,2025-09-10 05:08:34,2026-04-18 05:48:39
,https://www.cloudemployee.io/developers/website-design,,,0,1,34,1,0,0,1,0,1,301,2025-09-09 00:05:51,2026-04-12 23:17:23
,https://www.cloudemployee.io/developers/website-layout,,,0,1,34,1,0,0,1,0,1,301,2025-09-10 07:15:02,2026-07-09 18:42:03
,https://www.cloudemployee.io/developers/websphere,,,0,1,34,1,0,0,1,0,1,301,2025-09-19 12:00:23,2026-04-14 11:00:09
,https://www.cloudemployee.io/developers/webstorm,,,0,1,34,1,0,0,1,0,1,301,2025-09-09 11:08:39,2026-05-16 09:57:07
,https://www.cloudemployee.io/developers/webware,,,0,1,34,1,0,0,1,0,1,301,2025-09-19 13:40:59,2026-04-18 06:15:09
,https://www.cloudemployee.io/developers/webwork,,,0,1,34,1,0,0,1,0,1,301,2025-09-19 13:25:55,2026-04-19 13:02:50
,https://www.cloudemployee.io/developers/weebly,,,0,1,34,1,0,0,1,0,1,301,2025-09-19 12:19:36,2026-03-17 01:17:36
,https://www.cloudemployee.io/developers/windchill,,,0,1,34,1,0,0,1,0,1,301,2025-09-09 10:52:08,2026-04-18 03:16:33
,https://www.cloudemployee.io/developers/window-forms,,,0,1,34,1,0,0,1,0,1,301,2025-09-08 22:30:43,2026-07-04 09:28:39
,https://www.cloudemployee.io/developers/windows,,,0,1,34,1,0,0,1,0,1,301,2025-09-16 13:46:26,2026-05-30 04:28:55
,https://www.cloudemployee.io/developers/windows-10,,,0,1,34,1,0,0,1,0,1,301,2025-09-10 17:55:02,2026-04-18 05:12:35
,https://www.cloudemployee.io/developers/windows-7-professional,,,0,1,34,1,0,0,1,0,1,301,2025-09-10 18:02:13,2026-04-18 04:28:17
,https://www.cloudemployee.io/developers/windows-azure,,,0,1,34,1,0,0,1,0,1,301,2025-09-10 07:19:30,2026-04-18 05:42:53
,https://www.cloudemployee.io/developers/windows-os,,,0,1,34,1,0,0,1,0,1,301,2025-09-09 18:57:50,2026-04-30 00:01:35
,https://www.cloudemployee.io/developers/windows-server-2012,,,0,1,34,1,0,0,1,0,1,301,2025-09-10 02:11:01,2026-07-03 12:27:22
,https://www.cloudemployee.io/developers/windows-service,,,0,1,34,1,0,0,1,0,1,301,2025-09-25 08:50:50,2026-07-06 13:54:06
,https://www.cloudemployee.io/developers/windows-vista,,,0,1,34,1,0,0,1,0,1,301,2025-09-09 19:41:10,2026-04-18 03:37:35
,https://www.cloudemployee.io/developers/windows-xp,,,0,1,34,1,0,0,1,0,1,301,2025-09-10 02:05:56,2026-04-27 20:18:26
,https://www.cloudemployee.io/developers/winforms,,,0,1,34,1,0,0,1,0,1,301,2025-09-19 13:22:23,2026-07-02 08:20:36
,https://www.cloudemployee.io/developers/winmerge,,,0,1,34,1,0,0,1,0,1,301,2025-09-10 06:13:20,2026-07-01 00:55:50
,https://www.cloudemployee.io/developers/winscp,,,0,1,34,1,0,0,1,0,1,301,2025-09-09 15:38:04,2026-07-07 08:01:37
,https://www.cloudemployee.io/developers/wireshark-packet-analyzer,,,0,1,34,1,0,0,1,0,1,301,2025-09-09 14:58:15,2026-04-24 15:36:18
,https://www.cloudemployee.io/developers/wmic,,,0,1,34,1,0,0,1,0,1,301,2025-09-09 01:20:05,2026-06-26 17:37:04
,https://www.cloudemployee.io/developers/woocommerce,,,0,1,34,1,0,0,1,0,1,301,2025-09-18 20:58:54,2026-06-21 02:30:33
,https://www.cloudemployee.io/developers/word-perfect,,,0,1,34,1,0,0,1,0,1,301,2025-09-10 17:53:15,2026-04-18 03:22:08
,https://www.cloudemployee.io/developers/wordfense,,,0,1,34,1,0,0,1,0,1,301,2025-09-09 20:14:05,2026-06-25 01:43:29
,https://www.cloudemployee.io/developers/wordpress,,,0,1,34,1,0,0,1,0,1,301,2025-09-16 04:06:01,2026-04-15 14:26:39
,https://www.cloudemployee.io/developers/wordpress-developers,,,0,1,34,1,0,0,1,0,1,301,2025-09-09 13:19:03,2026-07-08 16:04:49
,https://www.cloudemployee.io/developers/wordpress-development,,,0,1,34,1,0,0,1,0,1,301,2025-09-10 17:41:06,2026-07-10 14:11:04
,https://www.cloudemployee.io/developers/wowza,,,0,1,34,1,0,0,1,0,1,301,2025-09-19 13:26:31,2026-05-29 19:51:55
,https://www.cloudemployee.io/developers/wpf,,,0,1,34,1,0,0,1,0,1,301,2025-09-18 08:55:42,2026-04-12 05:54:44
,https://www.cloudemployee.io/developers/wsh,,,0,1,34,1,0,0,1,0,1,301,2025-09-09 19:40:19,2026-04-18 04:26:10
,https://www.cloudemployee.io/developers/wso-esb,,,0,1,34,1,0,0,1,0,1,301,2025-09-09 00:01:20,2026-04-12 23:58:21
,https://www.cloudemployee.io/developers/wt,,,0,1,34,1,0,0,1,0,1,301,2025-09-19 13:10:48,2026-06-18 09:52:05
,https://www.cloudemployee.io/developers/xamarin,,,0,1,34,1,0,0,1,0,1,301,2025-09-18 22:20:41,2026-06-12 17:11:58
,https://www.cloudemployee.io/developers/xaml,,,0,1,34,1,0,0,1,0,1,301,2025-09-09 07:54:13,2026-06-05 15:26:07
,https://www.cloudemployee.io/developers/xammp,,,0,1,34,1,0,0,1,0,1,301,2025-09-09 02:34:24,2026-07-11 21:23:28
,https://www.cloudemployee.io/developers/xampp,,,0,1,34,1,0,0,1,0,1,301,2025-09-25 09:11:05,2026-04-18 03:29:59
,https://www.cloudemployee.io/developers/xcode,,,0,1,34,1,0,0,1,0,1,301,2025-09-18 23:56:08,2026-05-24 22:54:27
,https://www.cloudemployee.io/developers/xero,,,0,1,34,1,0,0,1,0,1,301,2025-09-19 13:19:43,2026-07-01 15:00:27
,https://www.cloudemployee.io/developers/xhtml,,,0,1,34,1,0,0,1,0,1,301,2025-09-25 08:34:40,2026-06-01 05:37:06
,https://www.cloudemployee.io/developers/xl-release,,,0,1,34,1,0,0,1,0,1,301,2025-09-09 22:36:45,2026-05-06 13:52:10
,https://www.cloudemployee.io/developers/xml,,,0,1,34,1,0,0,1,0,1,301,2025-09-16 04:01:17,2026-07-04 19:57:36
,https://www.cloudemployee.io/developers/xna,,,0,1,34,1,0,0,1,0,1,301,2025-09-19 13:40:31,2026-06-29 03:50:51
,https://www.cloudemployee.io/developers/xquery,,,0,1,34,1,0,0,1,0,1,301,2025-09-08 17:05:18,2026-05-13 10:46:16
,https://www.cloudemployee.io/developers/xsd,,,0,1,34,1,0,0,1,0,1,301,2025-09-09 16:36:25,2026-04-25 09:39:35
,https://www.cloudemployee.io/developers/xshell,,,0,1,34,1,0,0,1,0,1,301,2025-09-09 15:38:37,2026-04-18 05:50:56
,https://www.cloudemployee.io/developers/yarn,,,0,1,34,1,0,0,1,0,1,301,2025-09-09 12:12:43,2026-05-17 08:59:29
,https://www.cloudemployee.io/developers/yelp-api,,,0,1,34,1,0,0,1,0,1,301,2025-09-19 16:06:16,2026-07-03 13:57:41
,https://www.cloudemployee.io/developers/yesod,,,0,1,34,1,0,0,1,0,1,301,2025-09-19 13:20:11,2026-04-17 13:18:55
,https://www.cloudemployee.io/developers/yii,,,0,1,34,1,0,0,1,0,1,301,2025-09-16 21:53:41,2026-07-10 03:16:37
,https://www.cloudemployee.io/developers/yii2,,,0,1,34,1,0,0,1,0,1,301,2025-09-25 15:25:37,2026-05-21 12:08:33
,https://www.cloudemployee.io/developers/yml,,,0,1,34,1,0,0,1,0,1,301,2025-09-09 20:35:30,2026-04-18 05:10:55
,https://www.cloudemployee.io/developers/yoast-seo,,,0,1,34,1,0,0,1,0,1,301,2025-09-09 20:12:31,2026-04-18 06:01:06
,https://www.cloudemployee.io/developers/youtube-api,,,0,1,34,1,0,0,1,0,1,301,2025-09-19 15:52:06,2026-04-18 06:24:08
,https://www.cloudemployee.io/developers/ze-framework,,,0,1,34,1,0,0,1,0,1,301,2025-09-19 12:38:09,2026-07-05 06:32:51
,https://www.cloudemployee.io/developers/zen-cart,,,0,1,34,1,0,0,1,0,1,301,2025-09-19 12:41:52,2026-06-26 06:31:40
,https://www.cloudemployee.io/developers/zend,,,0,1,34,1,0,0,1,0,1,301,2025-09-17 00:17:20,2026-04-16 12:19:59
,https://www.cloudemployee.io/developers/zend-framework,,,0,1,34,1,0,0,1,0,1,301,2025-09-08 22:55:31,2026-05-15 05:30:47
,https://www.cloudemployee.io/developers/zend-framework-2,,,0,1,34,1,0,0,1,0,1,301,2025-09-09 19:28:41,2026-07-11 20:18:05
,https://www.cloudemployee.io/developers/zephyr,,,0,1,34,1,0,0,1,0,1,301,2025-09-10 07:55:49,2026-07-06 03:05:38
,https://www.cloudemployee.io/developers/zk,,,0,1,34,1,0,0,1,0,1,301,2025-09-19 13:19:09,2026-04-18 05:34:18
,https://www.cloudemployee.io/developers/zurb-foundation,,,0,1,34,1,0,0,1,0,1,301,2025-09-25 15:56:49,2026-06-14 19:09:44
,https://www.cloudemployee.io/devexpress,,,0,1,34,1,0,0,1,0,1,404,2025-09-19 13:05:14,2026-07-10 08:15:05
,https://www.cloudemployee.io/devexpress/dedicated-devexpress-developer,,,0,1,34,1,0,0,1,0,1,404,2025-09-22 08:17:30,2026-06-25 19:27:53
,https://www.cloudemployee.io/devexpress/hire-devexpress-developers,,,0,1,34,1,0,0,1,0,1,404,2025-09-19 02:05:05,2026-06-29 02:16:50
,https://www.cloudemployee.io/devexpress/outsource-devexpress-development,,,0,1,34,1,0,0,1,0,1,404,2025-09-22 08:40:17,2026-04-17 07:08:28
,https://www.cloudemployee.io/devexpress/remote-devexpress-developer,,,0,1,34,1,0,0,1,0,1,404,2025-09-22 08:19:16,2026-04-17 19:14:37
,https://www.cloudemployee.io/devops,,,0,1,34,2,0,1,2,0,2,404,2025-07-13 06:13:13,2026-04-07 09:46:26
,https://www.cloudemployee.io/devops/dedicated-devops-engineer,,,0,1,34,1,0,0,1,0,1,404,2025-09-23 12:45:10,2026-04-17 17:37:47
,https://www.cloudemployee.io/devops/outsource-devops-development,,,0,1,34,1,0,0,1,0,1,404,2025-09-23 12:47:22,2026-06-30 05:24:00
,https://www.cloudemployee.io/devops/remote-devops-engineer,,,0,1,34,1,0,0,1,0,1,404,2025-09-23 12:38:37,2026-04-16 23:10:17
,https://www.cloudemployee.io/directx,,,0,1,34,1,0,0,1,0,1,404,2025-09-21 23:55:04,2026-04-17 08:51:14
,https://www.cloudemployee.io/directx/dedicated-directx-developer,,,0,1,34,1,0,0,1,0,1,404,2025-09-15 22:32:00,2026-04-18 02:23:08
,https://www.cloudemployee.io/directx/hire-directx-developers,,,0,1,34,1,0,0,1,0,1,404,2025-09-18 23:53:09,2026-04-18 00:00:03
,https://www.cloudemployee.io/directx/outsource-directx-development,,,0,1,34,1,0,0,1,0,1,404,2025-09-15 22:33:28,2026-04-18 00:19:48
,https://www.cloudemployee.io/directx/remote-directx-developer,,,0,1,34,1,0,0,1,0,1,404,2025-09-15 22:34:49,2026-04-18 03:18:03
,https://www.cloudemployee.io/django,,,0,1,34,2,0,1,2,0,2,404,2025-07-13 08:10:43,2026-04-07 21:37:28
,https://www.cloudemployee.io/django/dedicated-django-developer,,,0,1,34,1,0,0,1,0,1,404,2025-09-22 20:45:01,2026-07-10 11:16:57
,https://www.cloudemployee.io/django/outsource-django-development,,,0,1,34,1,0,0,1,0,1,404,2025-09-19 18:17:43,2026-06-30 03:50:48
,https://www.cloudemployee.io/django/remote-django-developer,,,0,1,34,1,0,0,1,0,1,404,2025-09-19 18:17:53,2026-04-18 03:23:00
,https://www.cloudemployee.io/dojo,,,0,1,34,1,0,0,1,0,1,404,2025-09-09 15:06:32,2026-04-17 20:32:21
,https://www.cloudemployee.io/dojo/dedicated-dojo-developer,,,0,1,34,1,0,0,1,0,1,404,2025-09-22 14:05:43,2026-04-17 03:22:48
,https://www.cloudemployee.io/dojo/hire-dojo-developers,,,0,1,34,1,0,0,1,0,1,404,2025-09-19 15:15:58,2026-04-17 22:59:27
,https://www.cloudemployee.io/dojo/outsource-dojo-development,,,0,1,34,1,0,0,1,0,1,404,2025-09-22 14:14:19,2026-04-17 15:02:30
,https://www.cloudemployee.io/dojo/remote-dojo-developer,,,0,1,34,1,0,0,1,0,1,404,2025-09-22 14:22:41,2026-04-17 14:29:20
,https://www.cloudemployee.io/dotnetnuke,,,0,1,34,1,0,0,1,0,1,404,2025-09-09 19:34:00,2026-04-17 16:44:33
,https://www.cloudemployee.io/dotnetnuke/dedicated-dotnetnuke-developer,,,0,1,34,1,0,0,1,0,1,404,2025-09-19 17:00:46,2026-04-16 18:57:19
,https://www.cloudemployee.io/dotnetnuke/hire-dotnetnuke-developers,,,0,1,34,1,0,0,1,0,1,404,2025-09-09 18:33:24,2026-04-17 17:44:47
,https://www.cloudemployee.io/dotnetnuke/outsource-dotnetnuke-development,,,0,1,34,1,0,0,1,0,1,404,2025-09-19 17:01:04,2026-04-17 06:29:35
,https://www.cloudemployee.io/dotnetnuke/remote-dotnetnuke-developer,,,0,1,34,1,0,0,1,0,1,404,2025-09-19 17:01:14,2026-04-17 15:42:41
,https://www.cloudemployee.io/drupal,,,0,1,34,2,0,1,2,0,2,404,2025-07-13 06:22:17,2026-04-07 23:49:01
,https://www.cloudemployee.io/drupal/dedicated-drupal-developer,,,0,1,34,1,0,0,1,0,1,404,2025-09-19 18:19:41,2026-04-18 04:29:48
,https://www.cloudemployee.io/drupal/outsource-drupal-development,,,0,1,34,1,0,0,1,0,1,404,2025-09-22 12:53:44,2026-04-17 06:09:28
,https://www.cloudemployee.io/drupal/remote-drupal-developer,,,0,1,34,1,0,0,1,0,1,404,2025-09-22 19:35:15,2026-07-12 22:43:50
,https://www.cloudemployee.io/ebay-api,,,0,1,34,1,0,0,1,0,1,404,2025-09-19 00:43:51,2026-04-18 01:05:24
,https://www.cloudemployee.io/ebay-api/dedicated-ebay-api-developer,,,0,1,34,1,0,0,1,0,1,404,2025-09-19 17:34:59,2026-04-17 14:58:06
,https://www.cloudemployee.io/ebay-api/hire-ebay-api-developers,,,0,1,34,1,0,0,1,0,1,404,2025-09-21 18:49:35,2026-04-17 12:52:09
,https://www.cloudemployee.io/ebay-api/outsource-ebay-api-development,,,0,1,34,1,0,0,1,0,1,404,2025-09-19 17:34:11,2026-07-01 01:57:35
,https://www.cloudemployee.io/ebay-api/remote-ebay-api-developer,,,0,1,34,1,0,0,1,0,1,404,2025-09-19 17:34:25,2026-04-17 11:29:57
,https://www.cloudemployee.io/eclipse-rap,,,0,1,34,1,0,0,1,0,1,404,2025-09-19 01:14:50,2026-07-13 00:45:16
,https://www.cloudemployee.io/eclipse-rap/dedicated-eclipse-rap-developer,,,0,1,34,1,0,0,1,0,1,404,2025-09-19 17:31:54,2026-04-17 18:34:21
,https://www.cloudemployee.io/eclipse-rap/hire-eclipse-rap-developers,,,0,1,34,1,0,0,1,0,1,404,2025-09-19 00:05:19,2026-04-18 02:55:02
,https://www.cloudemployee.io/eclipse-rap/outsource-eclipse-rap-development,,,0,1,34,1,0,0,1,0,1,404,2025-09-19 17:34:00,2026-04-17 08:01:40
,https://www.cloudemployee.io/eclipse-rap/remote-eclipse-rap-developer,,,0,1,34,1,0,0,1,0,1,404,2025-09-19 17:32:02,2026-04-16 17:46:07
,https://www.cloudemployee.io/ecmascript-6,,,0,1,34,1,0,0,1,0,1,404,2025-09-09 09:14:24,2026-04-18 06:25:36
,https://www.cloudemployee.io/ecmascript-6/dedicated-ecmascript-6-developer,,,0,1,34,1,0,0,1,0,1,404,2025-09-22 15:23:40,2026-04-17 19:47:43
,https://www.cloudemployee.io/ecmascript-6/hire-ecmascript-6-developers,,,0,1,34,1,0,0,1,0,1,404,2025-09-09 11:23:57,2026-04-17 21:57:20
,https://www.cloudemployee.io/ecmascript-6/outsource-ecmascript-6-development,,,0,1,34,1,0,0,1,0,1,404,2025-09-19 18:09:31,2026-04-17 16:19:05
,https://www.cloudemployee.io/ecmascript-6/remote-ecmascript-6-developer,,,0,1,34,1,0,0,1,0,1,404,2025-09-19 18:07:59,2026-07-09 06:39:23
,https://www.cloudemployee.io/edi,,,0,1,34,1,0,0,1,0,1,404,2025-09-19 01:50:51,2026-04-18 06:24:36
,https://www.cloudemployee.io/edi/dedicated-edi-developer,,,0,1,34,1,0,0,1,0,1,404,2025-09-19 17:52:18,2026-06-29 15:27:31
,https://www.cloudemployee.io/edi/hire-edi-developers,,,0,1,34,1,0,0,1,0,1,404,2025-09-09 14:12:15,2026-04-17 14:53:32
,https://www.cloudemployee.io/edi/outsource-edi-development,,,0,1,34,1,0,0,1,0,1,404,2025-09-19 17:52:29,2026-04-17 05:30:24
,https://www.cloudemployee.io/edi/remote-edi-developer,,,0,1,34,1,0,0,1,0,1,404,2025-09-19 17:52:41,2026-07-02 14:31:27
,https://www.cloudemployee.io/elasticsearch,,,0,1,34,1,0,0,1,0,1,404,2025-09-19 01:13:42,2026-04-17 23:30:35
,https://www.cloudemployee.io/elasticsearch/dedicated-elasticsearch-developer,,,0,1,34,1,0,0,1,0,1,404,2025-09-19 17:23:34,2026-07-01 17:25:38
,https://www.cloudemployee.io/elasticsearch/hire-elasticsearch-developers,,,0,1,34,1,0,0,1,0,1,404,2025-09-09 13:53:06,2026-04-17 15:49:34
,https://www.cloudemployee.io/elasticsearch/outsource-elasticsearch-development,,,0,1,34,1,0,0,1,0,1,404,2025-09-19 16:32:40,2026-04-17 08:50:27
,https://www.cloudemployee.io/elasticsearch/remote-elasticsearch-developer,,,0,1,34,1,0,0,1,0,1,404,2025-09-19 17:23:24,2026-04-17 13:18:31
,https://www.cloudemployee.io/electron-js,,,0,1,34,1,0,0,1,0,1,404,2025-09-14 21:19:50,2026-07-06 03:06:32
,https://www.cloudemployee.io/electron-js/dedicated-electron-js-developer,,,0,1,34,1,0,0,1,0,1,404,2025-09-10 16:41:10,2026-04-18 01:42:01
,https://www.cloudemployee.io/electron-js/hire-electron-js-developers,,,0,1,34,1,0,0,1,0,1,404,2025-09-10 16:40:26,2026-04-17 22:34:33
,https://www.cloudemployee.io/electron-js/outsource-electron-js-development,,,0,1,34,1,0,0,1,0,1,404,2025-09-10 16:39:31,2026-04-18 03:48:22
,https://www.cloudemployee.io/electron-js/remote-electron-js-developer,,,0,1,34,1,0,0,1,0,1,404,2025-09-10 16:38:38,2026-04-17 22:37:12
,https://www.cloudemployee.io/elixir,,,0,1,34,1,0,0,1,0,1,404,2025-09-14 21:12:14,2026-06-29 01:10:55
,https://www.cloudemployee.io/elixir/dedicated-elixir-developer,,,0,1,34,1,0,0,1,0,1,404,2025-09-10 17:17:45,2026-07-04 03:34:20
,https://www.cloudemployee.io/elixir/hire-elixir-developers,,,0,1,34,1,0,0,1,0,1,404,2025-09-10 17:16:48,2026-07-05 08:23:31
,https://www.cloudemployee.io/elixir/outsource-elixir-development,,,0,1,34,1,0,0,1,0,1,404,2025-09-10 17:15:57,2026-04-18 01:30:30
,https://www.cloudemployee.io/elixir/remote-elixir-developer,,,0,1,34,1,0,0,1,0,1,404,2025-09-10 17:15:14,2026-04-18 00:46:18
,https://www.cloudemployee.io/email-subscribe,,,0,1,34,1,0,0,1,0,1,404,2025-09-09 21:48:05,2026-05-14 23:52:20
,https://www.cloudemployee.io/embedded-software-engineers,,,0,1,34,1,0,0,1,0,1,404,2025-09-16 12:52:53,2026-04-18 06:51:07
,https://www.cloudemployee.io/embedded-software-engineers/dedicated-embedded-software-engineer,,,0,1,34,1,0,0,1,0,1,404,2025-09-19 16:22:31,2026-07-09 20:34:54
,https://www.cloudemployee.io/embedded-software-engineers/hire-embedded-software-engineers,,,0,1,34,1,0,0,1,0,1,404,2025-09-21 19:17:21,2026-04-18 03:27:03
,https://www.cloudemployee.io/embedded-software-engineers/outsource-embedded-software-engineer-development,,,0,1,34,1,0,0,1,0,1,404,2025-09-19 16:22:43,2026-04-17 06:10:21
,https://www.cloudemployee.io/embedded-software-engineers/remote-embedded-software-engineer,,,0,1,34,1,0,0,1,0,1,404,2025-09-19 16:22:54,2026-07-12 03:12:04
,https://www.cloudemployee.io/emberjs,,,0,1,34,1,0,0,1,0,1,404,2025-09-09 09:33:35,2026-04-18 06:18:13
,https://www.cloudemployee.io/emberjs/dedicated-emberjs-developer,,,0,1,34,1,0,0,1,0,1,404,2025-09-22 20:05:08,2026-04-17 20:04:02
,https://www.cloudemployee.io/emberjs/hire-emberjs-developers,,,0,1,34,1,0,0,1,0,1,404,2025-09-09 14:21:50,2026-04-17 07:09:15
,https://www.cloudemployee.io/emberjs/outsource-emberjs-development,,,0,1,34,1,0,0,1,0,1,404,2025-09-22 17:02:33,2026-04-17 16:56:18
,https://www.cloudemployee.io/emberjs/remote-emberjs-developer,,,0,1,34,1,0,0,1,0,1,404,2025-09-22 17:05:17,2026-04-17 07:31:15
,https://www.cloudemployee.io/erlang,,,0,1,34,1,0,0,1,0,1,404,2025-09-16 07:23:37,2026-07-12 10:13:14
,https://www.cloudemployee.io/erlang/dedicated-erlang-developer,,,0,1,34,1,0,0,1,0,1,404,2025-09-19 18:18:07,2026-04-17 18:29:51
,https://www.cloudemployee.io/erlang/outsource-erlang-development,,,0,1,34,1,0,0,1,0,1,404,2025-09-19 18:18:00,2026-04-18 03:42:00
,https://www.cloudemployee.io/erlang/remote-erlang-developer,,,0,1,34,1,0,0,1,0,1,404,2025-09-19 18:18:11,2026-04-17 12:47:40
,https://www.cloudemployee.io/etl,,,0,1,34,1,0,0,1,0,1,404,2025-09-09 07:56:12,2026-04-18 05:49:38
,https://www.cloudemployee.io/etl/dedicated-etl-developer,,,0,1,34,1,0,0,1,0,1,404,2025-09-19 17:45:03,2026-06-24 12:27:31
,https://www.cloudemployee.io/etl/hire-etl-developers,,,0,1,34,1,0,0,1,0,1,404,2025-09-09 09:25:47,2026-07-03 14:54:27
,https://www.cloudemployee.io/etl/outsource-etl-development,,,0,1,34,1,0,0,1,0,1,404,2025-09-19 17:44:54,2026-04-17 15:07:24
,https://www.cloudemployee.io/etl/remote-etl-developer,,,0,1,34,1,0,0,1,0,1,404,2025-09-19 17:45:14,2026-06-27 22:39:54
,https://www.cloudemployee.io/evernote,,,0,1,34,1,0,0,1,0,1,404,2025-09-19 07:31:08,2026-06-30 06:44:55
,https://www.cloudemployee.io/evernote/dedicated-evernote-developer,,,0,1,34,1,0,0,1,0,1,404,2025-09-19 16:22:12,2026-04-17 08:43:20
,https://www.cloudemployee.io/evernote/hire-evernote-developers,,,0,1,34,1,0,0,1,0,1,404,2025-09-21 17:43:59,2026-07-09 20:42:45
,https://www.cloudemployee.io/evernote/outsource-evernote-development,,,0,1,34,1,0,0,1,0,1,404,2025-09-19 16:22:21,2026-04-16 18:55:09
,https://www.cloudemployee.io/evernote/remote-evernote-developer,,,0,1,34,1,0,0,1,0,1,404,2025-09-19 16:24:16,2026-04-17 05:44:45
,https://www.cloudemployee.io/expressionengine,,,0,1,34,1,0,0,1,0,1,404,2025-09-19 14:58:23,2026-04-18 06:54:41
,https://www.cloudemployee.io/expressionengine/dedicated-expressionengine-developer,,,0,1,34,1,0,0,1,0,1,404,2025-09-22 06:49:37,2026-04-17 15:03:23
,https://www.cloudemployee.io/expressionengine/hire-expressionengine-developers,,,0,1,34,1,0,0,1,0,1,404,2025-09-09 14:07:48,2026-04-17 09:49:24
,https://www.cloudemployee.io/expressionengine/outsource-expressionengine-development,,,0,1,34,1,0,0,1,0,1,404,2025-09-22 07:25:18,2026-04-17 11:40:45
,https://www.cloudemployee.io/expressionengine/remote-expressionengine-developer,,,0,1,34,1,0,0,1,0,1,404,2025-09-22 06:52:06,2026-04-17 13:43:04
,https://www.cloudemployee.io/ext-js,,,0,1,34,1,0,0,1,0,1,404,2025-09-19 14:57:46,2026-04-17 21:38:23
,https://www.cloudemployee.io/ext-js/dedicated-ext-js-developer,,,0,1,34,1,0,0,1,0,1,404,2025-09-22 06:27:36,2026-07-05 03:26:03
,https://www.cloudemployee.io/ext-js/hire-ext-js-developers,,,0,1,34,1,0,0,1,0,1,404,2025-09-21 19:08:37,2026-04-17 22:38:27
,https://www.cloudemployee.io/ext-js/outsource-ext-js-development,,,0,1,34,1,0,0,1,0,1,404,2025-09-22 04:53:37,2026-04-17 14:19:42
,https://www.cloudemployee.io/ext-js/remote-ext-js-developer,,,0,1,34,1,0,0,1,0,1,404,2025-09-22 06:54:56,2026-04-17 01:19:20
,https://www.cloudemployee.io/faqs,,,11,1,34,133,0,130,133,0,3,404,2024-03-04 19:18:03,2026-07-04 00:00:03
,https://www.cloudemployee.io/faqs?developer=1,,,0,1,34,2,0,1,2,0,2,404,2025-07-13 08:08:52,2026-06-08 11:27:12
,https://www.cloudemployee.io/fat-free,,,0,1,34,1,0,0,1,0,1,404,2025-09-22 01:18:38,2026-04-18 06:35:41
,https://www.cloudemployee.io/fat-free/dedicated-fat-free-developer,,,0,1,34,1,0,0,1,0,1,404,2025-09-22 03:25:32,2026-04-17 18:51:39
,https://www.cloudemployee.io/fat-free/hire-fat-free-developers,,,0,1,34,1,0,0,1,0,1,404,2025-09-09 14:13:13,2026-04-17 18:10:50
,https://www.cloudemployee.io/fat-free/outsource-fat-free-development,,,0,1,34,1,0,0,1,0,1,404,2025-09-22 06:00:06,2026-07-07 11:05:25
,https://www.cloudemployee.io/fat-free/remote-fat-free-developer,,,0,1,34,1,0,0,1,0,1,404,2025-09-22 03:29:00,2026-04-17 07:57:30
,https://www.cloudemployee.io/financial-software-developers,,,0,1,34,1,0,0,1,0,1,404,2025-09-16 10:48:26,2026-06-26 13:13:45
,https://www.cloudemployee.io/financial-software-developers/dedicated-financial-software-developers,,,0,1,34,1,0,0,1,0,1,404,2025-09-19 17:26:00,2026-06-27 02:09:21
,https://www.cloudemployee.io/financial-software-developers/hire-financial-software-developers-developers,,,0,1,34,1,0,0,1,0,1,404,2025-09-21 23:15:52,2026-04-17 17:32:40
,https://www.cloudemployee.io/financial-software-developers/outsource-financial-software-developers,,,0,1,34,1,0,0,1,0,1,404,2025-09-09 18:55:41,2026-04-18 00:57:31
,https://www.cloudemployee.io/financial-software-developers/remote-financial-software-developers,,,0,1,34,1,0,0,1,0,1,404,2025-09-19 17:26:10,2026-04-17 18:43:25
,https://www.cloudemployee.io/flex,,,0,1,34,1,0,0,1,0,1,404,2025-09-19 01:02:58,2026-07-12 15:16:38
,https://www.cloudemployee.io/flex/dedicated-flex-developer,,,0,1,34,1,0,0,1,0,1,404,2025-09-19 17:47:05,2026-04-17 13:09:13
,https://www.cloudemployee.io/flex/hire-flex-developers,,,0,1,34,1,0,0,1,0,1,404,2025-09-19 00:57:44,2026-07-09 05:02:29
,https://www.cloudemployee.io/flex/outsource-flex-development,,,0,1,34,1,0,0,1,0,1,404,2025-09-19 17:52:05,2026-04-17 04:28:26
,https://www.cloudemployee.io/flex/remote-flex-developer,,,0,1,34,1,0,0,1,0,1,404,2025-09-19 17:47:16,2026-04-17 00:55:19
,https://www.cloudemployee.io/formengine,,,0,1,34,1,0,0,1,0,1,404,2025-09-19 13:57:28,2026-04-18 00:14:58
,https://www.cloudemployee.io/formengine/dedicated-formengine-developer,,,0,1,34,1,0,0,1,0,1,404,2025-09-19 17:01:31,2026-04-18 04:04:41
,https://www.cloudemployee.io/formengine/hire-formengine-developers,,,0,1,34,1,0,0,1,0,1,404,2025-09-21 17:14:12,2026-04-17 23:01:16
,https://www.cloudemployee.io/formengine/outsource-formengine-development,,,0,1,34,1,0,0,1,0,1,404,2025-09-15 13:16:50,2026-04-17 21:23:43
,https://www.cloudemployee.io/formengine/remote-formengine-developer,,,0,1,34,1,0,0,1,0,1,404,2025-09-19 17:01:43,2026-04-17 20:57:30
,https://www.cloudemployee.io/fortran,,,0,1,34,1,0,0,1,0,1,404,2025-09-19 00:55:38,2026-04-18 00:55:56
,https://www.cloudemployee.io/fortran/dedicated-fortran-developer,,,0,1,34,1,0,0,1,0,1,404,2025-09-19 17:37:58,2026-06-30 13:25:03
,https://www.cloudemployee.io/fortran/hire-fortran-developers,,,0,1,34,1,0,0,1,0,1,404,2025-09-21 07:48:03,2026-04-17 18:14:30
,https://www.cloudemployee.io/fortran/outsource-fortran-development,,,0,1,34,1,0,0,1,0,1,404,2025-09-19 17:18:36,2026-04-16 22:54:19
,https://www.cloudemployee.io/fortran/remote-fortran-developer,,,0,1,34,1,0,0,1,0,1,404,2025-09-19 17:31:43,2026-04-17 00:37:07
,https://www.cloudemployee.io/foxpro,,,0,1,34,1,0,0,1,0,1,404,2025-09-19 12:58:34,2026-04-18 06:04:59
,https://www.cloudemployee.io/foxpro/dedicated-foxpro-developer,,,0,1,34,1,0,0,1,0,1,404,2025-09-19 17:09:31,2026-06-30 17:36:07
,https://www.cloudemployee.io/foxpro/hire-foxpro-developers,,,0,1,34,1,0,0,1,0,1,404,2025-09-09 14:25:06,2026-04-17 22:30:41
,https://www.cloudemployee.io/foxpro/outsource-foxpro-development,,,0,1,34,1,0,0,1,0,1,404,2025-09-19 17:04:35,2026-04-18 04:21:05
,https://www.cloudemployee.io/foxpro/remote-foxpro-developer,,,0,1,34,1,0,0,1,0,1,404,2025-09-19 17:04:46,2026-04-18 03:33:44
,https://www.cloudemployee.io/freebsd,,,0,1,34,1,0,0,1,0,1,404,2025-09-21 16:45:09,2026-04-18 05:21:02
,https://www.cloudemployee.io/freebsd/dedicated-freebsd-developer,,,0,1,34,1,0,0,1,0,1,404,2025-09-22 10:19:01,2026-04-17 06:50:16
,https://www.cloudemployee.io/freebsd/hire-freebsd-developers,,,0,1,34,1,0,0,1,0,1,404,2025-09-19 17:18:59,2026-07-01 14:06:19
,https://www.cloudemployee.io/freebsd/outsource-freebsd-development,,,0,1,34,1,0,0,1,0,1,404,2025-09-22 07:23:39,2026-04-17 10:57:56
,https://www.cloudemployee.io/freebsd/remote-freebsd-developer,,,0,1,34,1,0,0,1,0,1,404,2025-09-22 06:47:05,2026-06-23 16:41:42
,https://www.cloudemployee.io/front-end,,,0,1,34,2,0,1,2,0,2,404,2025-07-13 08:09:47,2026-04-07 22:42:22
,https://www.cloudemployee.io/front-end/dedicated-front-end-developer,,,0,1,34,1,0,0,1,0,1,404,2025-09-16 11:24:05,2026-04-18 03:28:56
,https://www.cloudemployee.io/front-end/outsource-front-end-development,,,0,1,34,1,0,0,1,0,1,404,2025-09-16 11:26:50,2026-04-18 03:18:56
,https://www.cloudemployee.io/front-end/remote-front-end-developer,,,0,1,34,1,0,0,1,0,1,404,2025-09-16 11:20:46,2026-04-17 20:34:52
,https://www.cloudemployee.io/fsharp,,,0,1,34,1,0,0,1,0,1,404,2025-09-09 09:09:32,2026-04-18 03:18:33
,https://www.cloudemployee.io/fsharp/dedicated-fsharp-developer,,,0,1,34,1,0,0,1,0,1,404,2025-09-19 18:06:21,2026-04-17 19:32:39
,https://www.cloudemployee.io/fsharp/hire-fsharp-developers,,,0,1,34,1,0,0,1,0,1,404,2025-09-09 11:30:44,2026-04-17 19:20:16
,https://www.cloudemployee.io/fsharp/outsource-fsharp-development,,,0,1,34,1,0,0,1,0,1,404,2025-09-19 18:05:46,2026-04-17 00:00:59
,https://www.cloudemployee.io/fsharp/remote-fsharp-developer,,,0,1,34,1,0,0,1,0,1,404,2025-09-19 18:05:58,2026-04-17 09:28:51
,https://www.cloudemployee.io/fuelphp,,,0,1,34,1,0,0,1,0,1,404,2025-09-21 20:42:39,2026-04-18 03:08:43
,https://www.cloudemployee.io/fuelphp/dedicated-fuelphp-developer,,,0,1,34,1,0,0,1,0,1,404,2025-09-22 08:41:54,2026-06-25 12:01:43
,https://www.cloudemployee.io/fuelphp/hire-fuelphp-developers,,,0,1,34,1,0,0,1,0,1,404,2025-09-19 15:33:40,2026-07-03 22:00:25
,https://www.cloudemployee.io/fuelphp/outsource-fuelphp-development,,,0,1,34,1,0,0,1,0,1,404,2025-09-22 08:15:50,2026-04-16 20:26:12
,https://www.cloudemployee.io/fuelphp/remote-fuelphp-developer,,,0,1,34,1,0,0,1,0,1,404,2025-09-19 18:12:57,2026-04-17 13:31:03
,https://www.cloudemployee.io/full-selection,,,4.5,1,34,3,0,0,3,0,3,404,2024-03-29 19:19:52,2026-04-18 04:28:25
,https://www.cloudemployee.io/full-stack,,,0,1,34,2,0,1,2,0,2,404,2025-07-13 06:42:37,2026-04-07 11:06:53
,https://www.cloudemployee.io/full-stack/dedicated-full-stack-developer,,,0,1,34,1,0,0,1,0,1,404,2025-09-23 16:41:00,2026-04-17 08:30:43
,https://www.cloudemployee.io/full-stack/outsource-full-stack-development,,,0,1,34,1,0,0,1,0,1,404,2025-09-23 11:54:41,2026-04-17 08:08:42
,https://www.cloudemployee.io/full-stack/remote-full-stack-developer,,,0,1,34,1,0,0,1,0,1,404,2025-09-23 11:56:58,2026-04-17 13:27:54
,https://www.cloudemployee.io/fusebox,,,0,1,34,1,0,0,1,0,1,404,2025-09-19 14:49:05,2026-07-11 03:50:43
,https://www.cloudemployee.io/fusebox/dedicated-fusebox-developer,,,0,1,34,1,0,0,1,0,1,404,2025-09-19 16:59:29,2026-07-02 12:21:17
,https://www.cloudemployee.io/fusebox/hire-fusebox-developers,,,0,1,34,1,0,0,1,0,1,404,2025-09-22 00:24:16,2026-04-18 02:28:42
,https://www.cloudemployee.io/fusebox/outsource-fusebox-development,,,0,1,34,1,0,0,1,0,1,404,2025-09-19 16:59:35,2026-07-06 02:53:41
,https://www.cloudemployee.io/fusebox/remote-fusebox-developer,,,0,1,34,1,0,0,1,0,1,404,2025-09-19 16:59:51,2026-04-17 07:24:58
,https://www.cloudemployee.io/game-developers,,,0,1,34,1,0,0,1,0,1,404,2025-09-09 11:43:17,2026-04-17 19:24:45
,https://www.cloudemployee.io/game-developers/dedicated-game-developers,,,0,1,34,1,0,0,1,0,1,404,2025-09-19 18:12:07,2026-04-17 12:24:24
,https://www.cloudemployee.io/game-developers/outsource-game-developers,,,0,1,34,1,0,0,1,0,1,404,2025-09-09 19:01:30,2026-04-17 21:24:42
,https://www.cloudemployee.io/game-developers/remote-game-developers,,,0,1,34,1,0,0,1,0,1,404,2025-09-22 13:56:40,2026-04-17 09:35:18
,https://www.cloudemployee.io/gentoo,,,0,1,34,1,0,0,1,0,1,404,2025-10-22 16:54:17,2026-07-01 05:55:56
,https://www.cloudemployee.io/gentoo/dedicated-gentoo-developer,,,0,1,34,1,0,0,1,0,1,404,2025-09-19 18:07:27,2026-06-25 05:34:07
,https://www.cloudemployee.io/gentoo/hire-gentoo-developers,,,0,1,34,1,0,0,1,0,1,404,2025-09-19 12:46:30,2026-04-18 01:29:46
,https://www.cloudemployee.io/gentoo/outsource-gentoo-development,,,0,1,34,1,0,0,1,0,1,404,2025-09-22 15:16:10,2026-04-17 22:07:59
,https://www.cloudemployee.io/gentoo/remote-gentoo-developer,,,0,1,34,1,0,0,1,0,1,404,2025-09-22 15:51:28,2026-04-18 04:59:26
,https://www.cloudemployee.io/github,,,,1,34,1,0,1,1,0,1,,2025-09-16 10:16:22,2025-09-16 10:16:22
,https://www.cloudemployee.io/github/dedicated-github-developer,,,0,1,34,1,0,0,1,0,1,404,2025-09-16 11:12:54,2026-04-17 03:47:35
,https://www.cloudemployee.io/github/outsource-github-development,,,0,1,34,1,0,0,1,0,1,404,2025-09-16 11:08:19,2026-04-17 15:34:30
,https://www.cloudemployee.io/github/remote-github-developer,,,0,1,34,1,0,0,1,0,1,404,2025-09-16 11:17:09,2026-07-06 04:56:58
,https://www.cloudemployee.io/google-api/dedicated-google-api-developer,,,0,1,34,1,0,0,1,0,1,404,2025-09-16 20:28:08,2026-04-17 14:30:36
,https://www.cloudemployee.io/google-api/outsource-google-api-development,,,0,1,34,1,0,0,1,0,1,404,2025-09-16 20:30:44,2026-04-17 03:00:06
,https://www.cloudemployee.io/google-api/remote-google-api-developer,,,0,1,34,1,0,0,1,0,1,404,2025-09-16 20:33:32,2026-04-17 09:38:35
,https://www.cloudemployee.io/grails,,,0,1,34,1,0,0,1,0,1,404,2025-09-19 14:17:01,2026-04-17 22:04:08
,https://www.cloudemployee.io/grails/dedicated-grails-developer,,,0,1,34,1,0,0,1,0,1,404,2025-09-22 04:16:35,2026-04-17 06:18:54
,https://www.cloudemployee.io/grails/hire-grails-developers,,,0,1,34,1,0,0,1,0,1,404,2025-09-19 01:47:58,2026-04-17 08:53:39
,https://www.cloudemployee.io/grails/outsource-grails-development,,,0,1,34,1,0,0,1,0,1,404,2025-09-22 05:17:40,2026-04-17 09:58:23
,https://www.cloudemployee.io/grails/remote-grails-developer,,,0,1,34,1,0,0,1,0,1,404,2025-09-22 05:20:25,2026-04-17 06:09:04
,https://www.cloudemployee.io/grok,,,0,1,34,1,0,0,1,0,1,404,2025-09-19 14:53:51,2026-04-18 07:17:32
,https://www.cloudemployee.io/grok/dedicated-grok-developer,,,0,1,34,1,0,0,1,0,1,404,2025-09-19 18:14:24,2026-04-17 07:04:48
,https://www.cloudemployee.io/grok/hire-grok-developers,,,0,1,34,1,0,0,1,0,1,404,2025-09-19 15:05:58,2026-04-17 07:31:40
,https://www.cloudemployee.io/grok/outsource-grok-development,,,0,1,34,1,0,0,1,0,1,404,2025-09-19 18:14:00,2026-04-17 19:39:39
,https://www.cloudemployee.io/grok/remote-grok-developer,,,0,1,34,1,0,0,1,0,1,404,2025-09-19 18:14:29,2026-06-26 10:42:06
,https://www.cloudemployee.io/groovy,,,0,1,34,1,0,0,1,0,1,404,2025-09-19 15:05:30,2026-04-18 04:22:50
,https://www.cloudemployee.io/groovy/dedicated-groovy-developer,,,0,1,34,1,0,0,1,0,1,404,2025-09-22 05:22:58,2026-04-17 07:12:13
,https://www.cloudemployee.io/groovy/hire-groovy-developers,,,0,1,34,1,0,0,1,0,1,404,2025-09-09 05:28:58,2026-07-12 19:21:15
,https://www.cloudemployee.io/groovy/outsource-groovy-development,,,0,1,34,1,0,0,1,0,1,404,2025-09-22 04:47:47,2026-06-27 23:17:48
,https://www.cloudemployee.io/groovy/remote-groovy-developer,,,0,1,34,1,0,0,1,0,1,404,2025-09-22 04:36:27,2026-07-04 08:21:49
,https://www.cloudemployee.io/gulp,,,0,1,34,1,0,0,1,0,1,404,2025-09-21 17:04:51,2026-04-17 23:18:07
,https://www.cloudemployee.io/gulp/dedicated-gulp-developer,,,0,1,34,1,0,0,1,0,1,404,2025-09-09 19:12:40,2026-07-03 17:32:30
,https://www.cloudemployee.io/gulp/hire-gulp-developers,,,0,1,34,1,0,0,1,0,1,404,2025-09-19 14:02:15,2026-04-17 22:09:05
,https://www.cloudemployee.io/gulp/outsource-gulp-development,,,0,1,34,1,0,0,1,0,1,404,2025-09-09 19:12:18,2026-04-18 01:25:50
,https://www.cloudemployee.io/gulp/remote-gulp-developer,,,0,1,34,1,0,0,1,0,1,404,2025-09-09 19:11:46,2026-06-24 09:07:25
,https://www.cloudemployee.io/hazaar-mvc,,,0,1,34,1,0,0,1,0,1,404,2025-09-19 12:29:13,2026-04-18 06:27:57
,https://www.cloudemployee.io/hazaar-mvc/dedicated-hazaar-mvc-developer,,,0,1,34,1,0,0,1,0,1,404,2025-09-19 18:17:06,2026-06-28 20:56:51
,https://www.cloudemployee.io/hazaar-mvc/hire-hazaar-mvc-developers,,,0,1,34,1,0,0,1,0,1,404,2025-09-19 15:19:39,2026-04-18 00:57:08
,https://www.cloudemployee.io/hazaar-mvc/outsource-hazaar-mvc-development,,,0,1,34,1,0,0,1,0,1,404,2025-09-22 02:09:12,2026-04-17 03:39:07
,https://www.cloudemployee.io/hazaar-mvc/remote-hazaar-mvc-developer,,,0,1,34,1,0,0,1,0,1,404,2025-09-22 02:02:14,2026-07-02 08:29:33
,https://www.cloudemployee.io/heroku,,,0,1,34,1,0,0,1,0,1,404,2025-09-09 08:45:37,2026-04-18 04:21:33
,https://www.cloudemployee.io/heroku/dedicated-heroku-developer,,,0,1,34,1,0,0,1,0,1,404,2025-09-22 17:42:45,2026-07-11 02:07:50
,https://www.cloudemployee.io/heroku/hire-heroku-developers,,,0,1,34,1,0,0,1,0,1,404,2025-09-09 09:48:39,2026-06-26 02:49:11
,https://www.cloudemployee.io/heroku/outsource-heroku-development,,,0,1,34,1,0,0,1,0,1,404,2025-09-22 16:21:05,2026-04-16 21:04:18
,https://www.cloudemployee.io/heroku/remote-heroku-developer,,,0,1,34,1,0,0,1,0,1,404,2025-09-22 16:11:39,2026-04-17 07:49:53
,https://www.cloudemployee.io/hi5-api,,,0,1,34,1,0,0,1,0,1,404,2025-09-19 01:11:24,2026-07-01 14:30:07
,https://www.cloudemployee.io/hi5-api/dedicated-hi5-api-developer,,,0,1,34,1,0,0,1,0,1,404,2025-09-19 17:40:53,2026-04-17 02:49:46
,https://www.cloudemployee.io/hi5-api/hire-hi5-api-developers,,,0,1,34,1,0,0,1,0,1,404,2025-09-09 06:30:21,2026-04-17 23:53:55
,https://www.cloudemployee.io/hi5-api/outsource-hi5-api-development,,,0,1,34,1,0,0,1,0,1,404,2025-09-19 17:39:03,2026-06-27 10:08:20
,https://www.cloudemployee.io/hi5-api/remote-hi5-api-developer,,,0,1,34,1,0,0,1,0,1,404,2025-09-19 17:41:09,2026-06-26 11:39:50
,https://www.cloudemployee.io/hibernate,,,0,1,34,1,0,0,1,0,1,404,2025-09-21 21:27:34,2026-04-18 04:14:50
,https://www.cloudemployee.io/hibernate/dedicated-hibernate-developer,,,0,1,34,1,0,0,1,0,1,404,2025-09-16 05:24:03,2026-06-30 22:54:55
,https://www.cloudemployee.io/hibernate/outsource-hibernate-development,,,0,1,34,1,0,0,1,0,1,404,2025-09-17 06:01:54,2026-04-18 01:21:35
,https://www.cloudemployee.io/hibernate/remote-hibernate-developer,,,0,1,34,1,0,0,1,0,1,404,2025-09-17 06:06:25,2026-06-25 23:33:02
,https://www.cloudemployee.io/high-cost-uk-it-skills-shortage-infographic,,,,1,34,1,1,0,1,0,1,,2026-07-01 10:50:47,2026-07-01 10:50:47
,https://www.cloudemployee.io/hire,,,0,1,34,1,0,0,1,0,1,301,2025-09-18 03:06:46,2026-07-08 08:12:24
,https://www.cloudemployee.io/hire-abap-developers,,,0,1,34,1,0,0,1,0,1,404,2025-09-10 01:54:49,2026-06-05 21:59:44
,https://www.cloudemployee.io/hire-actionscript-developers,,,0,1,34,1,0,0,1,0,1,404,2025-09-19 11:18:29,2026-04-18 04:56:05
,https://www.cloudemployee.io/hire-ada-developers,,,0,1,34,1,0,0,1,0,1,404,2025-09-09 15:28:55,2026-05-08 21:04:29
,https://www.cloudemployee.io/hire-adk-developers,,,0,1,34,1,0,0,1,0,1,404,2025-09-09 23:24:25,2026-04-18 04:49:37
,https://www.cloudemployee.io/hire-admin-staff-philippines,,,5,1,34,3,0,1,3,0,3,301,2024-03-09 23:33:07,2026-04-18 04:53:29
,https://www.cloudemployee.io/hire-adobe-air-developers,,,0,1,34,1,0,0,1,0,1,404,2025-09-09 15:28:28,2026-04-17 19:54:02
,https://www.cloudemployee.io/hire-adobe-software-engineers,,,0,1,34,1,0,0,1,0,1,404,2025-09-15 12:51:36,2026-04-18 02:08:08
,https://www.cloudemployee.io/hire-agavi-developers,,,0,1,34,1,0,0,1,0,1,404,2025-09-09 14:30:41,2026-04-18 04:27:03
,https://www.cloudemployee.io/hire-agile-qa-developers,,,0,1,34,1,0,0,1,0,1,404,2025-10-24 20:02:08,2026-04-17 22:16:35
,https://www.cloudemployee.io/hire-agile-qa-engineers,,,0,1,34,1,0,0,1,0,1,404,2025-09-10 07:40:28,2026-04-18 06:36:16
,https://www.cloudemployee.io/hire-ai-engineers,,,0,1,34,2,0,0,2,0,2,404,2025-08-14 11:46:55,2026-04-18 05:05:34
,https://www.cloudemployee.io/hire-ajax-developers,,,0,1,34,1,0,0,1,0,1,404,2025-09-17 07:15:14,2026-04-16 10:56:03
,https://www.cloudemployee.io/hire-alfresco-developers,,,0,1,34,1,0,0,1,0,1,404,2025-09-18 21:17:17,2026-04-18 03:04:55
,https://www.cloudemployee.io/hire-android-sdk-developers,,,0,1,34,1,0,0,1,0,1,404,2025-09-10 03:32:21,2026-04-18 05:44:23
,https://www.cloudemployee.io/hire-angularjs-developers,,,0,1,34,1,0,0,1,0,1,404,2025-09-19 15:01:40,2026-04-18 04:58:43
,https://www.cloudemployee.io/hire-ansible-developers,,,0,1,34,1,0,0,1,0,1,404,2025-09-16 11:57:34,2026-05-12 07:19:33
,https://www.cloudemployee.io/hire-apache-developers,,,0,1,34,1,0,0,1,0,1,404,2025-09-19 15:55:12,2026-05-03 07:27:22
,https://www.cloudemployee.io/hire-apex-developers,,,0,1,34,1,0,0,1,0,1,404,2025-09-10 01:36:27,2026-04-18 02:52:00
,https://www.cloudemployee.io/hire-api-developers,,,0,1,34,1,0,0,1,0,1,404,2025-09-16 19:07:01,2026-04-17 17:39:00
,https://www.cloudemployee.io/hire-appcelerator-developers,,,0,1,34,1,0,0,1,0,1,404,2025-09-19 07:28:53,2026-04-17 23:02:30
,https://www.cloudemployee.io/hire-appfuse-developers,,,0,1,34,1,0,0,1,0,1,404,2025-09-09 09:56:53,2026-04-16 13:35:09
,https://www.cloudemployee.io/hire-arch-linux-developers,,,0,1,34,1,0,0,1,0,1,404,2025-09-14 17:30:31,2026-04-18 04:35:58
,https://www.cloudemployee.io/hire-arduino-developers,,,0,1,34,1,0,0,1,0,1,404,2025-09-09 19:43:34,2026-04-17 13:07:30
,https://www.cloudemployee.io/hire-arkit-developers,,,0,1,34,1,0,0,1,0,1,404,2025-09-24 06:20:37,2026-04-17 14:08:05
,https://www.cloudemployee.io/hire-arm-developers,,,0,1,34,1,0,0,1,0,1,404,2025-09-16 16:13:53,2026-04-17 18:26:58
,https://www.cloudemployee.io/hire-asp-dot-net-developers,,,0,1,34,2,1,0,2,0,2,404,2025-09-16 09:34:03,2026-07-04 05:55:54
,https://www.cloudemployee.io/hire-aspnet-developers,,,0,1,34,1,0,0,1,0,1,404,2025-10-30 08:25:50,2026-04-17 09:36:42
,https://www.cloudemployee.io/hire-asterisk-developers,,,0,1,34,1,0,0,1,0,1,404,2025-09-16 13:31:39,2026-04-18 00:30:12
,https://www.cloudemployee.io/hire-augmented-reality-developers,,,0,1,34,1,0,0,1,0,1,404,2025-09-15 03:59:46,2026-04-17 22:58:58
,https://www.cloudemployee.io/hire-aurelia-developers,,,0,1,34,1,0,0,1,0,1,404,2025-09-19 03:15:26,2026-07-02 08:25:16
,https://www.cloudemployee.io/hire-authorizenet-api-developers,,,0,1,34,1,0,0,1,0,1,404,2025-09-25 10:07:16,2026-04-17 17:22:07
,https://www.cloudemployee.io/hire-automation-developers,,,0,1,34,1,0,0,1,0,1,404,2025-09-23 00:43:28,2026-07-11 10:54:15
,https://www.cloudemployee.io/hire-awk-developers,,,0,1,34,1,0,0,1,0,1,404,2025-09-16 13:19:13,2026-06-26 06:34:23
,https://www.cloudemployee.io/hire-aws-developers,,,0,1,34,3,0,1,3,0,3,404,2025-07-13 06:49:53,2026-07-02 03:26:44
,https://www.cloudemployee.io/hire-azure-developers,,,5,1,34,16,0,13,16,0,3,404,2024-02-29 11:26:34,2026-04-16 13:11:29
,https://www.cloudemployee.io/hire-babel-developers,,,0,1,34,1,0,0,1,0,1,404,2025-09-10 04:39:51,2026-06-26 20:15:01
,https://www.cloudemployee.io/hire-back-end-developers,,,0,1,34,1,0,0,1,0,1,404,2025-09-09 17:32:22,2026-04-17 13:14:03
,https://www.cloudemployee.io/hire-backbone-js-developers,,,0,1,34,1,0,0,1,0,1,404,2025-09-19 09:20:07,2026-07-06 17:40:25
,https://www.cloudemployee.io/hire-backbonejs-developers,,,0,1,34,1,0,0,1,0,1,404,2025-09-25 10:27:30,2026-07-04 02:50:48
,https://www.cloudemployee.io/hire-bada-developers,,,0,1,34,1,0,0,1,0,1,404,2025-09-10 00:02:26,2026-06-30 22:33:34
,https://www.cloudemployee.io/hire-bash-developers,,,0,1,34,1,0,0,1,0,1,404,2025-09-19 16:13:24,2026-05-29 13:45:22
,https://www.cloudemployee.io/hire-big-data-architects,,,0,1,34,2,0,1,2,0,2,404,2024-10-17 13:11:22,2026-04-18 02:53:43
,https://www.cloudemployee.io/hire-big-data-developers,,,0,1,34,1,0,0,1,0,1,404,2025-10-29 10:33:11,2026-04-18 02:44:57
,https://www.cloudemployee.io/hire-bitcoin-developers,,,0,1,34,1,0,0,1,0,1,404,2025-09-19 07:19:48,2026-07-08 00:13:40
,https://www.cloudemployee.io/hire-blackberry-developers,,,0,1,34,1,0,0,1,0,1,404,2025-09-09 22:21:14,2026-04-17 09:32:13
,https://www.cloudemployee.io/hire-blender-developers,,,0,1,34,1,0,0,1,0,1,404,2025-09-08 23:21:47,2026-04-17 22:26:02
,https://www.cloudemployee.io/hire-bluebream-developers,,,0,1,34,1,0,0,1,0,1,404,2025-09-10 01:07:27,2026-04-17 09:39:27
,https://www.cloudemployee.io/hire-bluetooth-developers,,,0,1,34,1,0,0,1,0,1,404,2025-09-09 10:33:04,2026-06-30 07:49:07
,https://www.cloudemployee.io/hire-bootstrap-developers,,,0,1,34,1,0,0,1,0,1,404,2025-09-17 07:05:04,2026-06-24 15:12:05
,https://www.cloudemployee.io/hire-bootstrap-developers/london,,,0,1,34,1,0,0,1,0,1,404,2025-09-19 16:57:34,2026-04-17 05:04:03
,https://www.cloudemployee.io/hire-bottle-developers,,,0,1,34,1,0,0,1,0,1,404,2025-10-04 22:54:01,2026-04-18 05:22:55
,https://www.cloudemployee.io/hire-brew-developers,,,0,1,34,1,0,0,1,0,1,404,2025-09-10 00:29:27,2026-04-17 18:15:59
,https://www.cloudemployee.io/hire-brutos-framework-developers,,,0,1,34,1,0,0,1,0,1,404,2025-09-09 13:09:22,2026-04-18 03:02:06
,https://www.cloudemployee.io/hire-buddypress-developers,,,0,1,34,1,0,0,1,0,1,404,2025-09-10 01:45:15,2026-07-08 01:09:51
,https://www.cloudemployee.io/hire-business-intelligence-developers,,,0,1,34,1,0,0,1,0,1,404,2025-09-19 00:52:57,2026-04-16 11:24:44
,https://www.cloudemployee.io/hire-c-developers,,,0,1,34,3,0,1,3,0,3,404,2025-07-13 07:25:51,2026-04-15 02:31:21
,https://www.cloudemployee.io/hire-c-plus-plus-developers,,,0,1,34,1,0,0,1,0,1,404,2025-09-17 23:19:28,2026-04-13 16:52:47
,https://www.cloudemployee.io/hire-cakephp-developers,,,0,1,34,3,0,1,3,0,3,404,2024-04-08 03:33:50,2026-06-26 23:12:43
,https://www.cloudemployee.io/hire-cartodb-developers,,,0,1,34,1,0,0,1,0,1,404,2025-09-09 23:00:02,2026-04-17 21:45:45
,https://www.cloudemployee.io/hire-cassandra-developers,,,0,1,34,1,0,0,1,0,1,404,2025-09-19 16:28:56,2026-06-30 18:18:47
,https://www.cloudemployee.io/hire-catalyst-developers,,,0,1,34,1,0,0,1,0,1,404,2025-09-19 14:39:59,2026-06-30 17:07:28
,https://www.cloudemployee.io/hire-caveman2-developers,,,0,1,34,1,0,0,1,0,1,404,2025-09-09 23:59:36,2026-05-28 01:34:07
,https://www.cloudemployee.io/hire-cfwheels-developers,,,0,1,34,1,0,0,1,0,1,404,2025-09-10 00:19:55,2026-04-17 00:44:04
,https://www.cloudemployee.io/hire-cherrypy-developers,,,0,1,34,1,0,0,1,0,1,404,2025-09-09 13:54:34,2026-05-22 11:15:59
,https://www.cloudemployee.io/hire-chrome-extension-developers,,,0,1,34,1,0,0,1,0,1,404,2025-09-10 01:34:40,2026-04-17 18:27:55
,https://www.cloudemployee.io/hire-cisco-engineers,,,0,1,34,1,0,0,1,0,1,404,2025-09-18 21:57:12,2026-04-17 22:22:10
,https://www.cloudemployee.io/hire-civicrm-developers,,,0,1,34,1,0,0,1,0,1,404,2025-09-10 00:21:10,2026-04-17 17:07:02
,https://www.cloudemployee.io/hire-clarion-developers,,,0,1,34,1,0,0,1,0,1,404,2025-09-09 23:09:04,2026-06-30 12:52:25
,https://www.cloudemployee.io/hire-clojure-developers,,,0,1,34,1,0,0,1,0,1,404,2025-09-10 18:45:51,2026-04-18 03:32:36
,https://www.cloudemployee.io/hire-cloud-engineers,,,0,1,34,1,0,0,1,0,1,404,2025-09-16 08:25:57,2026-04-18 05:14:42
,https://www.cloudemployee.io/hire-clover-developers,,,0,1,34,1,0,0,1,0,1,404,2025-09-09 14:02:08,2026-07-06 18:10:33
,https://www.cloudemployee.io/hire-cms-developers,,,0,1,34,1,0,0,1,0,1,404,2025-09-10 03:31:27,2026-07-04 17:33:29
,https://www.cloudemployee.io/hire-cobol-developers,,,0,1,34,1,0,0,1,0,1,404,2025-09-09 13:01:44,2026-04-16 11:29:11
,https://www.cloudemployee.io/hire-cocoa-developers,,,0,1,34,1,0,0,1,0,1,404,2025-09-19 07:52:17,2026-07-02 13:55:10
,https://www.cloudemployee.io/hire-codeigniter-developers,,,0,1,34,3,0,1,3,0,3,404,2025-05-23 14:57:28,2026-07-03 13:28:14
,https://www.cloudemployee.io/hire-coffeescript-developers,,,0,1,34,1,0,0,1,0,1,404,2025-09-09 05:52:52,2026-04-18 05:57:02
,https://www.cloudemployee.io/hire-cognos-developers,,,0,1,34,1,0,0,1,0,1,404,2025-09-15 12:56:42,2026-04-18 05:37:02
,https://www.cloudemployee.io/hire-coldbox-platform-developers,,,0,1,34,1,0,0,1,0,1,404,2025-09-16 09:08:20,2026-04-18 00:53:24
,https://www.cloudemployee.io/hire-coldspring-developers,,,0,1,34,1,0,0,1,0,1,404,2025-09-09 23:00:59,2026-04-17 10:50:39
,https://www.cloudemployee.io/hire-computer-vision-developers,,,0,1,34,1,0,0,1,0,1,404,2025-09-09 18:49:37,2026-04-17 07:41:03
,https://www.cloudemployee.io/hire-content-writing-staff,,,0,1,34,1,0,0,1,0,1,404,2025-09-19 16:21:35,2026-04-18 05:21:36
,https://www.cloudemployee.io/hire-core-java-developers,,,0,1,34,1,0,0,1,0,1,404,2025-09-10 01:11:46,2026-04-16 13:41:33
,https://www.cloudemployee.io/hire-corona-sdk-developers,,,0,1,34,1,0,0,1,0,1,404,2025-09-09 15:08:35,2026-04-17 10:39:17
,https://www.cloudemployee.io/hire-cppcms-developers,,,0,1,34,1,0,0,1,0,1,404,2025-09-10 01:18:45,2026-06-29 20:47:00
,https://www.cloudemployee.io/hire-crm-developers,,,0,1,34,1,0,0,1,0,1,404,2025-09-10 10:52:01,2026-07-08 10:44:28
,https://www.cloudemployee.io/hire-cryptocurrency-developers,,,0,1,34,1,0,0,1,0,1,404,2025-09-16 07:59:26,2026-06-26 21:53:41
,https://www.cloudemployee.io/hire-crystal-reports-developers,,,0,1,34,1,0,0,1,0,1,404,2025-09-09 14:00:44,2026-04-18 02:44:30
,https://www.cloudemployee.io/hire-csla-developers,,,0,1,34,1,0,0,1,0,1,404,2025-09-09 14:57:16,2026-04-18 04:33:24
,https://www.cloudemployee.io/hire-css-developers,,,0,1,34,2,0,0,2,0,2,404,2025-08-14 11:53:37,2026-07-09 00:02:09
,https://www.cloudemployee.io/hire-cubicweb-developers,,,0,1,34,1,0,0,1,0,1,404,2025-09-18 20:19:50,2026-04-17 19:29:33
,https://www.cloudemployee.io/hire-cuda-developers,,,0,1,34,1,0,0,1,0,1,404,2025-09-09 23:11:41,2026-07-01 11:29:32
,https://www.cloudemployee.io/hire-cython-developers,,,0,1,34,1,0,0,1,0,1,404,2025-09-10 00:27:21,2026-04-17 18:38:41
,https://www.cloudemployee.io/hire-d3-js-developers,,,0,1,34,1,0,0,1,0,1,404,2025-09-09 12:50:20,2026-04-17 21:23:17
,https://www.cloudemployee.io/hire-dancer-developers,,,0,1,34,1,0,0,1,0,1,404,2025-09-10 00:58:10,2026-04-17 13:36:23
,https://www.cloudemployee.io/hire-dapp-developers,,,0,1,34,1,0,0,1,0,1,404,2025-09-09 15:29:45,2026-04-17 11:23:57
,https://www.cloudemployee.io/hire-data-warehouse-developers,,,0,1,34,1,0,0,1,0,1,404,2025-09-10 03:35:37,2026-07-07 21:14:12
,https://www.cloudemployee.io/hire-db2-developers,,,0,1,34,1,0,0,1,0,1,404,2025-09-09 14:41:29,2026-04-16 14:05:24
,https://www.cloudemployee.io/hire-debian-developers,,,0,1,34,1,0,0,1,0,1,404,2025-09-10 01:13:20,2026-06-01 17:02:12
,https://www.cloudemployee.io/hire-debian-developers/london,,,,1,34,1,0,1,1,0,1,,2025-09-17 16:06:04,2025-09-17 16:06:04
,https://www.cloudemployee.io/hire-demandware-developers,,,0,1,34,1,0,0,1,0,1,404,2025-09-09 14:45:25,2026-05-19 14:48:36
,https://www.cloudemployee.io/hire-devexpress-developers,,,0,1,34,1,0,0,1,0,1,404,2025-09-16 06:40:25,2026-07-07 20:08:25
,https://www.cloudemployee.io/hire-devops-developers,,,0,1,34,1,0,0,1,0,1,404,2025-11-10 00:15:45,2026-04-17 22:13:04
,https://www.cloudemployee.io/hire-devops-engineers,,,0,1,34,3,0,1,3,0,3,404,2025-07-13 06:43:28,2026-04-28 10:36:15
,https://www.cloudemployee.io/hire-directx-developers,,,0,1,34,1,0,0,1,0,1,404,2025-09-10 01:08:35,2026-04-18 02:55:50
,https://www.cloudemployee.io/hire-django-developers,,,0,1,34,3,0,1,3,0,3,404,2025-07-13 07:26:28,2026-05-22 14:50:20
,https://www.cloudemployee.io/hire-docker-developers,,,0,1,34,1,0,0,1,0,1,404,2025-09-08 22:42:37,2026-07-10 23:40:21
,https://www.cloudemployee.io/hire-dojo-developers,,,0,1,34,1,0,0,1,0,1,404,2025-09-16 10:34:17,2026-04-18 06:17:35
,https://www.cloudemployee.io/hire-dot-net-developers,,,0,1,34,3,0,1,3,0,3,404,2025-07-13 07:20:01,2026-04-16 13:18:17
,https://www.cloudemployee.io/hire-dotnetnuke-developers,,,0,1,34,1,0,0,1,0,1,404,2025-09-19 11:19:14,2026-05-02 00:24:43
,https://www.cloudemployee.io/hire-drupal-developers,,,0,1,34,2,1,0,2,0,2,404,2025-09-19 15:58:17,2026-06-17 18:55:17
,https://www.cloudemployee.io/hire-ebay-api-developers,,,0,1,34,1,0,0,1,0,1,404,2025-09-09 13:44:55,2026-04-16 10:45:10
,https://www.cloudemployee.io/hire-eclipse-developers,,,0,1,34,1,0,0,1,0,1,404,2025-09-18 11:12:20,2026-03-10 00:57:12
,https://www.cloudemployee.io/hire-eclipse-rap-developers,,,0,1,34,1,0,0,1,0,1,404,2025-09-08 19:49:24,2026-04-17 21:21:57
,https://www.cloudemployee.io/hire-ecmascript-6-developers,,,0,1,34,1,0,0,1,0,1,404,2025-09-19 13:43:37,2026-04-17 08:18:36
,https://www.cloudemployee.io/hire-edi-developers,,,0,1,34,1,0,0,1,0,1,404,2025-09-09 14:03:55,2026-07-03 23:23:30
,https://www.cloudemployee.io/hire-elasticsearch-developers,,,0,1,34,1,0,0,1,0,1,404,2025-09-10 02:03:33,2026-04-18 04:42:49
,https://www.cloudemployee.io/hire-electron-js-developers,,,0,1,34,1,0,0,1,0,1,404,2025-09-16 11:54:28,2026-04-18 00:21:57
,https://www.cloudemployee.io/hire-elgg-developers,,,0,1,34,1,0,0,1,0,1,404,2025-09-16 10:02:48,2026-04-17 16:19:56
,https://www.cloudemployee.io/hire-elixir-developers,,,0,1,34,1,0,0,1,0,1,404,2025-09-09 22:06:27,2026-06-25 18:33:25
,https://www.cloudemployee.io/hire-embedded-software-engineer-developers,,,0,1,34,1,0,0,1,0,1,404,2025-11-15 22:33:58,2026-07-08 17:07:37
,https://www.cloudemployee.io/hire-embedded-software-engineers,,,0,1,34,1,0,0,1,0,1,404,2025-09-18 22:55:09,2026-06-30 10:16:27
,https://www.cloudemployee.io/hire-ember-js-developers,,,0,1,34,1,0,0,1,0,1,404,2025-09-16 11:45:22,2026-06-27 07:41:24
,https://www.cloudemployee.io/hire-emberjs-developers,,,0,1,34,1,0,0,1,0,1,404,2025-09-25 10:10:34,2026-04-17 15:01:44
,https://www.cloudemployee.io/hire-erlang-developers,,,0,1,34,2,0,1,2,0,2,404,2025-07-13 07:52:11,2026-06-24 10:38:41
,https://www.cloudemployee.io/hire-erp-developers,,,0,1,34,1,0,0,1,0,1,404,2025-09-19 14:59:10,2026-04-17 20:13:54
,https://www.cloudemployee.io/hire-ethereum-developers,,,0,1,34,1,0,0,1,0,1,404,2025-09-16 21:13:45,2026-07-11 09:49:57
,https://www.cloudemployee.io/hire-evernote-developers,,,0,1,34,1,0,0,1,0,1,404,2025-09-09 15:13:15,2026-02-17 04:03:45
,https://www.cloudemployee.io/hire-express-js-developers,,,0,1,34,1,0,0,1,0,1,404,2025-09-08 19:42:12,2026-04-18 05:54:27
,https://www.cloudemployee.io/hire-expressionengine-developers,,,0,1,34,1,0,0,1,0,1,404,2025-09-09 13:56:07,2026-05-13 20:42:43
,https://www.cloudemployee.io/hire-ext-js-developers,,,0,1,34,1,0,0,1,0,1,404,2025-09-16 10:29:46,2026-05-03 10:55:46
,https://www.cloudemployee.io/hire-facebook-api-developers,,,0,1,34,1,0,0,1,0,1,404,2025-09-16 10:20:52,2026-04-17 23:18:29
,https://www.cloudemployee.io/hire-fat-free-developers,,,0,1,34,1,0,0,1,0,1,404,2025-09-09 23:10:22,2026-04-18 03:25:11
,https://www.cloudemployee.io/hire-financial-software-developers,,,0,1,34,1,0,0,1,0,1,404,2025-09-19 02:10:28,2026-04-18 03:02:37
,https://www.cloudemployee.io/hire-firebase-developers,,,0,1,34,1,0,0,1,0,1,404,2025-09-09 11:49:51,2026-05-11 01:19:40
,https://www.cloudemployee.io/hire-flask-developers,,,0,1,34,1,0,0,1,0,1,404,2025-09-19 15:56:06,2026-06-25 16:34:58
,https://www.cloudemployee.io/hire-flex-developers,,,0,1,34,1,0,0,1,0,1,404,2025-09-18 21:52:24,2026-04-18 05:40:50
,https://www.cloudemployee.io/hire-flutter-developers,,,0,1,34,1,0,0,1,0,1,404,2025-09-21 01:37:31,2026-04-18 01:24:12
,https://www.cloudemployee.io/hire-formengine-developers,,,0,1,34,1,0,0,1,0,1,404,2025-09-10 02:14:35,2026-04-17 10:40:06
,https://www.cloudemployee.io/hire-fortran-developers,,,0,1,34,1,0,0,1,0,1,404,2025-09-09 13:51:43,2026-05-10 19:41:14
,https://www.cloudemployee.io/hire-foxpro-developers,,,0,1,34,1,0,0,1,0,1,404,2025-09-09 15:07:40,2026-04-16 09:25:05
,https://www.cloudemployee.io/hire-freebsd-developers,,,0,1,34,1,0,0,1,0,1,404,2025-09-09 15:27:13,2026-06-22 17:09:39
,https://www.cloudemployee.io/hire-front-end-developers,,,0,1,34,2,0,0,2,0,2,404,2025-05-14 09:32:38,2026-05-05 02:59:09
,https://www.cloudemployee.io/hire-fsharp-developers,,,0,1,34,1,0,0,1,0,1,404,2025-09-09 14:25:19,2026-05-13 01:51:17
,https://www.cloudemployee.io/hire-fuelphp-developers,,,0,1,34,1,0,0,1,0,1,404,2025-09-10 03:34:55,2026-05-22 06:13:33
,https://www.cloudemployee.io/hire-full-stack-developers,,,0,1,34,2,0,1,2,0,2,404,2025-07-13 07:12:20,2026-04-18 05:15:24
,https://www.cloudemployee.io/hire-fusebox-developers,,,0,1,34,1,0,0,1,0,1,404,2025-09-10 00:35:13,2026-05-13 22:18:45
,https://www.cloudemployee.io/hire-game-developers,,,0,1,34,1,0,0,1,0,1,404,2025-09-15 08:51:46,2026-04-18 06:20:45
,https://www.cloudemployee.io/hire-gentoo-developers,,,0,1,34,1,0,0,1,0,1,404,2025-09-09 14:12:17,2026-05-02 12:01:33
,https://www.cloudemployee.io/hire-github-api-developers,,,0,1,34,1,0,0,1,0,1,404,2025-09-09 06:53:14,2026-04-16 12:50:56
,https://www.cloudemployee.io/hire-github-developers,,,0,1,34,1,0,0,1,0,1,404,2025-09-19 17:36:51,2026-04-18 04:25:27
,https://www.cloudemployee.io/hire-google-analytics-developers,,,0,1,34,1,0,0,1,0,1,404,2025-09-23 00:48:29,2026-04-18 05:57:37
,https://www.cloudemployee.io/hire-google-api-developers,,,0,1,34,1,0,0,1,0,1,404,2025-09-16 19:56:51,2026-04-25 00:47:56
,https://www.cloudemployee.io/hire-grails-developers,,,0,1,34,1,0,0,1,0,1,404,2025-09-09 13:12:27,2026-03-13 17:21:50
,https://www.cloudemployee.io/hire-graphql-developers,,,0,1,34,1,0,0,1,0,1,404,2025-09-18 23:44:02,2026-04-17 12:14:07
,https://www.cloudemployee.io/hire-grok-developers,,,0,1,34,1,0,0,1,0,1,404,2025-09-09 13:28:52,2026-04-29 07:55:31
,https://www.cloudemployee.io/hire-groovy-developers,,,0,1,34,1,0,0,1,0,1,404,2025-09-08 20:22:58,2026-04-17 11:25:43
,https://www.cloudemployee.io/hire-gulp-developers,,,0,1,34,1,0,0,1,0,1,404,2025-09-09 23:21:47,2026-05-23 23:54:50
,https://www.cloudemployee.io/hire-hadoop-developers,,,0,1,34,1,0,0,1,0,1,404,2025-09-19 03:55:18,2026-04-18 04:03:33
,https://www.cloudemployee.io/hire-hamlets-developers,,,0,1,34,1,0,0,1,0,1,404,2025-09-16 15:46:46,2026-04-17 22:12:07
,https://www.cloudemployee.io/hire-haskell-developers,,,0,1,34,1,0,0,1,0,1,404,2025-09-15 04:12:25,2026-04-18 05:57:53
,https://www.cloudemployee.io/hire-hazaar-mvc-developers,,,0,1,34,1,0,0,1,0,1,404,2025-09-09 21:36:46,2026-07-03 23:26:22
,https://www.cloudemployee.io/hire-heroku-developers,,,0,1,34,1,0,0,1,0,1,404,2025-09-19 00:27:25,2026-06-29 10:58:32
,https://www.cloudemployee.io/hire-hi5-api-developers,,,0,1,34,1,0,0,1,0,1,404,2025-09-09 14:22:22,2026-03-08 18:18:38
,https://www.cloudemployee.io/hire-hibernate-developers,,,0,1,34,1,0,0,1,0,1,404,2025-09-18 14:33:15,2026-07-04 09:02:13
,https://www.cloudemployee.io/hire-html5-developers,,,0,1,34,3,0,1,3,0,3,404,2025-07-13 07:52:28,2026-06-12 15:37:24
,https://www.cloudemployee.io/hire-hybris-developers,,,0,1,34,1,0,0,1,0,1,404,2025-09-09 13:45:45,2026-05-16 08:55:38
,https://www.cloudemployee.io/hire-hyperledger-developers,,,0,1,34,1,0,0,1,0,1,404,2025-09-10 00:05:55,2026-04-17 16:35:18
,https://www.cloudemployee.io/hire-ibeacon-developers,,,0,1,34,1,0,0,1,0,1,404,2025-09-19 15:03:21,2026-04-18 03:57:08
,https://www.cloudemployee.io/hire-informatica-developers,,,0,1,34,1,0,0,1,0,1,404,2025-09-10 01:35:52,2026-05-16 08:30:58
,https://www.cloudemployee.io/hire-infusionsoft-developers,,,0,1,34,1,0,0,1,0,1,404,2024-03-21 07:09:57,2026-03-07 15:38:41
,https://www.cloudemployee.io/hire-instagram-api-developers,,,0,1,34,1,0,0,1,0,1,404,2025-09-10 01:57:49,2026-04-17 19:53:25
,https://www.cloudemployee.io/hire-ionic-developers,,,0,1,34,1,0,0,1,0,1,404,2025-09-09 13:28:19,2026-04-14 23:20:28
,https://www.cloudemployee.io/hire-ios-developers,,,0,1,34,3,0,1,3,0,3,404,2025-07-13 08:28:08,2026-06-25 16:13:54
,https://www.cloudemployee.io/hire-itsnat-developers,,,0,1,34,1,0,0,1,0,1,404,2025-09-09 15:44:16,2026-06-13 07:04:51
,https://www.cloudemployee.io/hire-jade-developers,,,0,1,34,1,0,0,1,0,1,404,2025-09-09 13:28:09,2026-04-18 03:33:06
,https://www.cloudemployee.io/hire-java-developers,,,0,1,34,2,0,0,2,0,2,404,2025-08-14 11:59:02,2026-06-24 00:43:18
,https://www.cloudemployee.io/hire-java-ee-developers,,,0,1,34,1,0,0,1,0,1,404,2025-09-19 16:16:39,2026-04-18 05:16:13
,https://www.cloudemployee.io/hire-jboss-developers,,,0,1,34,1,0,0,1,0,1,404,2025-09-10 00:00:14,2026-06-07 17:06:36
,https://www.cloudemployee.io/hire-jenkins-developers,,,0,1,34,1,0,0,1,0,1,404,2025-09-09 08:02:49,2026-04-16 12:35:43
,https://www.cloudemployee.io/hire-jira-developers,,,0,1,34,1,0,0,1,0,1,404,2025-09-19 15:39:09,2026-04-16 05:01:19
,https://www.cloudemployee.io/hire-jms-developers,,,0,1,34,1,0,0,1,0,1,404,2025-09-10 00:12:48,2026-04-18 06:07:29
,https://www.cloudemployee.io/hire-joomla-developers,,,0,1,34,2,1,0,2,0,2,404,2025-09-19 16:26:52,2026-06-27 15:10:36
,https://www.cloudemployee.io/hire-jsp-developers,,,0,1,34,1,0,0,1,0,1,404,2025-09-19 15:57:41,2026-07-03 18:58:20
,https://www.cloudemployee.io/hire-jspx-bay-developers,,,0,1,34,1,0,0,1,0,1,404,2025-09-10 00:00:56,2026-04-30 02:26:05
,https://www.cloudemployee.io/hire-julia-developers,,,0,1,34,1,0,0,1,0,1,404,2025-09-10 00:25:49,2026-04-17 18:22:19
,https://www.cloudemployee.io/hire-jvx-developers,,,0,1,34,1,0,0,1,0,1,404,2025-09-09 13:28:37,2026-04-18 04:16:34
,https://www.cloudemployee.io/hire-kafka-developers,,,0,1,34,1,0,0,1,0,1,404,2025-09-10 02:31:23,2026-04-18 06:06:16
,https://www.cloudemployee.io/hire-kajona-developers,,,0,1,34,1,0,0,1,0,1,404,2025-09-09 14:28:40,2026-03-15 11:11:49
,https://www.cloudemployee.io/hire-kentico-developers,,,0,1,34,2,0,1,2,0,2,404,2025-07-13 07:51:20,2026-07-04 23:31:51
,https://www.cloudemployee.io/hire-kindle-developers,,,0,1,34,1,0,0,1,0,1,404,2025-09-10 00:57:44,2026-04-17 01:09:13
,https://www.cloudemployee.io/hire-knockout-js-developers,,,0,1,34,1,0,0,1,0,1,404,2025-09-09 09:29:14,2026-06-29 14:18:53
,https://www.cloudemployee.io/hire-knockoutjs-developers,,,0,1,34,1,0,0,1,0,1,404,2025-09-25 10:01:01,2026-04-17 19:40:40
,https://www.cloudemployee.io/hire-kohana-developers,,,0,1,34,1,0,0,1,0,1,404,2025-09-10 01:35:16,2026-07-02 14:27:09
,https://www.cloudemployee.io/hire-kotlin-developers,,,0,1,34,1,0,0,1,0,1,404,2025-09-16 09:41:56,2026-03-10 01:22:47
,https://www.cloudemployee.io/hire-kubernetes-experts,,,0,1,34,1,0,0,1,0,1,404,2025-09-19 12:55:16,2026-06-30 15:25:54
,https://www.cloudemployee.io/hire-labview-developers,,,0,1,34,1,0,0,1,0,1,404,2025-09-09 14:24:30,2026-05-04 22:28:29
,https://www.cloudemployee.io/hire-lamp-developers,,,0,1,34,1,0,0,1,0,1,404,2025-09-09 23:15:36,2026-04-19 01:33:11
,https://www.cloudemployee.io/hire-laravel-developers,,,0,1,34,3,0,1,3,0,3,404,2025-07-13 06:50:25,2026-04-16 11:42:24
,https://www.cloudemployee.io/hire-layar-developers,,,0,1,34,1,0,0,1,0,1,404,2025-09-09 21:39:31,2026-04-18 04:21:14
,https://www.cloudemployee.io/hire-lead-generation-staff,,,0,1,34,1,0,0,1,0,1,404,2025-09-14 13:52:54,2026-04-18 06:58:18
,https://www.cloudemployee.io/hire-leap-motion-developers,,,0,1,34,1,0,0,1,0,1,404,2025-09-09 14:11:05,2026-05-24 14:17:58
,https://www.cloudemployee.io/hire-lift-developers,,,0,1,34,1,0,0,1,0,1,404,2025-09-10 02:08:50,2026-04-17 18:12:40
,https://www.cloudemployee.io/hire-lightning-developers,,,0,1,34,1,0,0,1,0,1,404,2025-09-09 15:29:23,2026-05-08 06:52:10
,https://www.cloudemployee.io/hire-linkedin-api-developers,,,0,1,34,1,0,0,1,0,1,404,2025-09-10 04:22:06,2026-07-09 12:18:10
,https://www.cloudemployee.io/hire-lithium-developers,,,0,1,34,1,0,0,1,0,1,404,2025-09-09 18:45:09,2026-07-05 04:34:46
,https://www.cloudemployee.io/hire-lms-developers,,,0,1,34,1,0,0,1,0,1,404,2025-09-16 08:34:51,2026-05-06 05:29:05
,https://www.cloudemployee.io/hire-lotus-notes-developers,,,0,1,34,1,0,0,1,0,1,404,2025-09-09 08:58:12,2026-04-18 01:22:42
,https://www.cloudemployee.io/hire-lua-developers,,,0,1,34,1,0,0,1,0,1,404,2025-09-15 20:07:39,2026-04-16 13:27:34
,https://www.cloudemployee.io/hire-mach-ii-developers,,,0,1,34,1,0,0,1,0,1,404,2025-09-09 15:47:14,2026-06-23 23:58:32
,https://www.cloudemployee.io/hire-machine-learning-engineers,,,0,1,34,1,0,0,1,0,1,404,2025-09-15 08:30:02,2026-04-18 04:04:02
,https://www.cloudemployee.io/hire-magento-developers,,,0,1,34,2,0,1,2,0,2,404,2025-07-13 07:02:39,2026-04-15 00:27:34
,https://www.cloudemployee.io/hire-mapquest-developers,,,0,1,34,1,0,0,1,0,1,404,2025-09-14 21:17:54,2026-04-17 07:25:44
,https://www.cloudemployee.io/hire-matlab-developers,,,0,1,34,1,0,0,1,0,1,404,2025-09-16 06:44:14,2026-05-14 19:18:20
,https://www.cloudemployee.io/hire-maya-developers,,,0,1,34,1,0,0,1,0,1,404,2025-09-09 21:35:21,2026-07-05 06:02:04
,https://www.cloudemployee.io/hire-mean-stack-developers,,,0,1,34,2,0,1,2,0,2,404,2025-07-13 07:13:23,2026-04-28 03:12:33
,https://www.cloudemployee.io/hire-meteor-developers,,,0,1,34,1,0,0,1,0,1,404,2025-09-16 09:53:39,2026-06-26 09:59:56
,https://www.cloudemployee.io/hire-microsoft-developers,,,0,1,34,1,0,0,1,0,1,404,2025-09-19 12:11:08,2026-04-17 14:25:37
,https://www.cloudemployee.io/hire-microsoft-dynamics-crm-developers,,,0,1,34,1,0,0,1,0,1,404,2025-09-19 03:12:01,2026-04-18 03:39:00
,https://www.cloudemployee.io/hire-mobile-app-developers,,,0,1,34,1,0,0,1,0,1,404,2025-09-16 05:16:40,2026-04-18 00:24:57
,https://www.cloudemployee.io/hire-model-glue-developers,,,0,1,34,1,0,0,1,0,1,404,2025-09-16 12:49:34,2026-06-24 17:28:32
,https://www.cloudemployee.io/hire-modx-developers,,,0,1,34,1,0,0,1,0,1,404,2025-09-19 15:56:28,2026-04-17 20:17:14
,https://www.cloudemployee.io/hire-mojolicious-developers,,,0,1,34,1,0,0,1,0,1,404,2025-09-16 09:58:09,2026-07-07 07:25:30
,https://www.cloudemployee.io/hire-moneybookers-developers,,,0,1,34,1,0,0,1,0,1,404,2025-09-16 17:19:27,2026-04-18 02:39:50
,https://www.cloudemployee.io/hire-mongodb-developers,,,0,1,34,1,0,0,1,0,1,404,2025-09-18 04:20:23,2026-07-07 12:20:32
,https://www.cloudemployee.io/hire-moodle-developers,,,0,1,34,1,0,0,1,0,1,404,2025-09-19 12:01:25,2026-05-07 14:01:58
,https://www.cloudemployee.io/hire-ms-sql-developers,,,0,1,34,1,0,0,1,0,1,404,2025-10-08 02:27:14,2026-06-28 02:06:13
,https://www.cloudemployee.io/hire-mysql-developers,,,0,1,34,1,0,0,1,0,1,404,2025-09-16 10:39:42,2026-06-17 09:49:40
,https://www.cloudemployee.io/hire-nagare-developers,,,0,1,34,1,0,0,1,0,1,404,2025-09-09 13:47:38,2026-05-27 04:28:48
,https://www.cloudemployee.io/hire-neo4j-developers,,,0,1,34,1,0,0,1,0,1,404,2025-09-09 23:19:41,2026-05-06 07:51:53
,https://www.cloudemployee.io/hire-net-developers,,,0,1,34,1,0,0,1,0,1,404,2025-09-19 16:16:23,2026-04-18 01:29:55
,https://www.cloudemployee.io/hire-netbsd-developers,,,0,1,34,1,0,0,1,0,1,404,2025-09-09 14:06:30,2026-06-08 00:01:45
,https://www.cloudemployee.io/hire-nette-framework-developers,,,0,1,34,1,0,0,1,0,1,404,2025-09-09 23:16:47,2026-04-18 04:26:01
,https://www.cloudemployee.io/hire-nodejs-developers,,,0,1,34,1,0,0,1,0,1,404,2025-09-17 07:10:07,2026-04-13 07:03:32
,https://www.cloudemployee.io/hire-nopcommerce-developers,,,0,1,34,1,0,0,1,0,1,404,2025-09-18 16:54:30,2026-04-17 06:37:26
,https://www.cloudemployee.io/hire-numpy-developers,,,0,1,34,1,0,0,1,0,1,404,2025-09-16 16:40:48,2026-03-20 20:13:54
,https://www.cloudemployee.io/hire-objective-c-developers,,,0,1,34,3,0,1,3,0,3,404,2025-07-13 07:18:56,2026-04-18 01:47:23
,https://www.cloudemployee.io/hire-ocaml-developers,,,0,1,34,1,0,0,1,0,1,404,2025-09-09 19:48:50,2026-06-27 00:49:30
,https://www.cloudemployee.io/hire-octave-developers,,,0,1,34,1,0,0,1,0,1,404,2025-09-09 14:42:00,2026-07-12 23:47:57
,https://www.cloudemployee.io/hire-octave-developers/london,,,0,1,34,1,0,0,1,0,1,404,2025-09-14 22:04:30,2026-04-17 14:18:40
,https://www.cloudemployee.io/hire-oculus-rift-developers,,,0,1,34,1,0,0,1,0,1,404,2025-09-09 21:30:36,2026-04-18 03:29:50
,https://www.cloudemployee.io/hire-offshore-android-developers-philippines,,,0,1,34,2,0,0,2,0,2,404,2025-08-14 11:15:40,2026-04-18 05:27:45
,https://www.cloudemployee.io/hire-offshore-codeigniter-developers-philippines,,,0,1,34,1,0,0,1,0,1,404,2025-11-01 02:05:23,2026-04-18 04:11:37
,https://www.cloudemployee.io/hire-offshore-csharp-developers-philippines,,,0,1,34,2,0,0,2,0,2,404,2025-08-14 11:23:24,2026-07-11 23:21:32
,https://www.cloudemployee.io/hire-offshore-developers-save-on-local-hiring,,,11,1,34,133,0,130,133,0,3,404,2024-02-21 20:20:52,2026-06-13 20:44:24
,https://www.cloudemployee.io/hire-offshore-django-developers-philippines,,,0,1,34,1,0,0,1,0,1,404,2025-09-23 00:34:29,2026-04-18 06:45:53
,https://www.cloudemployee.io/hire-offshore-dot-net-developers-philippines,,,0,1,34,1,0,0,1,0,1,404,2025-09-23 01:08:44,2026-07-04 15:56:08
,https://www.cloudemployee.io/hire-offshore-front-end-developers-philippines,,,0,1,34,1,0,0,1,0,1,404,2025-09-24 14:27:20,2026-04-18 03:04:17
,https://www.cloudemployee.io/hire-offshore-full-stack-developers-philippines,,,0,1,34,1,0,0,1,0,1,404,2025-09-24 14:21:46,2026-04-18 03:54:54
,https://www.cloudemployee.io/hire-offshore-ios-developers-philippines,,,0,1,34,2,0,0,2,0,2,404,2025-08-14 11:17:28,2026-05-02 12:23:17
,https://www.cloudemployee.io/hire-offshore-javascript-developers-philippines,,,0,1,34,1,0,0,1,0,1,404,2025-09-23 13:26:03,2026-07-01 14:55:47
,https://www.cloudemployee.io/hire-offshore-mean-stack-developers-philippines,,,0,1,34,1,0,0,1,0,1,404,2025-09-23 13:47:24,2026-04-18 04:06:32
,https://www.cloudemployee.io/hire-offshore-nodejs-developers-philippines,,,0,1,34,1,0,0,1,0,1,404,2025-09-23 00:33:10,2026-05-31 22:27:29
,https://www.cloudemployee.io/hire-offshore-objective-c-developers-philippines,,,0,1,34,1,0,0,1,0,1,404,2025-09-23 13:37:21,2026-04-18 05:03:13
,https://www.cloudemployee.io/hire-offshore-php-developers-philippines,,,0,1,34,2,0,0,2,0,2,404,2025-08-14 11:16:37,2026-06-04 17:14:23
,https://www.cloudemployee.io/hire-offshore-python-developers-philippines,,,0,1,34,1,0,0,1,0,1,404,2025-09-23 00:47:15,2026-04-18 04:58:09
,https://www.cloudemployee.io/hire-offshore-ruby-on-rails-developers-philippines,,,0,1,34,1,0,0,1,0,1,404,2025-09-23 03:45:31,2026-04-18 05:57:28
,https://www.cloudemployee.io/hire-offshore-spring-developers-philippines,,,0,1,34,1,0,0,1,0,1,404,2025-09-23 01:36:43,2026-04-18 06:22:36
,https://www.cloudemployee.io/hire-offshore-ui-ux-designers-philippines,,,0,1,34,1,0,0,1,0,1,404,2025-09-24 14:14:05,2026-04-18 03:53:18
,https://www.cloudemployee.io/hire-offshore-unity3d-developers-philippines,,,0,1,34,2,0,0,2,0,2,404,2025-08-14 11:20:13,2026-04-18 03:22:24
,https://www.cloudemployee.io/hire-offshore-wordpress-developers-philippines,,,0,1,34,1,0,0,1,0,1,404,2025-09-23 21:44:13,2026-04-18 03:50:02
,https://www.cloudemployee.io/hire-offshore-xamarin-developers-philippines,,,0,1,34,1,0,0,1,0,1,404,2025-09-23 03:38:26,2026-05-02 08:00:52
,https://www.cloudemployee.io/hire-offshore-yii-developers-philippines,,,0,1,34,1,0,0,1,0,1,404,2025-09-23 01:42:15,2026-06-28 09:17:05
,https://www.cloudemployee.io/hire-offshore-zend-developers-philippines,,,0,1,34,1,0,0,1,0,1,404,2025-11-06 08:14:02,2026-04-18 03:12:28
,https://www.cloudemployee.io/hire-openbsd-developers,,,0,1,34,1,0,0,1,0,1,404,2025-09-09 14:41:45,2026-06-22 22:54:02
,https://www.cloudemployee.io/hire-opencart-developers,,,0,1,34,2,0,1,2,0,2,404,2025-07-13 07:33:46,2026-04-18 04:02:14
,https://www.cloudemployee.io/hire-opencv-developers,,,0,1,34,1,0,0,1,0,1,404,2025-09-09 22:04:52,2026-04-17 21:03:10
,https://www.cloudemployee.io/hire-opengl-developers,,,0,1,34,1,0,0,1,0,1,404,2025-09-10 03:08:07,2026-04-27 06:07:15
,https://www.cloudemployee.io/hire-openlaszlo-developers,,,0,1,34,1,0,0,1,0,1,404,2025-09-09 23:47:17,2026-06-19 19:23:11
,https://www.cloudemployee.io/hire-openrasta-developers,,,0,1,34,1,0,0,1,0,1,404,2025-09-16 05:59:22,2026-03-18 15:32:36
,https://www.cloudemployee.io/hire-opensocial-developers,,,0,1,34,1,0,0,1,0,1,404,2025-09-09 21:10:16,2026-04-17 07:43:10
,https://www.cloudemployee.io/hire-openstack-developers,,,0,1,34,1,0,0,1,0,1,404,2025-09-10 01:06:22,2026-04-16 10:39:30
,https://www.cloudemployee.io/hire-openui5-developers,,,0,1,34,1,0,0,1,0,1,404,2025-09-09 13:48:18,2026-07-10 06:06:12
,https://www.cloudemployee.io/hire-openxava-developers,,,0,1,34,1,0,0,1,0,1,404,2025-09-09 14:08:31,2026-05-28 02:03:37
,https://www.cloudemployee.io/hire-oracle-adf-developers,,,0,1,34,1,0,0,1,0,1,404,2025-09-09 05:33:04,2026-07-01 18:25:17
,https://www.cloudemployee.io/hire-oracle-sql-developers,,,0,1,34,1,0,0,1,0,1,404,2025-09-10 02:46:21,2026-05-04 08:55:29
,https://www.cloudemployee.io/hire-oscommerce-developers,,,0,1,34,1,0,0,1,0,1,404,2025-09-10 01:09:08,2026-07-06 17:11:19
,https://www.cloudemployee.io/hire-padrino-developers,,,0,1,34,1,0,0,1,0,1,404,2025-09-09 22:05:31,2026-04-17 15:15:50
,https://www.cloudemployee.io/hire-pandas-developers,,,0,1,34,1,0,0,1,0,1,404,2025-09-09 09:00:08,2026-04-17 07:04:23
,https://www.cloudemployee.io/hire-paypal-developers,,,0,1,34,1,0,0,1,0,1,404,2025-09-08 20:59:34,2026-04-17 08:06:18
,https://www.cloudemployee.io/hire-pebble-developers,,,0,1,34,1,0,0,1,0,1,404,2025-09-09 22:35:44,2026-04-18 02:24:13
,https://www.cloudemployee.io/hire-perl-developers,,,0,1,34,3,0,2,3,0,3,404,2025-05-12 12:12:08,2026-05-23 04:18:11
,https://www.cloudemployee.io/hire-phalcon-developers,,,0,1,34,1,0,0,1,0,1,404,2025-09-19 01:56:54,2026-04-18 01:00:49
,https://www.cloudemployee.io/hire-phoenix-developers,,,0,1,34,1,0,0,1,0,1,404,2025-09-10 00:28:49,2026-04-17 21:08:56
,https://www.cloudemployee.io/hire-phonegap-developers,,,0,1,34,2,0,1,2,0,2,404,2025-07-13 07:13:39,2026-04-17 11:15:46
,https://www.cloudemployee.io/hire-photo-editors,,,0,1,34,1,0,0,1,0,1,404,2025-09-15 05:35:57,2026-04-18 05:24:46
,https://www.cloudemployee.io/hire-php-developers,,,0,1,34,3,0,1,3,0,3,301,2024-03-19 15:32:25,2026-07-08 10:07:17
,https://www.cloudemployee.io/hire-phpbb-developers,,,0,1,34,1,0,0,1,0,1,404,2025-09-19 16:15:19,2026-05-26 14:48:45
,https://www.cloudemployee.io/hire-phpfox-developers,,,0,1,34,1,0,0,1,0,1,404,2025-09-09 03:57:11,2026-03-03 22:36:57
,https://www.cloudemployee.io/hire-phpixie-developers,,,0,1,34,1,0,0,1,0,1,404,2025-09-09 15:27:02,2026-04-18 01:17:56
,https://www.cloudemployee.io/hire-pl-sql-developers,,,0,1,34,1,0,0,1,0,1,404,2025-09-19 16:11:25,2026-04-12 06:19:43
,https://www.cloudemployee.io/hire-play-framework-developers,,,0,1,34,1,0,0,1,0,1,404,2025-09-09 12:19:09,2026-04-16 12:30:23
,https://www.cloudemployee.io/hire-plone-developers,,,0,1,34,1,0,0,1,0,1,404,2025-09-09 23:16:17,2026-04-18 05:34:37
,https://www.cloudemployee.io/hire-pocket-developers,,,0,1,34,1,0,0,1,0,1,404,2025-10-05 23:20:05,2026-04-18 05:31:49
,https://www.cloudemployee.io/hire-pos-developers,,,0,1,34,1,0,0,1,0,1,404,2025-09-09 23:44:47,2026-07-11 10:46:35
,https://www.cloudemployee.io/hire-postgresql-developers,,,0,1,34,1,0,0,1,0,1,404,2025-09-18 13:19:18,2026-06-19 01:44:32
,https://www.cloudemployee.io/hire-powerbuilder-developers,,,0,1,34,1,0,0,1,0,1,404,2025-09-09 23:55:37,2026-04-17 19:09:36
,https://www.cloudemployee.io/hire-prado-developers,,,0,1,34,1,0,0,1,0,1,404,2025-09-09 23:46:03,2026-06-07 14:35:08
,https://www.cloudemployee.io/hire-prestashop-developers,,,0,1,34,2,0,1,2,0,2,404,2025-07-13 08:00:06,2026-04-17 20:19:38
,https://www.cloudemployee.io/hire-prism-developers,,,0,1,34,1,0,0,1,0,1,404,2025-09-09 14:45:48,2026-05-19 17:23:48
,https://www.cloudemployee.io/hire-prototype-developers,,,0,1,34,1,0,0,1,0,1,404,2025-09-09 13:49:31,2026-04-17 23:05:47
,https://www.cloudemployee.io/hire-protractor-developers,,,0,1,34,1,0,0,1,0,1,404,2025-09-10 02:17:47,2026-05-28 16:02:52
,https://www.cloudemployee.io/hire-puppeteer-developers,,,0,1,34,1,0,0,1,0,1,404,2025-09-09 13:50:54,2026-06-16 05:44:01
,https://www.cloudemployee.io/hire-puremvc-developers,,,0,1,34,1,0,0,1,0,1,404,2025-09-09 23:12:16,2026-04-17 08:57:41
,https://www.cloudemployee.io/hire-pyjs-developers,,,0,1,34,1,0,0,1,0,1,404,2025-09-09 16:39:39,2026-05-31 19:10:26
,https://www.cloudemployee.io/hire-pylons-developers,,,0,1,34,1,0,0,1,0,1,404,2025-09-09 14:46:48,2026-06-24 17:34:05
,https://www.cloudemployee.io/hire-pyobjc-developers,,,0,1,34,1,0,0,1,0,1,404,2025-09-09 23:06:54,2026-04-30 12:29:37
,https://www.cloudemployee.io/hire-pyqt-developers,,,0,1,34,1,0,0,1,0,1,404,2025-09-10 18:31:12,2026-05-26 13:55:21
,https://www.cloudemployee.io/hire-pyramid-developers,,,0,1,34,1,0,0,1,0,1,404,2025-09-10 00:30:38,2026-04-17 18:01:55
,https://www.cloudemployee.io/hire-python-developers,,,0,1,34,2,0,0,2,0,2,404,2025-08-14 11:42:40,2026-06-01 05:56:31
,https://www.cloudemployee.io/hire-qa-developers,,,0,1,34,1,0,0,1,0,1,404,2025-11-10 00:21:18,2026-06-28 19:51:20
,https://www.cloudemployee.io/hire-qa-leads,,,0,1,34,1,0,0,1,0,1,404,2025-09-16 09:39:07,2026-04-17 23:35:27
,https://www.cloudemployee.io/hire-qa-leads-developers,,,0,1,34,1,0,0,1,0,1,404,2025-09-19 16:08:48,2026-04-17 17:40:42
,https://www.cloudemployee.io/hire-qa-testers,,,0,1,34,2,0,1,2,0,2,404,2025-07-17 18:27:34,2026-05-02 22:28:36
,https://www.cloudemployee.io/hire-qlikview-developers,,,0,1,34,1,0,0,1,0,1,404,2025-09-09 14:45:10,2026-03-05 11:14:19
,https://www.cloudemployee.io/hire-qt-developers,,,0,1,34,1,0,0,1,0,1,404,2025-09-16 13:39:02,2026-05-09 10:09:38
,https://www.cloudemployee.io/hire-quickbase-developers,,,0,1,34,1,0,0,1,0,1,404,2025-09-09 06:49:39,2026-06-08 05:08:19
,https://www.cloudemployee.io/hire-quickbase-developers/london,,,0,1,34,1,0,0,1,0,1,404,2025-09-08 21:54:01,2026-04-17 14:26:00
,https://www.cloudemployee.io/hire-quickbooks-developers,,,0,1,34,1,0,0,1,0,1,404,2025-09-10 00:10:27,2026-07-02 12:33:49
,https://www.cloudemployee.io/hire-r-developers,,,0,1,34,1,0,0,1,0,1,404,2025-09-19 12:05:44,2026-04-17 13:12:03
,https://www.cloudemployee.io/hire-r3-corda-developers,,,0,1,34,1,0,0,1,0,1,404,2025-09-10 00:15:00,2026-06-05 01:15:17
,https://www.cloudemployee.io/hire-rackspace-developers,,,0,1,34,1,0,0,1,0,1,404,2025-09-09 13:29:33,2026-04-17 22:20:31
,https://www.cloudemployee.io/hire-ractive-js-developers,,,0,1,34,1,0,0,1,0,1,404,2025-09-10 02:15:07,2026-05-12 21:41:57
,https://www.cloudemployee.io/hire-ractivejs-developers,,,0,1,34,1,0,0,1,0,1,404,2025-09-25 10:04:27,2026-04-18 01:02:27
,https://www.cloudemployee.io/hire-raspberry-pi-developers,,,0,1,34,1,0,0,1,0,1,404,2025-09-19 03:23:05,2026-04-16 11:00:06
,https://www.cloudemployee.io/hire-react-developers,,,0,1,34,3,0,1,3,0,3,404,2025-07-13 07:12:34,2026-04-18 01:35:45
,https://www.cloudemployee.io/hire-react-native-developers,,,0,1,34,1,0,0,1,0,1,404,2025-09-09 15:44:55,2026-05-13 08:25:11
,https://www.cloudemployee.io/hire-release-engineers-developers,,,0,1,34,1,0,0,1,0,1,404,2025-09-18 17:00:30,2026-07-04 22:26:29
,https://www.cloudemployee.io/hire-responsive-web-developers,,,0,1,34,1,0,0,1,0,1,404,2025-09-14 21:21:42,2026-06-26 02:13:47
,https://www.cloudemployee.io/hire-rife-developers,,,0,1,34,1,0,0,1,0,1,404,2025-09-09 06:36:42,2026-03-20 22:54:16
,https://www.cloudemployee.io/hire-rss-developers,,,0,1,34,1,0,0,1,0,1,404,2025-09-22 01:08:20,2026-03-10 00:12:25
,https://www.cloudemployee.io/hire-ruby-on-rails-developers,,,0,1,34,3,0,1,3,0,3,404,2025-05-12 11:57:36,2026-05-22 19:18:19
,https://www.cloudemployee.io/hire-rxjs-developers,,,0,1,34,1,0,0,1,0,1,404,2025-09-09 13:29:12,2026-04-18 03:36:36
,https://www.cloudemployee.io/hire-saas-developers,,,0,1,34,1,0,0,1,0,1,404,2025-09-19 14:21:59,2026-07-05 13:29:15
,https://www.cloudemployee.io/hire-saetta-web-server-developers,,,0,1,34,1,0,0,1,0,1,404,2025-09-10 00:13:40,2026-04-17 13:07:53
,https://www.cloudemployee.io/hire-sail-js-developers,,,0,1,34,1,0,0,1,0,1,404,2025-09-09 14:00:14,2026-04-17 10:12:31
,https://www.cloudemployee.io/hire-sailsjs-developers,,,0,1,34,1,0,0,1,0,1,404,2025-09-25 10:17:00,2026-07-10 02:15:49
,https://www.cloudemployee.io/hire-salesforce-developers,,,0,1,34,2,0,1,2,0,2,404,2025-07-13 08:17:18,2026-05-04 01:57:57
,https://www.cloudemployee.io/hire-salesforce-developers/london,,,0,1,34,1,0,0,1,0,1,404,2025-09-14 21:28:37,2026-04-17 05:45:09
,https://www.cloudemployee.io/hire-sas-developers,,,0,1,34,1,0,0,1,0,1,404,2025-09-09 16:56:22,2026-04-18 05:56:16
,https://www.cloudemployee.io/hire-sass-developers,,,0,1,34,1,0,0,1,0,1,404,2025-09-18 19:19:00,2026-05-23 07:38:52
,https://www.cloudemployee.io/hire-scada-developers,,,0,1,34,1,0,0,1,0,1,404,2025-09-09 21:30:05,2026-06-06 19:11:11
,https://www.cloudemployee.io/hire-scala-developers,,,0,1,34,3,0,1,3,0,3,404,2025-07-13 05:57:16,2026-04-18 03:28:37
,https://www.cloudemployee.io/hire-scalatra-developers,,,0,1,34,1,0,0,1,0,1,404,2025-10-03 11:54:07,2026-04-18 02:07:03
,https://www.cloudemployee.io/hire-scm-engineer-developers,,,0,1,34,1,0,0,1,0,1,404,2025-10-21 12:15:50,2026-04-17 22:05:58
,https://www.cloudemployee.io/hire-scm-engineers,,,0,1,34,1,0,0,1,0,1,404,2025-10-18 05:43:56,2026-04-17 21:41:19
,https://www.cloudemployee.io/hire-sencha-touch-developers,,,0,1,34,1,0,0,1,0,1,404,2025-09-16 16:47:16,2026-04-16 09:43:58
,https://www.cloudemployee.io/hire-sharepoint-developers,,,0,1,34,2,0,1,2,0,2,404,2025-07-13 07:50:57,2026-05-27 00:30:43
,https://www.cloudemployee.io/hire-shopify-developers,,,0,1,34,3,0,1,3,0,3,404,2025-07-13 07:11:46,2026-04-18 04:51:01
,https://www.cloudemployee.io/hire-silex-developers,,,0,1,34,1,0,0,1,0,1,404,2025-09-09 23:58:17,2026-04-17 18:52:46
,https://www.cloudemployee.io/hire-silverlight-developers,,,0,1,34,1,0,0,1,0,1,404,2025-09-19 00:09:59,2026-04-17 19:54:59
,https://www.cloudemployee.io/hire-silverstripe-developers,,,0,1,34,1,0,0,1,0,1,404,2025-09-09 15:05:17,2026-04-16 11:44:00
,https://www.cloudemployee.io/hire-sinatra-developers,,,0,1,34,1,0,0,1,0,1,404,2025-09-15 08:48:04,2026-04-18 05:23:34
,https://www.cloudemployee.io/hire-sitecore-developers,,,0,1,34,2,0,1,2,0,2,404,2025-07-13 07:59:42,2026-07-10 03:21:25
,https://www.cloudemployee.io/hire-sitefinity-developers,,,0,1,34,2,0,1,2,0,2,404,2025-07-13 07:51:55,2026-04-18 00:08:18
,https://www.cloudemployee.io/hire-smarty-developers,,,0,1,34,1,0,0,1,0,1,404,2025-09-09 13:15:39,2026-07-03 06:51:36
,https://www.cloudemployee.io/hire-sms-developers,,,0,1,34,1,0,0,1,0,1,404,2025-09-16 09:46:32,2026-04-17 06:44:07
,https://www.cloudemployee.io/hire-soa-developers,,,0,1,34,1,0,0,1,0,1,404,2025-09-16 10:00:23,2026-06-27 14:16:32
,https://www.cloudemployee.io/hire-socket-io-developers,,,0,1,34,1,0,0,1,0,1,404,2025-09-10 08:08:24,2026-07-04 14:31:57
,https://www.cloudemployee.io/hire-socketio-developers,,,0,1,34,1,0,0,1,0,1,404,2025-09-25 10:19:33,2026-07-03 10:26:33
,https://www.cloudemployee.io/hire-solaris-developers,,,0,1,34,1,0,0,1,0,1,404,2025-09-10 01:22:26,2026-04-17 17:28:46
,https://www.cloudemployee.io/hire-solidity-developers,,,0,1,34,1,0,0,1,0,1,404,2025-09-10 01:06:52,2026-06-30 03:18:23
,https://www.cloudemployee.io/hire-splunk-developers,,,0,1,34,1,0,0,1,0,1,404,2025-09-16 15:29:00,2026-05-11 05:19:13
,https://www.cloudemployee.io/hire-spree-commerce-developers,,,0,1,34,1,0,0,1,0,1,404,2025-09-09 14:23:41,2026-06-22 05:58:24
,https://www.cloudemployee.io/hire-spring-boot-developers,,,0,1,34,1,0,0,1,0,1,404,2025-09-09 10:48:34,2026-05-20 04:34:56
,https://www.cloudemployee.io/hire-spring-developers,,,0,1,34,2,0,1,2,0,2,404,2025-07-13 12:46:33,2026-04-15 04:23:58
,https://www.cloudemployee.io/hire-sql-clr-developers,,,0,1,34,1,0,0,1,0,1,404,2025-09-09 14:59:20,2026-04-17 21:31:34
,https://www.cloudemployee.io/hire-sql-developers,,,0,1,34,2,0,1,2,0,2,404,2025-07-13 07:25:00,2026-05-24 03:12:08
,https://www.cloudemployee.io/hire-sql-server-developers,,,0,1,34,1,0,0,1,0,1,404,2025-09-09 03:46:34,2026-05-21 14:40:14
,https://www.cloudemployee.io/hire-squarespace-developers,,,0,1,34,1,0,0,1,0,1,404,2025-09-09 15:25:28,2026-04-18 03:13:10
,https://www.cloudemployee.io/hire-ssis-developers,,,0,1,34,1,0,0,1,0,1,404,2025-09-09 14:59:51,2026-07-05 03:31:01
,https://www.cloudemployee.io/hire-stripes-developers,,,0,1,34,1,0,0,1,0,1,404,2025-09-09 15:46:04,2026-04-18 20:43:57
,https://www.cloudemployee.io/hire-struts-developers,,,0,1,34,1,0,0,1,0,1,404,2025-09-19 17:02:09,2026-05-20 16:18:13
,https://www.cloudemployee.io/hire-sugarcrm-software-developers,,,0,1,34,1,0,0,1,0,1,404,2025-09-16 09:36:37,2026-04-17 19:24:18
,https://www.cloudemployee.io/hire-sugarcrm-software-developers/london,,,,1,34,1,0,1,1,0,1,,2025-09-18 04:27:16,2025-09-18 04:27:16
,https://www.cloudemployee.io/hire-sun-developers,,,0,1,34,1,0,0,1,0,1,404,2025-09-16 16:27:28,2026-04-18 03:17:52
,https://www.cloudemployee.io/hire-svg-developers,,,0,1,34,1,0,0,1,0,1,404,2025-09-09 14:22:56,2026-07-06 22:07:52
,https://www.cloudemployee.io/hire-swift-developers,,,0,1,34,3,0,1,3,0,3,404,2025-07-13 07:24:25,2026-04-18 05:52:32
,https://www.cloudemployee.io/hire-sybase-developers,,,0,1,34,1,0,0,1,0,1,404,2025-09-09 23:51:30,2026-04-18 01:20:16
,https://www.cloudemployee.io/hire-symbian-developers,,,0,1,34,1,0,0,1,0,1,404,2025-09-16 16:50:24,2026-04-17 07:54:39
,https://www.cloudemployee.io/hire-symfony-developers,,,0,1,34,2,0,1,2,0,2,404,2025-07-17 18:18:26,2026-04-26 04:41:19
,https://www.cloudemployee.io/hire-system-security-developers,,,0,1,34,1,0,0,1,0,1,404,2025-09-10 10:53:37,2026-04-15 20:58:14
,https://www.cloudemployee.io/hire-tableau-developers,,,0,1,34,1,0,0,1,0,1,404,2025-09-18 22:59:44,2026-07-10 01:12:26
,https://www.cloudemployee.io/hire-tactic-developers,,,0,1,34,1,0,0,1,0,1,404,2025-09-16 09:13:06,2026-07-11 16:49:06
,https://www.cloudemployee.io/hire-telerik-developers,,,0,1,34,1,0,0,1,0,1,404,2025-09-10 03:54:44,2026-04-18 03:37:22
,https://www.cloudemployee.io/hire-tensorflow-developers,,,0,1,34,1,0,0,1,0,1,404,2025-09-19 03:00:22,2026-04-18 01:40:59
,https://www.cloudemployee.io/hire-teradata-developers,,,0,1,34,1,0,0,1,0,1,404,2025-09-16 10:41:33,2026-07-01 19:35:24
,https://www.cloudemployee.io/hire-test-automation-architect-developers,,,0,1,34,1,0,0,1,0,1,404,2025-09-25 18:20:29,2026-04-16 21:58:45
,https://www.cloudemployee.io/hire-test-automation-architects,,,,1,34,1,0,1,1,0,1,,2025-09-17 08:49:39,2025-09-17 08:49:39
,https://www.cloudemployee.io/hire-test-automation-engineers,,,0,1,34,1,0,0,1,0,1,404,2025-09-09 19:09:02,2026-07-10 00:44:02
,https://www.cloudemployee.io/hire-thinwire-developers,,,0,1,34,1,0,0,1,0,1,404,2025-09-10 02:40:52,2026-07-05 09:31:06
,https://www.cloudemployee.io/hire-tibco-developers,,,0,1,34,1,0,0,1,0,1,404,2025-09-09 23:14:48,2026-04-17 18:58:13
,https://www.cloudemployee.io/hire-titanium-developers,,,0,1,34,1,0,0,1,0,1,404,2025-09-16 10:36:56,2026-04-18 05:14:32
,https://www.cloudemployee.io/hire-tizen-developers,,,0,1,34,1,0,0,1,0,1,404,2025-09-09 23:05:20,2026-06-27 16:05:45
,https://www.cloudemployee.io/hire-tntnet-developers,,,0,1,34,1,0,0,1,0,1,404,2025-09-09 23:27:28,2026-02-23 03:28:05
,https://www.cloudemployee.io/hire-tokbox-developers,,,0,1,34,1,0,0,1,0,1,404,2025-09-10 00:55:45,2026-04-23 01:13:07
,https://www.cloudemployee.io/hire-tornado-developers,,,0,1,34,1,0,0,1,0,1,404,2025-09-16 11:51:19,2026-04-19 23:42:13
,https://www.cloudemployee.io/hire-turbogears-developers,,,0,1,34,1,0,0,1,0,1,404,2025-09-19 05:26:11,2026-04-17 23:37:47
,https://www.cloudemployee.io/hire-twilio-developers,,,0,1,34,1,0,0,1,0,1,404,2025-09-09 23:44:06,2026-04-17 21:20:28
,https://www.cloudemployee.io/hire-twitter-bootstrap-developers,,,0,1,34,1,0,0,1,0,1,404,2025-09-10 03:50:45,2026-04-17 19:43:26
,https://www.cloudemployee.io/hire-typescript-developers,,,0,1,34,1,0,0,1,0,1,404,2025-09-18 09:23:26,2026-04-16 14:22:30
,https://www.cloudemployee.io/hire-typo3-developers,,,0,1,34,1,0,0,1,0,1,404,2025-09-09 08:07:51,2026-05-29 14:55:05
,https://www.cloudemployee.io/hire-typo3-flow-developers,,,0,1,34,1,0,0,1,0,1,404,2025-09-10 02:30:06,2026-06-28 08:42:49
,https://www.cloudemployee.io/hire-ubuntu-developers,,,0,1,34,1,0,0,1,0,1,404,2025-09-19 15:43:26,2026-06-27 05:46:54
,https://www.cloudemployee.io/hire-ui-ux-designers,,,0,1,34,3,0,1,3,0,3,404,2025-05-12 22:01:33,2026-06-27 16:32:25
,https://www.cloudemployee.io/hire-ui-ux-developers,,,0,1,34,1,0,0,1,0,1,404,2025-11-10 05:46:50,2026-04-17 17:12:18
,https://www.cloudemployee.io/hire-umbraco-cms-developers,,,0,1,34,1,0,0,1,0,1,404,2025-10-26 18:14:30,2026-04-18 01:47:36
,https://www.cloudemployee.io/hire-umbraco-developers,,,,1,34,1,0,1,1,0,1,,2025-07-13 07:25:37,2025-07-13 07:25:37
,https://www.cloudemployee.io/hire-uml-developers,,,0,1,34,1,0,0,1,0,1,404,2025-09-08 17:35:23,2026-07-08 08:06:14
,https://www.cloudemployee.io/hire-unified-js-developers,,,0,1,34,1,0,0,1,0,1,404,2025-09-10 01:33:25,2026-07-03 01:21:32
,https://www.cloudemployee.io/hire-unifiedjs-developers,,,0,1,34,1,0,0,1,0,1,404,2025-09-25 10:22:18,2026-07-03 06:23:19
,https://www.cloudemployee.io/hire-unity3d-developers,,,0,1,34,2,0,0,2,0,2,404,2025-05-15 03:02:22,2026-06-07 13:36:01
,https://www.cloudemployee.io/hire-vaadin-developers,,,0,1,34,1,0,0,1,0,1,404,2025-10-16 23:25:19,2026-04-17 15:22:04
,https://www.cloudemployee.io/hire-vb-net-developers,,,0,1,34,1,0,0,1,0,1,404,2025-09-18 09:26:39,2026-04-14 03:08:54
,https://www.cloudemployee.io/hire-vba-developers,,,0,1,34,1,0,0,1,0,1,404,2025-09-09 14:44:52,2026-04-16 12:41:55
,https://www.cloudemployee.io/hire-vbulletin-developers,,,0,1,34,1,0,0,1,0,1,404,2025-09-09 14:41:12,2026-04-17 16:18:11
,https://www.cloudemployee.io/hire-velocity-developers,,,0,1,34,1,0,0,1,0,1,404,2025-09-09 14:49:27,2026-04-16 13:36:24
,https://www.cloudemployee.io/hire-vibe-d-developers,,,0,1,34,1,0,0,1,0,1,404,2025-09-10 01:55:22,2026-05-10 17:48:56
,https://www.cloudemployee.io/hire-vibed-developers,,,0,1,34,1,0,0,1,0,1,404,2025-09-25 10:24:45,2026-07-01 06:26:27
,https://www.cloudemployee.io/hire-visio-developers,,,0,1,34,1,0,0,1,0,1,404,2025-09-16 17:57:59,2026-05-02 06:03:39
,https://www.cloudemployee.io/hire-visual-basic-developers,,,0,1,34,1,0,0,1,0,1,404,2025-09-18 12:39:27,2026-06-30 19:30:43
,https://www.cloudemployee.io/hire-visualforce-developers,,,0,1,34,1,0,0,1,0,1,404,2025-09-10 00:33:59,2026-04-16 10:09:38
,https://www.cloudemployee.io/hire-vmware-engineer-developers,,,0,1,34,1,0,0,1,0,1,404,2025-11-18 00:09:16,2026-07-10 21:17:04
,https://www.cloudemployee.io/hire-vmware-engineers,,,0,1,34,1,0,0,1,0,1,404,2025-09-18 18:39:23,2026-04-18 05:16:42
,https://www.cloudemployee.io/hire-voip-engineer-developers,,,0,1,34,1,0,0,1,0,1,404,2025-11-14 17:57:53,2026-07-12 02:41:21
,https://www.cloudemployee.io/hire-voip-engineers,,,0,1,34,1,0,0,1,0,1,404,2025-09-16 11:48:22,2026-04-17 06:00:16
,https://www.cloudemployee.io/hire-volusion-developers,,,0,1,34,1,0,0,1,0,1,404,2025-09-16 09:51:06,2026-04-18 01:26:15
,https://www.cloudemployee.io/hire-vraptor-developers,,,0,1,34,1,0,0,1,0,1,404,2025-09-16 09:44:07,2026-04-17 22:01:24
,https://www.cloudemployee.io/hire-vss-developers,,,0,1,34,1,0,0,1,0,1,404,2025-09-22 07:38:37,2026-04-18 02:06:13
,https://www.cloudemployee.io/hire-vtiger-developers,,,0,1,34,1,0,0,1,0,1,404,2025-09-19 02:27:07,2026-04-18 03:11:42
,https://www.cloudemployee.io/hire-vue-js-developers,,,0,1,34,1,0,0,1,0,1,404,2025-09-19 15:56:55,2026-04-12 22:34:06
,https://www.cloudemployee.io/hire-vuforia-developers,,,0,1,34,1,0,0,1,0,1,404,2025-09-16 12:40:08,2026-04-18 01:58:57
,https://www.cloudemployee.io/hire-wavemaker-developers,,,0,1,34,1,0,0,1,0,1,404,2025-09-10 06:38:32,2026-04-18 06:44:11
,https://www.cloudemployee.io/hire-web2py-developers,,,0,1,34,1,0,0,1,0,1,404,2025-09-21 09:11:58,2026-03-18 09:03:38
,https://www.cloudemployee.io/hire-webkit-developers,,,0,1,34,1,0,0,1,0,1,404,2025-09-18 04:30:47,2026-04-18 04:58:00
,https://www.cloudemployee.io/hire-webobjects-developers,,,0,1,34,1,0,0,1,0,1,404,2025-09-16 09:12:16,2026-07-04 10:56:51
,https://www.cloudemployee.io/hire-webos-developers,,,0,1,34,1,0,0,1,0,1,404,2025-09-16 09:49:09,2026-04-18 01:50:10
,https://www.cloudemployee.io/hire-webrtc-developers,,,0,1,34,1,0,0,1,0,1,404,2025-09-16 09:10:21,2026-04-17 20:54:24
,https://www.cloudemployee.io/hire-websphere-developers,,,0,1,34,1,0,0,1,0,1,404,2025-09-09 12:43:48,2026-06-29 16:17:18
,https://www.cloudemployee.io/hire-webware-developers,,,0,1,34,1,0,0,1,0,1,404,2025-09-10 00:28:06,2026-06-29 07:09:33
,https://www.cloudemployee.io/hire-webwork-developers,,,0,1,34,1,0,0,1,0,1,404,2025-09-09 22:08:30,2026-04-17 15:18:03
,https://www.cloudemployee.io/hire-weebly-developers,,,0,1,34,1,0,0,1,0,1,404,2025-09-09 14:36:53,2026-03-16 17:34:49
,https://www.cloudemployee.io/hire-windows-developers,,,0,1,34,1,0,0,1,0,1,404,2025-09-18 15:09:30,2026-06-19 19:02:38
,https://www.cloudemployee.io/hire-winforms-developers,,,0,1,34,1,0,0,1,0,1,404,2025-09-10 00:18:38,2026-04-17 20:09:21
,https://www.cloudemployee.io/hire-woocommerce-developers,,,0,1,34,2,0,1,2,0,2,404,2025-07-13 07:25:17,2026-04-16 12:44:29
,https://www.cloudemployee.io/hire-wordpress-developers,,,0,1,34,2,0,1,2,0,2,404,2025-07-17 19:21:34,2026-04-11 09:32:08
,https://www.cloudemployee.io/hire-wowza-developers,,,0,1,34,1,0,0,1,0,1,404,2025-09-09 14:34:03,2026-06-16 22:57:14
,https://www.cloudemployee.io/hire-wpf-developers,,,0,1,34,1,0,0,1,0,1,404,2025-09-09 11:38:44,2026-06-06 09:03:59
,https://www.cloudemployee.io/hire-wt-developers,,,0,1,34,1,0,0,1,0,1,404,2025-09-09 15:12:31,2026-05-21 17:49:16
,https://www.cloudemployee.io/hire-xamarin-developers,,,0,1,34,2,0,1,2,0,2,404,2025-07-13 07:26:46,2026-04-16 10:51:38
,https://www.cloudemployee.io/hire-xcode-developers,,,0,1,34,1,0,0,1,0,1,404,2025-09-09 15:46:35,2026-07-01 04:53:53
,https://www.cloudemployee.io/hire-xero-developers,,,0,1,34,1,0,0,1,0,1,404,2025-09-09 22:58:53,2026-04-18 03:28:47
,https://www.cloudemployee.io/hire-xml-developers,,,0,1,34,1,0,0,1,0,1,404,2025-09-17 05:08:37,2026-05-30 06:59:38
,https://www.cloudemployee.io/hire-xna-developers,,,0,1,34,1,0,0,1,0,1,404,2025-09-09 21:55:06,2026-04-17 22:57:39
,https://www.cloudemployee.io/hire-xp-developers,,,0,1,34,1,0,0,1,0,1,404,2025-09-16 13:35:07,2026-04-17 21:04:36
,https://www.cloudemployee.io/hire-yelp-api-developers,,,0,1,34,1,0,0,1,0,1,404,2025-09-08 23:15:09,2026-04-17 23:27:04
,https://www.cloudemployee.io/hire-yesod-developers,,,0,1,34,1,0,0,1,0,1,404,2025-09-09 23:07:35,2026-04-17 16:03:15
,https://www.cloudemployee.io/hire-yii-developers,,,0,1,34,3,0,2,3,0,3,404,2024-02-21 13:43:20,2026-07-04 18:32:51
,https://www.cloudemployee.io/hire-youtube-api-developers,,,0,1,34,1,0,0,1,0,1,404,2025-09-16 10:44:07,2026-04-17 13:55:52
,https://www.cloudemployee.io/hire-ze-framework-developers,,,0,1,34,1,0,0,1,0,1,404,2025-09-09 14:10:04,2026-04-17 15:23:54
,https://www.cloudemployee.io/hire-zen-cart-developers,,,0,1,34,1,0,0,1,0,1,404,2025-09-09 14:41:01,2026-04-18 03:21:22
,https://www.cloudemployee.io/hire-zend-developers,,,0,1,34,3,0,1,3,0,3,404,2025-07-13 07:12:48,2026-07-08 10:17:18
,https://www.cloudemployee.io/hire-zendesk-developers,,,0,1,34,1,0,0,1,0,1,404,2025-09-18 08:10:35,2026-04-18 06:08:28
,https://www.cloudemployee.io/hire-zendesk-developers/london,,,0,1,34,1,0,0,1,0,1,404,2025-09-19 08:06:37,2026-04-17 19:25:54
,https://www.cloudemployee.io/hire-zk-developers,,,0,1,34,1,0,0,1,0,1,404,2025-09-09 22:03:01,2026-04-17 08:59:06
,https://www.cloudemployee.io/hire-zope-2-developers,,,0,1,34,1,0,0,1,0,1,404,2025-09-16 13:15:04,2026-04-17 22:32:30
,https://www.cloudemployee.io/hireb2b,,,0,1,34,1,0,0,1,0,1,404,2025-09-24 06:00:53,2026-06-26 20:40:15
,https://www.cloudemployee.io/home,,,0,1,34,1,0,0,1,0,1,404,2025-09-09 11:02:51,2026-04-17 09:13:48
,https://www.cloudemployee.io/html5,,,0,1,34,3,0,1,3,0,3,301,2024-02-15 12:41:03,2026-06-20 06:29:54
,https://www.cloudemployee.io/html5/dedicated-html5-developer,,,0,1,34,1,0,0,1,0,1,404,2025-09-24 04:12:41,2026-04-17 06:13:52
,https://www.cloudemployee.io/html5/outsource-html5-development,,,0,1,34,1,0,0,1,0,1,404,2025-09-24 04:11:25,2026-06-26 14:02:55
,https://www.cloudemployee.io/html5/remote-html5-developer,,,0,1,34,1,0,0,1,0,1,404,2025-09-24 04:16:00,2026-07-07 02:15:13
,https://www.cloudemployee.io/hybris,,,0,1,34,1,0,0,1,0,1,404,2025-09-19 14:42:22,2026-04-18 03:37:49
,https://www.cloudemployee.io/hybris/dedicated-hybris-developer,,,0,1,34,1,0,0,1,0,1,404,2025-09-19 17:07:00,2026-04-18 00:17:22
,https://www.cloudemployee.io/hybris/hire-hybris-developers,,,0,1,34,1,0,0,1,0,1,404,2025-09-09 13:50:24,2026-07-12 06:42:54
,https://www.cloudemployee.io/hybris/outsource-hybris-development,,,0,1,34,1,0,0,1,0,1,404,2025-09-19 17:07:07,2026-04-18 02:15:25
,https://www.cloudemployee.io/hybris/remote-hybris-developer,,,0,1,34,1,0,0,1,0,1,404,2025-09-19 17:07:15,2026-04-17 23:47:36
,https://www.cloudemployee.io/hyperledger,,,0,1,34,1,0,0,1,0,1,404,2025-09-19 14:44:00,2026-04-18 02:17:47
,https://www.cloudemployee.io/hyperledger/dedicated-hyperledger-developer,,,0,1,34,1,0,0,1,0,1,404,2025-09-19 16:58:51,2026-04-16 17:53:26
,https://www.cloudemployee.io/hyperledger/hire-hyperledger-developers,,,0,1,34,1,0,0,1,0,1,404,2025-09-21 18:02:10,2026-04-17 19:00:57
,https://www.cloudemployee.io/hyperledger/outsource-hyperledger-development,,,0,1,34,1,0,0,1,0,1,404,2025-09-19 16:59:01,2026-04-17 16:14:50
,https://www.cloudemployee.io/hyperledger/remote-hyperledger-developer,,,0,1,34,1,0,0,1,0,1,404,2025-09-19 16:59:18,2026-04-17 10:10:44
,https://www.cloudemployee.io/infusionsoft,,,0,1,34,1,0,0,1,0,1,404,2025-09-19 02:02:18,2026-06-30 05:42:52
,https://www.cloudemployee.io/infusionsoft/dedicated-infusionsoft-developer,,,0,1,34,1,0,0,1,0,1,404,2025-09-19 17:34:38,2026-06-25 17:31:08
,https://www.cloudemployee.io/infusionsoft/hire-infusionsoft-developers,,,0,1,34,1,0,0,1,0,1,404,2025-09-09 14:41:03,2026-04-17 20:31:10
,https://www.cloudemployee.io/infusionsoft/outsource-infusionsoft-development,,,0,1,34,1,0,0,1,0,1,404,2025-09-19 17:37:36,2026-04-17 18:32:01
,https://www.cloudemployee.io/infusionsoft/remote-infusionsoft-developer,,,5,1,34,4,0,1,4,0,3,404,2024-04-06 03:35:47,2026-04-17 12:51:40
,https://www.cloudemployee.io/ios/dedicated-ios-developer,,,0,1,34,1,0,0,1,0,1,404,2025-09-24 04:17:19,2026-04-17 16:50:43
,https://www.cloudemployee.io/ios/outsource-ios-development,,,0,1,34,1,0,0,1,0,1,404,2025-09-24 04:18:36,2026-07-02 07:22:49
,https://www.cloudemployee.io/ios/remote-ios-developer,,,0,1,34,1,0,0,1,0,1,404,2025-09-24 04:19:48,2026-04-17 12:40:33
,https://www.cloudemployee.io/itsnat,,,0,1,34,1,0,0,1,0,1,404,2025-09-19 14:12:00,2026-06-26 00:33:20
,https://www.cloudemployee.io/itsnat/dedicated-itsnat-developer,,,0,1,34,1,0,0,1,0,1,404,2025-09-19 18:09:38,2026-04-18 04:21:59
,https://www.cloudemployee.io/itsnat/hire-itsnat-developers,,,0,1,34,1,0,0,1,0,1,404,2025-09-18 23:21:16,2026-04-18 05:41:20
,https://www.cloudemployee.io/itsnat/outsource-itsnat-development,,,0,1,34,1,0,0,1,0,1,404,2025-09-19 18:09:16,2026-04-18 01:22:16
,https://www.cloudemployee.io/itsnat/remote-itsnat-developer,,,0,1,34,1,0,0,1,0,1,404,2025-09-22 02:31:26,2026-07-09 09:44:32
,https://www.cloudemployee.io/jade,,,0,1,34,1,0,0,1,0,1,404,2025-09-19 00:58:34,2026-04-18 05:05:21
,https://www.cloudemployee.io/jade/dedicated-jade-developer,,,0,1,34,1,0,0,1,0,1,404,2025-09-19 17:39:29,2026-04-17 05:05:36
,https://www.cloudemployee.io/jade/hire-jade-developers,,,0,1,34,1,0,0,1,0,1,404,2025-09-19 01:22:55,2026-06-29 10:45:57
,https://www.cloudemployee.io/jade/outsource-jade-development,,,0,1,34,1,0,0,1,0,1,404,2025-09-19 17:46:07,2026-04-17 15:49:05
,https://www.cloudemployee.io/jade/remote-jade-developer,,,0,1,34,1,0,0,1,0,1,404,2025-09-19 17:46:39,2026-06-30 12:18:13
,https://www.cloudemployee.io/java,,,0,1,34,2,0,1,2,0,2,404,2025-07-13 06:35:19,2026-04-07 20:31:14
,https://www.cloudemployee.io/java/dedicated-java-developer,,,0,1,34,1,0,0,1,0,1,404,2025-09-16 03:43:33,2026-04-18 02:13:37
,https://www.cloudemployee.io/java/outsource-java-development,,,0,1,34,1,0,0,1,0,1,404,2025-09-16 03:41:08,2026-04-18 02:40:43
,https://www.cloudemployee.io/java/remote-java-developer,,,0,1,34,1,0,0,1,0,1,404,2025-09-16 03:36:40,2026-04-18 03:51:19
,https://www.cloudemployee.io/javascript,,,0,1,34,2,0,1,2,0,2,404,2025-07-13 08:01:30,2026-04-07 23:15:38
,https://www.cloudemployee.io/javascript/dedicated-javascript-developer,,,0,1,34,1,0,0,1,0,1,404,2025-09-19 18:19:00,2026-04-18 03:03:56
,https://www.cloudemployee.io/javascript/outsource-javascript-development,,,0,1,34,1,0,0,1,0,1,404,2025-09-19 18:19:06,2026-04-18 04:23:34
,https://www.cloudemployee.io/javascript/remote-javascript-developer,,,0,1,34,1,0,0,1,0,1,404,2025-09-19 18:19:14,2026-04-17 17:21:34
,https://www.cloudemployee.io/jira/dedicated-jira-developer,,,0,1,34,1,0,0,1,0,1,404,2025-12-02 00:06:28,2026-05-17 14:39:29
,https://www.cloudemployee.io/jira/outsource-jira-development,,,0,1,34,1,0,0,1,0,1,404,2025-12-01 21:28:03,2026-02-18 08:14:33
,https://www.cloudemployee.io/jira/remote-jira-developer,,,0,1,34,1,0,0,1,0,1,404,2025-12-01 19:03:15,2026-05-25 22:24:41
,https://www.cloudemployee.io/joomla,,,0,1,34,2,0,1,2,0,2,404,2025-07-13 07:35:08,2026-06-18 18:55:39
,https://www.cloudemployee.io/joomla/dedicated-joomla-developer,,,0,1,34,1,0,0,1,0,1,404,2025-09-16 15:21:23,2026-04-18 04:05:22
,https://www.cloudemployee.io/joomla/outsource-joomla-development,,,0,1,34,1,0,0,1,0,1,404,2025-09-16 15:25:01,2026-04-17 22:02:49
,https://www.cloudemployee.io/joomla/remote-joomla-developer,,,0,1,34,1,0,0,1,0,1,404,2025-09-16 15:10:38,2026-04-18 01:45:06
,https://www.cloudemployee.io/jsp,,,0,1,34,1,0,0,1,0,1,404,2025-09-09 09:04:58,2026-04-18 04:39:35
,https://www.cloudemployee.io/jsp/dedicated-jsp-developer,,,0,1,34,1,0,0,1,0,1,404,2025-09-22 15:08:55,2026-04-17 10:30:15
,https://www.cloudemployee.io/jsp/hire-jsp-developers,,,0,1,34,1,0,0,1,0,1,404,2025-09-09 10:00:35,2026-04-17 08:58:22
,https://www.cloudemployee.io/jsp/outsource-jsp-development,,,0,1,34,1,0,0,1,0,1,404,2025-09-19 18:10:36,2026-04-17 19:23:47
,https://www.cloudemployee.io/jsp/remote-jsp-developer,,,0,1,34,1,0,0,1,0,1,404,2025-09-19 18:17:15,2026-04-17 03:27:44
,https://www.cloudemployee.io/jspx-bay,,,0,1,34,1,0,0,1,0,1,404,2025-09-19 01:00:25,2026-04-18 03:50:14
,https://www.cloudemployee.io/jspx-bay/dedicated-jspx-bay-developer,,,0,1,34,1,0,0,1,0,1,404,2025-09-19 17:58:32,2026-04-17 16:06:48
,https://www.cloudemployee.io/jspx-bay/hire-jspx-bay-developers,,,0,1,34,1,0,0,1,0,1,404,2025-09-19 01:14:28,2026-04-17 23:29:53
,https://www.cloudemployee.io/jspx-bay/outsource-jspx-bay-development,,,0,1,34,1,0,0,1,0,1,404,2025-09-19 17:56:22,2026-04-17 10:53:22
,https://www.cloudemployee.io/jspx-bay/remote-jspx-bay-developer,,,0,1,34,1,0,0,1,0,1,404,2025-09-19 16:31:45,2026-07-12 23:50:49
,https://www.cloudemployee.io/julia,,,0,1,34,1,0,0,1,0,1,404,2025-09-19 00:04:37,2026-06-24 08:11:38
,https://www.cloudemployee.io/julia/dedicated-julia-developer,,,0,1,34,1,0,0,1,0,1,404,2025-09-19 17:18:08,2026-04-17 04:03:08
,https://www.cloudemployee.io/julia/hire-julia-developers,,,0,1,34,1,0,0,1,0,1,404,2025-09-19 00:10:55,2026-04-17 16:02:50
,https://www.cloudemployee.io/julia/outsource-julia-development,,,0,1,34,1,0,0,1,0,1,404,2025-09-19 17:18:18,2026-04-17 01:17:25
,https://www.cloudemployee.io/julia/remote-julia-developer,,,0,1,34,1,0,0,1,0,1,404,2025-09-19 17:20:45,2026-04-17 08:29:44
,https://www.cloudemployee.io/jvx,,,0,1,34,1,0,0,1,0,1,404,2025-09-19 11:43:33,2026-04-18 03:39:29
,https://www.cloudemployee.io/jvx/dedicated-jvx-developer,,,0,1,34,1,0,0,1,0,1,404,2025-09-19 18:09:10,2026-04-17 19:15:08
,https://www.cloudemployee.io/jvx/hire-jvx-developers,,,0,1,34,1,0,0,1,0,1,404,2025-09-19 00:21:45,2026-04-18 03:24:16
,https://www.cloudemployee.io/jvx/outsource-jvx-development,,,0,1,34,1,0,0,1,0,1,404,2025-09-22 01:34:24,2026-07-10 09:18:55
,https://www.cloudemployee.io/jvx/remote-jvx-developer,,,0,1,34,1,0,0,1,0,1,404,2025-09-19 18:07:14,2026-04-17 13:37:52
,https://www.cloudemployee.io/kafka,,,0,1,34,1,0,0,1,0,1,404,2025-09-09 15:29:06,2026-04-18 05:44:49
,https://www.cloudemployee.io/kafka/dedicated-kafka-developer,,,0,1,34,1,0,0,1,0,1,404,2025-09-22 15:39:37,2026-04-17 08:09:44
,https://www.cloudemployee.io/kafka/hire-kafka-developers,,,0,1,34,1,0,0,1,0,1,404,2025-09-09 17:37:59,2026-04-18 00:23:22
,https://www.cloudemployee.io/kafka/outsource-kafka-development,,,0,1,34,1,0,0,1,0,1,404,2025-09-22 15:43:29,2026-04-17 03:59:47
,https://www.cloudemployee.io/kafka/remote-kafka-developer,,,0,1,34,1,0,0,1,0,1,404,2025-09-22 15:47:17,2026-07-10 09:37:12
,https://www.cloudemployee.io/kajona,,,0,1,34,1,0,0,1,0,1,404,2025-09-19 02:16:07,2026-04-17 22:44:37
,https://www.cloudemployee.io/kajona/dedicated-kajona-developer,,,0,1,34,1,0,0,1,0,1,404,2025-09-19 17:46:15,2026-04-17 07:59:36
,https://www.cloudemployee.io/kajona/hire-kajona-developers,,,0,1,34,1,0,0,1,0,1,404,2025-09-19 01:15:15,2026-04-18 06:08:16
,https://www.cloudemployee.io/kajona/outsource-kajona-development,,,0,1,34,1,0,0,1,0,1,404,2025-09-19 17:38:43,2026-04-17 07:42:44
,https://www.cloudemployee.io/kajona/remote-kajona-developer,,,0,1,34,1,0,0,1,0,1,404,2025-09-19 17:41:33,2026-06-23 15:57:22
,https://www.cloudemployee.io/kentico,,,0,1,34,2,0,1,2,0,2,404,2025-07-13 12:39:54,2026-06-15 03:44:52
,https://www.cloudemployee.io/kentico/dedicated-kentico-developer,,,0,1,34,1,0,0,1,0,1,404,2025-09-23 09:58:33,2026-04-17 14:04:48
,https://www.cloudemployee.io/kentico/outsource-kentico-development,,,0,1,34,1,0,0,1,0,1,404,2025-09-22 23:36:31,2026-04-17 11:01:15
,https://www.cloudemployee.io/kentico/remote-kentico-developer,,,0,1,34,1,0,0,1,0,1,404,2025-09-23 11:59:07,2026-04-17 10:38:25
,https://www.cloudemployee.io/kindle,,,0,1,34,1,0,0,1,0,1,404,2025-09-19 15:04:05,2026-04-18 04:04:30
,https://www.cloudemployee.io/kindle/dedicated-kindle-developer,,,0,1,34,1,0,0,1,0,1,404,2025-09-22 04:45:10,2026-04-17 04:29:24
,https://www.cloudemployee.io/kindle/hire-kindle-developers,,,0,1,34,1,0,0,1,0,1,404,2025-09-09 05:49:39,2026-04-17 20:58:00
,https://www.cloudemployee.io/kindle/outsource-kindle-development,,,0,1,34,1,0,0,1,0,1,404,2025-09-22 04:56:14,2026-07-12 23:53:32
,https://www.cloudemployee.io/kindle/remote-kindle-developer,,,0,1,34,1,0,0,1,0,1,404,2025-09-19 18:10:10,2026-04-17 12:14:43
,https://www.cloudemployee.io/knockoutjs,,,0,1,34,1,0,0,1,0,1,404,2025-09-19 01:26:35,2026-07-08 04:16:51
,https://www.cloudemployee.io/knockoutjs/dedicated-knockoutjs-developer,,,0,1,34,1,0,0,1,0,1,404,2025-09-19 17:41:54,2026-04-17 07:05:21
,https://www.cloudemployee.io/knockoutjs/hire-knockoutjs-developers,,,0,1,34,1,0,0,1,0,1,404,2025-09-19 00:30:54,2026-04-17 20:29:46
,https://www.cloudemployee.io/knockoutjs/outsource-knockoutjs-development,,,0,1,34,1,0,0,1,0,1,404,2025-09-19 17:39:10,2026-07-03 02:52:01
,https://www.cloudemployee.io/knockoutjs/remote-knockoutjs-developer,,,0,1,34,1,0,0,1,0,1,404,2025-09-19 17:39:56,2026-04-17 16:59:28
,https://www.cloudemployee.io/kohana,,,0,1,34,1,0,0,1,0,1,404,2025-09-19 13:08:00,2026-07-12 14:45:56
,https://www.cloudemployee.io/kohana/dedicated-kohana-developer,,,0,1,34,1,0,0,1,0,1,404,2025-09-22 06:08:42,2026-04-17 10:56:16
,https://www.cloudemployee.io/kohana/hire-kohana-developers,,,0,1,34,1,0,0,1,0,1,404,2025-09-19 01:39:07,2026-06-25 03:58:12
,https://www.cloudemployee.io/kohana/outsource-kohana-development,,,0,1,34,1,0,0,1,0,1,404,2025-09-22 06:02:51,2026-04-17 07:18:38
,https://www.cloudemployee.io/kohana/remote-kohana-developer,,,0,1,34,1,0,0,1,0,1,404,2025-09-22 06:11:25,2026-04-17 11:19:13
,https://www.cloudemployee.io/labview,,,0,1,34,1,0,0,1,0,1,404,2025-09-19 13:56:38,2026-04-17 22:12:50
,https://www.cloudemployee.io/labview/dedicated-labview-developer,,,0,1,34,1,0,0,1,0,1,404,2025-09-22 01:44:27,2026-04-17 18:27:20
,https://www.cloudemployee.io/labview/hire-labview-developers,,,0,1,34,1,0,0,1,0,1,404,2025-09-19 15:33:14,2026-07-10 04:51:19
,https://www.cloudemployee.io/labview/outsource-labview-development,,,0,1,34,1,0,0,1,0,1,404,2025-09-22 01:41:41,2026-04-17 17:03:29
,https://www.cloudemployee.io/labview/remote-labview-developer,,,0,1,34,1,0,0,1,0,1,404,2025-09-22 01:49:43,2026-04-17 03:43:13
,https://www.cloudemployee.io/lamp,,,0,1,34,1,0,0,1,0,1,404,2025-09-17 12:20:56,2026-07-09 11:47:27
,https://www.cloudemployee.io/lamp/dedicated-lamp-developer,,,0,1,34,1,0,0,1,0,1,404,2025-09-19 15:46:48,2026-04-17 14:59:59
,https://www.cloudemployee.io/lamp/outsource-lamp-development,,,0,1,34,1,0,0,1,0,1,404,2025-09-19 15:46:58,2026-04-17 04:12:57
,https://www.cloudemployee.io/laravel,,,0,1,34,2,0,1,2,0,2,404,2025-07-13 06:13:55,2026-06-26 04:47:39
,https://www.cloudemployee.io/laravel/dedicated-laravel-developer,,,0,1,34,1,0,0,1,0,1,404,2025-09-19 18:11:44,2026-04-17 12:19:01
,https://www.cloudemployee.io/laravel/outsource-laravel-development,,,0,1,34,1,0,0,1,0,1,404,2025-09-19 18:11:26,2026-07-01 02:58:43
,https://www.cloudemployee.io/laravel/remote-laravel-developer,,,0,1,34,1,0,0,1,0,1,404,2025-09-19 18:11:37,2026-07-06 06:08:16
,https://www.cloudemployee.io/layar,,,0,1,34,1,0,0,1,0,1,404,2025-09-09 21:42:52,2026-06-28 12:38:27
,https://www.cloudemployee.io/layar/dedicated-layar-developer,,,0,1,34,1,0,0,1,0,1,404,2025-09-22 22:00:33,2026-04-17 15:26:49
,https://www.cloudemployee.io/layar/hire-layar-developers,,,0,1,34,1,0,0,1,0,1,404,2025-09-19 00:53:51,2026-04-18 01:36:26
,https://www.cloudemployee.io/layar/outsource-layar-development,,,0,1,34,1,0,0,1,0,1,404,2025-09-22 22:02:59,2026-04-17 07:24:28
,https://www.cloudemployee.io/layar/remote-layar-developer,,,0,1,34,1,0,0,1,0,1,404,2025-09-22 22:05:28,2026-04-17 10:01:34
,https://www.cloudemployee.io/leap-motion,,,0,1,34,1,0,0,1,0,1,404,2025-09-09 21:42:19,2026-06-30 03:14:00
,https://www.cloudemployee.io/leap-motion/dedicated-leap-motion-developer,,,0,1,34,1,0,0,1,0,1,404,2025-09-22 20:00:03,2026-04-16 21:55:58
,https://www.cloudemployee.io/leap-motion/hire-leap-motion-developers,,,0,1,34,1,0,0,1,0,1,404,2025-09-19 15:24:07,2026-04-17 23:32:06
,https://www.cloudemployee.io/leap-motion/outsource-leap-motion-development,,,0,1,34,1,0,0,1,0,1,404,2025-09-22 18:39:54,2026-07-04 19:53:06
,https://www.cloudemployee.io/leap-motion/remote-leap-motion-developer,,,0,1,34,1,0,0,1,0,1,404,2025-09-22 18:47:29,2026-04-17 05:16:37
,https://www.cloudemployee.io/life-beyond-offshoring,,,5,1,34,16,0,13,16,0,3,301,2024-02-11 09:37:10,2026-04-18 05:43:29
,https://www.cloudemployee.io/lift,,,0,1,34,1,0,0,1,0,1,404,2025-09-09 15:24:58,2026-04-17 10:57:14
,https://www.cloudemployee.io/lift/dedicated-lift-developer,,,0,1,34,1,0,0,1,0,1,404,2025-09-22 21:57:20,2026-04-16 23:08:49
,https://www.cloudemployee.io/lift/hire-lift-developers,,,0,1,34,1,0,0,1,0,1,404,2025-09-19 15:22:45,2026-04-18 03:17:04
,https://www.cloudemployee.io/lift/outsource-lift-development,,,0,1,34,1,0,0,1,0,1,404,2025-09-22 22:20:09,2026-04-17 08:47:24
,https://www.cloudemployee.io/lift/remote-lift-developer,,,0,1,34,1,0,0,1,0,1,404,2025-09-19 18:12:31,2026-04-17 15:41:51
,https://www.cloudemployee.io/lightning,,,0,1,34,1,0,0,1,0,1,404,2025-09-09 13:29:51,2026-04-17 10:19:15
,https://www.cloudemployee.io/lightning/dedicated-lightning-developer,,,0,1,34,1,0,0,1,0,1,404,2025-09-22 19:08:10,2026-07-01 09:58:48
,https://www.cloudemployee.io/lightning/hire-lightning-developers,,,0,1,34,1,0,0,1,0,1,404,2025-09-19 01:12:48,2026-07-05 13:01:25
,https://www.cloudemployee.io/lightning/outsource-lightning-development,,,0,1,34,1,0,0,1,0,1,404,2025-09-22 19:10:48,2026-04-17 06:53:34
,https://www.cloudemployee.io/lightning/remote-lightning-developer,,,0,1,34,1,0,0,1,0,1,404,2025-09-22 19:13:15,2026-04-16 19:50:05
,https://www.cloudemployee.io/linkedin-api,,,0,1,34,1,0,0,1,0,1,404,2025-09-09 12:21:22,2026-04-18 00:26:16
,https://www.cloudemployee.io/linkedin-api/dedicated-linkedin-api-developer,,,0,1,34,1,0,0,1,0,1,404,2025-09-22 18:34:44,2026-04-17 08:29:29
,https://www.cloudemployee.io/linkedin-api/hire-linkedin-api-developers,,,0,1,34,1,0,0,1,0,1,404,2025-09-09 15:45:50,2026-06-27 06:35:35
,https://www.cloudemployee.io/linkedin-api/outsource-linkedin-api-development,,,0,1,34,1,0,0,1,0,1,404,2025-09-22 17:48:24,2026-07-05 10:03:48
,https://www.cloudemployee.io/linkedin-api/remote-linkedin-api-developer,,,0,1,34,1,0,0,1,0,1,404,2025-09-22 18:37:19,2026-04-17 02:38:11
,https://www.cloudemployee.io/lithium,,,0,1,34,1,0,0,1,0,1,404,2025-09-09 21:49:25,2026-04-18 00:19:19
,https://www.cloudemployee.io/lithium/dedicated-lithium-developer,,,0,1,34,1,0,0,1,0,1,404,2025-09-22 18:26:49,2026-04-17 10:21:19
,https://www.cloudemployee.io/lithium/hire-lithium-developers,,,0,1,34,1,0,0,1,0,1,404,2025-09-19 00:03:45,2026-04-17 20:46:24
,https://www.cloudemployee.io/lithium/outsource-lithium-development,,,0,1,34,1,0,0,1,0,1,404,2025-09-22 20:01:04,2026-04-17 07:52:53
,https://www.cloudemployee.io/lithium/remote-lithium-developer,,,0,1,34,1,0,0,1,0,1,404,2025-09-22 18:29:16,2026-07-09 17:14:20
,https://www.cloudemployee.io/lms,,,0,1,34,1,0,0,1,0,1,404,2025-09-09 21:09:36,2026-04-17 23:48:39
,https://www.cloudemployee.io/lms/dedicated-lms-developer,,,0,1,34,1,0,0,1,0,1,404,2025-09-09 21:25:58,2026-06-28 15:55:37
,https://www.cloudemployee.io/lms/hire-lms-developers,,,0,1,34,1,0,0,1,0,1,404,2025-09-09 18:44:11,2026-04-17 18:47:38
,https://www.cloudemployee.io/lms/outsource-lms-development,,,0,1,34,1,0,0,1,0,1,404,2025-09-09 21:25:19,2026-04-18 03:15:41
,https://www.cloudemployee.io/lms/remote-lms-developer,,,0,1,34,1,0,0,1,0,1,404,2025-09-09 21:24:34,2026-04-18 00:03:33
,https://www.cloudemployee.io/lotus-notes,,,0,1,34,1,0,0,1,0,1,404,2025-09-09 08:44:03,2026-07-06 18:08:06
,https://www.cloudemployee.io/lotus-notes/dedicated-lotus-notes-developer,,,0,1,34,1,0,0,1,0,1,404,2025-09-22 18:21:23,2026-04-17 17:40:17
,https://www.cloudemployee.io/lotus-notes/hire-lotus-notes-developers,,,0,1,34,1,0,0,1,0,1,404,2025-09-19 01:30:19,2026-06-25 02:10:35
,https://www.cloudemployee.io/lotus-notes/outsource-lotus-notes-development,,,0,1,34,1,0,0,1,0,1,404,2025-09-22 18:05:07,2026-04-17 05:57:42
,https://www.cloudemployee.io/lotus-notes/remote-lotus-notes-developer,,,0,1,34,1,0,0,1,0,1,404,2025-09-22 19:20:45,2026-04-17 00:46:39
,https://www.cloudemployee.io/mach-ii,,,0,1,34,1,0,0,1,0,1,404,2025-09-19 17:30:32,2026-07-01 11:51:10
,https://www.cloudemployee.io/mach-ii/dedicated-mach-ii-developer,,,0,1,34,1,0,0,1,0,1,404,2025-09-15 22:16:14,2026-07-04 08:03:46
,https://www.cloudemployee.io/mach-ii/hire-mach-ii-developers,,,0,1,34,1,0,0,1,0,1,404,2025-09-21 18:39:29,2026-04-17 22:26:24
,https://www.cloudemployee.io/mach-ii/outsource-mach-ii-development,,,0,1,34,1,0,0,1,0,1,404,2025-09-15 22:17:23,2026-04-18 00:55:24
,https://www.cloudemployee.io/mach-ii/remote-mach-ii-developer,,,0,1,34,1,0,0,1,0,1,404,2025-09-15 22:19:03,2026-07-04 10:21:59
,https://www.cloudemployee.io/magento,,,0,1,34,2,0,1,2,0,2,404,2025-07-13 06:28:56,2026-04-12 05:07:46
,https://www.cloudemployee.io/magento/dedicated-magento-developer,,,0,1,34,1,0,0,1,0,1,404,2025-09-19 17:44:38,2026-07-04 07:53:52
,https://www.cloudemployee.io/magento/outsource-magento-development,,,0,1,34,1,0,0,1,0,1,404,2025-09-19 17:28:21,2026-04-17 15:13:38
,https://www.cloudemployee.io/magento/remote-magento-developer,,,0,1,34,1,0,0,1,0,1,404,2025-09-16 03:32:08,2026-04-18 01:18:16
,https://www.cloudemployee.io/maya,,,0,1,34,1,0,0,1,0,1,404,2025-09-19 14:05:04,2026-06-24 04:30:38
,https://www.cloudemployee.io/maya/dedicated-maya-developer,,,0,1,34,1,0,0,1,0,1,404,2025-09-22 04:30:23,2026-06-26 12:05:51
,https://www.cloudemployee.io/maya/hire-maya-developers,,,0,1,34,1,0,0,1,0,1,404,2025-09-18 23:47:03,2026-04-17 23:19:10
,https://www.cloudemployee.io/maya/outsource-maya-development,,,0,1,34,1,0,0,1,0,1,404,2025-09-22 05:06:55,2026-04-17 09:30:30
,https://www.cloudemployee.io/maya/remote-maya-developer,,,0,1,34,1,0,0,1,0,1,404,2025-09-22 04:11:04,2026-06-27 10:43:22
,https://www.cloudemployee.io/mean-stack,,,0,1,34,2,0,1,2,0,2,404,2025-07-13 07:03:57,2026-03-14 13:23:47
,https://www.cloudemployee.io/mean-stack/dedicated-mean-stack-developer,,,0,1,34,1,0,0,1,0,1,404,2025-09-19 18:19:26,2026-04-18 01:23:07
,https://www.cloudemployee.io/mean-stack/outsource-mean-stack-development,,,0,1,34,1,0,0,1,0,1,404,2025-09-19 18:19:32,2026-07-11 18:49:37
,https://www.cloudemployee.io/mean-stack/remote-mean-stack-developer,,,0,1,34,1,0,0,1,0,1,404,2025-09-22 12:20:28,2026-06-24 05:39:45
,https://www.cloudemployee.io/meet-the-team,,,5,1,34,16,0,13,16,0,3,301,2024-02-13 03:16:32,2026-04-14 08:47:59
,https://www.cloudemployee.io/meteor,,,0,1,34,1,0,0,1,0,1,404,2025-09-18 23:50:10,2026-04-17 12:33:46
,https://www.cloudemployee.io/meteor/dedicated-meteor-developer,,,0,1,34,1,0,0,1,0,1,404,2025-09-19 17:24:38,2026-04-17 18:41:51
,https://www.cloudemployee.io/meteor/hire-meteor-developers,,,0,1,34,1,0,0,1,0,1,404,2025-09-18 23:30:27,2026-04-18 00:55:13
,https://www.cloudemployee.io/meteor/outsource-meteor-development,,,0,1,34,1,0,0,1,0,1,404,2025-09-19 17:24:45,2026-04-17 05:41:16
,https://www.cloudemployee.io/meteor/remote-meteor-developer,,,0,1,34,1,0,0,1,0,1,404,2025-09-19 17:24:52,2026-04-17 11:03:50
,https://www.cloudemployee.io/microsoft,,,0,1,34,1,0,0,1,0,1,404,2025-09-09 17:35:49,2026-04-18 06:01:28
,https://www.cloudemployee.io/microsoft-dynamics-crm,,,0,1,34,1,0,0,1,0,1,404,2025-09-09 13:46:21,2026-04-18 06:15:52
,https://www.cloudemployee.io/microsoft-dynamics-crm/dedicated-microsoft-dynamics-crm-developer,,,0,1,34,1,0,0,1,0,1,404,2025-09-22 21:06:50,2026-06-24 03:07:09
,https://www.cloudemployee.io/microsoft-dynamics-crm/hire-microsoft-dynamics-crm-developers,,,0,1,34,1,0,0,1,0,1,404,2025-09-21 13:54:32,2026-04-17 22:14:38
,https://www.cloudemployee.io/microsoft-dynamics-crm/outsource-microsoft-dynamics-crm-development,,,0,1,34,1,0,0,1,0,1,404,2025-09-22 21:07:48,2026-04-17 20:23:49
,https://www.cloudemployee.io/microsoft-dynamics-crm/remote-microsoft-dynamics-crm-developer,,,0,1,34,1,0,0,1,0,1,404,2025-09-22 21:02:05,2026-04-16 19:22:46
,https://www.cloudemployee.io/microsoft/dedicated-microsoft-developer,,,0,1,34,1,0,0,1,0,1,404,2025-09-15 23:28:14,2026-06-29 04:16:50
,https://www.cloudemployee.io/microsoft/hire-microsoft-developers,,,0,1,34,1,0,0,1,0,1,404,2025-09-09 16:55:01,2026-06-27 17:07:45
,https://www.cloudemployee.io/microsoft/outsource-microsoft-development,,,0,1,34,1,0,0,1,0,1,404,2025-09-15 23:29:40,2026-04-17 10:10:17
,https://www.cloudemployee.io/microsoft/remote-microsoft-developer,,,0,1,34,1,0,0,1,0,1,404,2025-09-15 23:31:16,2026-04-17 10:58:12
,https://www.cloudemployee.io/model-glue,,,0,1,34,1,0,0,1,0,1,404,2025-09-19 11:43:18,2026-04-18 04:54:41
,https://www.cloudemployee.io/model-glue/dedicated-model-glue-developer,,,0,1,34,1,0,0,1,0,1,404,2025-09-19 16:44:19,2026-07-09 18:16:29
,https://www.cloudemployee.io/model-glue/hire-model-glue-developers,,,0,1,34,1,0,0,1,0,1,404,2025-09-19 15:03:08,2026-04-17 22:13:38
,https://www.cloudemployee.io/model-glue/outsource-model-glue-development,,,0,1,34,1,0,0,1,0,1,404,2025-09-19 16:56:27,2026-04-17 18:17:24
,https://www.cloudemployee.io/model-glue/remote-model-glue-developer,,,0,1,34,1,0,0,1,0,1,404,2025-09-19 16:44:38,2026-04-17 17:23:48
,https://www.cloudemployee.io/modx,,,0,1,34,1,0,0,1,0,1,404,2025-09-19 01:33:15,2026-04-18 01:39:11
,https://www.cloudemployee.io/modx/dedicated-modx-developer,,,0,1,34,1,0,0,1,0,1,404,2025-09-19 17:18:29,2026-04-17 07:15:57
,https://www.cloudemployee.io/modx/hire-modx-developers,,,0,1,34,1,0,0,1,0,1,404,2025-09-21 10:09:25,2026-07-06 03:46:02
,https://www.cloudemployee.io/modx/outsource-modx-development,,,0,1,34,1,0,0,1,0,1,404,2025-09-19 17:33:33,2026-04-17 14:30:07
,https://www.cloudemployee.io/modx/remote-modx-developer,,,0,1,34,1,0,0,1,0,1,404,2025-09-19 17:31:27,2026-04-17 02:21:48
,https://www.cloudemployee.io/mojolicious,,,0,1,34,1,0,0,1,0,1,404,2025-09-19 12:15:45,2026-04-17 22:26:13
,https://www.cloudemployee.io/mojolicious/dedicated-mojolicious-developer,,,0,1,34,1,0,0,1,0,1,404,2025-09-22 01:36:55,2026-04-17 17:10:13
,https://www.cloudemployee.io/mojolicious/hire-mojolicious-developers,,,0,1,34,1,0,0,1,0,1,404,2025-09-21 20:28:40,2026-04-18 01:45:47
,https://www.cloudemployee.io/mojolicious/outsource-mojolicious-development,,,0,1,34,1,0,0,1,0,1,404,2025-09-19 18:05:26,2026-06-27 15:51:24
,https://www.cloudemployee.io/mojolicious/remote-mojolicious-developer,,,0,1,34,1,0,0,1,0,1,404,2025-09-22 02:24:29,2026-04-17 03:19:12
,https://www.cloudemployee.io/moneybookers,,,0,1,34,1,0,0,1,0,1,404,2025-09-19 15:08:06,2026-04-18 05:31:33
,https://www.cloudemployee.io/moneybookers/dedicated-moneybookers-developer,,,0,1,34,1,0,0,1,0,1,404,2025-09-19 17:00:55,2026-04-18 03:46:50
,https://www.cloudemployee.io/moneybookers/hire-moneybookers-developers,,,0,1,34,1,0,0,1,0,1,404,2025-09-19 15:34:30,2026-04-17 15:12:17
,https://www.cloudemployee.io/moneybookers/outsource-moneybookers-development,,,0,1,34,1,0,0,1,0,1,404,2025-09-19 18:13:44,2026-04-16 21:32:47
,https://www.cloudemployee.io/moneybookers/remote-moneybookers-developer,,,0,1,34,1,0,0,1,0,1,404,2025-09-22 04:39:05,2026-04-17 11:45:42
,https://www.cloudemployee.io/mongodb,,,0,1,34,1,0,0,1,0,1,404,2025-09-21 20:13:43,2026-06-30 11:41:46
,https://www.cloudemployee.io/mongodb/dedicated-mongodb-developer,,,0,1,34,1,0,0,1,0,1,404,2025-09-23 17:31:09,2026-04-17 12:08:43
,https://www.cloudemployee.io/mongodb/outsource-mongodb-development,,,0,1,34,1,0,0,1,0,1,404,2025-09-23 17:35:56,2026-04-17 11:20:02
,https://www.cloudemployee.io/mongodb/remote-mongodb-developer,,,0,1,34,1,0,0,1,0,1,404,2025-09-23 17:40:27,2026-04-17 08:04:56
,https://www.cloudemployee.io/mysql,,,0,1,34,1,0,0,1,0,1,404,2025-09-15 07:28:44,2026-04-18 04:15:32
,https://www.cloudemployee.io/mysql/dedicated-mysql-developer,,,0,1,34,1,0,0,1,0,1,404,2025-09-16 16:17:14,2026-04-16 20:18:13
,https://www.cloudemployee.io/mysql/outsource-mysql-development,,,0,1,34,1,0,0,1,0,1,404,2025-09-16 17:00:07,2026-04-17 14:37:24
,https://www.cloudemployee.io/mysql/remote-mysql-developer,,,0,1,34,1,0,0,1,0,1,404,2025-09-16 16:20:39,2026-04-17 04:10:17
,https://www.cloudemployee.io/nagare,,,0,1,34,1,0,0,1,0,1,404,2025-09-19 01:01:21,2026-04-18 03:46:00
,https://www.cloudemployee.io/nagare/dedicated-nagare-developer,,,0,1,34,1,0,0,1,0,1,404,2025-09-19 18:01:16,2026-04-17 08:27:09
,https://www.cloudemployee.io/nagare/hire-nagare-developers,,,0,1,34,1,0,0,1,0,1,404,2025-09-19 09:53:07,2026-06-24 14:01:42
,https://www.cloudemployee.io/nagare/outsource-nagare-development,,,0,1,34,1,0,0,1,0,1,404,2025-09-19 18:01:27,2026-04-17 10:37:58
,https://www.cloudemployee.io/nagare/remote-nagare-developer,,,0,1,34,1,0,0,1,0,1,404,2025-09-19 18:01:33,2026-04-17 08:34:02
Nearshoring & Offshoring | Global Software Development,https://www.cloudemployee.io/nearshoring-offshoring,en,,4.6,1,8,2,2,0,2,0,0,200,2026-03-09 01:45:15,2026-06-29 00:18:13
Software Development Outsourcing Costs by Country,https://www.cloudemployee.io/nearshoring-offshoring/choosing-nearshore-or-offshore-software-development-costs-by-country,en,,4.6,1,7,1,0,1,0,1,0,200,2025-12-22 08:21:07,2026-03-04 18:17:15
Nearshore vs Offshore Staff Augmentation: Cost & Timezone,https://www.cloudemployee.io/nearshoring-offshoring/nearshore-vs-offshore-staff-augmentation,en,,0,1,0,1,1,0,1,0,0,200,2026-06-12 12:03:05,2026-07-12 11:38:21
,https://www.cloudemployee.io/neo4j,,,0,1,34,1,0,0,1,0,1,404,2025-09-19 01:42:15,2026-04-19 15:43:00
,https://www.cloudemployee.io/neo4j/dedicated-neo4j-developer,,,0,1,34,1,0,0,1,0,1,404,2025-09-19 17:22:53,2026-04-17 09:42:19
,https://www.cloudemployee.io/neo4j/hire-neo4j-developers,,,0,1,34,1,0,0,1,0,1,404,2025-09-09 05:15:16,2026-04-17 06:01:51
,https://www.cloudemployee.io/neo4j/outsource-neo4j-development,,,0,1,34,1,0,0,1,0,1,404,2025-09-19 17:54:45,2026-04-17 09:09:34
,https://www.cloudemployee.io/neo4j/remote-neo4j-developer,,,0,1,34,1,0,0,1,0,1,404,2025-09-19 17:54:52,2026-04-17 14:25:23
,https://www.cloudemployee.io/net,,,0,1,34,2,0,1,2,0,2,404,2025-07-13 08:17:41,2026-07-10 09:44:00
,https://www.cloudemployee.io/net/dedicated-net-developer,,,0,1,34,1,0,0,1,0,1,404,2025-09-16 01:09:20,2026-07-02 17:02:02
,https://www.cloudemployee.io/net/outsource-net-development,,,0,1,34,1,0,0,1,0,1,404,2025-09-19 17:29:16,2026-04-18 01:58:35
,https://www.cloudemployee.io/net/remote-net-developer,,,0,1,34,1,0,0,1,0,1,404,2025-09-15 22:38:53,2026-07-06 11:11:01
,https://www.cloudemployee.io/netbsd,,,0,1,34,1,0,0,1,0,1,404,2025-09-19 00:40:23,2026-04-17 22:15:46
,https://www.cloudemployee.io/netbsd/dedicated-netbsd-developer,,,0,1,34,1,0,0,1,0,1,404,2025-09-19 17:56:46,2026-07-06 17:14:05
,https://www.cloudemployee.io/netbsd/hire-netbsd-developers,,,0,1,34,1,0,0,1,0,1,404,2025-09-19 00:13:42,2026-04-17 20:50:30
,https://www.cloudemployee.io/netbsd/outsource-netbsd-development,,,0,1,34,1,0,0,1,0,1,404,2025-09-19 18:01:50,2026-07-06 15:06:23
,https://www.cloudemployee.io/netbsd/remote-netbsd-developer,,,0,1,34,1,0,0,1,0,1,404,2025-09-19 17:58:15,2026-04-17 05:39:19
,https://www.cloudemployee.io/nette-framework,,,0,1,34,1,0,0,1,0,1,404,2025-09-09 15:28:42,2026-07-05 13:24:13
,https://www.cloudemployee.io/nette-framework/hire-nette-framework-developers,,,0,1,34,1,0,0,1,0,1,404,2025-09-09 17:36:31,2026-07-05 07:52:54
,https://www.cloudemployee.io/nette-framework/outsource-nette-framework-development,,,0,1,34,1,0,0,1,0,1,404,2025-09-22 20:20:10,2026-07-09 08:10:23
,https://www.cloudemployee.io/nette-framework/remote-nette-framework-developer,,,0,1,34,1,0,0,1,0,1,404,2025-09-22 20:03:58,2026-04-17 09:57:39
,https://www.cloudemployee.io/nodejs,,,0,1,34,2,0,1,2,0,2,404,2025-07-13 08:16:51,2026-04-16 13:14:38
,https://www.cloudemployee.io/nodejs/dedicated-nodejs-developer,,,0,1,34,1,0,0,1,0,1,404,2025-09-23 12:10:02,2026-07-06 04:17:39
,https://www.cloudemployee.io/nodejs/outsource-nodejs-development,,,0,1,34,1,0,0,1,0,1,404,2025-09-23 12:05:52,2026-04-17 16:56:48
,https://www.cloudemployee.io/nodejs/remote-nodejs-developer,,,0,1,34,1,0,0,1,0,1,404,2025-09-23 12:07:53,2026-06-30 15:18:03
,https://www.cloudemployee.io/nondisclosureagreement,,,0,1,34,1,0,0,1,0,1,404,2025-09-16 06:55:55,2026-04-17 22:25:50
,https://www.cloudemployee.io/nopcommerce,,,0,1,34,1,0,0,1,0,1,404,2025-09-18 11:00:37,2026-04-17 19:08:40
,https://www.cloudemployee.io/nopcommerce/dedicated-nopcommerce-developer,,,0,1,34,1,0,0,1,0,1,404,2025-09-10 17:14:25,2026-04-18 03:24:33
,https://www.cloudemployee.io/nopcommerce/hire-nopcommerce-developers,,,0,1,34,1,0,0,1,0,1,404,2025-09-10 17:13:46,2026-04-18 00:41:02
,https://www.cloudemployee.io/nopcommerce/outsource-nopcommerce-development,,,0,1,34,1,0,0,1,0,1,404,2025-09-10 17:12:17,2026-06-25 02:15:01
,https://www.cloudemployee.io/nopcommerce/remote-nopcommerce-developer,,,0,1,34,1,0,0,1,0,1,404,2025-09-10 17:10:51,2026-04-18 02:19:46
,https://www.cloudemployee.io/objective-c,,,0,1,34,2,0,1,2,0,2,404,2025-07-13 08:00:28,2026-06-05 14:40:03
,https://www.cloudemployee.io/objective-c/outsource-objective-c-development,,,0,1,34,1,0,0,1,0,1,404,2025-09-19 18:17:37,2026-07-04 05:23:42
,https://www.cloudemployee.io/objective-c/remote-objective-c-developer,,,0,1,34,1,0,0,1,0,1,404,2025-09-19 18:17:31,2026-04-17 17:08:51
,https://www.cloudemployee.io/octave,,,0,1,34,1,0,0,1,0,1,404,2025-09-19 11:41:06,2026-04-15 16:19:28
,https://www.cloudemployee.io/octave/dedicated-octave-developer,,,0,1,34,1,0,0,1,0,1,404,2025-09-19 16:24:35,2026-04-18 01:48:52
,https://www.cloudemployee.io/octave/hire-octave-developers,,,0,1,34,1,0,0,1,0,1,404,2025-10-19 05:03:59,2026-04-17 09:02:07
,https://www.cloudemployee.io/octave/outsource-octave-development,,,0,1,34,1,0,0,1,0,1,404,2025-09-19 16:24:45,2026-06-24 00:09:10
,https://www.cloudemployee.io/octave/remote-octave-developer,,,0,1,34,1,0,0,1,0,1,404,2025-09-19 16:24:51,2026-04-18 03:52:25
,https://www.cloudemployee.io/oculus-rift,,,0,1,34,1,0,0,1,0,1,404,2025-09-09 00:39:36,2026-04-18 05:54:10
,https://www.cloudemployee.io/oculus-rift/dedicated-oculus-rift-developer,,,0,1,34,1,0,0,1,0,1,404,2025-09-19 17:15:00,2026-04-17 08:34:29
,https://www.cloudemployee.io/oculus-rift/hire-oculus-rift-developers,,,0,1,34,1,0,0,1,0,1,404,2025-09-19 15:11:43,2026-04-17 23:24:35
,https://www.cloudemployee.io/oculus-rift/outsource-oculus-rift-development,,,0,1,34,1,0,0,1,0,1,404,2025-09-19 17:15:13,2026-07-09 23:40:53
,https://www.cloudemployee.io/oculus-rift/remote-oculus-rift-developer,,,0,1,34,1,0,0,1,0,1,404,2025-09-19 17:15:24,2026-06-27 23:13:08
,https://www.cloudemployee.io/openbsd,,,0,1,34,1,0,0,1,0,1,404,2025-09-09 09:03:29,2026-04-18 05:11:38
,https://www.cloudemployee.io/openbsd/dedicated-openbsd-developer,,,0,1,34,1,0,0,1,0,1,404,2025-09-22 22:27:53,2026-07-07 02:41:26
,https://www.cloudemployee.io/openbsd/hire-openbsd-developers,,,0,1,34,1,0,0,1,0,1,404,2025-09-09 14:05:36,2026-04-17 13:56:23
,https://www.cloudemployee.io/openbsd/outsource-openbsd-development,,,0,1,34,1,0,0,1,0,1,404,2025-09-22 22:29:02,2026-04-17 20:27:56
,https://www.cloudemployee.io/openbsd/remote-openbsd-developer,,,0,1,34,1,0,0,1,0,1,404,2025-09-22 22:30:12,2026-04-17 07:26:54
,https://www.cloudemployee.io/opencart,,,0,1,34,2,0,1,2,0,2,404,2025-07-13 08:01:48,2026-06-01 17:45:12
,https://www.cloudemployee.io/opencart/dedicated-opencart-developer,,,0,1,34,1,0,0,1,0,1,404,2025-09-22 20:15:41,2026-04-17 17:04:00
,https://www.cloudemployee.io/opencart/outsource-opencart-development,,,0,1,34,1,0,0,1,0,1,404,2025-09-22 20:17:38,2026-07-06 03:43:51
,https://www.cloudemployee.io/opencart/remote-opencart-developer,,,0,1,34,1,0,0,1,0,1,404,2025-09-22 20:19:00,2026-04-16 22:19:22
,https://www.cloudemployee.io/opencv,,,0,1,34,1,0,0,1,0,1,404,2025-09-09 13:30:02,2026-04-18 04:54:51
,https://www.cloudemployee.io/opencv/dedicated-opencv-developer,,,0,1,34,1,0,0,1,0,1,404,2025-09-22 21:08:52,2026-07-07 09:05:27
,https://www.cloudemployee.io/opencv/hire-opencv-developers,,,0,1,34,1,0,0,1,0,1,404,2025-09-08 18:55:33,2026-07-07 00:33:52
,https://www.cloudemployee.io/opencv/outsource-opencv-development,,,0,1,34,1,0,0,1,0,1,404,2025-09-22 21:10:15,2026-04-17 09:10:33
,https://www.cloudemployee.io/opencv/remote-opencv-developer,,,0,1,34,1,0,0,1,0,1,404,2025-09-22 21:03:58,2026-07-04 05:25:37
,https://www.cloudemployee.io/openlaszlo,,,0,1,34,1,0,0,1,0,1,404,2025-09-19 11:56:38,2026-04-18 01:59:29
,https://www.cloudemployee.io/openlaszlo/dedicated-openlaszlo-developer,,,0,1,34,1,0,0,1,0,1,404,2025-09-19 16:43:17,2026-04-17 10:43:58
,https://www.cloudemployee.io/openlaszlo/hire-openlaszlo-developers,,,0,1,34,1,0,0,1,0,1,404,2025-09-19 12:48:09,2026-04-17 23:25:56
,https://www.cloudemployee.io/openlaszlo/outsource-openlaszlo-development,,,0,1,34,1,0,0,1,0,1,404,2025-09-19 16:43:27,2026-06-24 21:09:12
,https://www.cloudemployee.io/openlaszlo/remote-openlaszlo-developer,,,0,1,34,1,0,0,1,0,1,404,2025-09-19 16:43:38,2026-04-17 06:34:52
,https://www.cloudemployee.io/opensocial,,,0,1,34,1,0,0,1,0,1,404,2025-09-19 12:15:17,2026-04-18 00:17:51
,https://www.cloudemployee.io/opensocial/dedicated-opensocial-developer,,,0,1,34,1,0,0,1,0,1,404,2025-09-22 01:31:54,2026-06-28 21:14:34
,https://www.cloudemployee.io/opensocial/hire-opensocial-developers,,,0,1,34,1,0,0,1,0,1,404,2025-09-21 18:20:49,2026-04-17 21:47:35
,https://www.cloudemployee.io/opensocial/outsource-opensocial-development,,,0,1,34,1,0,0,1,0,1,404,2025-09-22 02:22:18,2026-04-17 09:04:59
,https://www.cloudemployee.io/opensocial/remote-opensocial-developer,,,0,1,34,1,0,0,1,0,1,404,2025-09-19 18:09:50,2026-04-16 23:16:21
,https://www.cloudemployee.io/openui5,,,0,1,34,1,0,0,1,0,1,404,2025-09-21 10:42:50,2026-07-01 20:34:52
,https://www.cloudemployee.io/openui5/dedicated-openui5-developer,,,0,1,34,1,0,0,1,0,1,404,2025-09-19 16:25:51,2026-04-18 02:21:47
,https://www.cloudemployee.io/openui5/hire-openui5-developers,,,0,1,34,1,0,0,1,0,1,404,2025-09-21 19:27:48,2026-04-17 19:30:52
,https://www.cloudemployee.io/openui5/outsource-openui5-development,,,0,1,34,1,0,0,1,0,1,404,2025-09-19 16:26:00,2026-04-18 04:26:55
,https://www.cloudemployee.io/openui5/remote-openui5-developer,,,0,1,34,1,0,0,1,0,1,404,2025-09-19 16:26:11,2026-04-17 19:58:16
,https://www.cloudemployee.io/openxava,,,0,1,34,1,0,0,1,0,1,404,2025-09-19 11:24:38,2026-04-18 01:34:23
,https://www.cloudemployee.io/openxava/dedicated-openxava-developer,,,0,1,34,1,0,0,1,0,1,404,2025-09-19 18:09:54,2026-04-17 16:29:04
,https://www.cloudemployee.io/openxava/hire-openxava-developers,,,0,1,34,1,0,0,1,0,1,404,2025-09-19 00:48:20,2026-07-09 04:12:37
,https://www.cloudemployee.io/openxava/outsource-openxava-development,,,0,1,34,1,0,0,1,0,1,404,2025-09-19 18:09:59,2026-04-16 19:53:23
,https://www.cloudemployee.io/openxava/remote-openxava-developer,,,0,1,34,1,0,0,1,0,1,404,2025-09-19 18:10:18,2026-04-17 07:27:31
,https://www.cloudemployee.io/oracle-adf,,,0,1,34,1,0,0,1,0,1,404,2025-09-19 15:03:33,2026-04-25 04:44:27
,https://www.cloudemployee.io/oracle-adf/dedicated-oracle-adf-developer,,,0,1,34,1,0,0,1,0,1,404,2025-09-22 08:04:21,2026-07-01 12:27:26
,https://www.cloudemployee.io/oracle-adf/hire-oracle-adf-developers,,,0,1,34,1,0,0,1,0,1,404,2025-10-18 00:27:49,2026-07-12 12:17:07
,https://www.cloudemployee.io/oracle-adf/outsource-oracle-adf-development,,,0,1,34,1,0,0,1,0,1,404,2025-09-22 07:58:32,2026-04-17 06:07:00
,https://www.cloudemployee.io/oracle-adf/remote-oracle-adf-developer,,,0,1,34,1,0,0,1,0,1,404,2025-09-22 08:00:50,2026-04-17 07:49:03
,https://www.cloudemployee.io/oscommerce,,,0,1,34,1,0,0,1,0,1,404,2025-09-09 08:47:18,2026-07-05 02:31:59
,https://www.cloudemployee.io/oscommerce/dedicated-oscommerce-developer,,,0,1,34,1,0,0,1,0,1,404,2025-09-22 13:46:45,2026-06-30 05:54:35
,https://www.cloudemployee.io/oscommerce/hire-oscommerce-developers,,,0,1,34,1,0,0,1,0,1,404,2025-09-09 09:24:08,2026-07-07 07:05:20
,https://www.cloudemployee.io/oscommerce/outsource-oscommerce-development,,,0,1,34,1,0,0,1,0,1,404,2025-09-22 15:01:46,2026-07-09 11:38:09
,https://www.cloudemployee.io/oscommerce/remote-oscommerce-developer,,,0,1,34,1,0,0,1,0,1,404,2025-09-19 18:09:06,2026-04-17 07:27:14
,http://www.cloudemployee.io/our-expertise,,,4.5,1,94,1,0,1,0,1,0,301,2025-09-02 02:01:25,2025-09-02 02:01:25
,https://www.cloudemployee.io/our-story,,,5,1,34,16,0,13,16,0,3,301,2024-02-13 02:59:37,2026-04-14 07:08:18
,https://www.cloudemployee.io/our-technologies,,,11,1,34,133,0,130,133,0,3,301,2024-02-26 05:44:18,2026-04-16 13:07:21
,https://www.cloudemployee.io/padrino,,,0,1,34,1,0,0,1,0,1,404,2025-09-19 00:51:12,2026-06-30 05:45:24
,https://www.cloudemployee.io/padrino/dedicated-padrino-developer,,,0,1,34,1,0,0,1,0,1,404,2025-09-19 17:19:52,2026-04-17 08:31:10
,https://www.cloudemployee.io/padrino/hire-padrino-developers,,,0,1,34,1,0,0,1,0,1,404,2025-09-18 23:32:35,2026-04-18 05:34:50
,https://www.cloudemployee.io/padrino/outsource-padrino-development,,,0,1,34,1,0,0,1,0,1,404,2025-09-19 17:16:46,2026-04-17 19:02:27
,https://www.cloudemployee.io/padrino/remote-padrino-developer,,,0,1,34,1,0,0,1,0,1,404,2025-09-19 17:20:36,2026-07-06 03:54:32
,https://www.cloudemployee.io/paypal,,,0,1,34,1,0,0,1,0,1,404,2025-09-10 01:23:58,2026-06-25 08:27:40
,https://www.cloudemployee.io/paypal/dedicated-paypal-developer,,,0,1,34,1,0,0,1,0,1,404,2025-09-15 21:34:13,2026-04-17 10:59:05
,https://www.cloudemployee.io/paypal/hire-paypal-developers,,,0,1,34,1,0,0,1,0,1,404,2025-09-10 00:31:11,2026-04-17 20:59:26
,https://www.cloudemployee.io/paypal/outsource-paypal-development,,,0,1,34,1,0,0,1,0,1,404,2025-09-15 21:35:46,2026-07-07 19:03:43
,https://www.cloudemployee.io/paypal/remote-paypal-developer,,,0,1,34,1,0,0,1,0,1,404,2025-09-15 21:38:36,2026-04-17 05:35:47
,https://www.cloudemployee.io/pebble,,,0,1,34,1,0,0,1,0,1,404,2025-09-09 15:17:46,2026-04-18 04:23:59
,https://www.cloudemployee.io/pebble/dedicated-pebble-developer,,,0,1,34,1,0,0,1,0,1,404,2025-09-22 16:03:19,2026-04-17 06:54:06
,https://www.cloudemployee.io/pebble/hire-pebble-developers,,,0,1,34,1,0,0,1,0,1,404,2025-09-09 15:39:07,2026-04-17 21:23:55
,https://www.cloudemployee.io/pebble/outsource-pebble-development,,,0,1,34,1,0,0,1,0,1,404,2025-09-22 15:54:48,2026-07-09 22:40:04
,https://www.cloudemployee.io/pebble/remote-pebble-developer,,,0,1,34,1,0,0,1,0,1,404,2025-09-22 15:57:50,2026-04-17 01:56:17
,https://www.cloudemployee.io/perl,,,0,1,34,2,0,1,2,0,2,404,2025-07-13 07:43:54,2026-04-07 08:38:03
,https://www.cloudemployee.io/perl/dedicated-perl-developer,,,0,1,34,1,0,0,1,0,1,404,2025-09-16 09:16:11,2026-04-18 01:41:25
,https://www.cloudemployee.io/perl/outsource-perl-development,,,0,1,34,1,0,0,1,0,1,404,2025-09-19 18:18:17,2026-04-17 23:15:02
,https://www.cloudemployee.io/perl/remote-perl-developer,,,0,1,34,1,0,0,1,0,1,404,2025-09-19 18:18:22,2026-04-17 23:28:36
,https://www.cloudemployee.io/phoenix,,,0,1,34,1,0,0,1,0,1,404,2025-09-09 15:16:16,2026-04-18 04:36:09
,https://www.cloudemployee.io/phoenix/dedicated-phoenix-developer,,,0,1,34,1,0,0,1,0,1,404,2025-09-22 20:26:29,2026-04-17 14:44:32
,https://www.cloudemployee.io/phoenix/hire-phoenix-developers,,,0,1,34,1,0,0,1,0,1,404,2025-09-09 15:33:49,2026-04-17 15:20:00
,https://www.cloudemployee.io/phoenix/outsource-phoenix-development,,,0,1,34,1,0,0,1,0,1,404,2025-09-22 20:08:49,2026-04-17 05:59:06
,https://www.cloudemployee.io/phoenix/remote-phoenix-developer,,,0,1,34,1,0,0,1,0,1,404,2025-09-22 20:10:18,2026-07-07 22:05:05
,https://www.cloudemployee.io/phonegap,,,0,1,34,2,0,1,2,0,2,404,2025-07-13 08:21:18,2026-06-04 09:36:38
,https://www.cloudemployee.io/phonegap/dedicated-phonegap-developer,,,0,1,34,1,0,0,1,0,1,404,2025-09-23 12:36:30,2026-06-24 02:27:19
,https://www.cloudemployee.io/phonegap/outsource-phonegap-development,,,0,1,34,1,0,0,1,0,1,404,2025-09-23 12:34:14,2026-07-06 08:36:43
,https://www.cloudemployee.io/phonegap/remote-phonegap-developer,,,0,1,34,1,0,0,1,0,1,404,2025-09-23 12:56:12,2026-04-17 07:22:28
,https://www.cloudemployee.io/php,,,0,1,34,2,0,1,2,0,2,404,2025-07-13 08:20:47,2026-06-22 07:24:17
,https://www.cloudemployee.io/php/dedicated-php-developer,,,0,1,34,1,0,0,1,0,1,404,2025-09-16 01:36:24,2026-04-18 01:04:31
,https://www.cloudemployee.io/php/outsource-php-development,,,0,1,34,1,0,0,1,0,1,404,2025-09-16 01:40:39,2026-04-18 03:29:24
,https://www.cloudemployee.io/php/remote-php-developer,,,0,1,34,1,0,0,1,0,1,404,2025-09-16 01:38:30,2026-04-18 01:29:21
,https://www.cloudemployee.io/phpbb,,,0,1,34,1,0,0,1,0,1,404,2025-09-19 14:54:31,2026-04-18 05:26:10
,https://www.cloudemployee.io/phpbb/dedicated-phpbb-developer,,,0,1,34,1,0,0,1,0,1,404,2025-09-22 07:29:13,2026-04-17 08:17:36
,https://www.cloudemployee.io/phpbb/hire-phpbb-developers,,,0,1,34,1,0,0,1,0,1,404,2025-09-19 15:18:42,2026-04-17 19:42:32
,https://www.cloudemployee.io/phpbb/outsource-phpbb-development,,,0,1,34,1,0,0,1,0,1,404,2025-09-19 18:10:42,2026-07-01 16:30:46
,https://www.cloudemployee.io/phpbb/remote-phpbb-developer,,,0,1,34,1,0,0,1,0,1,404,2025-09-22 06:58:02,2026-04-17 10:20:03
,https://www.cloudemployee.io/phpfox,,,0,1,34,1,0,0,1,0,1,404,2025-09-18 23:48:56,2026-04-18 05:53:18
,https://www.cloudemployee.io/phpfox/dedicated-phpfox-developer,,,0,1,34,1,0,0,1,0,1,404,2025-09-19 17:40:27,2026-07-10 20:47:04
,https://www.cloudemployee.io/phpfox/hire-phpfox-developers,,,0,1,34,1,0,0,1,0,1,404,2025-09-18 23:17:03,2026-07-03 10:23:20
,https://www.cloudemployee.io/phpfox/outsource-phpfox-development,,,0,1,34,1,0,0,1,0,1,404,2025-09-19 17:38:37,2026-07-11 23:19:38
,https://www.cloudemployee.io/phpfox/remote-phpfox-developer,,,0,1,34,1,0,0,1,0,1,404,2025-09-19 17:38:54,2026-04-17 06:00:43
,https://www.cloudemployee.io/phpixie,,,0,1,34,1,0,0,1,0,1,404,2025-09-21 17:25:07,2026-04-18 01:47:06
,https://www.cloudemployee.io/phpixie/dedicated-phpixie-developer,,,0,1,34,1,0,0,1,0,1,404,2025-09-16 00:18:07,2026-07-03 23:51:48
,https://www.cloudemployee.io/phpixie/hire-phpixie-developers,,,0,1,34,1,0,0,1,0,1,404,2025-09-18 23:35:56,2026-04-18 01:00:09
,https://www.cloudemployee.io/phpixie/outsource-phpixie-development,,,0,1,34,1,0,0,1,0,1,404,2025-09-16 00:20:26,2026-04-18 02:40:18
,https://www.cloudemployee.io/phpixie/remote-phpixie-developer,,,0,1,34,1,0,0,1,0,1,404,2025-09-16 00:22:47,2026-04-18 04:19:19
,https://www.cloudemployee.io/play-framework,,,0,1,34,1,0,0,1,0,1,404,2025-09-09 08:22:19,2026-04-18 05:49:55
,https://www.cloudemployee.io/play-framework/dedicated-play-framework-developer,,,0,1,34,1,0,0,1,0,1,404,2025-09-22 21:43:10,2026-06-25 01:41:04
,https://www.cloudemployee.io/play-framework/hire-play-framework-developers,,,0,1,34,1,0,0,1,0,1,404,2025-09-09 09:22:24,2026-07-12 01:23:32
,https://www.cloudemployee.io/play-framework/outsource-play-framework-development,,,0,1,34,1,0,0,1,0,1,404,2025-09-22 21:44:21,2026-04-16 23:54:09
,https://www.cloudemployee.io/play-framework/remote-play-framework-developer,,,0,1,34,1,0,0,1,0,1,404,2025-09-22 21:45:34,2026-04-17 07:41:29
,https://www.cloudemployee.io/plone,,,0,1,34,1,0,0,1,0,1,404,2025-09-19 00:42:09,2026-04-18 04:02:26
,https://www.cloudemployee.io/plone/dedicated-plone-developer,,,0,1,34,1,0,0,1,0,1,404,2025-09-19 18:00:43,2026-07-10 18:46:20
,https://www.cloudemployee.io/plone/hire-plone-developers,,,0,1,34,1,0,0,1,0,1,404,2025-09-18 23:57:07,2026-04-18 04:38:57
,https://www.cloudemployee.io/plone/outsource-plone-development,,,0,1,34,1,0,0,1,0,1,404,2025-09-19 18:00:33,2026-04-17 15:35:56
,https://www.cloudemployee.io/plone/remote-plone-developer,,,0,1,34,1,0,0,1,0,1,404,2025-09-19 18:02:19,2026-06-23 13:54:12
,https://www.cloudemployee.io/pocket,,,0,1,34,1,0,0,1,0,1,404,2025-09-19 12:21:52,2026-04-22 07:35:43
,https://www.cloudemployee.io/pocket/dedicated-pocket-developer,,,0,1,34,1,0,0,1,0,1,404,2025-09-22 03:38:44,2026-04-17 04:10:45
,https://www.cloudemployee.io/pocket/hire-pocket-developers,,,0,1,34,1,0,0,1,0,1,404,2025-09-19 15:19:07,2026-04-17 23:08:18
,https://www.cloudemployee.io/pocket/outsource-pocket-development,,,0,1,34,1,0,0,1,0,1,404,2025-09-22 03:16:43,2026-04-17 20:13:34
,https://www.cloudemployee.io/pocket/remote-pocket-developer,,,0,1,34,1,0,0,1,0,1,404,2025-09-22 03:18:59,2026-04-17 14:34:04
,https://www.cloudemployee.io/pos,,,0,1,34,1,0,0,1,0,1,404,2025-09-19 14:56:30,2026-04-17 22:31:11
,https://www.cloudemployee.io/pos/dedicated-pos-developer,,,0,1,34,1,0,0,1,0,1,404,2025-09-19 18:04:04,2026-04-17 02:34:16
,https://www.cloudemployee.io/pos/hire-pos-developers,,,0,1,34,1,0,0,1,0,1,404,2025-09-19 15:11:29,2026-06-30 18:30:53
,https://www.cloudemployee.io/pos/outsource-pos-development,,,0,1,34,1,0,0,1,0,1,404,2025-09-22 01:39:20,2026-06-27 16:42:07
,https://www.cloudemployee.io/pos/remote-pos-developer,,,0,1,34,1,0,0,1,0,1,404,2025-09-19 18:03:56,2026-06-26 19:54:35
,https://www.cloudemployee.io/postgresql,,,0,1,34,1,0,0,1,0,1,404,2025-09-22 01:24:18,2026-04-18 03:34:18
,https://www.cloudemployee.io/postgresql/dedicated-postgresql-developer,,,0,1,34,1,0,0,1,0,1,404,2025-09-16 05:26:15,2026-04-17 23:26:05
,https://www.cloudemployee.io/postgresql/outsource-postgresql-development,,,0,1,34,1,0,0,1,0,1,404,2025-09-16 05:30:38,2026-04-18 03:11:26
,https://www.cloudemployee.io/postgresql/remote-postgresql-developer,,,0,1,34,1,0,0,1,0,1,404,2025-09-16 05:32:52,2026-04-17 16:25:47
,https://www.cloudemployee.io/powerbuilder,,,0,1,34,1,0,0,1,0,1,404,2025-09-19 12:07:09,2026-04-18 06:55:42
,https://www.cloudemployee.io/powerbuilder/dedicated-powerbuilder-developer,,,0,1,34,1,0,0,1,0,1,404,2025-09-19 16:45:29,2026-04-18 03:23:18
,https://www.cloudemployee.io/powerbuilder/hire-powerbuilder-developers,,,0,1,34,1,0,0,1,0,1,404,2025-09-18 23:27:21,2026-04-17 21:26:27
,https://www.cloudemployee.io/powerbuilder/outsource-powerbuilder-development,,,0,1,34,1,0,0,1,0,1,404,2025-09-19 16:45:48,2026-04-17 20:51:01
,https://www.cloudemployee.io/powerbuilder/remote-powerbuilder-developer,,,0,1,34,1,0,0,1,0,1,404,2025-09-19 16:45:52,2026-04-18 00:55:02
,https://www.cloudemployee.io/prado,,,0,1,34,1,0,0,1,0,1,404,2025-09-19 00:29:08,2026-04-17 21:29:45
,https://www.cloudemployee.io/prado/dedicated-prado-developer,,,0,1,34,1,0,0,1,0,1,404,2025-09-19 17:21:04,2026-04-17 09:21:43
,https://www.cloudemployee.io/prado/hire-prado-developers,,,0,1,34,1,0,0,1,0,1,404,2025-09-21 22:25:24,2026-04-17 16:48:51
,https://www.cloudemployee.io/prado/outsource-prado-development,,,0,1,34,1,0,0,1,0,1,404,2025-09-19 17:39:18,2026-04-17 14:26:44
,https://www.cloudemployee.io/prado/remote-prado-developer,,,0,1,34,1,0,0,1,0,1,404,2025-09-19 17:21:12,2026-04-17 14:46:55
,https://www.cloudemployee.io/press,,,0,1,34,1,0,0,1,0,1,404,2025-10-24 14:03:31,2026-04-18 00:31:07
,https://www.cloudemployee.io/prestashop,,,0,1,34,2,0,1,2,0,2,404,2025-07-13 07:01:59,2026-03-14 12:01:21
,https://www.cloudemployee.io/prestashop/dedicated-prestashop-developer,,,0,1,34,1,0,0,1,0,1,404,2025-09-22 20:50:36,2026-04-17 19:14:11
,https://www.cloudemployee.io/prestashop/hire-prestashop-developers,,,0,1,34,1,0,0,1,0,1,404,2025-09-19 14:30:16,2026-04-18 00:59:26
,https://www.cloudemployee.io/prestashop/outsource-prestashop-development,,,0,1,34,1,0,0,1,0,1,404,2025-09-22 20:52:37,2026-04-17 08:11:21
,https://www.cloudemployee.io/prestashop/remote-prestashop-developer,,,0,1,34,1,0,0,1,0,1,404,2025-09-22 20:51:33,2026-04-17 13:38:17
,https://www.cloudemployee.io/pricing-contact-form?id=1161,,,0,1,34,1,0,0,1,0,1,404,2025-09-19 14:26:24,2026-05-27 23:28:30
,https://www.cloudemployee.io/prism,,,0,1,34,1,0,0,1,0,1,404,2025-09-19 12:26:52,2026-04-18 04:58:31
,https://www.cloudemployee.io/prism/dedicated-prism-developer,,,0,1,34,1,0,0,1,0,1,404,2025-09-22 03:14:25,2026-04-17 10:42:17
,https://www.cloudemployee.io/prism/hire-prism-developers,,,0,1,34,1,0,0,1,0,1,404,2025-09-09 14:06:46,2026-04-17 15:17:14
,https://www.cloudemployee.io/prism/outsource-prism-development,,,0,1,34,1,0,0,1,0,1,404,2025-09-22 03:51:58,2026-04-17 11:18:20
,https://www.cloudemployee.io/prism/remote-prism-developer,,,0,1,34,1,0,0,1,0,1,404,2025-09-22 02:17:59,2026-04-17 07:28:52
,https://www.cloudemployee.io/prototype,,,0,1,34,1,0,0,1,0,1,404,2025-09-19 07:35:04,2026-04-18 01:43:07
,https://www.cloudemployee.io/prototype/dedicated-prototype-developer,,,0,1,34,1,0,0,1,0,1,404,2025-09-19 16:21:05,2026-04-17 14:33:01
,https://www.cloudemployee.io/prototype/hire-prototype-developers,,,0,1,34,1,0,0,1,0,1,404,2025-09-19 11:44:17,2026-04-17 18:11:40
,https://www.cloudemployee.io/prototype/outsource-prototype-development,,,0,1,34,1,0,0,1,0,1,404,2025-09-19 16:21:17,2026-04-17 17:30:37
,https://www.cloudemployee.io/prototype/remote-prototype-developer,,,0,1,34,1,0,0,1,0,1,404,2025-09-19 16:21:26,2026-07-03 11:25:41
,https://www.cloudemployee.io/protractor,,,0,1,34,1,0,0,1,0,1,404,2025-09-09 11:26:09,2026-04-18 05:18:07
,https://www.cloudemployee.io/protractor/dedicated-protractor-developer,,,0,1,34,1,0,0,1,0,1,404,2025-09-19 18:15:06,2026-04-17 10:55:29
,https://www.cloudemployee.io/protractor/hire-protractor-developers,,,0,1,34,1,0,0,1,0,1,404,2025-09-09 13:26:48,2026-04-17 10:09:49
,https://www.cloudemployee.io/protractor/outsource-protractor-development,,,0,1,34,1,0,0,1,0,1,404,2025-09-19 18:15:11,2026-04-17 03:57:34
,https://www.cloudemployee.io/protractor/remote-protractor-developer,,,0,1,34,1,0,0,1,0,1,404,2025-09-19 18:15:18,2026-04-17 05:36:18
,https://www.cloudemployee.io/puppeteer,,,0,1,34,1,0,0,1,0,1,404,2025-09-19 02:57:44,2026-04-17 23:24:09
,https://www.cloudemployee.io/puppeteer/dedicated-puppeteer-developer,,,0,1,34,1,0,0,1,0,1,404,2025-09-19 17:25:23,2026-04-17 19:10:49
,https://www.cloudemployee.io/puppeteer/hire-puppeteer-developers,,,0,1,34,1,0,0,1,0,1,404,2025-09-19 14:43:23,2026-04-18 02:25:25
,https://www.cloudemployee.io/puppeteer/outsource-puppeteer-development,,,0,1,34,1,0,0,1,0,1,404,2025-09-19 17:25:30,2026-04-17 13:44:48
,https://www.cloudemployee.io/puppeteer/remote-puppeteer-developer,,,0,1,34,1,0,0,1,0,1,404,2025-09-19 17:25:39,2026-04-17 16:08:42
,https://www.cloudemployee.io/puremvc,,,0,1,34,1,0,0,1,0,1,404,2025-09-19 02:07:46,2026-04-25 05:38:18
,https://www.cloudemployee.io/puremvc/dedicated-puremvc-developer,,,0,1,34,1,0,0,1,0,1,404,2025-09-19 17:16:25,2026-04-17 18:29:15
,https://www.cloudemployee.io/puremvc/hire-puremvc-developers,,,0,1,34,1,0,0,1,0,1,404,2025-09-09 14:28:27,2026-04-17 23:15:51
,https://www.cloudemployee.io/puremvc/outsource-puremvc-development,,,0,1,34,1,0,0,1,0,1,404,2025-09-19 17:17:52,2026-06-23 07:06:10
,https://www.cloudemployee.io/puremvc/remote-puremvc-developer,,,0,1,34,1,0,0,1,0,1,404,2025-09-19 17:32:19,2026-04-17 17:47:16
,https://www.cloudemployee.io/pyjs,,,0,1,34,1,0,0,1,0,1,404,2025-09-19 15:05:03,2026-04-18 06:15:42
,https://www.cloudemployee.io/pyjs/dedicated-pyjs-developer,,,0,1,34,1,0,0,1,0,1,404,2025-09-22 08:43:49,2026-04-17 07:38:11
,https://www.cloudemployee.io/pyjs/hire-pyjs-developers,,,0,1,34,1,0,0,1,0,1,404,2025-09-19 15:08:53,2026-04-17 22:24:41
,https://www.cloudemployee.io/pyjs/outsource-pyjs-development,,,0,1,34,1,0,0,1,0,1,404,2025-09-22 09:03:18,2026-04-16 23:56:09
,https://www.cloudemployee.io/pyjs/remote-pyjs-developer,,,0,1,34,1,0,0,1,0,1,404,2025-09-22 09:04:30,2026-04-17 14:13:40
,https://www.cloudemployee.io/pylons,,,0,1,34,1,0,0,1,0,1,404,2025-09-19 00:15:52,2026-04-18 05:48:14
,https://www.cloudemployee.io/pylons/dedicated-pylons-developer,,,0,1,34,1,0,0,1,0,1,404,2025-09-19 17:22:12,2026-07-03 01:29:58
,https://www.cloudemployee.io/pylons/hire-pylons-developers,,,0,1,34,1,0,0,1,0,1,404,2025-09-19 11:50:30,2026-06-26 15:34:00
,https://www.cloudemployee.io/pylons/outsource-pylons-development,,,0,1,34,1,0,0,1,0,1,404,2025-09-19 17:22:22,2026-04-17 02:14:35
,https://www.cloudemployee.io/pylons/remote-pylons-developer,,,0,1,34,1,0,0,1,0,1,404,2025-09-19 17:22:29,2026-04-16 18:48:03
,https://www.cloudemployee.io/pyobjc,,,0,1,34,1,0,0,1,0,1,404,2025-09-19 11:17:02,2026-05-09 00:40:00
,https://www.cloudemployee.io/pyobjc/dedicated-pyobjc-developer,,,0,1,34,1,0,0,1,0,1,404,2025-09-19 18:06:52,2026-04-17 16:16:12
,https://www.cloudemployee.io/pyobjc/hire-pyobjc-developers,,,0,1,34,1,0,0,1,0,1,404,2025-09-09 14:25:34,2026-04-17 12:22:43
,https://www.cloudemployee.io/pyobjc/outsource-pyobjc-development,,,0,1,34,1,0,0,1,0,1,404,2025-09-19 18:04:23,2026-07-03 01:53:38
,https://www.cloudemployee.io/pyobjc/remote-pyobjc-developer,,,0,1,34,1,0,0,1,0,1,404,2025-09-19 18:04:32,2026-04-17 07:32:55
,https://www.cloudemployee.io/pyramid,,,0,1,34,1,0,0,1,0,1,404,2025-09-19 11:44:47,2026-04-17 23:33:32
,https://www.cloudemployee.io/pyramid/dedicated-pyramid-developer,,,0,1,34,1,0,0,1,0,1,404,2025-09-19 18:06:05,2026-04-17 01:01:44
,https://www.cloudemployee.io/pyramid/hire-pyramid-developers,,,0,1,34,1,0,0,1,0,1,404,2025-09-19 01:10:34,2026-06-27 10:49:45
,https://www.cloudemployee.io/pyramid/outsource-pyramid-development,,,0,1,34,1,0,0,1,0,1,404,2025-09-19 18:06:15,2026-07-02 09:26:59
,https://www.cloudemployee.io/pyramid/remote-pyramid-developer,,,0,1,34,1,0,0,1,0,1,404,2025-09-19 18:09:00,2026-04-17 16:51:59
,https://www.cloudemployee.io/python,,,0,1,34,2,0,1,2,0,2,404,2025-07-13 06:29:12,2026-06-17 04:48:55
,https://www.cloudemployee.io/python/dedicated-python-developer,,,0,1,34,1,0,0,1,0,1,404,2025-09-19 18:13:36,2026-06-30 08:25:22
,https://www.cloudemployee.io/python/outsource-python-development,,,0,1,34,1,0,0,1,0,1,404,2025-09-19 18:05:12,2026-07-09 06:12:32
,https://www.cloudemployee.io/python/remote-python-developer,,,0,1,34,1,0,0,1,0,1,404,2025-09-19 18:05:37,2026-04-17 22:45:03
,https://www.cloudemployee.io/qa,,,0,1,34,2,0,1,2,0,2,404,2025-07-13 07:53:08,2026-04-07 11:48:09
,https://www.cloudemployee.io/qa-leads,,,0,1,34,1,0,0,1,0,1,404,2025-09-10 01:34:06,2026-05-11 09:57:44
,https://www.cloudemployee.io/qa-leads/dedicated-qa-leads,,,0,1,34,1,0,0,1,0,1,404,2025-09-19 11:51:40,2026-06-26 04:10:13
,https://www.cloudemployee.io/qa-leads/hire-qa-leads,,,0,1,34,1,0,0,1,0,1,404,2025-09-19 11:42:28,2026-04-18 02:21:58
,https://www.cloudemployee.io/qa-leads/outsource-qa-leads-development,,,0,1,34,1,0,0,1,0,1,404,2025-09-19 16:20:52,2026-04-17 01:11:13
,https://www.cloudemployee.io/qa-leads/remote-qa-leads,,,0,1,34,1,0,0,1,0,1,404,2025-09-19 07:22:13,2026-04-17 09:38:15
,https://www.cloudemployee.io/qa/dedicated-qa-tester,,,0,1,34,1,0,0,1,0,1,404,2025-09-23 12:00:43,2026-04-17 02:21:03
,https://www.cloudemployee.io/qa/outsource-qa-development,,,0,1,34,1,0,0,1,0,1,404,2025-09-22 20:43:51,2026-04-17 00:02:48
,https://www.cloudemployee.io/qa/remote-qa-tester,,,0,1,34,1,0,0,1,0,1,404,2025-09-23 16:21:41,2026-04-17 06:25:02
,https://www.cloudemployee.io/quickbase,,,0,1,34,1,0,0,1,0,1,404,2025-09-18 23:45:56,2026-04-18 06:18:03
,https://www.cloudemployee.io/quickbase/dedicated-quickbase-developer,,,0,1,34,1,0,0,1,0,1,404,2025-09-19 17:58:07,2026-04-17 10:49:34
,https://www.cloudemployee.io/quickbase/hire-quickbase-developers,,,0,1,34,1,0,0,1,0,1,404,2025-09-18 23:25:01,2026-04-17 17:07:28
,https://www.cloudemployee.io/quickbase/outsource-quickbase-development,,,0,1,34,1,0,0,1,0,1,404,2025-09-19 17:55:04,2026-04-16 23:31:39
,https://www.cloudemployee.io/quickbase/remote-quickbase-developer,,,0,1,34,1,0,0,1,0,1,404,2025-09-19 17:57:34,2026-06-24 06:37:35
,https://www.cloudemployee.io/quickbooks,,,0,1,34,1,0,0,1,0,1,404,2025-09-18 23:47:57,2026-04-24 08:06:22
,https://www.cloudemployee.io/quickbooks/dedicated-quickbooks-developer,,,0,1,34,1,0,0,1,0,1,404,2025-09-19 17:46:46,2026-07-11 19:52:39
,https://www.cloudemployee.io/quickbooks/hire-quickbooks-developers,,,0,1,34,1,0,0,1,0,1,404,2025-09-19 11:43:46,2026-04-18 01:49:18
,https://www.cloudemployee.io/quickbooks/outsource-quickbooks-development,,,0,1,34,1,0,0,1,0,1,404,2025-09-19 17:53:23,2026-06-25 15:39:53
,https://www.cloudemployee.io/quickbooks/remote-quickbooks-developer,,,0,1,34,1,0,0,1,0,1,404,2025-09-19 17:09:21,2026-04-17 10:15:10
,https://www.cloudemployee.io/r3-corda,,,0,1,34,1,0,0,1,0,1,404,2025-09-21 11:23:41,2026-04-25 18:12:38
,https://www.cloudemployee.io/r3-corda/dedicated-r3-corda-developer,,,0,1,34,1,0,0,1,0,1,404,2025-09-10 17:41:49,2026-04-17 05:59:28
,https://www.cloudemployee.io/r3-corda/hire-r3-corda-developers,,,0,1,34,1,0,0,1,0,1,404,2025-09-19 12:14:28,2026-04-18 02:20:02
,https://www.cloudemployee.io/r3-corda/outsource-r3-corda-development,,,0,1,34,1,0,0,1,0,1,404,2025-09-10 17:42:35,2026-04-18 01:10:59
,https://www.cloudemployee.io/r3-corda/remote-r3-corda-developer,,,0,1,34,1,0,0,1,0,1,404,2025-09-10 17:43:18,2026-04-17 22:58:45
,https://www.cloudemployee.io/rackspace,,,0,1,34,1,0,0,1,0,1,404,2025-09-09 09:17:29,2026-04-18 06:12:15
,https://www.cloudemployee.io/rackspace/dedicated-rackspace-developer,,,0,1,34,1,0,0,1,0,1,404,2025-09-19 18:14:59,2026-07-04 01:53:52
,https://www.cloudemployee.io/rackspace/hire-rackspace-developers,,,0,1,34,1,0,0,1,0,1,404,2025-09-09 11:28:53,2026-04-17 12:34:20
,https://www.cloudemployee.io/rackspace/outsource-rackspace-development,,,0,1,34,1,0,0,1,0,1,404,2025-09-19 18:14:06,2026-04-17 09:16:17
,https://www.cloudemployee.io/rackspace/remote-rackspace-developer,,,0,1,34,1,0,0,1,0,1,404,2025-09-22 14:30:52,2026-04-17 17:55:02
,https://www.cloudemployee.io/ractivejs,,,0,1,34,1,0,0,1,0,1,404,2025-09-19 00:46:41,2026-07-03 20:33:12
,https://www.cloudemployee.io/ractivejs/dedicated-ractivejs-developer,,,0,1,34,1,0,0,1,0,1,404,2025-09-19 17:59:45,2026-04-17 08:01:04
,https://www.cloudemployee.io/ractivejs/hire-ractivejs-developers,,,0,1,34,1,0,0,1,0,1,404,2025-09-19 11:48:25,2026-07-06 07:59:54
,https://www.cloudemployee.io/ractivejs/outsource-ractivejs-development,,,0,1,34,1,0,0,1,0,1,404,2025-09-19 17:59:56,2026-04-17 10:16:00
,https://www.cloudemployee.io/ractivejs/remote-ractivejs-developer,,,0,1,34,1,0,0,1,0,1,404,2025-09-19 18:00:07,2026-04-16 17:24:11
,https://www.cloudemployee.io/raspberry-pi,,,0,1,34,1,0,0,1,0,1,404,2025-09-14 21:14:06,2026-07-05 02:36:20
,https://www.cloudemployee.io/raspberry-pi/dedicated-raspberry-pi-developer,,,0,1,34,1,0,0,1,0,1,404,2025-09-25 09:24:02,2026-04-17 08:21:13
,https://www.cloudemployee.io/raspberry-pi/outsource-raspberry-pi-development,,,0,1,34,1,0,0,1,0,1,404,2025-09-25 09:27:23,2026-04-17 15:57:26
,https://www.cloudemployee.io/raspberry-pi/remote-raspberry-pi-developer,,,0,1,34,1,0,0,1,0,1,404,2025-09-25 09:30:44,2026-06-23 12:38:16
,https://www.cloudemployee.io/react,,,0,1,34,2,0,1,2,0,2,404,2025-07-13 08:11:02,2026-03-14 12:44:25
,https://www.cloudemployee.io/react/dedicated-react-developer,,,0,1,34,1,0,0,1,0,1,404,2025-09-23 12:40:34,2026-07-11 14:51:00
,https://www.cloudemployee.io/react/outsource-react-development,,,0,1,34,1,0,0,1,0,1,404,2025-09-23 12:49:34,2026-06-27 21:07:54
,https://www.cloudemployee.io/react/remote-react-developer,,,0,1,34,1,0,0,1,0,1,404,2025-09-23 12:42:58,2026-04-17 18:28:15
,https://www.cloudemployee.io/refer-a-candidate,,,11,1,34,132,0,130,132,0,2,301,2024-02-12 22:06:59,2026-04-16 13:13:02
,https://www.cloudemployee.io/resources/how-staff-augmentation-is-rewriting-the-rules-of-software-development-speed-and-efficiency,,,4.5,1,4.9,1,0,1,1,0,0,301,2025-09-28 22:22:30,2026-02-23 01:24:08
,https://www.cloudemployee.io/rife,,,0,1,34,1,0,0,1,0,1,404,2025-09-19 12:54:09,2026-07-06 12:43:16
,https://www.cloudemployee.io/rife/dedicated-rife-developer,,,0,1,34,1,0,0,1,0,1,404,2025-09-19 18:08:34,2026-04-18 02:53:07
,https://www.cloudemployee.io/rife/hire-rife-developers,,,0,1,34,1,0,0,1,0,1,404,2025-09-18 23:26:18,2026-04-18 00:10:10
,https://www.cloudemployee.io/rife/outsource-rife-development,,,0,1,34,1,0,0,1,0,1,404,2025-09-19 18:08:38,2026-04-17 22:21:36
,https://www.cloudemployee.io/rife/remote-rife-developer,,,0,1,34,1,0,0,1,0,1,404,2025-09-22 02:19:58,2026-04-17 11:27:07
,https://www.cloudemployee.io/rss/dedicated-rss-developer,,,0,1,34,1,1,0,1,0,1,404,2026-01-28 18:38:58,2026-05-09 13:41:43
,https://www.cloudemployee.io/rss/hire-rss-developers,,,0,1,34,1,1,0,1,0,1,404,2026-01-28 18:34:37,2026-04-18 06:44:52
,https://www.cloudemployee.io/rss/outsource-rss-development,,,0,1,34,1,1,0,1,0,1,404,2026-01-28 18:29:58,2026-04-22 23:07:44
,https://www.cloudemployee.io/ruby-on-rails,,,0,1,34,2,0,1,2,0,2,404,2025-07-13 08:21:04,2026-06-15 00:33:46
,https://www.cloudemployee.io/ruby-on-rails/dedicated-ruby-on-rails-developer,,,0,1,34,1,0,0,1,0,1,404,2025-09-24 04:29:41,2026-04-17 09:26:04
,https://www.cloudemployee.io/ruby-on-rails/outsource-ruby-on-rails-development,,,0,1,34,1,0,0,1,0,1,404,2025-09-24 04:27:26,2026-04-17 11:38:52
,https://www.cloudemployee.io/ruby-on-rails/remote-ruby-on-rails-developer,,,0,1,34,1,0,0,1,0,1,404,2025-09-24 04:24:55,2026-04-17 15:11:27
,https://www.cloudemployee.io/rxjs,,,0,1,34,1,0,0,1,0,1,404,2025-09-09 19:19:43,2026-04-17 22:16:01
,https://www.cloudemployee.io/rxjs/dedicated-rxjs-developer,,,0,1,34,1,0,0,1,0,1,404,2025-09-22 17:53:55,2026-04-17 12:17:02
,https://www.cloudemployee.io/rxjs/hire-rxjs-developers,,,0,1,34,1,0,0,1,0,1,404,2025-09-19 00:44:51,2026-04-18 01:12:29
,https://www.cloudemployee.io/rxjs/outsource-rxjs-development,,,0,1,34,1,0,0,1,0,1,404,2025-09-22 18:42:36,2026-04-17 03:14:04
,https://www.cloudemployee.io/rxjs/remote-rxjs-developer,,,0,1,34,1,0,0,1,0,1,404,2025-09-22 18:55:01,2026-04-16 20:43:11
,https://www.cloudemployee.io/saetta-web-server,,,0,1,34,1,0,0,1,0,1,404,2025-09-19 13:03:06,2026-04-23 09:13:59
,https://www.cloudemployee.io/saetta-web-server/dedicated-saetta-web-server-developer,,,0,1,34,1,0,0,1,0,1,404,2025-09-22 08:38:42,2026-04-17 14:05:51
,https://www.cloudemployee.io/saetta-web-server/hire-saetta-web-server-developers,,,0,1,34,1,0,0,1,0,1,404,2025-09-19 00:01:50,2026-04-17 13:25:52
,https://www.cloudemployee.io/saetta-web-server/outsource-saetta-web-server-development,,,0,1,34,1,0,0,1,0,1,404,2025-09-22 09:09:04,2026-04-17 06:33:21
,https://www.cloudemployee.io/saetta-web-server/remote-saetta-web-server-developer,,,0,1,34,1,0,0,1,0,1,404,2025-09-22 08:09:21,2026-07-12 22:21:50
,https://www.cloudemployee.io/sailsjs,,,0,1,34,1,0,0,1,0,1,404,2025-09-08 23:57:21,2026-07-02 09:32:43
,https://www.cloudemployee.io/sailsjs/dedicated-sailsjs-developer,,,0,1,34,1,0,0,1,0,1,404,2025-09-22 22:13:31,2026-04-17 04:33:00
,https://www.cloudemployee.io/sailsjs/hire-sailsjs-developers,,,0,1,34,1,0,0,1,0,1,404,2025-09-09 14:07:36,2026-04-17 21:28:59
,https://www.cloudemployee.io/sailsjs/outsource-sailsjs-development,,,0,1,34,1,0,0,1,0,1,404,2025-09-22 21:51:23,2026-06-29 12:25:20
,https://www.cloudemployee.io/sailsjs/remote-sailsjs-developer,,,0,1,34,1,0,0,1,0,1,404,2025-09-22 22:21:16,2026-04-17 08:58:11
,https://www.cloudemployee.io/salesforce,,,0,1,34,1,0,0,1,0,1,404,2025-09-09 19:16:20,2026-04-17 09:48:59
,https://www.cloudemployee.io/salesforce/hire-salesforce-developers,,,0,1,34,1,0,0,1,0,1,404,2025-09-09 16:58:34,2026-04-17 13:21:37
,https://www.cloudemployee.io/salesforce/outsource-salesforce-development,,,0,1,34,1,0,0,1,0,1,404,2025-09-22 23:06:06,2026-04-17 05:01:59
,https://www.cloudemployee.io/salesforce/remote-salesforce-developer,,,0,1,34,1,0,0,1,0,1,404,2025-09-22 23:07:25,2026-04-17 16:13:54
,https://www.cloudemployee.io/scada,,,0,1,34,1,0,0,1,0,1,404,2025-09-09 07:49:52,2026-04-17 20:08:31
,https://www.cloudemployee.io/scada/dedicated-scada-developer,,,0,1,34,1,0,0,1,0,1,404,2025-09-19 16:58:22,2026-04-17 08:43:43
,https://www.cloudemployee.io/scada/hire-scada-developers,,,0,1,34,1,0,0,1,0,1,404,2025-09-19 15:11:16,2026-04-17 23:33:01
,https://www.cloudemployee.io/scada/outsource-scada-development,,,0,1,34,1,0,0,1,0,1,404,2025-09-19 16:58:39,2026-06-30 15:21:59
,https://www.cloudemployee.io/scada/remote-scada-developer,,,0,1,34,1,0,0,1,0,1,404,2025-09-19 16:59:45,2026-04-17 17:09:18
,https://www.cloudemployee.io/scala,,,0,1,34,2,0,1,2,0,2,404,2025-07-13 07:34:13,2026-04-16 13:53:11
,https://www.cloudemployee.io/scala/dedicated-scala-developer,,,0,1,34,1,0,0,1,0,1,404,2025-09-22 20:35:43,2026-07-08 09:43:50
,https://www.cloudemployee.io/scala/outsource-scala-development,,,0,1,34,1,0,0,1,0,1,404,2025-09-22 20:33:21,2026-06-30 07:24:34
,https://www.cloudemployee.io/scala/remote-scala-developer,,,0,1,34,1,0,0,1,0,1,404,2025-09-23 10:28:03,2026-06-25 00:38:17
,https://www.cloudemployee.io/scalatra,,,0,1,34,1,0,0,1,0,1,404,2025-09-09 21:40:40,2026-04-18 01:59:45
,https://www.cloudemployee.io/scalatra/dedicated-scalatra-developer,,,0,1,34,1,0,0,1,0,1,404,2025-09-22 22:32:59,2026-04-17 15:54:05
,https://www.cloudemployee.io/scalatra/hire-scalatra-developers,,,0,1,34,1,0,0,1,0,1,404,2025-09-19 15:15:28,2026-04-18 02:58:59
,https://www.cloudemployee.io/scalatra/outsource-scalatra-development,,,0,1,34,1,0,0,1,0,1,404,2025-09-22 22:24:44,2026-04-17 06:46:29
,https://www.cloudemployee.io/scalatra/remote-scalatra-developer,,,0,1,34,1,0,0,1,0,1,404,2025-09-22 22:25:48,2026-04-17 00:01:51
Scaling Agile Globally | Best Practices Across Time Zones,https://www.cloudemployee.io/scaling-teams/scaling-agile-teams-across-time-zones,en,,4.5,1,58,1,0,0,1,0,0,200,2025-12-19 21:54:23,2026-07-10 14:43:27
,https://www.cloudemployee.io/scm-engineers,,,0,1,34,1,0,0,1,0,1,404,2025-09-21 23:30:33,2026-04-17 19:11:25
,https://www.cloudemployee.io/scm-engineers/dedicated-scm-engineer,,,0,1,34,1,0,0,1,0,1,404,2025-09-15 21:52:07,2026-04-18 02:33:01
,https://www.cloudemployee.io/scm-engineers/hire-scm-engineers,,,0,1,34,1,0,0,1,0,1,404,2025-09-19 15:01:14,2026-04-18 01:27:57
,https://www.cloudemployee.io/scm-engineers/outsource-scm-engineer-development,,,0,1,34,1,0,0,1,0,1,404,2025-09-15 21:53:40,2026-07-04 17:29:29
,https://www.cloudemployee.io/scm-engineers/remote-scm-engineer,,,0,1,34,1,0,0,1,0,1,404,2025-09-15 21:55:04,2026-04-18 02:02:13
,https://www.cloudemployee.io/service-now,,,0,1,34,1,1,0,1,0,1,404,2026-06-14 02:34:42,2026-06-14 02:34:42
End-to-End AI Product Builds with Cloud Employee | Product Builds,https://www.cloudemployee.io/services/ai-product-builds,en,,6,1,91,1,1,0,1,0,0,200,2026-06-04 06:36:27,2026-06-04 06:36:27
End-to-End AI Product Builds with Cloud Employee | Product Builds,https://www.cloudemployee.io/services/ai-product-builds?=&target=_blank,en,,0,1,91,1,0,0,1,0,0,200,2025-09-24 19:13:35,2026-06-04 06:36:27
Hire Data Scientists with Cloud Employee | Staff Augmentation,https://www.cloudemployee.io/services/data-scientists,en,,6,1,53,1,1,0,0,1,0,200,2026-04-30 09:24:54,2026-07-09 11:43:00
Hire No-Code Developers with Cloud Employee | Staff Augmentation,https://www.cloudemployee.io/services/no-code-developers,en,,6,1,10,1,1,0,1,0,0,200,2026-05-16 15:53:17,2026-05-16 15:53:17
Hire Web Developers with Cloud Employee | Staff Augmentation,https://www.cloudemployee.io/services/web-developers,en,,4.5,1,10,1,1,0,1,0,0,200,2026-05-11 08:24:33,2026-05-11 08:24:33
,https://www.cloudemployee.io/sharepoint,,,0,1,34,2,0,1,2,0,2,404,2025-07-13 06:50:09,2026-06-07 02:32:00
,https://www.cloudemployee.io/sharepoint/dedicated-sharepoint-developer,,,0,1,34,1,0,0,1,0,1,404,2025-09-23 16:32:16,2026-04-17 12:22:14
,https://www.cloudemployee.io/sharepoint/hire-sharepoint-developers,,,0,1,34,1,0,0,1,0,1,404,2025-09-19 11:55:55,2026-04-17 23:00:29
,https://www.cloudemployee.io/sharepoint/outsource-sharepoint-development,,,0,1,34,1,0,0,1,0,1,404,2025-09-22 20:54:33,2026-04-17 12:18:26
,https://www.cloudemployee.io/sharepoint/remote-sharepoint-developer,,,0,1,34,1,0,0,1,0,1,404,2025-09-23 16:36:53,2026-04-17 17:55:29
,https://www.cloudemployee.io/shopify,,,0,1,34,2,0,1,2,0,2,404,2025-07-13 07:53:39,2026-05-31 06:00:18
,https://www.cloudemployee.io/shopify/dedicated-shopify-developer,,,0,1,34,1,0,0,1,0,1,404,2025-09-22 20:47:11,2026-07-03 23:20:58
,https://www.cloudemployee.io/shopify/outsource-shopify-development,,,0,1,34,1,0,0,1,0,1,404,2025-09-23 12:32:11,2026-04-17 03:38:20
,https://www.cloudemployee.io/shopify/remote-shopify-developer,,,0,1,34,1,0,0,1,0,1,404,2025-09-22 20:48:07,2026-04-17 06:57:16
,https://www.cloudemployee.io/silex,,,0,1,34,1,0,0,1,0,1,404,2025-09-19 12:24:26,2026-04-18 05:39:18
,https://www.cloudemployee.io/silex/dedicated-silex-developer,,,0,1,34,1,0,0,1,0,1,404,2025-09-22 03:45:17,2026-04-16 23:28:55
,https://www.cloudemployee.io/silex/hire-silex-developers,,,0,1,34,1,0,0,1,0,1,404,2025-09-19 12:38:34,2026-07-07 10:48:18
,https://www.cloudemployee.io/silex/outsource-silex-development,,,0,1,34,1,0,0,1,0,1,404,2025-09-22 03:00:49,2026-04-17 12:57:41
,https://www.cloudemployee.io/silex/remote-silex-developer,,,0,1,34,1,0,0,1,0,1,404,2025-09-22 03:02:57,2026-07-07 21:05:03
,https://www.cloudemployee.io/silverstripe,,,0,1,34,1,0,0,1,0,1,404,2025-09-19 00:19:50,2026-04-17 21:16:48
,https://www.cloudemployee.io/silverstripe/dedicated-silverstripe-developer,,,0,1,34,1,0,0,1,0,1,404,2025-09-19 17:57:23,2026-04-17 05:17:14
,https://www.cloudemployee.io/silverstripe/hire-silverstripe-developers,,,0,1,34,1,0,0,1,0,1,404,2025-09-09 14:20:47,2026-04-17 23:27:14
,https://www.cloudemployee.io/silverstripe/outsource-silverstripe-development,,,0,1,34,1,0,0,1,0,1,404,2025-09-19 17:23:04,2026-04-17 10:17:14
,https://www.cloudemployee.io/silverstripe/remote-silverstripe-developer,,,0,1,34,1,0,0,1,0,1,404,2025-09-19 17:56:29,2026-04-17 04:04:12
,https://www.cloudemployee.io/sitecore,,,0,1,34,1,0,0,1,0,1,404,2025-09-16 05:55:02,2026-05-22 00:46:56
,https://www.cloudemployee.io/sitecore/dedicated-sitecore-developer,,,0,1,34,1,0,0,1,0,1,404,2025-09-23 11:13:21,2026-04-17 09:59:39
,https://www.cloudemployee.io/sitecore/hire-sitecore-developers,,,0,1,34,1,0,0,1,0,1,404,2025-09-19 12:06:26,2026-04-17 22:11:35
,https://www.cloudemployee.io/sitecore/outsource-sitecore-development,,,0,1,34,1,0,0,1,0,1,404,2025-09-22 20:37:24,2026-04-17 06:28:03
,https://www.cloudemployee.io/sitecore/remote-sitecore-developer,,,0,1,34,1,0,0,1,0,1,404,2025-09-22 20:38:45,2026-04-17 10:52:18
,https://www.cloudemployee.io/sitefinity,,,0,1,34,2,0,1,2,0,2,404,2025-07-13 08:00:58,2026-04-07 06:31:57
,https://www.cloudemployee.io/sitefinity/dedicated-sitefinity-developer,,,0,1,34,1,0,0,1,0,1,404,2025-09-19 18:00:59,2026-04-17 15:22:56
,https://www.cloudemployee.io/sitefinity/hire-sitefinity-developers,,,0,1,34,1,0,0,1,0,1,404,2025-09-18 20:03:14,2026-04-17 23:02:53
,https://www.cloudemployee.io/sitefinity/outsource-sitefinity-development,,,0,1,34,1,0,0,1,0,1,404,2025-09-19 18:01:10,2026-07-01 18:18:48
,https://www.cloudemployee.io/sitefinity/remote-sitefinity-developer,,,0,1,34,1,0,0,1,0,1,404,2025-09-22 13:26:05,2026-04-17 08:57:56
,https://www.cloudemployee.io/sitemap.xml,,,7,1,34,2,0,1,2,0,2,200,2025-07-13 08:29:01,2026-06-15 04:55:42
,https://www.cloudemployee.io/sms,,,0,1,34,1,0,0,1,0,1,404,2025-09-19 14:48:27,2026-04-18 00:01:20
,https://www.cloudemployee.io/sms/dedicated-sms-developer,,,0,1,34,1,0,0,1,0,1,404,2025-09-22 04:33:33,2026-04-17 04:56:20
,https://www.cloudemployee.io/sms/hire-sms-developers,,,0,1,34,1,0,0,1,0,1,404,2025-09-19 15:09:21,2026-04-17 17:46:01
,https://www.cloudemployee.io/sms/outsource-sms-development,,,0,1,34,1,0,0,1,0,1,404,2025-09-22 05:39:05,2026-04-17 06:51:48
,https://www.cloudemployee.io/sms/remote-sms-developer,,,0,1,34,1,0,0,1,0,1,404,2025-09-22 04:13:50,2026-04-17 11:00:48
,https://www.cloudemployee.io/soa,,,0,1,34,1,0,0,1,0,1,404,2025-09-09 09:06:45,2026-04-18 04:54:28
,https://www.cloudemployee.io/soa/dedicated-soa-developer,,,0,1,34,1,0,0,1,0,1,404,2025-09-22 20:29:01,2026-06-25 11:00:24
,https://www.cloudemployee.io/soa/hire-soa-developers,,,0,1,34,1,0,0,1,0,1,404,2025-09-09 09:52:29,2026-04-17 16:34:59
,https://www.cloudemployee.io/soa/outsource-soa-development,,,0,1,34,1,0,0,1,0,1,404,2025-09-22 20:11:13,2026-06-25 04:56:32
,https://www.cloudemployee.io/soa/remote-soa-developer,,,0,1,34,1,0,0,1,0,1,404,2025-09-22 20:25:12,2026-04-17 08:29:10
,https://www.cloudemployee.io/socketio,,,0,1,34,1,0,0,1,0,1,404,2025-09-09 09:10:59,2026-07-03 21:53:05
,https://www.cloudemployee.io/socketio/dedicated-socketio-developer,,,0,1,34,1,0,0,1,0,1,404,2025-09-19 18:14:18,2026-04-17 10:17:36
,https://www.cloudemployee.io/socketio/hire-socketio-developers,,,0,1,34,1,0,0,1,0,1,404,2025-09-09 11:21:44,2026-04-17 22:24:30
,https://www.cloudemployee.io/socketio/outsource-socketio-development,,,0,1,34,1,0,0,1,0,1,404,2025-09-19 18:07:46,2026-04-16 19:28:17
,https://www.cloudemployee.io/socketio/remote-socketio-developer,,,0,1,34,1,0,0,1,0,1,404,2025-09-19 18:07:36,2026-04-17 06:41:58
,https://www.cloudemployee.io/solaris,,,0,1,34,1,0,0,1,0,1,404,2025-09-19 01:13:16,2026-04-17 18:34:50
,https://www.cloudemployee.io/solaris/dedicated-solaris-developer,,,0,1,34,1,0,0,1,0,1,404,2025-09-19 17:32:58,2026-04-17 10:52:01
,https://www.cloudemployee.io/solaris/hire-solaris-developers,,,0,1,34,1,0,0,1,0,1,404,2025-09-18 23:18:17,2026-04-17 17:17:13
,https://www.cloudemployee.io/solaris/outsource-solaris-development,,,0,1,34,1,0,0,1,0,1,404,2025-09-19 17:16:08,2026-04-17 14:36:12
,https://www.cloudemployee.io/solaris/remote-solaris-developer,,,0,1,34,1,0,0,1,0,1,404,2025-09-19 17:16:58,2026-04-17 13:40:32
,https://www.cloudemployee.io/solidity,,,0,1,34,1,0,0,1,0,1,404,2025-09-09 09:27:39,2026-07-11 02:51:32
,https://www.cloudemployee.io/solidity/dedicated-solidity-developer,,,0,1,34,1,0,0,1,0,1,404,2025-09-22 22:31:33,2026-04-17 07:09:40
,https://www.cloudemployee.io/solidity/hire-solidity-developers,,,0,1,34,1,0,0,1,0,1,404,2025-09-09 14:15:40,2026-04-17 18:19:52
,https://www.cloudemployee.io/solidity/outsource-solidity-development,,,0,1,34,1,0,0,1,0,1,404,2025-09-22 22:14:38,2026-06-29 06:43:57
,https://www.cloudemployee.io/solidity/remote-solidity-developer,,,0,1,34,1,0,0,1,0,1,404,2025-09-22 22:15:35,2026-07-08 23:35:12
,https://www.cloudemployee.io/spree-commerce,,,0,1,34,1,0,0,1,0,1,404,2025-09-19 12:28:21,2026-07-10 10:40:45
,https://www.cloudemployee.io/spree-commerce/dedicated-spree-commerce-developer,,,0,1,34,1,0,0,1,0,1,404,2025-09-22 08:21:25,2026-07-01 21:54:24
,https://www.cloudemployee.io/spree-commerce/hire-spree-commerce-developers,,,0,1,34,1,0,0,1,0,1,404,2025-09-19 15:13:13,2026-04-17 06:51:17
,https://www.cloudemployee.io/spree-commerce/outsource-spree-commerce-development,,,0,1,34,1,0,0,1,0,1,404,2025-09-22 10:35:53,2026-04-17 15:19:41
,https://www.cloudemployee.io/spree-commerce/remote-spree-commerce-developer,,,0,1,34,1,0,0,1,0,1,404,2025-09-19 18:11:31,2026-04-17 06:42:21
,https://www.cloudemployee.io/spring,,,0,1,34,2,0,1,2,0,2,404,2025-07-13 06:12:55,2026-07-04 04:53:12
,https://www.cloudemployee.io/spring/dedicated-spring-developer,,,0,1,34,1,0,0,1,0,1,404,2025-09-23 12:22:15,2026-06-24 11:09:41
,https://www.cloudemployee.io/spring/hire-spring-developers,,,0,1,34,1,0,0,1,0,1,404,2025-09-19 14:38:18,2026-06-29 09:47:13
,https://www.cloudemployee.io/spring/outsource-spring-development,,,0,1,34,1,0,0,1,0,1,404,2025-09-23 12:18:13,2026-07-12 07:25:11
,https://www.cloudemployee.io/spring/remote-spring-developer,,,0,1,34,1,0,0,1,0,1,404,2025-09-23 12:24:20,2026-07-12 02:45:06
,https://www.cloudemployee.io/sql,,,0,1,34,2,0,1,2,0,2,404,2025-07-13 07:44:15,2026-03-15 00:01:27
,https://www.cloudemployee.io/sql-clr,,,0,1,34,1,0,0,1,0,1,404,2025-09-19 12:27:30,2026-07-09 23:16:01
,https://www.cloudemployee.io/sql-clr/dedicated-sql-clr-developer,,,0,1,34,1,0,0,1,0,1,404,2025-09-22 02:58:59,2026-07-10 07:08:03
,https://www.cloudemployee.io/sql-clr/hire-sql-clr-developers,,,0,1,34,1,0,0,1,0,1,404,2025-09-09 14:08:19,2026-04-17 17:57:08
,https://www.cloudemployee.io/sql-clr/outsource-sql-clr-development,,,0,1,34,1,0,0,1,0,1,404,2025-09-22 02:13:25,2026-04-17 06:56:33
,https://www.cloudemployee.io/sql-clr/remote-sql-clr-developer,,,0,1,34,1,0,0,1,0,1,404,2025-09-22 02:15:31,2026-04-17 09:57:52
,https://www.cloudemployee.io/sql-server,,,0,1,34,1,0,0,1,0,1,404,2025-09-19 16:28:07,2026-06-25 18:40:09
,https://www.cloudemployee.io/sql-server/dedicated-sql-server-developer,,,0,1,34,1,0,0,1,0,1,404,2025-09-24 05:38:25,2026-04-17 11:28:12
,https://www.cloudemployee.io/sql-server/hire-sql-server-developers,,,0,1,34,1,0,0,1,0,1,404,2025-09-08 21:30:33,2026-07-02 09:54:52
,https://www.cloudemployee.io/sql-server/outsource-sql-server-development,,,0,1,34,1,0,0,1,0,1,404,2025-09-24 05:41:46,2026-07-01 04:27:10
,https://www.cloudemployee.io/sql-server/remote-sql-server-developer,,,0,1,34,1,0,0,1,0,1,404,2025-09-24 05:39:56,2026-04-17 21:02:28
,https://www.cloudemployee.io/sql/dedicated-sql-developer,,,0,1,34,1,0,0,1,0,1,404,2025-09-23 11:29:46,2026-04-17 16:30:58
,https://www.cloudemployee.io/sql/outsource-sql-development,,,0,1,34,1,0,0,1,0,1,404,2025-09-22 20:41:09,2026-04-17 07:14:15
,https://www.cloudemployee.io/sql/remote-sql-developer,,,0,1,34,1,0,0,1,0,1,404,2025-09-23 11:32:25,2026-04-17 14:35:47
,https://www.cloudemployee.io/squarespace,,,0,1,34,1,0,0,1,0,1,404,2025-09-19 00:54:45,2026-04-18 04:45:49
,https://www.cloudemployee.io/squarespace/dedicated-squarespace-developer,,,0,1,34,1,0,0,1,0,1,404,2025-09-19 17:59:38,2026-04-17 12:42:45
,https://www.cloudemployee.io/squarespace/hire-squarespace-developers,,,0,1,34,1,0,0,1,0,1,404,2025-09-09 13:50:03,2026-04-17 15:34:56
,https://www.cloudemployee.io/squarespace/outsource-squarespace-development,,,0,1,34,1,0,0,1,0,1,404,2025-09-19 18:00:27,2026-07-01 06:22:52
,https://www.cloudemployee.io/squarespace/remote-squarespace-developer,,,0,1,34,1,0,0,1,0,1,404,2025-09-19 17:56:54,2026-04-17 14:07:02
Staff Augmentation & Software Velocity | Why It’s Faster,https://www.cloudemployee.io/staff-augmentation/how-staff-augmentation-is-rewriting-the-rules-of-software-development-speed-and-efficiency,en,,4.5,1,4.9,1,0,1,1,0,0,200,2025-09-28 22:22:30,2026-02-23 01:24:08
Staff Augmentation Mistakes: 8 Failures to Avoid,https://www.cloudemployee.io/staff-augmentation/staff-augmentation-mistakes-to-avoid-common-failures-and-how-to-prevent-them,en,,0,1,26,1,1,0,1,0,0,200,2026-06-10 06:12:16,2026-07-01 06:00:33
Staff Augmentation ROI: Cost vs Traditional Hiring 2026,https://www.cloudemployee.io/staff-augmentation/staff-augmentation-vs-traditional-hiring-cost-speed-and-risk-comparison,en,,4.5,1,49,1,1,0,1,0,0,200,2026-06-30 21:43:11,2026-07-06 05:07:09
Staff Augmentation Explained | Benefits & Use Cases,https://www.cloudemployee.io/staff-augmentation/what-is-staff-augmentation-and-what-are-the-benefits,en,,4.5,1,15,1,1,1,0,1,0,200,2026-04-28 23:14:32,2026-04-28 23:14:32
,https://www.cloudemployee.io/stripes,,,0,1,34,1,0,0,1,0,1,404,2025-09-19 14:54:17,2026-04-17 21:14:58
,https://www.cloudemployee.io/stripes/dedicated-stripes-developer,,,0,1,34,1,0,0,1,0,1,404,2025-09-22 08:33:20,2026-04-17 07:28:10
,https://www.cloudemployee.io/stripes/hire-stripes-developers,,,0,1,34,1,0,0,1,0,1,404,2025-09-19 15:32:13,2026-04-18 02:51:36
,https://www.cloudemployee.io/stripes/outsource-stripes-development,,,0,1,34,1,0,0,1,0,1,404,2025-09-22 08:36:55,2026-04-17 07:36:23
,https://www.cloudemployee.io/stripes/remote-stripes-developer,,,0,1,34,1,0,0,1,0,1,404,2025-09-19 18:11:13,2026-07-04 14:23:54
,https://www.cloudemployee.io/struts,,,0,1,34,1,0,0,1,0,1,404,2025-09-09 19:05:22,2026-04-18 05:19:07
,https://www.cloudemployee.io/struts/dedicated-struts-developer,,,0,1,34,1,0,0,1,0,1,404,2025-09-22 21:17:08,2026-04-17 06:46:55
,https://www.cloudemployee.io/struts/hire-struts-developers,,,0,1,34,1,0,0,1,0,1,404,2025-09-09 19:36:17,2026-04-17 10:47:10
,https://www.cloudemployee.io/struts/outsource-struts-development,,,0,1,34,1,0,0,1,0,1,404,2025-09-22 21:47:56,2026-04-17 06:23:36
,https://www.cloudemployee.io/struts/remote-struts-developer,,,0,1,34,1,0,0,1,0,1,404,2025-09-22 21:15:16,2026-04-17 07:24:41
,https://www.cloudemployee.io/sugarcrm-software,,,0,1,34,1,0,0,1,0,1,404,2025-09-19 12:51:41,2026-04-18 05:50:39
,https://www.cloudemployee.io/sugarcrm-software/dedicated-sugarcrm-software-developer,,,0,1,34,1,0,0,1,0,1,404,2025-09-22 01:52:09,2026-04-17 10:53:07
,https://www.cloudemployee.io/sugarcrm-software/hire-sugarcrm-software-developers,,,0,1,34,1,0,0,1,0,1,404,2025-09-21 23:03:14,2026-07-10 01:42:32
,https://www.cloudemployee.io/sugarcrm-software/outsource-sugarcrm-software-development,,,0,1,34,1,0,0,1,0,1,404,2025-09-22 01:55:03,2026-04-17 01:26:10
,https://www.cloudemployee.io/sugarcrm-software/remote-sugarcrm-software-developer,,,0,1,34,1,0,0,1,0,1,404,2025-09-22 01:57:34,2026-07-10 13:13:38
,https://www.cloudemployee.io/sun,,,0,1,34,1,0,0,1,0,1,404,2025-09-09 08:56:30,2026-04-22 11:40:23
,https://www.cloudemployee.io/sun/dedicated-sun-developer,,,0,1,34,1,0,0,1,0,1,404,2025-09-19 18:16:09,2026-04-17 05:34:39
,https://www.cloudemployee.io/sun/hire-sun-developers,,,0,1,34,1,0,0,1,0,1,404,2025-09-09 09:20:34,2026-07-12 23:44:49
,https://www.cloudemployee.io/sun/outsource-sun-development,,,0,1,34,1,0,0,1,0,1,404,2025-09-19 18:15:49,2026-04-16 19:30:04
,https://www.cloudemployee.io/sun/remote-sun-developer,,,0,1,34,1,0,0,1,0,1,404,2025-09-19 18:15:56,2026-06-24 06:42:08
,https://www.cloudemployee.io/svg,,,0,1,34,1,0,0,1,0,1,404,2025-09-19 11:45:44,2026-04-18 03:27:30
,https://www.cloudemployee.io/svg/dedicated-svg-developer,,,0,1,34,1,0,0,1,0,1,404,2025-09-22 06:33:32,2026-04-17 10:13:24
,https://www.cloudemployee.io/svg/hire-svg-developers,,,0,1,34,1,0,0,1,0,1,404,2025-09-18 23:15:40,2026-04-17 10:27:34
,https://www.cloudemployee.io/svg/outsource-svg-development,,,0,1,34,1,0,0,1,0,1,404,2025-09-22 07:55:12,2026-04-17 11:09:36
,https://www.cloudemployee.io/svg/remote-svg-developer,,,0,1,34,1,0,0,1,0,1,404,2025-09-22 06:37:06,2026-07-08 08:09:14
,https://www.cloudemployee.io/swift,,,0,1,34,2,0,1,2,0,2,404,2025-07-13 07:02:58,2026-07-04 22:32:06
,https://www.cloudemployee.io/swift/dedicated-swift-developer,,,0,1,34,1,0,0,1,0,1,404,2025-09-22 20:53:32,2026-04-17 16:09:07
,https://www.cloudemployee.io/swift/hire-swift-developers,,,0,1,34,1,0,0,1,0,1,404,2025-09-19 11:51:55,2026-04-17 19:29:10
,https://www.cloudemployee.io/swift/outsource-swift-development,,,0,1,34,1,0,0,1,0,1,404,2025-09-16 11:30:04,2026-04-17 14:41:35
,https://www.cloudemployee.io/swift/remote-swift-developer,,,0,1,34,1,0,0,1,0,1,404,2025-09-22 23:45:29,2026-04-17 08:15:20
,https://www.cloudemployee.io/symbian,,,0,1,34,1,0,0,1,0,1,404,2025-09-21 05:46:06,2026-04-18 17:46:29
,https://www.cloudemployee.io/symbian/dedicated-symbian-developer,,,0,1,34,1,0,0,1,0,1,404,2025-09-19 18:16:59,2026-04-17 23:19:51
,https://www.cloudemployee.io/symbian/hire-symbian-developers,,,0,1,34,1,0,0,1,0,1,404,2025-09-19 15:15:11,2026-04-17 17:56:41
,https://www.cloudemployee.io/symbian/outsource-symbian-development,,,0,1,34,1,0,0,1,0,1,404,2025-09-19 18:16:04,2026-04-17 15:25:54
,https://www.cloudemployee.io/symbian/remote-symbian-developer,,,0,1,34,1,0,0,1,0,1,404,2025-09-19 18:16:45,2026-04-18 03:36:16
,https://www.cloudemployee.io/symfony,,,0,1,34,2,0,1,2,0,2,404,2025-07-13 08:09:14,2026-07-02 18:37:20
,https://www.cloudemployee.io/symfony/dedicated-symfony-developer,,,0,1,34,1,0,0,1,0,1,404,2025-09-23 12:26:15,2026-07-09 15:36:53
,https://www.cloudemployee.io/symfony/outsource-symfony-development,,,0,1,34,1,0,0,1,0,1,404,2025-09-23 12:28:13,2026-04-16 21:44:05
,https://www.cloudemployee.io/symfony/remote-symfony-developer,,,0,1,34,1,0,0,1,0,1,404,2025-09-23 12:30:19,2026-06-28 14:39:47
,https://www.cloudemployee.io/system-security/dedicated-system-security-developer,,,0,1,34,1,0,0,1,0,1,404,2025-09-24 06:34:52,2026-04-16 11:02:03
,https://www.cloudemployee.io/system-security/outsource-system-security-development,,,0,1,34,1,0,0,1,0,1,404,2025-09-24 06:39:37,2026-07-06 05:42:04
,https://www.cloudemployee.io/system-security/remote-system-security-developer,,,0,1,34,1,0,0,1,0,1,404,2025-09-24 06:36:03,2026-04-16 11:03:00
,https://www.cloudemployee.io/tableau,,,0,1,34,1,0,0,1,0,1,404,2025-09-21 16:55:04,2026-04-18 03:11:58
,https://www.cloudemployee.io/tableau/dedicated-tableau-developer,,,0,1,34,1,0,0,1,0,1,404,2025-09-19 17:48:07,2026-07-08 07:12:07
,https://www.cloudemployee.io/tableau/hire-tableau-developers,,,0,1,34,1,0,0,1,0,1,404,2025-09-19 12:07:39,2026-04-17 18:28:44
,https://www.cloudemployee.io/tableau/outsource-tableau-development,,,0,1,34,1,0,0,1,0,1,404,2025-09-19 17:51:57,2026-04-18 02:24:48
,https://www.cloudemployee.io/tableau/remote-tableau-developer,,,0,1,34,1,0,0,1,0,1,404,2025-09-19 17:53:13,2026-07-11 03:37:41
,https://www.cloudemployee.io/tactic,,,0,1,34,1,0,0,1,0,1,404,2025-09-19 11:44:34,2026-04-18 02:57:27
,https://www.cloudemployee.io/tactic/dedicated-tactic-developer,,,0,1,34,1,0,0,1,0,1,404,2025-09-22 07:32:53,2026-04-17 19:57:41
,https://www.cloudemployee.io/tactic/hire-tactic-developers,,,0,1,34,1,0,0,1,0,1,404,2025-09-18 23:37:07,2026-04-18 05:15:44
,https://www.cloudemployee.io/tactic/outsource-tactic-development,,,0,1,34,1,0,0,1,0,1,404,2025-09-22 07:34:37,2026-06-28 23:49:38
,https://www.cloudemployee.io/tactic/remote-tactic-developer,,,0,1,34,1,0,0,1,0,1,404,2025-09-22 07:36:20,2026-04-17 15:59:26
,https://www.cloudemployee.io/technology/csharp,,,4.5,1,63,1,0,0,1,0,0,404,2025-03-17 07:27:24,2026-07-05 08:57:39
,https://www.cloudemployee.io/tensorflow,,,0,1,34,1,0,0,1,0,1,404,2025-09-09 18:43:47,2026-07-06 03:15:49
,https://www.cloudemployee.io/tensorflow/dedicated-tensorflow-developer,,,0,1,34,1,0,0,1,0,1,404,2025-09-22 23:23:11,2026-04-17 12:00:32
,https://www.cloudemployee.io/tensorflow/hire-tensorflow-developers,,,0,1,34,1,0,0,1,0,1,404,2025-09-09 19:35:16,2026-04-18 00:03:57
,https://www.cloudemployee.io/tensorflow/outsource-tensorflow-development,,,0,1,34,1,0,0,1,0,1,404,2025-09-19 18:12:13,2026-04-17 15:41:20
,https://www.cloudemployee.io/tensorflow/remote-tensorflow-developer,,,0,1,34,1,0,0,1,0,1,404,2025-09-19 18:12:18,2026-04-17 07:37:19
,https://www.cloudemployee.io/teradata,,,0,1,34,1,0,0,1,0,1,404,2025-09-09 19:13:35,2026-04-18 05:57:45
,https://www.cloudemployee.io/teradata/dedicated-teradata-developer,,,0,1,34,1,0,0,1,0,1,404,2025-09-16 00:26:22,2026-04-17 11:37:02
,https://www.cloudemployee.io/teradata/hire-teradata-developers,,,0,1,34,1,0,0,1,0,1,404,2025-09-19 01:06:43,2026-04-18 00:08:44
,https://www.cloudemployee.io/teradata/outsource-teradata-development,,,0,1,34,1,0,0,1,0,1,404,2025-09-16 00:27:26,2026-04-17 13:27:27
,https://www.cloudemployee.io/teradata/remote-teradata-developer,,,0,1,34,1,0,0,1,0,1,404,2025-09-16 00:28:38,2026-07-06 23:10:13
,https://www.cloudemployee.io/test-automation-architects,,,0,1,34,1,0,0,1,0,1,404,2025-09-10 02:48:53,2026-04-18 05:32:03
,https://www.cloudemployee.io/test-automation-architects/dedicated-test-automation-architect,,,0,1,34,1,0,0,1,0,1,404,2025-09-09 13:29:05,2026-04-17 09:25:00
,https://www.cloudemployee.io/test-automation-architects/hire-test-automation-architects-developers,,,0,1,34,1,0,0,1,0,1,404,2025-09-19 15:09:09,2026-07-01 12:19:00
,https://www.cloudemployee.io/test-automation-architects/outsource-test-automation-architect-development,,,0,1,34,1,0,0,1,0,1,404,2025-09-19 18:13:51,2026-04-17 06:22:49
,https://www.cloudemployee.io/test-automation-architects/remote-test-automation-architect,,,0,1,34,1,0,0,1,0,1,404,2025-09-09 13:49:44,2026-07-03 20:23:22
,https://www.cloudemployee.io/thinwire,,,0,1,34,1,0,0,1,0,1,404,2025-09-19 12:13:38,2026-06-25 23:40:53
,https://www.cloudemployee.io/thinwire/dedicated-thinwire-developer,,,0,1,34,1,0,0,1,0,1,404,2025-09-22 08:07:16,2026-06-26 02:05:15
,https://www.cloudemployee.io/thinwire/hire-thinwire-developers,,,0,1,34,1,0,0,1,0,1,404,2025-09-19 15:00:46,2026-04-18 02:16:16
,https://www.cloudemployee.io/thinwire/outsource-thinwire-development,,,0,1,34,1,0,0,1,0,1,404,2025-09-19 18:10:28,2026-04-17 09:41:34
,https://www.cloudemployee.io/thinwire/remote-thinwire-developer,,,0,1,34,1,0,0,1,0,1,404,2025-09-19 18:11:07,2026-06-24 10:10:26
,https://www.cloudemployee.io/tibco,,,0,1,34,1,0,0,1,0,1,404,2025-09-19 14:42:39,2026-04-17 10:46:27
,https://www.cloudemployee.io/tibco/dedicated-tibco-developer,,,0,1,34,1,0,0,1,0,1,404,2025-09-19 17:27:52,2026-07-02 12:27:57
,https://www.cloudemployee.io/tibco/hire-tibco-developers,,,0,1,34,1,0,0,1,0,1,404,2025-09-09 13:48:51,2026-04-17 14:45:33
,https://www.cloudemployee.io/tibco/outsource-tibco-development,,,0,1,34,1,0,0,1,0,1,404,2025-09-19 17:28:03,2026-04-17 10:55:10
,https://www.cloudemployee.io/tibco/remote-tibco-developer,,,0,1,34,1,0,0,1,0,1,404,2025-09-19 17:28:12,2026-04-17 07:49:27
,https://www.cloudemployee.io/tizen,,,0,1,34,1,0,0,1,0,1,404,2025-09-19 14:59:36,2026-04-18 03:11:13
,https://www.cloudemployee.io/tizen/dedicated-tizen-developer,,,0,1,34,1,0,0,1,0,1,404,2025-09-19 18:16:51,2026-04-17 12:59:56
,https://www.cloudemployee.io/tizen/hire-tizen-developers,,,0,1,34,1,0,0,1,0,1,404,2025-09-19 15:29:32,2026-04-17 22:24:04
,https://www.cloudemployee.io/tizen/outsource-tizen-development,,,0,1,34,1,0,0,1,0,1,404,2025-09-19 18:16:26,2026-04-17 19:21:52
,https://www.cloudemployee.io/tizen/remote-tizen-developer,,,0,1,34,1,0,0,1,0,1,404,2025-09-19 18:16:35,2026-04-17 01:26:51
,https://www.cloudemployee.io/tntnet,,,0,1,34,1,0,0,1,0,1,404,2025-09-19 13:09:47,2026-07-03 15:21:54
,https://www.cloudemployee.io/tntnet/dedicated-tntnet-developer,,,0,1,34,1,0,0,1,0,1,404,2025-09-19 18:01:56,2026-04-18 03:39:18
,https://www.cloudemployee.io/tntnet/hire-tntnet-developers,,,0,1,34,1,0,0,1,0,1,404,2025-09-09 11:12:03,2026-04-17 20:36:41
,https://www.cloudemployee.io/tntnet/outsource-tntnet-development,,,0,1,34,1,0,0,1,0,1,404,2025-09-19 17:57:46,2026-04-18 02:14:42
,https://www.cloudemployee.io/tntnet/remote-tntnet-developer,,,0,1,34,1,0,0,1,0,1,404,2025-09-19 17:58:25,2026-07-01 15:26:20
,https://www.cloudemployee.io/tokbox,,,0,1,34,1,0,0,1,0,1,404,2025-09-19 14:17:56,2026-04-18 04:09:08
,https://www.cloudemployee.io/tokbox/dedicated-tokbox-developer,,,0,1,34,1,0,0,1,0,1,404,2025-09-19 18:03:35,2026-04-18 02:18:14
,https://www.cloudemployee.io/tokbox/hire-tokbox-developers,,,0,1,34,1,0,0,1,0,1,404,2025-09-19 00:17:55,2026-04-17 19:45:55
,https://www.cloudemployee.io/tokbox/outsource-tokbox-development,,,0,1,34,1,0,0,1,0,1,404,2025-09-19 18:15:25,2026-04-18 00:15:29
,https://www.cloudemployee.io/tokbox/remote-tokbox-developer,,,0,1,34,1,0,0,1,0,1,404,2025-09-19 16:40:21,2026-04-17 13:32:59
,https://www.cloudemployee.io/tornado,,,0,1,34,1,0,0,1,0,1,404,2025-09-21 16:04:31,2026-04-23 18:40:22
,https://www.cloudemployee.io/tornado/dedicated-tornado-developer,,,0,1,34,1,0,0,1,0,1,404,2025-09-22 08:11:10,2026-04-17 02:40:10
,https://www.cloudemployee.io/tornado/hire-tornado-developers,,,0,1,34,1,0,0,1,0,1,404,2025-09-19 15:18:17,2026-04-17 11:28:56
,https://www.cloudemployee.io/tornado/outsource-tornado-development,,,0,1,34,1,0,0,1,0,1,404,2025-09-22 10:27:21,2026-04-17 13:14:57
,https://www.cloudemployee.io/tornado/remote-tornado-developer,,,0,1,34,1,0,0,1,0,1,404,2025-09-22 08:12:44,2026-04-17 08:39:14
,https://www.cloudemployee.io/turbogears,,,0,1,34,1,0,0,1,0,1,404,2025-09-09 19:37:16,2026-04-17 16:59:50
,https://www.cloudemployee.io/turbogears/dedicated-turbogears-developer,,,0,1,34,1,0,0,1,0,1,404,2025-09-22 19:05:06,2026-04-17 09:39:04
,https://www.cloudemployee.io/turbogears/hire-turbogears-developers,,,0,1,34,1,0,0,1,0,1,404,2025-09-09 18:54:29,2026-04-18 01:19:25
,https://www.cloudemployee.io/turbogears/outsource-turbogears-development,,,0,1,34,1,0,0,1,0,1,404,2025-09-22 18:10:57,2026-04-17 06:17:20
,https://www.cloudemployee.io/turbogears/remote-turbogears-developer,,,0,1,34,1,0,0,1,0,1,404,2025-09-22 20:02:02,2026-04-17 09:47:31
,https://www.cloudemployee.io/twilio,,,0,1,34,1,0,0,1,0,1,404,2025-09-09 12:47:49,2026-04-17 23:52:21
,https://www.cloudemployee.io/twilio/dedicated-twilio-developer,,,0,1,34,1,0,0,1,0,1,404,2025-09-22 22:55:33,2026-04-17 11:27:53
,https://www.cloudemployee.io/twilio/hire-twilio-developers,,,0,1,34,1,0,0,1,0,1,404,2025-09-09 16:48:19,2026-04-18 01:26:36
,https://www.cloudemployee.io/twilio/outsource-twilio-development,,,0,1,34,1,0,0,1,0,1,404,2025-09-22 22:56:39,2026-04-17 03:15:47
,https://www.cloudemployee.io/twilio/remote-twilio-developer,,,0,1,34,1,0,0,1,0,1,404,2025-09-22 22:57:36,2026-04-17 12:59:22
,https://www.cloudemployee.io/twitter-bootstrap,,,0,1,34,1,0,0,1,0,1,404,2025-09-09 14:07:36,2026-04-18 01:16:07
,https://www.cloudemployee.io/twitter-bootstrap/dedicated-twitter-bootstrap-developer,,,0,1,34,1,0,0,1,0,1,404,2025-09-19 17:06:17,2026-04-17 17:27:29
,https://www.cloudemployee.io/twitter-bootstrap/hire-twitter-bootstrap-developers,,,0,1,34,1,0,0,1,0,1,404,2025-09-18 23:19:46,2026-04-18 03:38:26
,https://www.cloudemployee.io/twitter-bootstrap/outsource-twitter-bootstrap-development,,,0,1,34,1,0,0,1,0,1,404,2025-09-19 17:06:25,2026-04-17 07:21:36
,https://www.cloudemployee.io/twitter-bootstrap/remote-twitter-bootstrap-developer,,,0,1,34,1,0,0,1,0,1,404,2025-09-19 17:06:33,2026-04-17 13:11:13
,https://www.cloudemployee.io/typo3,,,0,1,34,1,0,0,1,0,1,404,2025-09-21 09:49:37,2026-04-17 12:41:35
,https://www.cloudemployee.io/typo3-flow,,,0,1,34,1,0,0,1,0,1,404,2025-09-13 07:34:57,2026-04-18 03:07:05
,https://www.cloudemployee.io/typo3-flow/dedicated-typo3-flow-developer,,,0,1,34,1,0,0,1,0,1,404,2025-09-22 23:04:47,2026-04-17 05:14:42
,https://www.cloudemployee.io/typo3-flow/hire-typo3-flow-developers,,,0,1,34,1,0,0,1,0,1,404,2025-09-13 05:43:54,2026-07-07 14:45:25
,https://www.cloudemployee.io/typo3-flow/outsource-typo3-flow-development,,,0,1,34,1,0,0,1,0,1,404,2025-09-19 18:13:22,2026-04-17 12:16:26
,https://www.cloudemployee.io/typo3-flow/remote-typo3-flow-developer,,,0,1,34,1,0,0,1,0,1,404,2025-09-22 22:59:57,2026-07-06 04:04:32
,https://www.cloudemployee.io/typo3/dedicated-typo3-developer,,,0,1,34,1,0,0,1,0,1,404,2025-09-16 20:47:42,2026-04-18 03:38:38
,https://www.cloudemployee.io/typo3/hire-typo3-developers,,,0,1,34,1,0,0,1,0,1,404,2025-09-16 09:05:16,2026-04-18 04:19:55
,https://www.cloudemployee.io/typo3/outsource-typo3-development,,,0,1,34,1,0,0,1,0,1,404,2025-09-16 19:37:33,2026-06-26 06:43:33
,https://www.cloudemployee.io/typo3/remote-typo3-developer,,,0,1,34,1,0,0,1,0,1,404,2025-09-16 19:45:52,2026-04-18 03:46:29
,https://www.cloudemployee.io/ui-ux,,,0,1,34,2,0,1,2,0,2,404,2025-07-13 07:43:34,2026-06-07 02:18:39
,https://www.cloudemployee.io/ui-ux/dedicated-ui-ux-designer,,,0,1,34,1,0,0,1,0,1,404,2025-09-09 14:23:23,2026-04-17 23:26:46
,https://www.cloudemployee.io/ui-ux/outsource-ui-ux-development,,,0,1,34,1,0,0,1,0,1,404,2025-09-24 04:35:21,2026-04-17 19:50:54
,https://www.cloudemployee.io/ui-ux/remote-ui-ux-designer,,,0,1,34,1,0,0,1,0,1,404,2025-09-09 23:28:07,2026-04-17 09:53:12
Software Development Outsourcing Costs by Country,https://www.cloudemployee.io/uk/nearshoring-offshoring/choosing-nearshore-or-offshore-software-development-costs-by-country,en,,4.5,1,7,1,0,0,0,1,0,200,2025-12-12 18:08:22,2026-06-22 08:10:26
,https://www.cloudemployee.io/uk/technology/kotlin,,,0,1,24,1,0,1,1,0,0,301,2026-01-09 04:27:18,2026-01-09 04:27:18
,https://www.cloudemployee.io/umbraco-cms,,,0,1,34,2,0,1,2,0,2,404,2025-07-13 08:10:21,2026-04-07 08:04:12
,https://www.cloudemployee.io/umbraco-cms/dedicated-umbraco-cms-developer,,,0,1,34,1,0,0,1,0,1,404,2025-09-19 18:18:45,2026-04-17 23:44:58
,https://www.cloudemployee.io/umbraco-cms/hire-umbraco-cms-developers,,,0,1,34,1,0,0,1,0,1,404,2025-09-19 00:09:02,2026-04-18 01:00:17
,https://www.cloudemployee.io/umbraco-cms/outsource-umbraco-cms-development,,,0,1,34,1,0,0,1,0,1,404,2025-09-19 18:18:55,2026-04-18 03:22:50
,https://www.cloudemployee.io/umbraco-cms/remote-umbraco-cms-developer,,,0,1,34,1,0,0,1,0,1,404,2025-09-19 18:18:50,2026-07-04 16:28:28
,https://www.cloudemployee.io/uml,,,0,1,34,1,0,0,1,0,1,404,2025-09-19 14:24:09,2026-04-18 03:35:26
,https://www.cloudemployee.io/uml/dedicated-uml-developer,,,0,1,34,1,0,0,1,0,1,404,2025-09-22 09:53:21,2026-04-17 16:12:18
,https://www.cloudemployee.io/uml/hire-uml-developers,,,0,1,34,1,0,0,1,0,1,404,2025-09-19 14:21:29,2026-04-17 14:21:39
,https://www.cloudemployee.io/uml/outsource-uml-development,,,0,1,34,1,0,0,1,0,1,404,2025-09-22 10:02:23,2026-04-17 16:30:08
,https://www.cloudemployee.io/uml/remote-uml-developer,,,0,1,34,1,0,0,1,0,1,404,2025-09-22 09:44:24,2026-04-17 08:35:53
,https://www.cloudemployee.io/unifiedjs,,,0,1,34,1,0,0,1,0,1,404,2025-09-08 20:14:29,2026-04-18 05:18:24
,https://www.cloudemployee.io/unifiedjs/dedicated-unifiedjs-developer,,,0,1,34,1,0,0,1,0,1,404,2025-09-22 21:46:47,2026-07-11 22:53:38
,https://www.cloudemployee.io/unifiedjs/hire-unifiedjs-developers,,,0,1,34,1,0,0,1,0,1,404,2025-09-21 11:59:56,2026-07-12 03:18:07
,https://www.cloudemployee.io/unifiedjs/outsource-unifiedjs-development,,,0,1,34,1,0,0,1,0,1,404,2025-09-22 21:38:00,2026-04-17 19:49:00
,https://www.cloudemployee.io/unifiedjs/remote-unifiedjs-developer,,,0,1,34,1,0,0,1,0,1,404,2025-09-22 21:39:28,2026-04-17 13:22:57
,https://www.cloudemployee.io/unity3d,,,0,1,34,2,0,1,2,0,2,404,2025-07-13 07:43:12,2026-04-16 13:53:54
,https://www.cloudemployee.io/unity3d/dedicated-unity3d-developer,,,0,1,34,1,0,0,1,0,1,404,2025-09-22 20:32:08,2026-04-17 10:03:46
,https://www.cloudemployee.io/unity3d/outsource-unity3d-development,,,0,1,34,1,0,0,1,0,1,404,2025-09-23 10:43:56,2026-04-17 12:54:03
,https://www.cloudemployee.io/unity3d/remote-unity3d-developer,,,0,1,34,1,0,0,1,0,1,404,2025-09-22 20:31:04,2026-04-17 19:27:24
,https://www.cloudemployee.io/vaadin,,,0,1,34,1,0,0,1,0,1,404,2025-09-19 14:23:35,2026-04-17 05:34:09
,https://www.cloudemployee.io/vaadin/dedicated-vaadin-developer,,,0,1,34,1,0,0,1,0,1,404,2025-09-22 08:31:38,2026-04-17 17:02:06
,https://www.cloudemployee.io/vaadin/hire-vaadin-developers,,,0,1,34,1,0,0,1,0,1,404,2025-09-12 05:26:20,2026-04-18 03:14:04
,https://www.cloudemployee.io/vaadin/outsource-vaadin-development,,,0,1,34,1,0,0,1,0,1,404,2025-09-22 08:29:30,2026-07-12 15:53:08
,https://www.cloudemployee.io/vaadin/remote-vaadin-developer,,,0,1,34,1,0,0,1,0,1,404,2025-09-22 08:27:06,2026-07-10 01:17:40
,https://www.cloudemployee.io/varfor-cloud-employee,,,11,1,34,133,0,130,133,0,3,404,2024-03-04 19:10:15,2026-04-16 13:52:37
,https://www.cloudemployee.io/vbulletin,,,0,1,34,1,0,0,1,0,1,404,2025-09-10 07:25:47,2026-04-17 13:53:55
,https://www.cloudemployee.io/vbulletin/dedicated-vbulletin-developer,,,0,1,34,1,0,0,1,0,1,404,2025-09-19 18:03:03,2026-06-23 15:03:12
,https://www.cloudemployee.io/vbulletin/hire-vbulletin-developers,,,0,1,34,1,0,0,1,0,1,404,2025-09-10 05:58:33,2026-07-13 00:51:56
,https://www.cloudemployee.io/vbulletin/outsource-vbulletin-development,,,0,1,34,1,0,0,1,0,1,404,2025-09-22 19:02:18,2026-04-17 08:18:17
,https://www.cloudemployee.io/vbulletin/remote-vbulletin-developer,,,0,1,34,1,0,0,1,0,1,404,2025-09-22 19:15:52,2026-04-17 10:58:53
,https://www.cloudemployee.io/velocity,,,0,1,34,1,0,0,1,0,1,404,2025-09-10 02:20:23,2026-04-17 14:07:34
,https://www.cloudemployee.io/velocity/dedicated-velocity-developer,,,0,1,34,1,0,0,1,0,1,404,2025-09-22 23:29:27,2026-04-17 07:23:59
,https://www.cloudemployee.io/velocity/hire-velocity-developers,,,0,1,34,1,0,0,1,0,1,404,2025-09-10 00:17:26,2026-04-17 18:05:57
,https://www.cloudemployee.io/velocity/outsource-velocity-development,,,0,1,34,1,0,0,1,0,1,404,2025-09-19 18:13:30,2026-04-16 20:57:40
,https://www.cloudemployee.io/velocity/remote-velocity-developer,,,0,1,34,1,0,0,1,0,1,404,2025-09-22 23:01:01,2026-04-17 19:13:36
,https://www.cloudemployee.io/vibed,,,0,1,34,1,0,0,1,0,1,404,2025-09-08 19:23:53,2026-04-17 23:05:26
,https://www.cloudemployee.io/vibed/dedicated-vibed-developer,,,0,1,34,1,0,0,1,0,1,404,2025-09-22 22:49:26,2026-04-17 10:31:24
,https://www.cloudemployee.io/vibed/hire-vibed-developers,,,0,1,34,1,0,0,1,0,1,404,2025-09-18 23:28:38,2026-07-06 13:12:25
,https://www.cloudemployee.io/vibed/outsource-vibed-development,,,0,1,34,1,0,0,1,0,1,404,2025-09-22 22:52:34,2026-04-17 01:18:23
,https://www.cloudemployee.io/vibed/remote-vibed-developer,,,0,1,34,1,0,0,1,0,1,404,2025-09-22 22:54:38,2026-04-17 11:14:55
,https://www.cloudemployee.io/visio,,,0,1,34,1,0,0,1,0,1,404,2025-09-09 19:09:34,2026-04-17 20:22:27
,https://www.cloudemployee.io/visio/dedicated-visio-developer,,,0,1,34,1,0,0,1,0,1,404,2025-09-22 23:16:59,2026-04-17 16:39:35
,https://www.cloudemployee.io/visio/hire-visio-developers,,,0,1,34,1,0,0,1,0,1,404,2025-09-19 15:06:32,2026-04-18 02:41:36
,https://www.cloudemployee.io/visio/outsource-visio-development,,,0,1,34,1,0,0,1,0,1,404,2025-09-22 23:03:33,2026-04-17 14:15:05
,https://www.cloudemployee.io/visio/remote-visio-developer,,,0,1,34,1,0,0,1,0,1,404,2025-09-22 23:33:03,2026-04-17 08:04:12
,https://www.cloudemployee.io/visualforce,,,0,1,34,1,0,0,1,0,1,404,2025-09-09 04:01:37,2026-04-17 18:27:38
,https://www.cloudemployee.io/visualforce/dedicated-visualforce-developer,,,0,1,34,1,0,0,1,0,1,404,2025-09-19 16:43:48,2026-04-17 15:14:30
,https://www.cloudemployee.io/visualforce/hire-visualforce-developers,,,0,1,34,1,0,0,1,0,1,404,2025-09-19 15:09:33,2026-04-18 03:43:41
,https://www.cloudemployee.io/visualforce/outsource-visualforce-development,,,0,1,34,1,0,0,1,0,1,404,2025-09-19 16:43:57,2026-04-17 02:03:05
,https://www.cloudemployee.io/visualforce/remote-visualforce-developer,,,0,1,34,1,0,0,1,0,1,404,2025-09-19 16:44:09,2026-04-17 15:30:39
,https://www.cloudemployee.io/vmware-engineers,,,0,1,34,1,0,0,1,0,1,404,2025-09-17 15:38:43,2026-06-25 07:37:51
,https://www.cloudemployee.io/vmware-engineers/dedicated-vmware-engineer,,,0,1,34,1,0,0,1,0,1,404,2025-09-19 17:17:20,2026-07-08 10:37:13
,https://www.cloudemployee.io/vmware-engineers/outsource-vmware-engineer-development,,,0,1,34,1,0,0,1,0,1,404,2025-09-19 17:17:27,2026-04-17 04:38:18
,https://www.cloudemployee.io/vmware-engineers/remote-vmware-engineer,,,0,1,34,1,0,0,1,0,1,404,2025-09-19 17:17:35,2026-04-17 04:54:48
,https://www.cloudemployee.io/voip-engineers,,,0,1,34,1,0,0,1,0,1,404,2025-09-09 17:37:13,2026-04-17 12:13:29
,https://www.cloudemployee.io/voip-engineers/dedicated-voip-engineer,,,0,1,34,1,0,0,1,0,1,404,2025-09-19 16:41:37,2026-07-08 10:41:05
,https://www.cloudemployee.io/voip-engineers/hire-voip-engineers,,,0,1,34,1,0,0,1,0,1,404,2025-09-09 16:57:31,2026-07-04 02:58:00
,https://www.cloudemployee.io/voip-engineers/outsource-voip-engineer-development,,,0,1,34,1,0,0,1,0,1,404,2025-09-19 16:41:45,2026-04-17 07:11:25
,https://www.cloudemployee.io/voip-engineers/remote-voip-engineer,,,0,1,34,1,0,0,1,0,1,404,2025-09-19 16:41:55,2026-06-29 22:51:37
,https://www.cloudemployee.io/volusion,,,0,1,34,1,0,0,1,0,1,404,2025-09-09 18:59:43,2026-04-17 19:22:20
,https://www.cloudemployee.io/volusion/dedicated-volusion-developer,,,0,1,34,1,0,0,1,0,1,404,2025-09-22 22:16:49,2026-04-17 19:57:09
,https://www.cloudemployee.io/volusion/hire-volusion-developers,,,0,1,34,1,0,0,1,0,1,404,2025-09-19 01:08:40,2026-06-30 02:22:31
,https://www.cloudemployee.io/volusion/outsource-volusion-development,,,0,1,34,1,0,0,1,0,1,404,2025-09-22 22:23:37,2026-04-17 18:24:13
,https://www.cloudemployee.io/volusion/remote-volusion-developer,,,0,1,34,1,0,0,1,0,1,404,2025-09-22 22:17:53,2026-04-17 12:57:13
,https://www.cloudemployee.io/vraptor,,,0,1,34,1,0,0,1,0,1,404,2025-09-09 08:24:19,2026-04-17 15:11:50
,https://www.cloudemployee.io/vraptor/dedicated-vraptor-developer,,,0,1,34,1,0,0,1,0,1,404,2025-09-22 21:49:18,2026-04-16 22:39:31
,https://www.cloudemployee.io/vraptor/hire-vraptor-developers,,,0,1,34,1,0,0,1,0,1,404,2025-09-18 23:39:16,2026-04-18 05:16:02
,https://www.cloudemployee.io/vraptor/outsource-vraptor-development,,,0,1,34,1,0,0,1,0,1,404,2025-09-22 21:52:22,2026-07-03 07:24:11
,https://www.cloudemployee.io/vraptor/remote-vraptor-developer,,,0,1,34,1,0,0,1,0,1,404,2025-09-22 21:50:20,2026-04-16 23:58:05
,https://www.cloudemployee.io/vss,,,0,1,34,1,0,0,1,0,1,404,2025-09-09 21:48:45,2026-04-18 01:21:16
,https://www.cloudemployee.io/vss/dedicated-vss-developer,,,0,1,34,1,0,0,1,0,1,404,2025-09-22 22:45:52,2026-04-17 08:58:49
,https://www.cloudemployee.io/vss/hire-vss-developers,,,0,1,34,1,0,0,1,0,1,404,2025-09-19 17:10:39,2026-06-29 00:27:48
,https://www.cloudemployee.io/vss/outsource-vss-development,,,0,1,34,1,0,0,1,0,1,404,2025-09-22 22:46:54,2026-04-17 08:51:34
,https://www.cloudemployee.io/vss/remote-vss-developer,,,0,1,34,1,0,0,1,0,1,404,2025-09-22 22:48:14,2026-04-17 14:23:42
,https://www.cloudemployee.io/vtiger,,,0,1,34,1,0,0,1,0,1,404,2025-09-09 21:43:29,2026-04-18 02:35:05
,https://www.cloudemployee.io/vtiger/dedicated-vtiger-developer,,,0,1,34,1,0,0,1,0,1,404,2025-09-22 22:10:03,2026-04-17 17:58:00
,https://www.cloudemployee.io/vtiger/hire-vtiger-developers,,,0,1,34,1,0,0,1,0,1,404,2025-09-19 00:50:13,2026-04-17 21:06:48
,https://www.cloudemployee.io/vtiger/outsource-vtiger-development,,,0,1,34,1,0,0,1,0,1,404,2025-09-22 23:13:38,2026-06-24 09:12:34
,https://www.cloudemployee.io/vtiger/remote-vtiger-developer,,,0,1,34,1,0,0,1,0,1,404,2025-09-19 18:03:20,2026-04-17 10:48:45
,https://www.cloudemployee.io/vuforia,,,0,1,34,1,0,0,1,0,1,404,2025-10-10 03:09:55,2026-04-17 21:24:05
,https://www.cloudemployee.io/vuforia/dedicated-vuforia-developer,,,0,1,34,1,0,0,1,0,1,404,2025-09-23 16:17:36,2026-04-18 05:04:39
,https://www.cloudemployee.io/vuforia/hire-vuforia-developers,,,0,1,34,1,0,0,1,0,1,404,2025-09-19 05:19:56,2026-04-18 04:46:27
,https://www.cloudemployee.io/vuforia/outsource-vuforia-development,,,0,1,34,1,0,0,1,0,1,404,2025-09-24 04:23:38,2026-04-18 04:44:13
,https://www.cloudemployee.io/vuforia/remote-vuforia-developer,,,0,1,34,1,0,0,1,0,1,404,2025-09-24 04:22:14,2026-04-18 04:48:55
,https://www.cloudemployee.io/wavemaker,,,0,1,34,1,0,0,1,0,1,404,2025-09-19 13:36:15,2026-07-03 22:59:00
,https://www.cloudemployee.io/wavemaker/dedicated-wavemaker-developer,,,0,1,34,1,0,0,1,0,1,404,2025-09-22 07:50:45,2026-04-17 05:07:08
,https://www.cloudemployee.io/wavemaker/hire-wavemaker-developers,,,0,1,34,1,0,0,1,0,1,404,2025-09-21 20:56:59,2026-04-17 06:58:43
,https://www.cloudemployee.io/wavemaker/outsource-wavemaker-development,,,0,1,34,1,0,0,1,0,1,404,2025-09-22 07:53:13,2026-06-30 06:24:13
,https://www.cloudemployee.io/wavemaker/remote-wavemaker-developer,,,0,1,34,1,0,0,1,0,1,404,2025-09-22 07:46:24,2026-04-17 18:32:40
,https://www.cloudemployee.io/web2py/dedicated-web2py-developer,,,0,1,34,1,0,0,1,0,1,404,2025-09-16 20:12:25,2026-05-27 04:19:04
,https://www.cloudemployee.io/web2py/outsource-web2py-development,,,0,1,34,1,0,0,1,0,1,404,2025-09-16 04:45:56,2026-06-01 02:30:58
,https://www.cloudemployee.io/web2py/remote-web2py-developer,,,0,1,34,1,0,0,1,0,1,404,2025-09-16 20:15:08,2026-06-13 18:41:56
,https://www.cloudemployee.io/webkit,,,,1,34,1,0,1,1,0,1,,2025-09-18 07:16:19,2025-09-18 07:16:19
,https://www.cloudemployee.io/webkit/dedicated-webkit-developer,,,0,1,34,1,0,0,1,0,1,404,2025-09-16 20:06:46,2026-06-26 22:19:17
,https://www.cloudemployee.io/webkit/outsource-webkit-development,,,0,1,34,1,0,0,1,0,1,404,2025-09-16 20:09:17,2026-07-11 07:46:49
,https://www.cloudemployee.io/webkit/remote-webkit-developer,,,0,1,34,1,0,0,1,0,1,404,2025-09-16 20:22:57,2026-06-26 19:08:23
,https://www.cloudemployee.io/webobjects,,,0,1,34,1,0,0,1,0,1,404,2025-09-19 12:13:22,2026-06-30 17:28:47
,https://www.cloudemployee.io/webobjects/dedicated-webobjects-developer,,,0,1,34,1,0,0,1,0,1,404,2025-09-22 05:12:34,2026-04-17 08:46:37
,https://www.cloudemployee.io/webobjects/hire-webobjects-developers,,,0,1,34,1,0,0,1,0,1,404,2025-09-21 18:59:22,2026-04-17 13:47:29
,https://www.cloudemployee.io/webobjects/outsource-webobjects-development,,,0,1,34,1,0,0,1,0,1,404,2025-09-22 04:08:19,2026-04-17 08:26:46
,https://www.cloudemployee.io/webobjects/remote-webobjects-developer,,,0,1,34,1,0,0,1,0,1,404,2025-09-22 04:27:24,2026-06-29 05:16:48
,https://www.cloudemployee.io/webos,,,0,1,34,1,0,0,1,0,1,404,2025-09-19 01:05:39,2026-07-07 01:35:52
,https://www.cloudemployee.io/webos/dedicated-webos-developer,,,0,1,34,1,0,0,1,0,1,404,2025-09-19 17:32:10,2026-04-17 16:55:52
,https://www.cloudemployee.io/webos/hire-webos-developers,,,0,1,34,1,0,0,1,0,1,404,2025-09-19 11:51:28,2026-07-09 05:11:52
,https://www.cloudemployee.io/webos/outsource-webos-development,,,0,1,34,1,0,0,1,0,1,404,2025-09-19 17:15:58,2026-06-23 17:11:42
,https://www.cloudemployee.io/webos/remote-webos-developer,,,0,1,34,1,0,0,1,0,1,404,2025-09-19 17:26:47,2026-04-17 16:26:31
,https://www.cloudemployee.io/webrtc,,,0,1,34,1,0,0,1,0,1,404,2025-09-19 11:39:39,2026-06-25 00:27:03
,https://www.cloudemployee.io/webrtc/dedicated-webrtc-developer,,,0,1,34,1,0,0,1,0,1,404,2025-09-19 17:42:21,2026-04-17 09:19:20
,https://www.cloudemployee.io/webrtc/hire-webrtc-developers,,,0,1,34,1,0,0,1,0,1,404,2025-09-18 23:42:13,2026-07-01 15:08:52
,https://www.cloudemployee.io/webrtc/outsource-webrtc-development,,,0,1,34,1,0,0,1,0,1,404,2025-09-19 17:42:36,2026-04-17 05:11:38
,https://www.cloudemployee.io/webrtc/remote-webrtc-developer,,,0,1,34,1,0,0,1,0,1,404,2025-09-19 17:42:52,2026-04-17 03:03:35
,https://www.cloudemployee.io/websphere,,,0,1,34,1,0,0,1,0,1,404,2025-09-21 09:38:05,2026-07-11 08:14:06
,https://www.cloudemployee.io/websphere/dedicated-websphere-developer,,,0,1,34,1,0,0,1,0,1,404,2025-09-22 08:23:05,2026-06-30 08:21:30
,https://www.cloudemployee.io/websphere/hire-websphere-developers,,,0,1,34,1,0,0,1,0,1,404,2025-09-19 15:20:31,2026-04-17 20:08:11
,https://www.cloudemployee.io/websphere/outsource-websphere-development,,,0,1,34,1,0,0,1,0,1,404,2025-09-22 08:14:18,2026-04-17 06:09:51
,https://www.cloudemployee.io/websphere/remote-websphere-developer,,,0,1,34,1,0,0,1,0,1,404,2025-09-22 08:25:13,2026-04-17 18:18:57
,https://www.cloudemployee.io/webware,,,0,1,34,1,0,0,1,0,1,404,2025-09-19 12:21:12,2026-04-18 03:34:41
,https://www.cloudemployee.io/webware/dedicated-webware-developer,,,0,1,34,1,0,0,1,0,1,404,2025-09-22 07:09:35,2026-04-17 08:17:16
,https://www.cloudemployee.io/webware/hire-webware-developers,,,0,1,34,1,0,0,1,0,1,404,2025-09-21 23:43:49,2026-07-01 19:54:06
,https://www.cloudemployee.io/webware/outsource-webware-development,,,0,1,34,1,0,0,1,0,1,404,2025-09-22 07:12:21,2026-04-17 03:54:46
,https://www.cloudemployee.io/webware/remote-webware-developer,,,0,1,34,1,0,0,1,0,1,404,2025-09-22 07:14:50,2026-04-17 12:48:18
,https://www.cloudemployee.io/webwork,,,0,1,34,1,0,0,1,0,1,404,2025-09-19 00:23:30,2026-04-18 02:03:26
,https://www.cloudemployee.io/webwork/dedicated-webwork-developer,,,0,1,34,1,0,0,1,0,1,404,2025-09-19 17:53:05,2026-07-06 21:43:55
,https://www.cloudemployee.io/webwork/hire-webwork-developers,,,0,1,34,1,0,0,1,0,1,404,2025-09-19 11:45:17,2026-04-17 20:59:13
,https://www.cloudemployee.io/webwork/outsource-webwork-development,,,0,1,34,1,0,0,1,0,1,404,2025-09-19 17:51:33,2026-04-16 22:46:33
,https://www.cloudemployee.io/webwork/remote-webwork-developer,,,0,1,34,1,0,0,1,0,1,404,2025-09-19 17:47:35,2026-04-17 08:06:35
,https://www.cloudemployee.io/weebly,,,0,1,34,1,0,0,1,0,1,404,2025-09-09 08:51:26,2026-04-17 21:37:55
,https://www.cloudemployee.io/weebly/dedicated-weebly-developer,,,0,1,34,1,0,0,1,0,1,404,2025-09-22 19:28:18,2026-06-29 14:40:44
,https://www.cloudemployee.io/weebly/hire-weebly-developers,,,0,1,34,1,0,0,1,0,1,404,2025-09-19 00:11:47,2026-06-25 04:06:32
,https://www.cloudemployee.io/weebly/outsource-weebly-development,,,0,1,34,1,0,0,1,0,1,404,2025-09-22 18:18:44,2026-04-17 09:55:10
,https://www.cloudemployee.io/weebly/remote-weebly-developer,,,0,1,34,1,0,0,1,0,1,404,2025-09-22 19:29:41,2026-04-17 15:45:50
,https://www.cloudemployee.io/why-cloud-employee,,,11,1,34,133,0,130,133,0,3,301,2024-02-29 00:01:26,2026-07-03 15:31:11
,https://www.cloudemployee.io/why-our-model-works,,,11,1,34,133,0,130,133,0,3,301,2024-02-28 23:37:18,2026-05-30 14:59:22
,https://www.cloudemployee.io/why-our-model-works-old,,,0,1,34,2,0,1,2,0,2,404,2025-07-13 08:20:19,2026-06-26 12:11:04
,https://www.cloudemployee.io/why-the-philippines,,,11,1,34,133,0,130,133,0,3,301,2024-03-04 19:00:19,2026-05-26 07:18:55
,https://www.cloudemployee.io/why-the-philippines-old,,,0,1,34,2,0,1,2,0,2,404,2025-07-12 20:25:40,2026-04-16 12:09:49
,https://www.cloudemployee.io/winforms,,,0,1,34,1,0,0,1,0,1,404,2025-09-09 21:37:34,2026-07-07 20:04:41
,https://www.cloudemployee.io/winforms/dedicated-winforms-developer,,,0,1,34,1,0,0,1,0,1,404,2025-09-22 19:24:46,2026-04-17 17:05:03
,https://www.cloudemployee.io/winforms/hire-winforms-developers,,,0,1,34,1,0,0,1,0,1,404,2025-09-18 23:31:27,2026-07-10 19:40:33
,https://www.cloudemployee.io/winforms/outsource-winforms-development,,,0,1,34,1,0,0,1,0,1,404,2025-09-22 18:44:53,2026-07-08 14:42:25
,https://www.cloudemployee.io/winforms/remote-winforms-developer,,,0,1,34,1,0,0,1,0,1,404,2025-09-22 18:13:16,2026-04-17 07:27:44
,https://www.cloudemployee.io/woocommerce,,,0,1,34,2,0,1,2,0,2,404,2025-07-13 08:27:31,2026-04-09 15:19:27
,https://www.cloudemployee.io/woocommerce/dedicated-woocommerce-developer,,,0,1,34,1,0,0,1,0,1,404,2025-09-19 17:13:21,2026-07-02 20:22:48
,https://www.cloudemployee.io/woocommerce/outsource-woocommerce-development,,,0,1,34,1,0,0,1,0,1,404,2025-09-19 17:29:02,2026-07-09 15:13:08
,https://www.cloudemployee.io/woocommerce/remote-woocommerce-developer,,,0,1,34,1,0,0,1,0,1,404,2025-09-19 17:07:45,2026-04-18 03:04:37
,https://www.cloudemployee.io/wordpress,,,0,1,34,3,1,1,3,0,3,404,2025-07-13 07:11:11,2026-04-09 02:07:24
,https://www.cloudemployee.io/wordpress/dedicated-wordpress-developer,,,0,1,34,1,0,0,1,0,1,404,2025-09-19 17:13:59,2026-04-18 03:55:43
,https://www.cloudemployee.io/wordpress/hire-wordpress-developers,,,0,1,34,1,0,0,1,0,1,404,2025-09-10 04:39:20,2026-04-18 02:25:05
,https://www.cloudemployee.io/wordpress/outsource-wordpress-development,,,0,1,34,1,0,0,1,0,1,404,2025-09-19 15:58:39,2026-04-17 20:39:30
,https://www.cloudemployee.io/wordpress/remote-wordpress-developer,,,0,1,34,1,0,0,1,0,1,404,2025-09-19 17:14:14,2026-04-18 00:14:33
,https://www.cloudemployee.io/wowza,,,0,1,34,1,0,0,1,0,1,404,2025-09-09 07:43:28,2026-04-17 19:46:53
,https://www.cloudemployee.io/wowza/dedicated-wowza-developer,,,0,1,34,1,0,0,1,0,1,404,2025-09-19 18:13:06,2026-04-17 14:51:18
,https://www.cloudemployee.io/wowza/hire-wowza-developers,,,0,1,34,1,0,0,1,0,1,404,2025-09-18 23:57:58,2026-04-17 10:54:11
,https://www.cloudemployee.io/wowza/outsource-wowza-development,,,0,1,34,1,0,0,1,0,1,404,2025-09-19 18:13:15,2026-04-17 15:36:57
,https://www.cloudemployee.io/wowza/remote-wowza-developer,,,0,1,34,1,0,0,1,0,1,404,2025-09-22 22:08:49,2026-04-17 15:28:54
,https://www.cloudemployee.io/wpf,,,0,1,34,1,0,0,1,0,1,404,2025-09-19 13:55:59,2026-04-18 00:56:27
,https://www.cloudemployee.io/wpf/dedicated-wpf-developer,,,0,1,34,1,0,0,1,0,1,404,2025-09-19 17:52:55,2026-04-18 04:20:31
,https://www.cloudemployee.io/wpf/hire-wpf-developers,,,0,1,34,1,0,0,1,0,1,404,2025-09-19 11:56:09,2026-07-05 11:59:05
,https://www.cloudemployee.io/wpf/outsource-wpf-development,,,0,1,34,1,0,0,1,0,1,404,2025-09-19 17:47:25,2026-04-18 03:55:04
,https://www.cloudemployee.io/wpf/remote-wpf-developer,,,0,1,34,1,0,0,1,0,1,404,2025-09-19 17:53:32,2026-04-18 04:18:02
,https://www.cloudemployee.io/wt,,,0,1,34,1,0,0,1,0,1,404,2025-09-10 01:24:53,2026-04-18 02:37:46
,https://www.cloudemployee.io/wt/dedicated-wt-developer,,,0,1,34,1,0,0,1,0,1,404,2025-09-22 17:18:08,2026-04-17 20:18:18
,https://www.cloudemployee.io/wt/hire-wt-developers,,,0,1,34,1,0,0,1,0,1,404,2025-09-10 00:58:42,2026-04-17 18:20:23
,https://www.cloudemployee.io/wt/outsource-wt-development,,,0,1,34,1,0,0,1,0,1,404,2025-09-22 17:13:03,2026-04-17 08:09:03
,https://www.cloudemployee.io/wt/remote-wt-developer,,,0,1,34,1,0,0,1,0,1,404,2025-09-22 17:23:43,2026-06-30 07:20:44
,https://www.cloudemployee.io/xamarin,,,0,1,34,2,0,1,2,0,2,404,2025-07-13 08:02:10,2026-06-24 12:39:28
,https://www.cloudemployee.io/xamarin/dedicated-xamarin-developer,,,0,1,34,1,0,0,1,0,1,404,2025-09-22 20:49:16,2026-04-17 05:56:54
,https://www.cloudemployee.io/xamarin/outsource-xamarin-development,,,0,1,34,1,0,0,1,0,1,404,2025-09-23 12:11:50,2026-04-17 04:58:53
,https://www.cloudemployee.io/xamarin/remote-xamarin-developer,,,0,1,34,1,0,0,1,0,1,404,2025-09-23 11:41:13,2026-04-17 02:58:35
,https://www.cloudemployee.io/xcode,,,0,1,34,1,0,0,1,0,1,404,2025-09-15 12:54:14,2026-06-26 08:34:54
,https://www.cloudemployee.io/xcode/dedicated-xcode-developer,,,0,1,34,1,0,0,1,0,1,404,2025-09-23 16:49:24,2026-04-17 13:49:41
,https://www.cloudemployee.io/xcode/hire-xcode-developers,,,0,1,34,1,0,0,1,0,1,404,2025-09-10 07:26:44,2026-04-17 16:53:08
,https://www.cloudemployee.io/xcode/outsource-xcode-development,,,0,1,34,1,0,0,1,0,1,404,2025-09-23 16:45:23,2026-04-17 03:33:54
,https://www.cloudemployee.io/xcode/remote-xcode-developer,,,0,1,34,1,0,0,1,0,1,404,2025-09-23 16:54:22,2026-04-17 13:35:30
,https://www.cloudemployee.io/xero,,,0,1,34,1,0,0,1,0,1,404,2025-09-22 00:45:49,2026-04-17 06:40:10
,https://www.cloudemployee.io/xero/dedicated-xero-developer,,,0,1,34,1,0,0,1,0,1,404,2025-09-22 05:47:16,2026-04-17 06:52:13
,https://www.cloudemployee.io/xero/hire-xero-developers,,,0,1,34,1,0,0,1,0,1,404,2025-09-19 02:21:27,2026-04-17 21:04:55
,https://www.cloudemployee.io/xero/outsource-xero-development,,,0,1,34,1,0,0,1,0,1,404,2025-09-22 05:49:42,2026-04-17 09:37:54
,https://www.cloudemployee.io/xero/remote-xero-developer,,,0,1,34,1,0,0,1,0,1,404,2025-09-22 05:52:19,2026-04-17 10:30:51
,https://www.cloudemployee.io/xml,,,0,1,34,1,0,0,1,0,1,404,2025-09-19 17:49:32,2026-04-17 21:25:07
,https://www.cloudemployee.io/xml/dedicated-xml-developer,,,0,1,34,1,0,0,1,0,1,404,2025-09-16 12:34:20,2026-04-18 03:13:40
,https://www.cloudemployee.io/xml/hire-xml-developers,,,0,1,34,1,0,0,1,0,1,404,2025-09-10 02:04:10,2026-07-05 00:32:01
,https://www.cloudemployee.io/xml/outsource-xml-development,,,0,1,34,1,0,0,1,0,1,404,2025-09-16 12:31:11,2026-04-17 22:02:15
,https://www.cloudemployee.io/xml/remote-xml-developer,,,0,1,34,1,0,0,1,0,1,404,2025-09-16 12:28:04,2026-04-18 03:17:39
,https://www.cloudemployee.io/xna,,,0,1,34,1,0,0,1,0,1,404,2025-09-09 08:16:15,2026-07-13 00:18:03
,https://www.cloudemployee.io/xna/dedicated-xna-developer,,,0,1,34,1,0,0,1,0,1,404,2025-09-22 20:23:18,2026-04-17 16:29:49
,https://www.cloudemployee.io/xna/hire-xna-developers,,,0,1,34,1,0,0,1,0,1,404,2025-09-19 15:17:45,2026-04-17 09:20:13
,https://www.cloudemployee.io/xna/outsource-xna-development,,,0,1,34,1,0,0,1,0,1,404,2025-09-22 20:24:13,2026-04-17 02:16:04
,https://www.cloudemployee.io/xna/remote-xna-developer,,,0,1,34,1,0,0,1,0,1,404,2025-09-22 20:30:04,2026-04-17 12:30:30
,https://www.cloudemployee.io/xp,,,0,1,34,1,0,0,1,0,1,404,2025-09-09 16:51:28,2026-04-17 12:08:10
,https://www.cloudemployee.io/xp/dedicated-xp-developer,,,0,1,34,1,0,0,1,0,1,404,2025-09-22 22:22:23,2026-06-28 16:27:43
,https://www.cloudemployee.io/xp/hire-xp-developers,,,0,1,34,1,0,0,1,0,1,404,2025-09-22 09:13:53,2026-04-16 20:02:16
,https://www.cloudemployee.io/xp/outsource-xp-development,,,0,1,34,1,0,0,1,0,1,404,2025-09-22 22:07:42,2026-06-25 14:09:05
,https://www.cloudemployee.io/xp/remote-xp-developer,,,0,1,34,1,0,0,1,0,1,404,2025-09-22 22:06:37,2026-04-17 15:47:08
,https://www.cloudemployee.io/yesod,,,0,1,34,1,0,0,1,0,1,404,2025-09-09 18:42:54,2026-04-17 20:25:41
,https://www.cloudemployee.io/yesod/dedicated-yesod-developer,,,0,1,34,1,0,0,1,0,1,404,2025-09-22 19:47:39,2026-07-12 09:42:29
,https://www.cloudemployee.io/yesod/hire-yesod-developers,,,0,1,34,1,0,0,1,0,1,404,2025-09-19 02:34:49,2026-04-18 01:56:38
,https://www.cloudemployee.io/yesod/outsource-yesod-development,,,0,1,34,1,0,0,1,0,1,404,2025-09-22 19:51:16,2026-04-17 18:26:01
,https://www.cloudemployee.io/yesod/remote-yesod-developer,,,0,1,34,1,0,0,1,0,1,404,2025-09-22 19:48:50,2026-04-17 02:36:18
,https://www.cloudemployee.io/yii,,,0,1,34,2,0,1,2,0,2,404,2025-07-13 08:10:03,2026-03-14 13:03:31
,https://www.cloudemployee.io/yii/dedicated-yii-developer,,,0,1,34,1,0,0,1,0,1,404,2025-09-23 12:51:47,2026-04-17 07:11:44
,https://www.cloudemployee.io/yii/outsource-yii-development,,,0,1,34,1,0,0,1,0,1,404,2025-09-23 13:00:33,2026-04-17 07:32:05
,https://www.cloudemployee.io/yii/remote-yii-developer,,,0,1,34,1,0,0,1,0,1,404,2025-11-06 08:09:11,2026-04-17 03:31:40
,https://www.cloudemployee.io/ze-framework,,,0,1,34,1,0,0,1,0,1,404,2025-09-08 19:14:27,2026-06-29 21:54:54
,https://www.cloudemployee.io/ze-framework/dedicated-ze-framework-developer,,,0,1,34,1,0,0,1,0,1,404,2025-09-22 18:59:56,2026-04-17 09:08:54
,https://www.cloudemployee.io/ze-framework/hire-ze-framework-developers,,,0,1,34,1,0,0,1,0,1,404,2025-09-18 23:29:34,2026-04-18 06:07:19
,https://www.cloudemployee.io/ze-framework/outsource-ze-framework-development,,,0,1,34,1,0,0,1,0,1,404,2025-09-22 18:24:00,2026-07-05 02:27:45
,https://www.cloudemployee.io/ze-framework/remote-ze-framework-developer,,,0,1,34,1,0,0,1,0,1,404,2025-09-22 19:18:18,2026-04-17 07:01:13
,https://www.cloudemployee.io/zen-cart,,,0,1,34,1,0,0,1,0,1,404,2025-09-09 14:25:45,2026-04-17 08:53:14
,https://www.cloudemployee.io/zen-cart/dedicated-zen-cart-developer,,,0,1,34,1,0,0,1,0,1,404,2025-09-22 22:51:27,2026-07-07 03:41:59
,https://www.cloudemployee.io/zen-cart/hire-zen-cart-developers,,,0,1,34,1,0,0,1,0,1,404,2025-09-09 16:40:19,2026-06-27 10:01:44
,https://www.cloudemployee.io/zen-cart/outsource-zen-cart-development,,,0,1,34,1,0,0,1,0,1,404,2025-09-22 22:44:42,2026-04-17 02:27:11
,https://www.cloudemployee.io/zen-cart/remote-zen-cart-developer,,,0,1,34,1,0,0,1,0,1,404,2025-09-22 22:53:34,2026-04-17 10:08:12
,https://www.cloudemployee.io/zend,,,0,1,34,2,0,1,2,0,2,404,2025-07-13 08:21:38,2026-04-07 10:05:05
,https://www.cloudemployee.io/zend/dedicated-zend-developer,,,0,1,34,1,0,0,1,0,1,404,2025-09-23 13:08:05,2026-07-01 20:28:42
,https://www.cloudemployee.io/zend/hire-zend-developers,,,0,1,34,1,0,0,1,0,1,404,2025-09-19 16:57:25,2026-04-18 00:18:20
,https://www.cloudemployee.io/zend/outsource-zend-development,,,0,1,34,1,0,0,1,0,1,404,2025-09-23 13:12:04,2026-04-17 04:39:55
,https://www.cloudemployee.io/zend/remote-zend-developer,,,0,1,34,1,0,0,1,0,1,404,2025-09-23 13:04:24,2026-04-17 03:39:29
,https://www.cloudemployee.io/zk,,,0,1,34,1,0,0,1,0,1,404,2025-09-19 14:53:11,2026-04-17 16:57:40
,https://www.cloudemployee.io/zk/dedicated-zk-developer,,,0,1,34,1,0,0,1,0,1,404,2025-09-22 03:58:19,2026-04-17 07:48:08
,https://www.cloudemployee.io/zk/hire-zk-developers,,,0,1,34,1,0,0,1,0,1,404,2025-09-18 23:33:43,2026-04-17 21:30:29
,https://www.cloudemployee.io/zk/outsource-zk-development,,,0,1,34,1,0,0,1,0,1,404,2025-09-22 04:04:49,2026-07-06 03:53:34
,https://www.cloudemployee.io/zk/remote-zk-developer,,,0,1,34,1,0,0,1,0,1,404,2025-09-22 04:01:23,2026-04-17 10:11:13
,https://www.cloudemployee.io/zope-2,,,0,1,34,1,0,0,1,0,1,404,2025-09-19 14:23:53,2026-06-26 04:35:02
,https://www.cloudemployee.io/zope-2/dedicated-zope-2-developer,,,0,1,34,1,0,0,1,0,1,404,2025-09-22 09:12:17,2026-04-17 02:09:17
,https://www.cloudemployee.io/zope-2/hire-zope-2-developers,,,0,1,34,1,0,0,1,0,1,404,2025-09-22 01:21:28,2026-04-18 03:53:07
,https://www.cloudemployee.io/zope-2/outsource-zope-2-development,,,0,1,34,1,0,0,1,0,1,404,2025-09-22 09:25:01,2026-04-17 07:29:58
,https://www.cloudemployee.io/zope-2/remote-zope-2-developer,,,0,1,34,1,0,0,1,0,1,404,2025-09-22 09:35:02,2026-04-17 16:54:56
