"Address","Content Type","Status Code","Status","Indexability","Indexability Status","Title 1","Title 1 Length","Title 1 Pixel Width","Meta Description 1","Meta Description 1 Length","Meta Description 1 Pixel Width","Meta Keywords 1","Meta Keywords 1 Length","H1-1","H1-1 Length","H2-1","H2-1 Length","H2-2","H2-2 Length","Meta Robots 1","X-Robots-Tag 1","Meta Refresh 1","Canonical Link Element 1","rel=""next"" 1","rel=""prev"" 1","HTTP rel=""next"" 1","HTTP rel=""prev"" 1","amphtml Link Element","Size (bytes)","Transferred (bytes)","Total Transferred (bytes)","CO2 (mg)","Carbon Rating","Word Count","Sentence Count","Average Words Per Sentence","Flesch Reading Ease Score","Readability","Text Ratio","Crawl Depth","Folder Depth","Link Score","Inlinks","Unique Inlinks","Unique JS Inlinks","% of Total","Outlinks","Unique Outlinks","Unique JS Outlinks","External Outlinks","Unique External Outlinks","Unique External JS Outlinks","Closest Near Duplicate Match","No. Near Duplicates","Spelling Errors","Grammar Errors","Hash","Response Time","Last Modified","Redirect URL","Redirect Type","Cookies","Language","HTTP Version","Mobile Alternate Link","Closest Semantically Similar Address","Semantic Similarity Score","No. Semantically Similar","Semantic Relevance Score","URL Encoded Address","Crawl Timestamp"
"https://staging.jakevibes.dev/","text/html; charset=utf-8","200","OK","Indexable","","Hire Engineers Vetted by Engineers | Cloud Employee","51","471","We embed senior engineers full time in your team, tools, and timezone within 7 days. Vetted by senior engineers, not recruiters. HR and payroll handled.","152","926","","0","Hire engineers vetted by engineers","34","Staff augmentation, embedded","28","How it works","12","index, follow","","","https://staging.jakevibes.dev/","","","","","","438520","57948","57948","22.199","","1450","322","4.503","90.184","Very Easy","2.332","0","0","","715","337","0","50.000","124","50","0","1","1","0","","","","","93b806e28b7fced19e41c2e1ac90f30d","0.826","","","","","en-US","1.1","","","","","","https://staging.jakevibes.dev/","2026-07-28 16:56:30"
"https://staging.jakevibes.dev/ai-in-software-development","text/html; charset=utf-8","200","OK","Indexable","","AI in Software Development Knowledge Hub | Cloud Employee","57","552","Discover how AI transforms software development. Learn about AI trends, tools, and how to hire skilled AI developers for future-ready engineering teams.","152","944","","0","AI in Software Development Knowledge Hub","40","All articles","12","Featured articles","17","index, follow","","","https://staging.jakevibes.dev/ai-in-software-development","","","","","","260723","36392","36392","13.941","","1080","180","6.000","40.867","Hard","3.670","0","0","","15","14","0","2.080","124","59","0","3","3","0","","","","","d1d44d4e7b150753c41377145d2fb7cc","1.965","","","","","en-US","1.1","","","","","","https://staging.jakevibes.dev/ai-in-software-development","2026-07-28 16:56:30"
"https://staging.jakevibes.dev/ai-in-software-development/shaping-whats-next-how-future-forward-is-advancing-ai-at-cloud-employee","text/html; charset=utf-8","200","OK","Indexable","","Shaping What’s Next: How Future Forward is Advancing AI at Cloud Employee | Cloud Employee","90","846","Tech isn’t standing still. Neither are we. Future Forward is how we make sure every developer you work with can push further.","125","771","","0","Shaping What’s Next: How Future Forward is Advancing AI at Cloud Employee","73","More articles on AI in Software Development…","44","Ready to hire your next engineer?","33","index, follow","","","https://staging.jakevibes.dev/ai-in-software-development/shaping-whats-next-how-future-forward-is-advancing-ai-at-cloud-employee","","","","","","225558","30807","30807","11.802","","679","119","5.706","51.779","Fairly Hard","2.872","0","1","","5","5","0","0.740","116","53","0","1","1","0","","","","","f9300a63f64cff245ba8b26b369db6d2","2.019","","","","","en-US","1.1","","","","","","https://staging.jakevibes.dev/ai-in-software-development/shaping-whats-next-how-future-forward-is-advancing-ai-at-cloud-employee","2026-07-28 16:56:30"
"https://staging.jakevibes.dev/ai-in-software-development/securing-ai-the-ctos-guide-to-validation-and-minimum-safety-standards","text/html; charset=utf-8","200","OK","Indexable","","Securing AI: The CTO’s Guide to Validation & Safety Standards | Cloud Employee","78","711","Discover how to validate, secure, and govern AI responsibly. This guide for CTOs covers model accuracy, hallucination checks, bias audits, data security, and client-facing AI risks.","181","1091","","0","Securing AI: The CTO's Guide to Validation and Minimum Safety Standards","71","TL;DR","5","Why AI Validation is Non-Negotiable","35","index, follow","","","https://staging.jakevibes.dev/ai-in-software-development/securing-ai-the-ctos-guide-to-validation-and-minimum-safety-standards","","","","","","240317","33815","33815","12.954","","885","172","5.145","45.891","Hard","3.325","0","1","","10","6","0","0.890","120","53","0","2","2","0","","","","","1a9fc65fe2cf7ad604f2753b15e27674","2.076","","","","","en-US","1.1","","","","","","https://staging.jakevibes.dev/ai-in-software-development/securing-ai-the-ctos-guide-to-validation-and-minimum-safety-standards","2026-07-28 16:56:30"
"https://staging.jakevibes.dev/about-us","text/html; charset=utf-8","200","OK","Indexable","","About Us | Cloud Employee","25","239","Meet the Cloud Employee team. We embed senior engineers full-time in your team, tools, and timezone. Vetted by engineers, not recruiters, worldwide.","148","918","","0","Built by engineers, for engineering teams","41","We started because hiring was broken. It still is , unless you change who does the vetting.","91","Meet the people behind the placements","37","index, follow","","","https://staging.jakevibes.dev/about-us","","","","","","336014","41780","41780","16.005","","1433","308","4.653","73.943","Fairly Easy","3.116","0","0","","698","336","0","49.850","157","83","0","1","1","0","","","","","95420cc3f33830766b3c4d004856d793","2.146","","","","","en-US","1.1","","","","","","https://staging.jakevibes.dev/about-us","2026-07-28 16:56:30"
"https://staging.jakevibes.dev/ai-in-software-development/why-staff-augmentation-matters-in-the-age-of-ai","text/html; charset=utf-8","200","OK","Indexable","","Why Staff Augmentation Matters in the Age of AI | Cloud Employee","64","593","AI is accelerating demand for AI engineers. Learn how staff augmentation for AI projects solves the global AI talent shortage and speeds delivery.","146","894","","0","Why Staff Augmentation Matters in the Age of AI","47","TL;DR","5","AI is raising the bar, not replacing it","39","index, follow","","","https://staging.jakevibes.dev/ai-in-software-development/why-staff-augmentation-matters-in-the-age-of-ai","","","","","","290764","43909","43909","16.821","","1941","333","5.829","55.124","Fairly Hard","5.117","0","1","","7","5","0","0.740","118","53","0","14","14","0","","","","","e8763b5f626cebdd88be7591076fd6df","0.845","","","","","en-US","1.1","","","","","","https://staging.jakevibes.dev/ai-in-software-development/why-staff-augmentation-matters-in-the-age-of-ai","2026-07-28 16:56:32"
"https://staging.jakevibes.dev/book-a-call","text/html; charset=utf-8","200","OK","Indexable","","Book a Discovery Call | Cloud Employee | Cloud Employee","55","506","Book a free 30-minute discovery call with Cloud Employee. Discuss your engineering team needs and see if we're the right fit.","125","762","","0","Schedule a call with us today","29","Ready to hire your next engineer?","33","","0","index, follow","","","https://staging.jakevibes.dev/book-a-call","","","","","","190065","24091","24091","9.229","","273","52","5.250","44.082","Hard","2.027","0","0","","825","463","0","68.690","115","50","0","1","1","0","","","","","21e1f793e6a0318c0f443e6798832d94","0.448","","","","","en-US","1.1","","","","","","https://staging.jakevibes.dev/book-a-call","2026-07-28 16:56:33"
"https://staging.jakevibes.dev/alternatives","text/html; charset=utf-8","200","OK","Indexable","","Cloud Employee Alternatives | Compare Providers Side by Side | Cloud Employee","77","714","Explore Cloud Employee vs top alternatives. Compare outsourcing, freelancing & agencies to find the best way to scale your engineering team.","140","873","","0","Cloud Employee: Comparisons & Reviews","37","Featured","8","All alternatives","16","index, follow","","","https://staging.jakevibes.dev/alternatives","https://staging.jakevibes.dev/alternatives?page=2","","","","","289931","34005","34005","13.027","","880","185","4.757","62.705","Normal","2.736","0","0","","676","336","0","49.850","131","66","0","1","1","0","","","","","59c28ed27421584fed296809e9ab9bf4","0.495","","","","","en-US","1.1","","","","","","https://staging.jakevibes.dev/alternatives","2026-07-28 16:56:33"
"https://staging.jakevibes.dev/book-a-call/aj","text/html; charset=utf-8","200","OK","Indexable","","Schedule a call with AJ Develos | Cloud Employee","48","440","Book a call with AJ Develos at Cloud Employee today. Schedule instantly through our easy online calendar to discuss your hiring needs and scale your tech team","158","984","","0","Book a call with AJ","19","Ready to hire your next engineer?","33","","0","index, follow","","","https://staging.jakevibes.dev/book-a-call/aj","","","","","","191088","24209","24209","9.274","","269","51","5.275","43.918","Hard","1.996","0","1","","3","3","0","0.450","114","51","0","1","1","0","","","","","d7bffa7517021a9e40d3e92128a71473","0.496","","","","","en-US","1.1","","","","","","https://staging.jakevibes.dev/book-a-call/aj","2026-07-28 16:56:33"
"https://staging.jakevibes.dev/book-a-call/anto","text/html; charset=utf-8","200","OK","Indexable","","Schedule a call with Anto Čabraja | Cloud Employee","50","456","Book a call with Anto Čabraja at Cloud Employee today. Schedule instantly through our easy online calendar to discuss your hiring needs and scale your tech","155","963","","0","Book a call with Anto","21","Ready to hire your next engineer?","33","","0","index, follow","","","https://staging.jakevibes.dev/book-a-call/anto","","","","","","190444","24182","24182","9.264","","269","51","5.275","43.603","Hard","2.004","0","1","","3","3","0","0.450","114","51","0","1","1","0","","","","","7d6ccd2dbe73bab70348f2d1fb26b765","0.388","","","","","en-US","1.1","","","","","","https://staging.jakevibes.dev/book-a-call/anto","2026-07-28 16:56:33"
"https://staging.jakevibes.dev/blog","text/html; charset=utf-8","200","OK","Indexable","","All Blogs & Guides | Cloud Employee","35","319","From the future of work to hiring and retaining exceptional talent, find our expert insights, CTO profiles, thought pieces and more.","132","793","","0","All Blogs & Guides","18","Featured","8","All articles","12","index, follow","","","https://staging.jakevibes.dev/blog","https://staging.jakevibes.dev/blog?page=2","","","","","342112","37819","37819","14.488","","869","184","4.723","53.967","Fairly Hard","2.360","0","0","","1054","336","0","49.850","141","75","0","1","1","0","","","","","fd829b43022ccca7c7a693e5b1bc2d65","0.649","","","","","en-US","1.1","","","","","","https://staging.jakevibes.dev/blog","2026-07-28 16:56:33"
"https://staging.jakevibes.dev/book-a-call/seb","text/html; charset=utf-8","200","OK","Indexable","","Schedule a call with Seb Hall | Cloud Employee","46","414","Book a call with Seb Hall at Cloud Employee today. Schedule instantly through our easy online calendar to discuss your hiring needs and scale your tech team","156","966","","0","Book a call with Seb","20","Ready to hire your next engineer?","33","","0","index, follow","","","https://staging.jakevibes.dev/book-a-call/seb","","","","","","191115","24501","24501","9.386","","269","51","5.275","43.918","Hard","1.996","0","1","","3","3","0","0.450","114","51","0","1","1","0","","","","","45560b86565de997956c4eb6d5394f","0.451","","","","","en-US","1.1","","","","","","https://staging.jakevibes.dev/book-a-call/seb","2026-07-28 16:56:33"
"https://staging.jakevibes.dev/book-a-call/molly","text/html; charset=utf-8","200","OK","Indexable","","Schedule a call with Molly Miller | Cloud Employee","50","442","Book a call with Molly Miller at Cloud Employee today. Schedule instantly through our easy online calendar to discuss your hiring needs and scale your tech team with top global developers.","188","1154","","0","Book a call with Molly","22","Ready to hire your next engineer?","33","","0","index, follow","","","https://staging.jakevibes.dev/book-a-call/molly","","","","","","191465","24645","24645","9.441","","269","51","5.275","43.603","Hard","1.994","0","1","","1","1","0","0.150","114","51","0","1","1","0","","","","","20929f6687969d5cc9fd04861c7af801","0.656","","","","","en-US","1.1","","","","","","https://staging.jakevibes.dev/book-a-call/molly","2026-07-28 16:56:33"
"https://staging.jakevibes.dev/book-a-call/shawnee","text/html; charset=utf-8","200","OK","Indexable","","Schedule a call with Shawnee Malesich | Cloud Employee","54","507","Book a call with Shawnee Malesich at Cloud Employee today. Schedule instantly through our easy online calendar to discuss your hiring needs and scale your tech","159","996","","0","Book a call with Shawnee","24","Ready to hire your next engineer?","33","","0","index, follow","","","https://staging.jakevibes.dev/book-a-call/shawnee","","","","","","191325","24701","24701","9.462","","269","51","5.275","43.603","Hard","1.996","0","1","","1","1","0","0.150","114","51","0","1","1","0","","","","","2b2eaa8ee92873529e5ff9b2113f4d53","0.658","","","","","en-US","1.1","","","","","","https://staging.jakevibes.dev/book-a-call/shawnee","2026-07-28 16:56:33"
"https://staging.jakevibes.dev/book-a-call/stephanie","text/html; charset=utf-8","200","OK","Indexable","","Schedule a call with Stephanie Bird | Cloud Employee","52","470","Book a call with Stephanie Bird at Cloud Employee today. Schedule instantly through our easy online calendar to discuss your hiring needs and scale your tech","157","971","","0","Book a call with Stephanie","26","Ready to hire your next engineer?","33","","0","index, follow","","","https://staging.jakevibes.dev/book-a-call/stephanie","","","","","","191271","24715","24715","9.468","","269","51","5.275","43.603","Hard","1.998","0","1","","3","3","0","0.450","114","51","0","1","1","0","","","","","a55f278811cbd482f6c3d874ec924ffd","0.384","","","","","en-US","1.1","","","","","","https://staging.jakevibes.dev/book-a-call/stephanie","2026-07-28 16:56:34"
"https://staging.jakevibes.dev/compare/arc-dev-alternatives-for-startups-2026-comparison-guide","text/html; charset=utf-8","200","OK","Indexable","","Arc.dev Alternatives: 2026 CTO Comparison Guide | Cloud Employee","64","606","Arc.dev alternatives for CTOs comparing retention, cost, and integration depth across Cloud Employee, Toptal, Gun.io, and X-Team.","129","808","","0","CloudEmployee vs","16","Why CTOs look for Arc.dev alternatives: The retention gap","57","5 best Arc.dev alternatives for senior engineering talent","57","index, follow","","","https://staging.jakevibes.dev/compare/arc-dev-alternatives-for-startups-2026-comparison-guide","","","","","","312787","49330","49330","18.897","","3192","524","6.092","53.636","Fairly Hard","7.568","0","1","","2","2","0","0.300","114","51","0","36","21","0","","","","","438cd8d3b67b61274c83140396aa18e2","0.419","","","","","en-US","1.1","","","","","","https://staging.jakevibes.dev/compare/arc-dev-alternatives-for-startups-2026-comparison-guide","2026-07-28 16:56:34"
"https://staging.jakevibes.dev/compare/arc-dev-contract-cancellation-exit-terms","text/html; charset=utf-8","200","OK","Indexable","","Arc.dev Exit Costs: Contract Terms & Cancellation Guide | Cloud Employee","72","659","Arc.dev contract terms carry hidden exit friction. 10 day notice, 12 month non-solicitation, and 20% placement fees explained.","126","771","","0","CloudEmployee vs","16","Arc.dev contract: Duration & your obligations","45","Arc.dev agreement termination requirements","42","index, follow","","","https://staging.jakevibes.dev/compare/arc-dev-contract-cancellation-exit-terms","","","","","","315271","50088","50088","19.188","","3674","611","6.013","47.098","Hard","8.608","0","1","","2","2","0","0.300","114","51","0","21","19","0","","","","","949b9b84a0c98ce13de080a9548161e3","0.409","","","","","en-US","1.1","","","","","","https://staging.jakevibes.dev/compare/arc-dev-contract-cancellation-exit-terms","2026-07-28 16:56:34"
"https://staging.jakevibes.dev/compare/arc-dev-to-dedicated-team-migration-guide","text/html; charset=utf-8","200","OK","Indexable","","Arc.dev Alternative: Migration Guide for CTOs in 2026 | Cloud Employee","70","634","Switching from Arc.dev to a dedicated team requires a clear plan. This guide offers CTOs a 4-phase migration playbook to transition seamlessly.","143","885","","0","CloudEmployee vs","16","Why scaling companies outgrow the Arc.dev freelance model","57","The cost math: Freelance markups vs. dedicated team margins","59","index, follow","","","https://staging.jakevibes.dev/compare/arc-dev-to-dedicated-team-migration-guide","","","","","","313942","50279","50279","19.261","","3177","515","6.169","56.138","Fairly Hard","7.368","0","1","","2","2","0","0.300","114","51","0","17","17","0","","","","","419b056224227f747f51b3496e2c8a4c","0.554","","","","","en-US","1.1","","","","","","https://staging.jakevibes.dev/compare/arc-dev-to-dedicated-team-migration-guide","2026-07-28 16:56:34"
"https://staging.jakevibes.dev/compare/arc-dev-vetting-process-vs-cloud-employees-cto-led-technical-assessment","text/html; charset=utf-8","200","OK","Indexable","","Arc.dev Vetting Process: CTO Guide to Developer Quality | Cloud Employee","72","663","Arc.dev vetting process accepts 2.3% of applicants through standardized tests but misses architectural judgment and team fit signals.","133","829","","0","CloudEmployee vs Arc.dev Vetting Process","40","The core difference: algorithmic matching vs. CTO-led validation","64","Dissecting the Arc.dev vetting process","38","index, follow","","","https://staging.jakevibes.dev/compare/arc-dev-vetting-process-vs-cloud-employees-cto-led-technical-assessment","","","","","","304954","47752","47752","18.293","","2788","449","6.209","45.291","Hard","6.989","0","1","","2","2","0","0.300","114","51","0","17","13","0","","","","","b8282f464b41308e1df476085ccf7b51","0.530","","","","","en-US","1.1","","","","","","https://staging.jakevibes.dev/compare/arc-dev-vetting-process-vs-cloud-employees-cto-led-technical-assessment","2026-07-28 16:56:34"
"https://staging.jakevibes.dev/compare/arc-dev-pricing-vs-cloud-employee-true-cost","text/html; charset=utf-8","200","OK","Indexable","","Arc.dev Pricing 2026: True Cost vs Cloud Employee Model | Cloud Employee","72","671","Arc.dev pricing runs $60-$150+/hr compounding to $12.8k-$24k/month before 20% placement fees vs our $6k-$14k fully-loaded model.","128","837","","0","CloudEmployee vs Arc.dev Pricing Breakdown: True Cost","53","The real cost of Arc.dev: Hourly rates and platform fees explained","66","Hidden costs in the marketplace model that shorten runway","57","index, follow","","","https://staging.jakevibes.dev/compare/arc-dev-pricing-vs-cloud-employee-true-cost","","","","","","303530","46567","46567","17.839","","2611","455","5.738","55.982","Fairly Hard","6.518","0","1","","2","2","0","0.300","114","51","0","21","18","0","","","","","ca6fc81254f6fd0fa4f740c4fc993d82","0.508","","","","","en-US","1.1","","","","","","https://staging.jakevibes.dev/compare/arc-dev-pricing-vs-cloud-employee-true-cost","2026-07-28 16:56:34"
"https://staging.jakevibes.dev/compare/cloud-employee-vs-arc-dev","text/html","308","Permanent Redirect","Non-Indexable","Redirected","","0","0","","0","0","","0","","0","","0","","0","","","","","","","","","","0","0","0","0.000","","0","","","","","0.000","0","1","","1","1","0","0.150","0","0","0","0","0","0","","","","","","0.042","","https://staging.jakevibes.dev/compare","HTTP Redirect","","","1.1","","","","","","https://staging.jakevibes.dev/compare/cloud-employee-vs-arc-dev","2026-07-28 16:56:35"
"https://staging.jakevibes.dev/compare/arc-dev-vs-toptal-vs-cloud-employee-which-model-fits-your-runway","text/html; charset=utf-8","200","OK","Indexable","","Arc.dev Alternatives That Extend Your Runway 2026 | Cloud Employee","66","619","Arc.dev vs Toptal vs Cloud Employee comparison shows how hourly billing kills runway while fixed costs extend cash by 6-12 months.","130","821","","0","CloudEmployee vs Arc.dev vs. Toptal","35","The runway equation: Why cost predictability matters more than hourly rates","75","Arc.dev analysis: The hidden volatility of freelance marketplaces","65","index, follow","","","https://staging.jakevibes.dev/compare/arc-dev-vs-toptal-vs-cloud-employee-which-model-fits-your-runway","","","","","","306465","47685","47685","18.267","","2788","464","6.009","54.932","Fairly Hard","6.823","0","1","","2","2","0","0.300","114","51","0","19","19","0","","","","","88dfe6508813a5854f3282abd9a4b4a3","0.425","","","","","en-US","1.1","","","","","","https://staging.jakevibes.dev/compare/arc-dev-vs-toptal-vs-cloud-employee-which-model-fits-your-runway","2026-07-28 16:56:34"
"https://staging.jakevibes.dev/compare/cloud-employee-no-hidden-fees-transparency","text/html; charset=utf-8","200","OK","Indexable","","Cloud Employee Pricing: No Hidden Fees or Surprise Costs | Cloud Employee","73","677","Cloud Employee pricing starts at $3K monthly with no hidden fees, no placement costs, and no conversion charges for offshore developers.","136","856","","0","CloudEmployee vs","16","The real cost of offshore developers and staff augmentation","59","How hidden fees inflate offshore development budgets by 25 percent","66","index, follow","","","https://staging.jakevibes.dev/compare/cloud-employee-no-hidden-fees-transparency","","","","","","302787","46915","46915","17.972","","2790","438","6.370","58.884","Fairly Hard","6.770","0","1","","2","2","0","0.300","114","51","0","22","20","0","","","","","811bb19b9851bca5fd521fe766268ece","0.390","","","","","en-US","1.1","","","","","","https://staging.jakevibes.dev/compare/cloud-employee-no-hidden-fees-transparency","2026-07-28 16:56:35"
"https://staging.jakevibes.dev/compare/cloud-employee-pricing-plans-cost-breakdown","text/html; charset=utf-8","200","OK","Indexable","","Cloud Employee Pricing 2026: Rates, Plans & Cost Guide | Cloud Employee","71","657","Cloud Employee pricing ranges from $3,000 to $14,000 per month per developer. Complete 2026 cost breakdown and contract terms.","126","822","","0","CloudEmployee vs","16","How much does Cloud Employee cost per developer?","48","What's included in the monthly fee?","35","index, follow","","","https://staging.jakevibes.dev/compare/cloud-employee-pricing-plans-cost-breakdown","","","","","","339938","52480","52480","20.104","","3484","540","6.452","55.296","Fairly Hard","7.418","0","1","","2","2","0","0.300","114","51","0","39","32","0","","","","","29354ba4c53fe0c081a23b02a0f0bc98","0.421","","","","","en-US","1.1","","","","","","https://staging.jakevibes.dev/compare/cloud-employee-pricing-plans-cost-breakdown","2026-07-28 16:56:35"
"https://staging.jakevibes.dev/compare/cloud-employee-vs-andela","text/html; charset=utf-8","200","OK","Indexable","","Cloud Employee vs. Andela | Transparent, Embedded, and Retention-Focused | Cloud Employee","89","840","Compare Cloud Employee vs. Andela - two leading engineering talent models. See how Cloud Employee delivers transparency, retention, and CTO-led vetting for US teams.","165","1044","","0","CloudEmployee vs Andela","23","Engineering Scale Meets Strategic Integration","45","FAQs - About this comparison","28","index, follow","","","https://staging.jakevibes.dev/compare/cloud-employee-vs-andela","","","","","","256579","37322","37322","14.297","","1421","223","6.372","37.776","Hard","4.720","0","1","","3","3","0","0.450","114","51","0","3","3","0","","","","","430d9501291d627cb44655841a2460ff","0.469","","","","","en-US","1.1","","","","","","https://staging.jakevibes.dev/compare/cloud-employee-vs-andela","2026-07-28 16:56:35"
"https://staging.jakevibes.dev/compare/cloud-employee-vs-bairesdev-reviews","text/html; charset=utf-8","200","OK","Indexable","","Cloud Employee vs. BairesDev Review | Cloud Employee","52","495","Compare BairesDev and Cloud Employee, two global tech talent models. Discover Cloud Employee’s transparent, embedded approach to scaling teams.","143","931","","0","CloudEmployee vs BairesDev","26","BairesDev in Context","20","FAQs - About this comparison","28","index, follow","","","https://staging.jakevibes.dev/compare/cloud-employee-vs-bairesdev-reviews","","","","","","262923","39190","39190","15.013","","1836","307","5.980","30.597","Hard","5.922","0","1","","2","2","0","0.300","114","51","0","3","3","0","","","","","841cf87dd1a221de59f2dd72d6c767e3","0.448","","","","","en-US","1.1","","","","","","https://staging.jakevibes.dev/compare/cloud-employee-vs-bairesdev-reviews","2026-07-28 16:56:35"
"https://staging.jakevibes.dev/compare/cloud-employee-vs-beon-tech","text/html; charset=utf-8","200","OK","Indexable","","Cloud Employee vs BEON.tech | Nearshore Staff Augmentation | Cloud Employee","75","715","Compare Cloud Employee and BEON.tech. Learn how Cloud Employee’s global, transparent staff augmentation model differs from BEON’s nearshore solutions.","150","984","","0","CloudEmployee vs BEON.tech","26","Nearshore Excellence Meets Global Integration","45","FAQs - About this comparison","28","index, follow","","","","","","","","","263090","38740","38740","14.841","","1457","253","5.759","40.093","Hard","4.744","0","1","","3","3","0","0.450","114","51","0","3","3","0","","","","","67530081c303011b34492fdffb47d575","0.443","","","","","en-US","1.1","","","","","","https://staging.jakevibes.dev/compare/cloud-employee-vs-beon-tech","2026-07-28 16:56:35"
"https://staging.jakevibes.dev/compare/cloud-employee-vs-clouddevs","text/html; charset=utf-8","200","OK","Indexable","","Cloud Employee vs CloudDevs | Managed Teams vs Freelance | Cloud Employee","73","709","Compare Cloud Employee and CloudDevs. See how Cloud Employee’s embedded, global staff augmentation model delivers transparency, retention, and control beyond freelance marketplaces.","181","1178","","0","CloudEmployee vs CloudDevs","26","Freelance Flexibility vs. Embedded Continuity","45","FAQs - About this comparison","28","index, follow","","","https://staging.jakevibes.dev/compare/cloud-employee-vs-clouddevs","","","","","","264906","38592","38592","14.784","","1492","236","6.322","43.466","Hard","4.802","0","1","","3","3","0","0.450","114","51","0","4","4","0","","","","","5c144be0bb45ab87c219bc7057231512","0.379","","","","","en-US","1.1","","","","","","https://staging.jakevibes.dev/compare/cloud-employee-vs-clouddevs","2026-07-28 16:56:36"
"https://staging.jakevibes.dev/compare/cloud-employee-vs-fiverr","text/html; charset=utf-8","200","OK","Indexable","","Cloud Employee vs. Fiverr Review | Cloud Employee","49","456","A Fiverr review for CTOs: explore Fiverr’s freelance marketplace and see how Cloud Employee delivers vetted, embedded software engineers with full transparency.","160","997","","0","CloudEmployee vs Fiverr","23","Global Access vs. Engineering Continuity","40","FAQs - About this comparison","28","index, follow","","","https://staging.jakevibes.dev/compare/cloud-employee-vs-fiverr","","","","","","261872","39413","39413","15.098","","1664","275","6.051","40.492","Hard","5.310","0","1","","2","2","0","0.300","114","51","0","5","5","0","","","","","704c07aa9d66614a15981f7d42c84df6","0.378","","","","","en-US","1.1","","","","","","https://staging.jakevibes.dev/compare/cloud-employee-vs-fiverr","2026-07-28 16:56:36"
"https://staging.jakevibes.dev/compare/cloud-employee-vs-contra","text/html; charset=utf-8","200","OK","Indexable","","Cloud Employee vs. Contra Review | Cloud Employee","49","465","A Contra review for CTOs: explore Contra’s contract work platform and see how Cloud Employee delivers full-time, embedded engineers with transparent pricing and retention.","171","1072","","0","CloudEmployee vs Contra","23","Freelance Flexibility vs. Engineering Continuity","48","FAQs - About this comparison","28","index, follow","","","https://staging.jakevibes.dev/compare/cloud-employee-vs-contra","","","","","","266553","39256","39256","15.038","","1606","257","6.249","39.194","Hard","5.137","0","1","","2","2","0","0.300","114","51","0","5","5","0","","","","","bb9c8ae01065a7b2bf71b66d47c40ffc","0.626","","","","","en-US","1.1","","","","","","https://staging.jakevibes.dev/compare/cloud-employee-vs-contra","2026-07-28 16:56:36"
"https://staging.jakevibes.dev/compare/cloud-employee-vs-proxify","text/html; charset=utf-8","200","OK","Indexable","","Cloud Employee vs. Proxify Review | Cloud Employee","50","467","A Proxify review for technology leaders: see how Cloud Employee expands on vetted talent with deeper embedding, transparency, retention, and CTO-led processes.","159","1005","","0","CloudEmployee vs Proxify","24","Scaling with Confidence in a Vetted World","41","FAQs - About this comparison","28","index, follow","","","https://staging.jakevibes.dev/compare/cloud-employee-vs-proxify","","","","","","258769","38124","38124","14.605","","1521","244","6.234","42.321","Hard","4.932","0","1","","2","2","0","0.300","114","51","0","5","5","0","","","","","29ba254111583ff01bb1718e91ead6d5","0.377","","","","","en-US","1.1","","","","","","https://staging.jakevibes.dev/compare/cloud-employee-vs-proxify","2026-07-28 16:56:36"
"https://staging.jakevibes.dev/compare/cloud-employee-vs-turing","text/html; charset=utf-8","200","OK","Indexable","","Cloud Employee vs Turing | Embedded Engineers vs AI-Powered Talent Platform | Cloud Employee","92","870","Compare Cloud Employee vs Turing: we examine how Cloud Employee’s embedded, full-time engineers stack up against Turing’s AI-driven remote talent model.","152","975","","0","CloudEmployee vs Turing","23","AI in Talent Sourcing, Human in Delivery","40","FAQs - About this comparison","28","index, follow","","","https://staging.jakevibes.dev/compare/cloud-employee-vs-turing","","","","","","263767","38527","38527","14.759","","1458","233","6.258","46.080","Hard","4.632","0","1","","2","2","0","0.300","114","51","0","5","4","0","","","","","44f0277bd65b850ad646233eb532729d","0.498","","","","","en-US","1.1","","","","","","https://staging.jakevibes.dev/compare/cloud-employee-vs-turing","2026-07-28 16:56:36"
"https://staging.jakevibes.dev/compare/cloud-employee-vs-unosquare","text/html; charset=utf-8","200","OK","Indexable","","Cloud Employee vs Unosquare | Global Reach vs Nearshore Focus | Cloud Employee","78","740","Compare Cloud Employee and Unosquare. See how Cloud Employee’s multi-region, embedded model delivers transparency, retention, and control beyond nearshore LATAM delivery.","170","1110","","0","CloudEmployee vs Unosquare","26","Nearshore Delivery Meets Global Integration","43","FAQs - About this comparison","28","index, follow","","","https://staging.jakevibes.dev/compare/cloud-employee-vs-unosquare","","","","","","256692","36765","36765","14.084","","1262","201","6.279","40.513","Hard","4.294","0","1","","2","2","0","0.300","114","51","0","2","2","0","","","","","a934ae6a9c0ab8e6326038842bc67000","0.597","","","","","en-US","1.1","","","","","","https://staging.jakevibes.dev/compare/cloud-employee-vs-unosquare","2026-07-28 16:56:36"
"https://staging.jakevibes.dev/compare/dedicated-teams-vs-toptal","text/html; charset=utf-8","200","OK","Indexable","","Dedicated teams vs Toptal: cost, continuity, and product velocity comparison | Cloud Employee","93","839","Toptal costs $12K-$24K per month per developer. Dedicated teams deliver 97% retention and $252K annual savings for 3-person teams.","130","838","","0","CloudEmployee vs","16","What CTOs need to know before comparing models","46","Cost per engineer: dedicated vs Toptal","38","index, follow","","","https://staging.jakevibes.dev/compare/dedicated-teams-vs-toptal","","","","","","360857","56774","56774","21.749","","4002","655","6.110","49.719","Hard","8.261","0","1","","2","2","0","0.300","114","51","0","34","29","0","","","","","4afc091b206d84ad31c291fec6c13fce","0.391","","","","","en-US","1.1","","","","","","https://staging.jakevibes.dev/compare/dedicated-teams-vs-toptal","2026-07-28 16:56:37"
"https://staging.jakevibes.dev/compare/cloud-employee-vs-upwork","text/html; charset=utf-8","200","OK","Indexable","","Cloud Employee vs. UpWork Review | Cloud Employee","49","475","An Upwork review for CTOs: explore Upwork’s freelance marketplace and discover how Cloud Employee offers vetted, full-time engineers with transparency and retention.","165","1042","","0","CloudEmployee vs UpWork","23","Freelance Access vs. Engineering Consistency","44","FAQs - About this comparison","28","index, follow","","","","","","","","","261490","39388","39388","15.089","","1557","251","6.203","36.664","Hard","5.118","0","1","","2","2","0","0.300","114","51","0","5","5","0","","","","","bf64326a695a401797afa7cf571710d5","0.487","","","","","en-US","1.1","","","","","","https://staging.jakevibes.dev/compare/cloud-employee-vs-upwork","2026-07-28 16:56:36"
"https://staging.jakevibes.dev/compare/freelancers","text/html; charset=utf-8","200","OK","Indexable","","Freelancers vs Cloud Employee | Talent Quality & Reliability | Cloud Employee","77","683","Cloud Employee vs Freelancers Reviews. Explore why Cloud Employee is the top alternative for CTOs needing reliable, long-term engineering capacity.","147","916","","0","CloudEmployee vs Freelancers","28","Freelancers in Context","22","Ready to hire your next engineer?","33","index, follow","","","https://staging.jakevibes.dev/compare/freelancers","","","","","","250287","35747","35747","13.694","","1341","259","5.178","38.752","Hard","4.698","0","1","","2","2","0","0.300","114","51","0","3","3","0","","","","","147db9a6c41076388ff78b6eae3a54ef","0.374","","","","","en-US","1.1","","","","","","https://staging.jakevibes.dev/compare/freelancers","2026-07-28 16:56:37"
"https://staging.jakevibes.dev/compare/inhouse-hiring","text/html; charset=utf-8","200","OK","Indexable","","Cloud Employee vs. In-House Hiring Reviews | Cloud Employee","59","552","In-house hiring can be costly and slow. Discover reviews, pros, cons, and why Cloud Employee is the leading alternative to hiring in-house in 2025.","147","892","","0","CloudEmployee vs In-House Hiring","32","Hiring In-House in Context","26","Ready to hire your next engineer?","33","index, follow","","","https://staging.jakevibes.dev/compare/inhouse-hiring","","","","","","254838","38727","38727","14.836","","1749","313","5.588","46.378","Hard","5.593","0","1","","2","2","0","0.300","114","51","0","6","6","0","","","","","c0f9c24c2b95de4b9a3ad2914a410130","0.375","","","","","en-US","1.1","","","","","","https://staging.jakevibes.dev/compare/inhouse-hiring","2026-07-28 16:56:37"
"https://staging.jakevibes.dev/compare/switching-from-arc-dev-to-a-dedicated-development-team","text/html; charset=utf-8","200","OK","Indexable","","Arc.dev Alternative: Migrate to Dedicated Team in 4 Weeks | Cloud Employee","74","684","Switching from Arc.dev to a dedicated team requires a structured 4-week overlap to retain knowledge and cut costs by 50-75%.","124","781","","0","CloudEmployee vs","16","Arc.dev's shortcomings for scaling teams","40","Preventing product degradation post-Arc.dev","43","index, follow","","","https://staging.jakevibes.dev/compare/switching-from-arc-dev-to-a-dedicated-development-team","","","","","","309641","50278","50278","19.261","","3212","521","6.165","47.945","Hard","7.837","0","1","","2","2","0","0.300","114","51","0","20","19","0","","","","","e5f64421e4993bccff26f63de27eccf3","0.417","","","","","en-US","1.1","","","","","","https://staging.jakevibes.dev/compare/switching-from-arc-dev-to-a-dedicated-development-team","2026-07-28 16:56:37"
"https://staging.jakevibes.dev/compare/the-hidden-costs-of-arc-dev-screening-time-failed-hires-and-context-switching","text/html; charset=utf-8","200","OK","Indexable","","Arc.dev Total Cost of Ownership for CTOs in 2026 | Cloud Employee","65","599","Arc.dev's hidden costs include CTO screening time, context switching overhead, and churn that can double your effective hourly rate.","132","815","","0","CloudEmployee vs","16","The true cost of ownership: why hourly rates mislead CTOs","57","Hidden cost #1: the 30-hour screening burden on your leadership team","68","index, follow","","","https://staging.jakevibes.dev/compare/the-hidden-costs-of-arc-dev-screening-time-failed-hires-and-context-switching","","","","","","311484","48615","48615","18.623","","3154","494","6.385","58.300","Fairly Hard","7.376","0","1","","2","2","0","0.300","114","51","0","13","11","0","","","","","f3b925f92aedeec94a19fdf678cac675","0.415","","","","","en-US","1.1","","","","","","https://staging.jakevibes.dev/compare/the-hidden-costs-of-arc-dev-screening-time-failed-hires-and-context-switching","2026-07-28 16:56:37"
"https://staging.jakevibes.dev/compare/toptal-limitations","text/html; charset=utf-8","200","OK","Indexable","","Toptal limitations: When freelance developers falls short for engineering teams | Cloud Employee","96","864","Toptal limitations reveal when freelance talent falls short for engineering teams building core products and requiring long-term commitment.","140","862","","0","CloudEmployee vs","16","What makes Toptal's model structurally different from full-time teams?","70","The churn tax: Impact on your product vision","44","index, follow","","","https://staging.jakevibes.dev/compare/toptal-limitations","","","","","","315087","51425","51425","19.700","","3601","526","6.846","44.430","Hard","8.631","0","1","","2","2","0","0.300","114","51","0","12","11","0","","","","","d943c2ac1514da4337fa8a6a9dfea557","0.529","","","","","en-US","1.1","","","","","","https://staging.jakevibes.dev/compare/toptal-limitations","2026-07-28 16:56:37"
"https://staging.jakevibes.dev/contact","text/html; charset=utf-8","200","OK","Indexable","","Cloud Employee - Contact","24","229","Contact us and start building your tech team today.","51","319","","0","Contact us today","16","Our Locations","13","Ready to hire your next engineer?","33","index, follow","","","https://staging.jakevibes.dev/contact","","","","","","208627","27127","27127","10.392","","524","99","5.293","61.970","Normal","2.559","0","0","","339","337","0","50.000","114","50","0","2","2","0","","","","","dc6f51c561b55531df23cdd0c1bd5bc1","0.408","","","","","en-US","1.1","","","","","","https://staging.jakevibes.dev/contact","2026-07-28 16:56:38"
"https://staging.jakevibes.dev/compare/toptal-vs-upwork","text/html; charset=utf-8","200","OK","Indexable","","Toptal vs Upwork: Premium vs General Platform Comparison | Cloud Employee","73","702","Toptal vs Upwork comparison: premium vetting and cost breakdown for CTOs choosing between managed networks and open marketplaces.","129","871","","0","CloudEmployee vs","16","Key differences: premium vs. general models","43","In-depth evaluation for quality engineer hires","46","index, follow","","","https://staging.jakevibes.dev/compare/toptal-vs-upwork","","","","","","307025","47375","47375","18.148","","2997","481","6.231","50.591","Fairly Hard","7.388","0","1","","2","2","0","0.300","114","51","0","13","12","0","","","","","374227cab9212cd4869502f1522126eb","0.365","","","","","en-US","1.1","","","","","","https://staging.jakevibes.dev/compare/toptal-vs-upwork","2026-07-28 16:56:38"
"https://staging.jakevibes.dev/compare/toptal-vs-cloud-employee-freelance-marketplace-vs-dedicated-staff-augmentation","text/html; charset=utf-8","200","OK","Indexable","","Toptal vs Cloud Employee: Freelance Marketplace vs Dedicated Staff Augmentation | Cloud Employee","96","903","Toptal vs Cloud Employee comparison: freelance marketplace rates versus dedicated staff augmentation for scaling engineering teams.","131","835","","0","CloudEmployee vs Toptal","23","Choose your scaling model: Toptal vs. CE","40","Developer screening and quality standards","41","index, follow","","","https://staging.jakevibes.dev/compare/toptal-vs-cloud-employee-freelance-marketplace-vs-dedicated-staff-augmentation","","","","","","324451","51934","51934","19.895","","3495","533","6.557","50.949","Fairly Hard","7.998","0","1","","2","2","0","0.300","114","51","0","24","23","0","","","","","12d42ca6050b03ff981d175ac97d0d","0.697","","","","","en-US","1.1","","","","","","https://staging.jakevibes.dev/compare/toptal-vs-cloud-employee-freelance-marketplace-vs-dedicated-staff-augmentation","2026-07-28 16:56:37"
"https://staging.jakevibes.dev/customer-story/engage","text/html; charset=utf-8","200","OK","Indexable","","EngageRM x Cloud Employee Customer Story | Results & Review | Cloud Employee","76","727","Customer story in progress... - learn more about Cloud Employee and the impact we've had for customers like EngageRM.","117","746","","0","Customer story in progress...","29","Ready to hire your next engineer?","33","","0","index, follow","","","https://staging.jakevibes.dev/customer-story/engage","","","","","","197599","25656","25656","9.828","","271","53","5.113","41.810","Hard","1.948","0","1","","1","1","0","0.150","114","51","0","1","1","0","","","","","5c9d049b2136326701a6d959d43a8cd2","0.381","","","","","en-US","1.1","","","","","","https://staging.jakevibes.dev/customer-story/engage","2026-07-28 16:56:38"
"https://staging.jakevibes.dev/customer-stories","text/html; charset=utf-8","200","OK","Indexable","","Our Customer Stories | Cloud Employee","37","351","See how fast-scaling tech companies use Cloud Employee to hire top nearshore developers who integrate seamlessly, deliver fast, and stick around. Real results, real teams.","171","1056","","0","Our Customer Stories","20","What the difference feels like","30","Ready to hire your next engineer?","33","index, follow","","","","","","","","","318613","37861","37861","14.504","","992","178","5.573","66.603","Normal","2.524","0","0","","1710","453","0","67.210","137","65","0","1","1","0","","","","","6a4d4ee63142577dc7b6ac523f28153e","0.431","","","","","en-US","1.1","","","","","","https://staging.jakevibes.dev/customer-stories","2026-07-28 16:56:38"
"https://staging.jakevibes.dev/customer-story/cleanlink","text/html; charset=utf-8","200","OK","Indexable","","CleanLink x Cloud Employee Customer Story | Results & Review | Cloud Employee","77","720","How CleanLink created an augmented tech team of three in 2 weeks - learn more about Cloud Employee and the impact we've had for customers like CleanLink.","153","978","","0","How CleanLink created an augmented tech team of three in 2 weeks","64","The customer","12","The impact","10","index, follow","","","https://staging.jakevibes.dev/customer-story/cleanlink","","","","","","214185","28944","28944","11.088","","516","85","6.071","58.526","Fairly Hard","2.495","0","1","","1","1","0","0.150","115","51","0","3","3","0","","","","","981dec950b003a39be62e929440c6e50","0.442","","","","","en-US","1.1","","","","","","https://staging.jakevibes.dev/customer-story/cleanlink","2026-07-28 16:56:38"
"https://staging.jakevibes.dev/customer-story/event-connections","text/html; charset=utf-8","200","OK","Indexable","","Event Connections x Cloud Employee Customer Story | Results | Cloud Employee","76","712","How Event Connections broke through the UK developer bottleneck - learn more about Cloud Employee and the impact we've had for customers like Event Connections.","160","1028","","0","How Event Connections broke through the UK developer bottleneck","63","The customer","12","The problem","11","index, follow","","","https://staging.jakevibes.dev/customer-story/event-connections","","","","","","255525","36202","36202","13.868","","1284","191","6.723","49.063","Hard","4.162","0","1","","337","336","0","49.850","115","50","0","4","4","0","","","","","975b95d35a0268ad1a0bfca3d1154966","0.535","","","","","en-US","1.1","","","","","","https://staging.jakevibes.dev/customer-story/event-connections","2026-07-28 16:56:38"
"https://staging.jakevibes.dev/customer-story/fulfillment","text/html; charset=utf-8","200","OK","Indexable","","Fulfillment x Cloud Employee Customer Story | Results & | Cloud Employee","72","659","Customer story in progress... - learn more about Cloud Employee and the impact we've had for customers like Fulfillment .","121","746","","0","Customer story in progress...","29","Ready to hire your next engineer?","33","","0","index, follow","","","","","","","","","198550","25961","25961","9.945","","281","54","5.204","42.590","Hard","1.977","0","1","","1","1","0","0.150","114","51","0","1","1","0","","","","","342903e6e046ad9b618ff11392c0103d","0.673","","","","","en-US","1.1","","","","","","https://staging.jakevibes.dev/customer-story/fulfillment","2026-07-28 16:56:38"
"https://staging.jakevibes.dev/customer-story/g","text/html; charset=utf-8","200","OK","Indexable","","G x Cloud Employee Customer Story | Results & Review | Cloud Employee","69","646","Customer story in progress... - learn more about Cloud Employee and the impact we've had for customers like G.","110","688","","0","Customer story in progress...","29","Ready to hire your next engineer?","33","","0","index, follow","","","https://staging.jakevibes.dev/customer-story/g","","","","","","196965","25431","25431","9.742","","271","53","5.113","42.747","Hard","1.950","0","1","","1","1","0","0.150","114","51","0","1","1","0","","","","","c976024b4f99e5d88ea5a965df142c9c","0.600","","","","","en-US","1.1","","","","","","https://staging.jakevibes.dev/customer-story/g","2026-07-28 16:56:39"
"https://staging.jakevibes.dev/customer-story/hotelplan","text/html; charset=utf-8","200","OK","Indexable","","Hotelplan x Cloud Employee Customer Story | Results & Review | Cloud Employee","77","718","Customer story in progress... - learn more about Cloud Employee and the impact we've had for customers like Hotelplan.","118","738","","0","Customer story in progress...","29","Ready to hire your next engineer?","33","","0","index, follow","","","https://staging.jakevibes.dev/customer-story/hotelplan","","","","","","197587","25485","25485","9.763","","271","53","5.113","41.810","Hard","1.948","0","1","","1","1","0","0.150","114","51","0","1","1","0","","","","","4c6d590c53ff3c30ba5905c48139ab2c","0.366","","","","","en-US","1.1","","","","","","https://staging.jakevibes.dev/customer-story/hotelplan","2026-07-28 16:56:39"
"https://staging.jakevibes.dev/customer-story/jetaboard","text/html; charset=utf-8","200","OK","Indexable","","Jetaboard x Cloud Employee Customer Story | Results & Review | Cloud Employee","77","723","Customer story in progress... - learn more about Cloud Employee and the impact we've had for customers like Jetaboard.","118","743","","0","Customer story in progress...","29","Ready to hire your next engineer?","33","","0","index, follow","","","https://staging.jakevibes.dev/customer-story/jetaboard","","","","","","197292","25783","25783","9.877","","271","53","5.113","41.810","Hard","1.951","0","1","","1","1","0","0.150","114","51","0","1","1","0","","","","","6286b2d1c530ca6455f4c926b6693bb1","0.600","","","","","en-US","1.1","","","","","","https://staging.jakevibes.dev/customer-story/jetaboard","2026-07-28 16:56:39"
"https://staging.jakevibes.dev/customer-story/mercato","text/html; charset=utf-8","200","OK","Indexable","","Mercato x Cloud Employee Customer Story | Results & Review | Cloud Employee","75","706","How Mercato extended their talent options by hiring globally  - learn more about Cloud Employee and the impact we've had for customers like Mercato.","148","921","","0","How Mercato extended their talent options by hiring globally","60","The customer","12","The impact","10","index, follow","","","https://staging.jakevibes.dev/customer-story/mercato","","","","","","207901","27960","27960","10.711","","480","81","5.926","52.594","Fairly Hard","2.480","0","1","","1","1","0","0.150","115","51","0","2","2","0","","","","","6e4a5cf7098c54678011e22242b72774","0.374","","","","","en-US","1.1","","","","","","https://staging.jakevibes.dev/customer-story/mercato","2026-07-28 16:56:39"
"https://staging.jakevibes.dev/customer-story/salmon-software","text/html; charset=utf-8","200","OK","Indexable","","Salmon Software x Cloud Employee Customer Story | Results & | Cloud Employee","76","717","How Salmon Software scaled their tech team in just 6 weeks - learn more about Cloud Employee and the impact we've had for customers like Salmon Software.","153","976","","0","How Salmon Software scaled their tech team in just 6 weeks","58","The customer","12","The problem","11","index, follow","","","https://staging.jakevibes.dev/customer-story/salmon-software","","","","","","251701","35180","35180","13.477","","1180","169","6.982","57.290","Fairly Hard","3.875","0","1","","337","336","0","49.850","115","50","0","4","4","0","","","","","98d157b9e568895f95c7d0cd278fe0d2","1.504","","","","","en-US","1.1","","","","","","https://staging.jakevibes.dev/customer-story/salmon-software","2026-07-28 16:56:39"
"https://staging.jakevibes.dev/customer-story/tidal","text/html; charset=utf-8","200","OK","Indexable","","Tidal x Cloud Employee Customer Story | Results & Review | Cloud Employee","73","676","Customer story in progress... - learn more about Cloud Employee and the impact we've had for customers like Tidal.","114","708","","0","Customer story in progress...","29","Ready to hire your next engineer?","33","","0","index, follow","","","https://staging.jakevibes.dev/customer-story/tidal","","","","","","197117","25259","25259","9.676","","271","53","5.113","42.123","Hard","1.951","0","1","","1","1","0","0.150","114","51","0","1","1","0","","","","","f272d27bbcb8b60013b046dd5959b3ee","1.498","","","","","en-US","1.1","","","","","","https://staging.jakevibes.dev/customer-story/tidal","2026-07-28 16:56:40"
"https://staging.jakevibes.dev/customer-story/scorpion","text/html; charset=utf-8","200","OK","Indexable","","Scorpion x Cloud Employee Customer Story | Results & Review | Cloud Employee","76","710","Customer story in progress... - learn more about Cloud Employee and the impact we've had for customers like Scorpion.","117","733","","0","Customer story in progress...","29","Ready to hire your next engineer?","33","","0","index, follow","","","","","","","","","198461","26018","26018","9.967","","282","54","5.222","43.134","Hard","1.978","0","1","","1","1","0","0.150","114","51","0","1","1","0","","","","","d915cac1e52682fd603178edc7a60113","1.692","","","","","en-US","1.1","","","","","","https://staging.jakevibes.dev/customer-story/scorpion","2026-07-28 16:56:40"
"https://staging.jakevibes.dev/customer-story/travel-tech-client","text/html; charset=utf-8","200","OK","Indexable","","Travel Tech Client x Cloud Employee Customer Story | | Cloud Employee","69","637","How we helped our Travel Tech Client scale to a team of 35 - learn more about Cloud Employee and the impact we've had for customers like Travel Tech Client.","156","969","","0","How we helped our Travel Tech Client scale to a team of 35","58","The customer","12","The impact","10","index, follow","","","https://staging.jakevibes.dev/customer-story/travel-tech-client","","","","","","214020","29398","29398","11.262","","524","85","6.165","59.309","Fairly Hard","2.492","0","1","","1","1","0","0.150","115","51","0","2","2","0","","","","","d5d3cfecb01628bfaa120dd7efd2bd16","1.477","","","","","en-US","1.1","","","","","","https://staging.jakevibes.dev/customer-story/travel-tech-client","2026-07-28 16:56:40"
"https://staging.jakevibes.dev/customer-story/sqr","text/html; charset=utf-8","200","OK","Indexable","","SQR x Cloud Employee Customer Story | Results & Review | Cloud Employee","71","670","How SQR scaled their development team and boosted retention - learn more about Cloud Employee and the impact we've had for customers like SQR.","142","916","","0","How SQR scaled their development team and boosted retention","59","The customer","12","The impact","10","index, follow","","","https://staging.jakevibes.dev/customer-story/sqr","","","","","","213513","29562","29562","11.325","","498","81","6.148","55.178","Fairly Hard","2.447","0","1","","1","1","0","0.150","115","51","0","3","3","0","","","","","2bccdb90dc06973dd86842b77f5ab21","1.930","","","","","en-US","1.1","","","","","","https://staging.jakevibes.dev/customer-story/sqr","2026-07-28 16:56:40"
"https://staging.jakevibes.dev/customer-story/travelx","text/html; charset=utf-8","200","OK","Indexable","","Travelx x Cloud Employee Customer Story | Results & Review | Cloud Employee","75","698","Customer story in progress... - learn more about Cloud Employee and the impact we've had for customers like Travelx.","116","723","","0","Customer story in progress...","29","Ready to hire your next engineer?","33","","0","index, follow","","","https://staging.jakevibes.dev/customer-story/travelx","","","","","","197601","25185","25185","9.648","","271","53","5.113","42.123","Hard","1.947","0","1","","1","1","0","0.150","114","51","0","1","1","0","","","","","3c7bae88fd0dd59a9744f9c83401aa71","0.451","","","","","en-US","1.1","","","","","","https://staging.jakevibes.dev/customer-story/travelx","2026-07-28 16:56:41"
"https://staging.jakevibes.dev/customer-story/waya","text/html; charset=utf-8","200","OK","Indexable","","Waya x Cloud Employee Customer Story | Results & Review | Cloud Employee","72","681","Customer story in progress... - learn more about Cloud Employee and the impact we've had for customers like Waya.","113","713","","0","Customer story in progress...","29","Ready to hire your next engineer?","33","","0","index, follow","","","https://staging.jakevibes.dev/customer-story/waya","","","","","","197530","25345","25345","9.709","","271","53","5.113","42.435","Hard","1.946","0","1","","1","1","0","0.150","114","51","0","1","1","0","","","","","4b5ebb20f601753f6e6a0cf1029ac3bb","0.511","","","","","en-US","1.1","","","","","","https://staging.jakevibes.dev/customer-story/waya","2026-07-28 16:56:42"
"https://staging.jakevibes.dev/customer-story/virgin","text/html; charset=utf-8","200","OK","Indexable","","Customer story in progress | Cloud Employee","43","399","Customer story in progress.","27","172","","0","Customer story in progress...","29","Ready to hire your next engineer?","33","","0","index, follow","","","https://staging.jakevibes.dev/customer-story/virgin","","","","","","196770","25436","25436","9.744","","273","53","5.151","42.013","Hard","1.963","0","1","","1","1","0","0.150","114","51","0","1","1","0","","","","","e347f9b0ad53905fbb20783e337ff8cf","0.530","","","","","en-US","1.1","","","","","","https://staging.jakevibes.dev/customer-story/virgin","2026-07-28 16:56:42"
"https://staging.jakevibes.dev/download/why-top-devs-wont-apply","text/html; charset=utf-8","200","OK","Indexable","","Developer Hiring Playbook | Why Job Ads Fail & What Works Instead | Cloud Employee","82","760","Download Cloud Employee’s Developer Hiring Playbook. Learn why job ads don’t attract top engineers and discover proven sourcing strategies to hire senior developers faster and more cost-effectively.","198","1234","","0","The Developer Hiring Playbook","29","How to Rethink Developer Hiring","31","Access Talent Your Competitors Can’t","36","index, follow","","","","","","","","","236276","32080","32080","12.289","","728","116","6.276","56.250","Fairly Hard","2.841","0","1","","2","2","0","0.300","114","51","0","3","2","0","","","","","16077f02c668e985841cdf9291663f87","0.491","","","","","en-US","1.1","","","","","","https://staging.jakevibes.dev/download/why-top-devs-wont-apply","2026-07-28 16:56:42"
"https://staging.jakevibes.dev/events","text/html; charset=utf-8","200","OK","Indexable","","Events & Webinars | Cloud Employee","34","324","Join live and on-demand webinars on outsourcing, nearshoring, and scaling tech teams. Get insights from experts on hiring and managing developers.","146","925","","0","Events & Webinars","17","All events & webinars","21","Ready to hire your next engineer?","33","index, follow","","","https://staging.jakevibes.dev/events","","","","","","198324","26323","26323","10.084","","352","65","5.415","47.520","Hard","2.231","0","0","","342","336","0","49.850","118","50","0","1","1","0","","","","","f184d2daef7e5309091834e99f8d76c","0.480","","","","","en-US","1.1","","","","","","https://staging.jakevibes.dev/events","2026-07-28 16:56:42"
"https://staging.jakevibes.dev/customer-story/willo","text/html; charset=utf-8","200","OK","Indexable","","Willo® x Cloud Employee Customer Story | Results & Review | Cloud Employee","74","692","How VC-backed Willo® grew a development team in the Philippines without ever visiting - learn more about Cloud Employee and the impact we've had for customers","158","1007","","0","How VC-backed Willo® grew a development team in the Philippines without ever visiting","85","The customer","12","The problem","11","index, follow","","","https://staging.jakevibes.dev/customer-story/willo","","","","","","249816","35139","35139","13.461","","1190","170","7.000","55.768","Fairly Hard","3.909","0","1","","337","336","0","49.850","115","50","0","4","4","0","","","","","2145aefdcbf5c31fc2792b5047bb572e","0.484","","","","","en-US","1.1","","","","","","https://staging.jakevibes.dev/customer-story/willo","2026-07-28 16:56:42"
"https://staging.jakevibes.dev/download/10-ai-prompts","text/html; charset=utf-8","200","OK","Indexable","","10 AI Prompts for Engineers 2025 | Cloud Employee | Cloud Employee","66","615","Get Cloud Employee’s 10 AI Prompts Worth Building Into Your Stack. Practical, tested prompts that cut PR cycles, speed up planning, and embed AI into engineering workflows.","172","1079","","0","10 AI Prompts Worth Building Into Your Stack","44","Turning These AI Prompts Into Your Engineering Copilot","54","Make AI a Strategic Advantage","29","index, follow","","","https://staging.jakevibes.dev/download/10-ai-prompts","","","","","","238193","31209","31209","11.956","","663","112","5.920","55.743","Fairly Hard","2.676","0","1","","2","2","0","0.300","114","51","0","5","3","0","","","","","5ec493a59529fa5f73e3194c465fcbec","0.491","","","","","en-US","1.1","","","","","","https://staging.jakevibes.dev/download/10-ai-prompts","2026-07-28 16:56:42"
"https://staging.jakevibes.dev/downloads","text/html; charset=utf-8","200","OK","Indexable","","Free Downloads | Cloud Employee","31","301","Download free hiring guides, playbooks, and developer resources to help you streamline recruitment, scale teams, and manage engineers effectively.","146","910","","0","Free Downloads","14","All free downloads","18","Ready to hire your next engineer?","33","index, follow","","","https://staging.jakevibes.dev/downloads","","","","","","213175","28380","28380","10.872","","413","74","5.581","49.792","Hard","2.285","0","0","","1014","336","0","49.850","120","52","0","1","1","0","","","","","a0ebc4c6b57db80da56a2fcc5bc722e","0.584","","","","","en-US","1.1","","","","","","https://staging.jakevibes.dev/downloads","2026-07-28 16:56:42"
"https://staging.jakevibes.dev/for-developers","text/html; charset=utf-8","200","OK","Indexable","","For Engineers | Cloud Employee","30","280","Get matched to the best companies, wherever you are. Real full-time roles, real employment and healthcare, one conversation instead of 500 applications.","152","945","","0","","0","Two minutes. Then you're in.","28","Ready to hire your next engineer?","33","index, follow","","","https://staging.jakevibes.dev/for-developers","","","","","","318189","45192","45192","17.312","","1062","211","5.033","82.155","Easy","2.587","0","0","","1009","336","0","49.850","114","50","0","1","1","0","","","","","3ad2a16afe582813492e277bbd531c0b","0.431","","","","","en-US","1.1","","","","","","https://staging.jakevibes.dev/for-developers","2026-07-28 16:56:43"
"https://staging.jakevibes.dev/hiring-tips/hiring-developers-in-the-philippines-cost-quality-culture-fit-for-outsourced-software-development","text/html; charset=utf-8","200","OK","Indexable","","Hiring Developers in the Philippines: Cost, Quality & Culture Fit | Cloud Employee","82","711","Discover why hiring developers in the Philippines delivers cost efficiency, high-quality talent, and strong culture fit. Learn how remote staffing Philippines works best.","170","1010","","0","Hiring Developers in the Philippines: Cost, Quality & Culture Fit for Outsourced Software Development","101","TL;DR","5","A Hub Born from BPO, Raised in Innovation","41","index, follow","","","","","","","","","326064","53696","53696","20.570","","3302","542","6.092","47.772","Hard","7.565","0","1","","350","337","0","50.000","119","53","0","5","5","0","","","","","a04d58949a07f54b3fa9e3f01a6fd3d4","0.506","","","","","en-US","1.1","","","","","","https://staging.jakevibes.dev/hiring-tips/hiring-developers-in-the-philippines-cost-quality-culture-fit-for-outsourced-software-development","2026-07-28 16:56:43"
"https://staging.jakevibes.dev/hiring-tips/developer-vetting-in-latam-live-pair-programming-coding-tests-and-quality-signals-that-matter","text/html; charset=utf-8","200","OK","Indexable","","Developer Vetting in LATAM: Live Pair Programming, Coding Tests, and Quality Signals That Matter | Cloud Employee","113","1042","Developer vetting in LATAM requires live pair programming and CTO-led technical assessment to separate senior talent from junior hires.","135","839","","0","Developer Vetting in LATAM: Live Pair Programming, Coding Tests, and Quality Signals That Matter","96","TL;DR","5","Why cheap offshore contractors fail","35","index, follow","","","https://staging.jakevibes.dev/hiring-tips/developer-vetting-in-latam-live-pair-programming-coding-tests-and-quality-signals-that-matter","","","","","","333416","52906","52906","20.267","","3097","488","6.346","46.928","Hard","7.077","0","1","","27","9","0","1.340","135","53","0","18","17","0","","","","","870c514555d5c99507177d778b9d8008","0.596","","","","","en-US","1.1","","","","","","https://staging.jakevibes.dev/hiring-tips/developer-vetting-in-latam-live-pair-programming-coding-tests-and-quality-signals-that-matter","2026-07-28 16:56:43"
"https://staging.jakevibes.dev/hiring-tips","text/html; charset=utf-8","200","OK","Indexable","","Hiring Developers Knowledge Hub | Cloud Employee","48","461","Learn effective hiring tips for remote software engineers, nearshore, and offshore teams. Speed up recruitment and retention through smart staff augmentation.","158","989","","0","Hiring Developers Knowledge Hub","31","All articles","12","Featured articles:","18","index, follow","","","https://staging.jakevibes.dev/hiring-tips","","","","","","296167","39628","39628","15.181","","1428","236","6.051","41.743","Hard","4.153","0","0","","15","14","0","2.080","133","62","0","3","3","0","","","","","2dfa1340aa2d54a3697686a8eb0389e0","1.332","","","","","en-US","1.1","","","","","","https://staging.jakevibes.dev/hiring-tips","2026-07-28 16:56:43"
"https://staging.jakevibes.dev/hiring-tips/how-to-avoid-costly-mistakes-when-hiring-a-remote-developer","text/html; charset=utf-8","200","OK","Indexable","","How to Avoid Costly Mistakes When Hiring a Remote Developer | Cloud Employee","76","722","Learn how to hire remote developers who align with your business goals. Discover skills to look for, pitfalls to avoid, and how Cloud Employee delivers results.","160","965","","0","How to Avoid Costly Mistakes When Hiring a Remote Developer","59","TL;DR","5","The Real Challenge in Remote Hiring","35","index, follow","","","https://staging.jakevibes.dev/hiring-tips/how-to-avoid-costly-mistakes-when-hiring-a-remote-developer","","","","","","288133","43308","43308","16.590","","2146","338","6.349","52.203","Fairly Hard","5.655","0","1","","10","7","0","1.040","119","53","0","12","11","0","","","","","642f63b3401d0761618447b408dd0080","0.619","","","","","en-US","1.1","","","","","","https://staging.jakevibes.dev/hiring-tips/how-to-avoid-costly-mistakes-when-hiring-a-remote-developer","2026-07-28 16:56:44"
"https://staging.jakevibes.dev/hiring-tips/how-to-run-pair-programming-interviews-cloud-employees-hiring-sop","text/html; charset=utf-8","200","OK","Indexable","","Pair Programming Interviews: Cloud Employee’s Hiring SOP for Engineers | Cloud Employee","87","811","Learn how Cloud Employee runs pair programming interviews to reduce hiring risk, assess real-world engineering skills, and achieve a 97% developer match rate.","158","984","","0","How to Run Pair Programming Interviews: Cloud Employee’s Hiring SOP","67","TL;DR","5","Why We Hire Engineers This Way","30","index, follow","","","https://staging.jakevibes.dev/hiring-tips/how-to-run-pair-programming-interviews-cloud-employees-hiring-sop","","","","","","283620","40653","40653","15.573","","1401","250","5.604","65.219","Normal","3.903","0","1","","21","9","0","1.340","129","53","0","4","4","0","","","","","953dca955e85b1e494fa12b686207120","0.584","","","","","en-US","1.1","","","","","","https://staging.jakevibes.dev/hiring-tips/how-to-run-pair-programming-interviews-cloud-employees-hiring-sop","2026-07-28 16:56:44"
"https://staging.jakevibes.dev/hiring-tips/our-proven-model-for-onboarding-software-developers","text/html; charset=utf-8","200","OK","Indexable","","Our proven model for successfully onboarding software developers (97%+ retention rate of more than 2 years) | Cloud Employee","124","1136","A CTO-grade, repeatable model for onboarding remote software developers that drives fast ramp-up and 97%+ retention beyond two years.","133","857","","0","Getting onboarding right: Our proven model for successfully onboarding software developers (97%+ retention rate of more than 2 years)","133","TL;DR","5","Why onboarding is strategic, not administrative","47","index, follow","","","https://staging.jakevibes.dev/hiring-tips/our-proven-model-for-onboarding-software-developers","","","","","","303680","48509","48509","18.583","","2818","474","5.945","58.680","Fairly Hard","6.676","0","1","","8","5","0","0.740","119","53","0","10","10","0","","","","","f5bdb934ad860d981c176010b39cfe30","0.442","","","","","en-US","1.1","","","","","","https://staging.jakevibes.dev/hiring-tips/our-proven-model-for-onboarding-software-developers","2026-07-28 16:56:44"
"https://staging.jakevibes.dev/hiring-tips/the-reality-of-modern-tech-recruitment-a-broken-system","text/html; charset=utf-8","200","OK","Indexable","","The Reality of Modern Tech Recruitment: A Broken System | Cloud Employee","72","679","DIY job boards waste time; 90% of CVs are irrelevant. Agencies charge $15K-$20K per hire, yet 60% of devs leave within a year.","126","775","","0","The Reality of Modern Tech Recruitment: A Broken System","55","TL;DR","5","The Reality of Modern Tech Recruitment: A Broken System","55","index, follow","","","","","","","","","243984","36150","36150","13.848","","1215","184","6.603","58.088","Fairly Hard","4.089","0","1","","7","4","0","0.590","119","53","0","1","1","0","","","","","4b5fc8e59ee73df5a5691053bb912ea6","0.432","","","","","en-US","1.1","","","","","","https://staging.jakevibes.dev/hiring-tips/the-reality-of-modern-tech-recruitment-a-broken-system","2026-07-28 16:56:44"
"https://staging.jakevibes.dev/legals/privacy-policy","text/html; charset=utf-8","200","OK","Indexable","","Privacy Policy | Cloud Employee","31","281","This Privacy Notice for Cloud Employee Ltd, describes how and why we might access, collect, store, use, and/or share your personal information when you use our services.","169","1054","","0","Privacy Policy","14","Ready to hire your next engineer?","33","","0","index, follow","","","https://staging.jakevibes.dev/legals/privacy-policy","","","","","","394900","61416","61416","23.527","","6685","933","7.165","56.533","Fairly Hard","11.077","0","1","","373","336","0","49.850","150","50","0","19","16","0","","","","","34df833c385eab505d23f16dd9036615","0.486","","","","","en-US","1.1","","","","","","https://staging.jakevibes.dev/legals/privacy-policy","2026-07-28 16:56:45"
"https://staging.jakevibes.dev/how-it-works","text/html; charset=utf-8","200","OK","Indexable","","How It Works | Cloud Employee | Cloud Employee","46","434","One brief, two matched engineers in 7 days. See how Cloud Employee finds, vets, onboards, and looks after the senior engineers we embed in your team.","149","934","","0","How Cloud Employee actually works","33","How we find, vet, onboard & look after your engineer","52","Reviews from real teams","23","index, follow","","","https://staging.jakevibes.dev/how-it-works","","","","","","378979","48511","48511","18.584","","1372","260","5.277","81.423","Easy","2.608","0","0","","676","337","0","50.000","119","50","0","1","1","0","","","","","e79bc8b6b07c83aad73b442b20da5735","0.453","","","","","en-US","1.1","","","","","","https://staging.jakevibes.dev/how-it-works","2026-07-28 16:56:45"
"https://staging.jakevibes.dev/managing-engineers/avoiding-burnout-in-scaling-engineering-teams","text/html; charset=utf-8","200","OK","Indexable","","Avoiding Burnout in Scaling Engineering Teams | Cloud Employee","62","578","Leadership strategies to prevent burnout when scaling engineering teams, while protecting engagement and sustaining delivery.","125","789","","0","Avoiding Burnout in Scaling Engineering Teams","45","TL;DR","5","Burnout in Engineering Teams","28","index, follow","","","","","","","","","284904","43819","43819","16.786","","2055","323","6.362","36.982","Hard","5.902","0","1","","10","8","0","1.190","119","54","0","8","8","0","","","","","e2d6edb8abdc4b7e66a8f4d096060532","0.568","","","","","en-US","1.1","","","","","","https://staging.jakevibes.dev/managing-engineers/avoiding-burnout-in-scaling-engineering-teams","2026-07-28 16:56:45"
"https://staging.jakevibes.dev/legals/general-terms","text/html; charset=utf-8","200","OK","Indexable","","General Terms | Cloud Employee","30","291","","0","0","","0","General Terms","13","DEDICATED STAFFING GENERAL TERMS","32","Ready to hire your next engineer?","33","index, follow","","","https://staging.jakevibes.dev/legals/general-terms","","","","","","366921","64136","64136","24.569","","8007","1780","4.498","67.693","Normal","14.181","0","1","","337","336","0","49.850","114","50","0","1","1","0","","","","","c73fe3ad392d50b36a41dcd17e853bfb","0.579","","","","","en-US","1.1","","","","","","https://staging.jakevibes.dev/legals/general-terms","2026-07-28 16:56:45"
"https://staging.jakevibes.dev/managing-engineers","text/html; charset=utf-8","200","OK","Indexable","","Managing Engineers Knowledge Hub | Cloud Employee","49","484","Learn proven engineering management best practices for distributed teams. Lead remote engineers, measure performance, and drive global delivery success.","152","968","","0","Managing Engineers Knowledge Hub","32","All articles","12","Featured articles:","18","index, follow","","","https://staging.jakevibes.dev/managing-engineers","","","","","","289039","38674","38674","14.815","","1164","210","5.543","37.896","Hard","3.639","0","0","","15","14","0","2.080","130","63","0","4","4","0","","","","","ba680485e2fe6a90adbda4373e9445d4","0.713","","","","","en-US","1.1","","","","","","https://staging.jakevibes.dev/managing-engineers","2026-07-28 16:56:45"
"https://staging.jakevibes.dev/managing-engineers/how-peer-forums-are-changing-remote-work-at-cloud-employee","text/html; charset=utf-8","200","OK","Indexable","","From Solo to Supported: How Peer Forums Transform Remote Work at Cloud Employee | Cloud Employee","96","935","Discover how Cloud Employee’s Peer Forums are redefining remote work. Small, trusted groups give developers a safe space to share wins, challenges, and experiences—building real connection, growth, and community beyond screens.","227","1444","","0","From Solo to Supported: How Peer Forums Are Changing Remote Work at Cloud Employee","82","More articles on Managing Engineers…","36","Ready to hire your next engineer?","33","index, follow","","","","","","","","","246500","34241","34241","13.117","","773","146","5.295","63.671","Normal","2.788","0","1","","3","3","0","0.450","117","54","0","2","2","0","","","","","892107a47b7f11c2070ce865052353d2","0.402","","","","","en-US","1.1","","","","","","https://staging.jakevibes.dev/managing-engineers/how-peer-forums-are-changing-remote-work-at-cloud-employee","2026-07-28 16:56:46"
"https://staging.jakevibes.dev/managing-engineers/data-engineer-vs-data-scientist-vs-ai-engineer-key-differences-demand-drivers-and-how-to-hire-right","text/html; charset=utf-8","200","OK","Indexable","","Data Engineer, AI Engineer & Data Scientist: Explained | Cloud Employee","71","636","Discover the real differences between Data Engineers, AI Engineers, and Data Scientists. Learn what each does—and how to interview them the right way.","150","943","","0","Data Engineer vs Data Scientist vs AI Engineer: Key Differences, Demand Drivers, and How to Hire Right","102","TL;DR","5","Why These Roles Are More Attractive Than Ever","45","index, follow","","","https://staging.jakevibes.dev/managing-engineers/data-engineer-vs-data-scientist-vs-ai-engineer-key-differences-demand-drivers-and-how-to-hire-right","","","","","","269159","38649","38649","14.806","","1407","229","6.144","52.083","Fairly Hard","4.257","0","1","","14","5","0","0.740","125","54","0","2","2","0","","","","","914c0cf80caeea12d613cb6285627e52","0.755","","","","","en-US","1.1","","","","","","https://staging.jakevibes.dev/managing-engineers/data-engineer-vs-data-scientist-vs-ai-engineer-key-differences-demand-drivers-and-how-to-hire-right","2026-07-28 16:56:45"
"https://staging.jakevibes.dev/managing-engineers/how-to-manage-remote-engineers","text/html; charset=utf-8","200","OK","Indexable","","A Guide to Managing Remote Engineers in 2025 | Cloud Employee","61","582","Learn how to manage remote engineers using async rhythms, alignment frameworks, documentation habits, and autonomy practices to boost productivity.","147","960","","0","How to Manage Remote Engineers (2025 Guide)","43","TL;DR","5","1. Async rhythms (daily → weekly → monthly)","43","index, follow","","","","","","","","","260922","36344","36344","13.923","","974","177","5.503","36.479","Hard","3.545","0","1","","20","8","0","1.190","129","54","0","2","2","0","","","","","892d2b18f0bf9e93bfd2ae0e2b1b5d30","0.537","","","","","en-US","1.1","","","","","","https://staging.jakevibes.dev/managing-engineers/how-to-manage-remote-engineers","2026-07-28 16:56:46"
"https://staging.jakevibes.dev/managing-engineers/managing-distributed-teams-a-ctos-2025-playbook","text/html; charset=utf-8","200","OK","Indexable","","Managing Distributed Teams: A CTO’s 2025 Playbook | Cloud Employee","66","632","Learn key strategies for managing distributed teams in 2025. Insights for CTOs on leadership, culture, productivity, and collaboration across regions.","150","916","","0","Managing Distributed Teams: A CTO’s 2025 Playbook","49","TL;DR","5","FAQs","4","index, follow","","","https://staging.jakevibes.dev/managing-engineers/managing-distributed-teams-a-ctos-2025-playbook","","","","","","273397","38344","38344","14.689","","1342","247","5.433","50.150","Fairly Hard","4.107","0","1","","8","7","0","1.040","117","54","0","5","5","0","","","","","6e7420f0472c3be95336d897639f1ad1","0.614","","","","","en-US","1.1","","","","","","https://staging.jakevibes.dev/managing-engineers/managing-distributed-teams-a-ctos-2025-playbook","2026-07-28 16:56:46"
"https://staging.jakevibes.dev/managing-engineers/onboarding-latam-developers-90-day-ramp-up-timeline-productivity-curve-and-integration-playbook","text/html; charset=utf-8","200","OK","Indexable","","Onboarding LATAM Developers: 90-Day Ramp-Up Timeline, Productivity Curve, and Integration Playbook | Cloud Employee","115","1080","Onboarding LATAM developers takes 90 days to full productivity. This integration playbook shows the exact week by week ramp up timeline.","136","863","","0","Onboarding LATAM Developers: 90-Day Ramp-Up Timeline, Productivity Curve, and Integration Playbook","98","TL;DR","5","Your LATAM developer ramp-up timeline","37","index, follow","","","https://staging.jakevibes.dev/managing-engineers/onboarding-latam-developers-90-day-ramp-up-timeline-productivity-curve-and-integration-playbook","","","","","","334175","52287","52287","20.030","","2946","449","6.561","51.393","Fairly Hard","6.594","0","1","","23","9","0","1.340","131","54","0","19","18","0","","","","","5913af4095e46783ee3eb9e8eb758e96","0.424","","","","","en-US","1.1","","","","","","https://staging.jakevibes.dev/managing-engineers/onboarding-latam-developers-90-day-ramp-up-timeline-productivity-curve-and-integration-playbook","2026-07-28 16:56:46"
"https://staging.jakevibes.dev/nearshoring-offshoring/it-outsourcing-services-scope-slas-2025-costs","text/html; charset=utf-8","200","OK","Indexable","","Understanding IT Outsourcing Services: Scope, SLAs & Costs in 2025 | Cloud Employee","83","767","A 2025 guide to IT outsourcing services-scope, SLAs, and cost bands. Compare outsourced IT services, IT support outsourcing, software development outsourcing, and delivery models.","179","1133","","0","IT Outsourcing Services: Scope, SLAs & 2025 Costs","49","TL;DR","5","FAQs","4","index, follow","","","https://staging.jakevibes.dev/nearshoring-offshoring/it-outsourcing-services-scope-slas-2025-costs","","","","","","264617","36981","36981","14.167","","1142","208","5.490","43.841","Hard","3.763","0","1","","7","7","0","1.040","117","54","0","1","1","0","","","","","17ccad90110e533e49988c12e3fb36ad","0.526","","","","","en-US","1.1","","","","","","https://staging.jakevibes.dev/nearshoring-offshoring/it-outsourcing-services-scope-slas-2025-costs","2026-07-28 16:56:47"
"https://staging.jakevibes.dev/nearshoring-offshoring/7-benefits-of-outsourcing-web-development-for-startups","text/html; charset=utf-8","200","OK","Indexable","","7 Benefits of Outsourcing Web Development for Startups | Cloud Employee","71","664","Discover 7 strategic advantages of outsourcing web development for startups, from faster launches to better talent access, with real Cloud Employee case studies.","161","1003","","0","7 Benefits of Outsourcing Web Development for Startups","54","TL;DR","5","Why Outsourcing Web Development Is a Startup Game-Changer","57","index, follow","","","https://staging.jakevibes.dev/nearshoring-offshoring/7-benefits-of-outsourcing-web-development-for-startups","","","","","","275369","39642","39642","15.186","","1367","215","6.358","47.582","Hard","4.135","0","1","","10","5","0","0.740","122","54","0","3","3","0","","","","","36c614b0e8b254382e98cffeca791163","0.521","","","","","en-US","1.1","","","","","","https://staging.jakevibes.dev/nearshoring-offshoring/7-benefits-of-outsourcing-web-development-for-startups","2026-07-28 16:56:47"
"https://staging.jakevibes.dev/nearshoring-offshoring/choosing-nearshore-or-offshore-software-development-costs-by-country","text/html; charset=utf-8","200","OK","Indexable","","Software Development Outsourcing Costs by Country | Cloud Employee","66","631","Compare outsourcing software development costs in 2025. Nearshore vs offshore rates, hidden costs, and Cloud Employee’s cost-efficient model explained.","151","961","","0","Choosing Nearshore or Offshore? Software Development Costs by Country","69","TL;DR","5","Why Software Development Outsourcing Costs Matter in 2025","57","index, follow","","","https://staging.jakevibes.dev/nearshoring-offshoring/choosing-nearshore-or-offshore-software-development-costs-by-country","","","","","","293576","42752","42752","16.377","","1622","311","5.215","48.615","Hard","4.582","0","1","","7","4","0","0.590","119","54","0","15","14","0","","","","","b27894f0fa3e447121c994b4f4f492c7","0.468","","","","","en-US","1.1","","","","","","https://staging.jakevibes.dev/nearshoring-offshoring/choosing-nearshore-or-offshore-software-development-costs-by-country","2026-07-28 16:56:47"
"https://staging.jakevibes.dev/nearshoring-offshoring","text/html; charset=utf-8","200","OK","Indexable","","Nearshoring & Offshoring Knowledge Hub | Cloud Employee","55","528","Learn how nearshore and offshore software development help scale teams fast. Explore IT outsourcing models, benefits, and distributed delivery strategies.","154","960","","0","Nearshoring & Offshoring Knowledge Hub","38","Featured","8","All articles","12","index, follow","","","https://staging.jakevibes.dev/nearshoring-offshoring","","","","","","329858","42870","42870","16.423","","1539","279","5.516","43.360","Hard","3.990","0","0","","15","14","0","2.080","137","67","0","4","4","0","","","","","c13a9dc1328312238960acf615610a4b","1.253","","","","","en-US","1.1","","","","","","https://staging.jakevibes.dev/nearshoring-offshoring","2026-07-28 16:56:46"
"https://staging.jakevibes.dev/nearshoring-offshoring/freelancers-vs-cloud-employee","text/html; charset=utf-8","200","OK","Indexable","","Freelancers vs. Cloud Employee | Cloud Employee","47","441","When you're building your tech team, you’re faced with a choice: try your luck with offshore freelancers, or partner with a staff augmentation specialist.","154","927","","0","Freelancers vs. Cloud Employee","30","TL;DR","5","A Better Way to Build Your Global Tech Team","43","index, follow","","","https://staging.jakevibes.dev/nearshoring-offshoring/freelancers-vs-cloud-employee","","","","","","244619","35037","35037","13.422","","1161","200","5.805","54.988","Fairly Hard","4.022","0","1","","7","3","0","0.450","122","54","0","1","1","0","","","","","85500ad00ed91f804f5c4537e04cb390","0.897","","","","","en-US","1.1","","","","","","https://staging.jakevibes.dev/nearshoring-offshoring/freelancers-vs-cloud-employee","2026-07-28 16:56:47"
"https://staging.jakevibes.dev/nearshoring-offshoring/nearshore-vs-offshore-costs-2026-software-development-rates","text/html; charset=utf-8","200","OK","Indexable","","Nearshore vs Offshore Rates 2026 | Software Dev Cost Guide | Cloud Employee","75","702","Compare nearshore vs offshore software development costs in 2026. See rate benchmarks for LATAM, CEE, and APAC. Learn how nearshore outsourcing differs from offshore developer rates and total cost.","197","1271","","0","Nearshore vs Offshore Costs: 2026 Software Development Rates","60","TL;DR","5","Regional Cost Overview (2026 Benchmarks)","40","index, follow","","","https://staging.jakevibes.dev/nearshoring-offshoring/nearshore-vs-offshore-costs-2026-software-development-rates","","","","","","267681","37264","37264","14.275","","1064","175","6.080","47.923","Hard","3.552","0","1","","5","3","0","0.450","119","54","0","2","2","0","","","","","753c2c3a2bd14cebf48be8271452f791","0.533","","","","","en-US","1.1","","","","","","https://staging.jakevibes.dev/nearshoring-offshoring/nearshore-vs-offshore-costs-2026-software-development-rates","2026-07-28 16:56:48"
"https://staging.jakevibes.dev/nearshoring-offshoring/nearshore-software-development-how-to-choose-the-right-vendor","text/html; charset=utf-8","200","OK","Indexable","","Choose the Right Nearshore Software Development Company (2026) | Cloud Employee","79","770","Find the best nearshore software development company for your project. Compare nearshore software development services, outsourcing vendors, and developers using this 2026 checklist; SLAs, talent quality, security, and transparent pricing.","239","1497","","0","Nearshore Software Development: How to Choose the Right Vendor","62","TL;DR","5","Choosing The Right Vendor In 2026","33","index, follow","","","https://staging.jakevibes.dev/nearshoring-offshoring/nearshore-software-development-how-to-choose-the-right-vendor","","","","","","256986","35550","35550","13.619","","887","152","5.836","53.267","Fairly Hard","3.165","0","1","","341","336","0","49.850","119","53","0","3","3","0","","","","","9af504aad8ab149791990b15671d08c1","0.632","","","","","en-US","1.1","","","","","","https://staging.jakevibes.dev/nearshoring-offshoring/nearshore-software-development-how-to-choose-the-right-vendor","2026-07-28 16:56:48"
"https://staging.jakevibes.dev/nearshoring-offshoring/nearshoring-or-offshoring-the-strategic-choice-for-tech-leaders","text/html; charset=utf-8","200","OK","Indexable","","Nearshoring or Offshoring? The Strategic Choice for Tech Leaders | Cloud Employee","81","745","Nearshoring vs offshoring. Costs, benefits, risks, rates, and a practical framework for CTOs choosing the right global delivery model.","134","812","","0","Nearshoring or Offshoring? The Strategic Choice for Tech Leaders","64","TL;DR","5","The reality for tech leaders in 2025","36","index, follow","","","https://staging.jakevibes.dev/nearshoring-offshoring/nearshoring-or-offshoring-the-strategic-choice-for-tech-leaders","","","","","","307304","46132","46132","17.672","","2261","384","5.888","54.932","Fairly Hard","5.636","0","1","","7","3","0","0.450","121","54","0","13","10","0","","","","","7656a24633f37d45bdd362ecec4a1d5e","0.602","","","","","en-US","1.1","","","","","","https://staging.jakevibes.dev/nearshoring-offshoring/nearshoring-or-offshoring-the-strategic-choice-for-tech-leaders","2026-07-28 16:56:48"
"https://staging.jakevibes.dev/nearshoring-offshoring/nearshore-vs-offshore-staff-augmentation","text/html; charset=utf-8","200","OK","Indexable","","Nearshore vs Offshore Staff Augmentation: Cost & Timezone | Cloud Employee","74","702","Nearshore vs offshore staff augmentation: Compare timezone overlap, cost, and team requirements to choose the right geography.","126","810","","0","Nearshore vs. offshore staff augmentation: Speed, timezone overlap, and quality trade-offs","90","TL;DR","5","Nearshore and offshore staff augmentation defined","49","index, follow","","","https://staging.jakevibes.dev/nearshoring-offshoring/nearshore-vs-offshore-staff-augmentation","","","","","","330842","50483","50483","19.339","","2876","471","6.106","44.674","Hard","6.777","0","1","","31","15","0","2.230","133","54","0","14","12","0","","","","","22b05695c8848a74c40944c58d7b1121","1.129","","","","","en-US","1.1","","","","","","https://staging.jakevibes.dev/nearshoring-offshoring/nearshore-vs-offshore-staff-augmentation","2026-07-28 16:56:48"
"https://staging.jakevibes.dev/nearshoring-offshoring/offshore-developer-pricing-hourly-vs-monthly","text/html; charset=utf-8","200","OK","Indexable","","Offshore developer hourly rate vs monthly fee: which pricing model saves more for scaling teams | Cloud Employee","112","1022","Offshore developer hourly rates hide 20 to 45% overhead. Monthly fees deliver dedicated senior developers for 50 to 75% less than local.","136","834","","0","Offshore developer hourly rate vs monthly fee: which pricing model saves more for scaling teams","95","TL;DR","5","The real cost of hourly rate models (Upwork, Fiverr, freelancers)","65","index, follow","","","https://staging.jakevibes.dev/nearshoring-offshoring/offshore-developer-pricing-hourly-vs-monthly","","","","","","339959","51608","51608","19.770","","3024","466","6.489","50.296","Fairly Hard","6.706","0","1","","32","14","0","2.080","135","54","0","19","18","0","","","","","99cc1925c9e6bf85a86e19c4d834987","0.449","","","","","en-US","1.1","","","","","","https://staging.jakevibes.dev/nearshoring-offshoring/offshore-developer-pricing-hourly-vs-monthly","2026-07-28 16:56:48"
"https://staging.jakevibes.dev/nearshoring-offshoring/what-is-nearshoring-benefits-and-challenges-for-software-development-teams","text/html; charset=utf-8","200","OK","Indexable","","What Is Nearshoring? Benefits and Challenges for Software Development Teams | Cloud Employee","92","876","Clear definition of nearshoring for software development, with benefits, challenges, best practices, and how companies like Cloud Employee help you access the right skills fast.","177","1078","","0","What Is Nearshoring? Benefits and Challenges for Software Development Teams","75","TL;DR","5","Nearshoring as a Talent Strategy","32","index, follow","","","https://staging.jakevibes.dev/nearshoring-offshoring/what-is-nearshoring-benefits-and-challenges-for-software-development-teams","","","","","","276799","40274","40274","15.428","","1571","274","5.734","47.540","Hard","4.648","0","1","","7","4","0","0.590","119","54","0","9","9","0","","","","","1c063de097a9885487d83fdf02b5627d","0.419","","","","","en-US","1.1","","","","","","https://staging.jakevibes.dev/nearshoring-offshoring/what-is-nearshoring-benefits-and-challenges-for-software-development-teams","2026-07-28 16:56:49"
"https://staging.jakevibes.dev/nearshoring-offshoring/what-is-it-outsourcing-definition-models-when-to-use-it","text/html; charset=utf-8","200","OK","Indexable","","IT Outsourcing Models Explained | Definition & Use Cases | Cloud Employee","73","666","Learn what IT outsourcing is, the main outsourcing models, what services are included, and when to use IT outsourcing in 2026.","126","786","","0","What Is IT Outsourcing? Definition, Models & When to Use It","59","TL;DR","5","What Does Outsourced IT Include?","32","index, follow","","","https://staging.jakevibes.dev/nearshoring-offshoring/what-is-it-outsourcing-definition-models-when-to-use-it","","","","","","286391","38993","38993","14.937","","1304","229","5.694","44.831","Hard","3.883","0","1","","31","15","0","2.230","133","54","0","4","4","0","","","","","591086ebae0fbb502a143c823fc78fe8","0.539","","","","","en-US","1.1","","","","","","https://staging.jakevibes.dev/nearshoring-offshoring/what-is-it-outsourcing-definition-models-when-to-use-it","2026-07-28 16:56:49"
"https://staging.jakevibes.dev/our-work","text/html; charset=utf-8","200","OK","Indexable","","Our Work | Cloud Employee","25","241","See what less recruitment and more development looks like. Real customer stories, results and reviews from the engineering teams we have scaled.","144","903","","0","See what less recruitment & more development looks like.","56","Trusted to deliver results for scaling businesses:","50","Our impact beyond hiring:","25","index, follow","","","https://staging.jakevibes.dev/our-work","","","","","","328776","38238","38238","14.648","","1069","198","5.399","65.710","Normal","2.614","0","0","","338","337","0","50.000","141","65","0","1","1","0","","","","","95be3e5702d874f85835d292829f0568","0.633","","","","","en-US","1.1","","","","","","https://staging.jakevibes.dev/our-work","2026-07-28 16:56:49"
"https://staging.jakevibes.dev/pricing","text/html; charset=utf-8","200","OK","Indexable","","World-class senior engineers at a fair price | Cloud Employee","61","538","One fixed monthly fee, in your currency, with no hourly rates or variable invoices. See what your next engineer costs with Cloud Employee versus hiring locally.","160","967","","0","World-class Senior engineers at a fair price","44","What would next hire cost?","26","What else is covered","20","index, follow","","","https://staging.jakevibes.dev/pricing","","","","","","329411","42843","42843","16.412","","1273","217","5.866","70.492","Fairly Easy","2.969","0","0","","1346","337","0","50.000","117","51","0","1","1","0","","","","","ee11632f0fbf43a0906d533f5d17e6f1","0.415","","","","","en-US","1.1","","","","","","https://staging.jakevibes.dev/pricing","2026-07-28 16:56:49"
"https://staging.jakevibes.dev/referrals","text/html; charset=utf-8","200","OK","Indexable","","Client Referral Program | Cloud Employee | Cloud Employee","57","527","Know someone building a Dev Team? Some of our strongest partnerships have started with a simple introduction. If you know someone who’s looking we’d love the chance to connect.","176","1128","","0","Know someone building a Dev Team?","33","FAQs","4","Ready to hire your next engineer?","33","index, follow","","","","","","","","","195434","26168","26168","10.024","","492","77","6.390","56.942","Fairly Hard","2.640","0","0","","1","1","0","0.150","115","51","0","1","1","0","","","","","6887b6452993cc5893ee25527422cc21","0.574","","","","","en-US","1.1","","","","","","https://staging.jakevibes.dev/referrals","2026-07-28 16:56:50"
"https://staging.jakevibes.dev/nearshoring-offshoring/what-is-offshoring-cost-effective-tech-teams-explained","text/html; charset=utf-8","200","OK","Indexable","","What Is Offshoring? Cost-Effective Tech Teams Explained | Cloud Employee","72","671","Learn the offshoring definition, its benefits, and how companies cut costs while accessing global IT services and software engineers.","133","815","","0","What Is Offshoring? Cost-Effective Tech Teams Explained","55","TL;DR","5","The Executive Dilemma","21","index, follow","","","","","","","","","288648","43744","43744","16.757","","1984","357","5.557","42.569","Hard","5.533","0","1","","7","4","0","0.590","119","54","0","9","9","0","","","","","9d7dffbaac706eda12ebbd4876c94003","0.592","","","","","en-US","1.1","","","","","","https://staging.jakevibes.dev/nearshoring-offshoring/what-is-offshoring-cost-effective-tech-teams-explained","2026-07-28 16:56:49"
"https://staging.jakevibes.dev/reviews","text/html; charset=utf-8","200","OK","Indexable","","Cloud Employee Reviews | Cloud Employee","39","380","See real client reviews and quotes about Cloud Employee from CTOs, founders, and delivery leads. Verified feedback on hiring offshore and nearshore developers that feel in-house.","178","1101","","0","Cloud Employee Reviews","22","In-depth reviews from customers","31","What our engineers say","22","index, follow","","","","","","","","","301190","39345","39345","15.072","","1351","268","5.041","58.318","Fairly Hard","3.557","0","0","","689","336","0","49.850","126","61","0","1","1","0","","","","","99bcc636c398cc1a79bf0a2092620a23","0.414","","","","","en-US","1.1","","","","","","https://staging.jakevibes.dev/reviews","2026-07-28 16:56:50"
"https://staging.jakevibes.dev/reviews/healthpointe","text/html; charset=utf-8","200","OK","Indexable","","Healthpointe Review | Cloud Employee Client Quote | Cloud Employee","66","616","They're proactive, they're positive, and they feel like part of our team","72","415","","0","Healthpointe's Review of Cloud Employee","39","Hear from the team at Healthpointe:","35","Read more reviews…","18","index, follow","","","https://staging.jakevibes.dev/reviews/healthpointe","","","","","","227520","29200","29200","11.186","","421","84","5.012","57.064","Fairly Hard","2.081","0","1","","8","5","0","0.740","120","54","0","1","1","0","","","","","11f6ff89f63ecbc684e8395ca2e4c82c","0.400","","","","","en-US","1.1","","","","","","https://staging.jakevibes.dev/reviews/healthpointe","2026-07-28 16:56:50"
"https://staging.jakevibes.dev/reviews/cleanlink-software-ltd","text/html; charset=utf-8","200","OK","Indexable","","CleanLink Software Ltd Review | Cloud Employee Client Quote | Cloud Employee","76","709","A qualified improvement in the extent and depth of testing","58","357","","0","CleanLink Software Ltd's Review of Cloud Employee","49","Hear from the team at CleanLink Software Ltd:","45","Read more reviews…","18","index, follow","","","https://staging.jakevibes.dev/reviews/cleanlink-software-ltd","","","","","","229881","29642","29642","11.355","","444","86","5.163","59.452","Fairly Hard","2.114","0","1","","15","12","0","1.780","120","54","0","2","2","0","","","","","215108891e849fdad9a4bb2e394f01e4","0.643","","","","","en-US","1.1","","","","","","https://staging.jakevibes.dev/reviews/cleanlink-software-ltd","2026-07-28 16:56:50"
"https://staging.jakevibes.dev/reviews/salmon-software","text/html; charset=utf-8","200","OK","Indexable","","Salmon Software Review | Cloud Employee Client Quote | Cloud Employee","69","655","You've taken all of that hard work off my shoulders.","52","317","","0","Salmon Software's Review of Cloud Employee","42","Hear from the team at Salmon Software:","38","Read more reviews…","18","index, follow","","","","","","","","","231285","30158","30158","11.553","","480","91","5.275","60.305","Normal","2.189","0","1","","15","12","0","1.780","120","54","0","2","2","0","","","","","aa1753a399ac24cb3316fbbce721af0b","0.586","","","","","en-US","1.1","","","","","","https://staging.jakevibes.dev/reviews/salmon-software","2026-07-28 16:56:50"
"https://staging.jakevibes.dev/reviews/square-eye","text/html; charset=utf-8","200","OK","Indexable","","Square Eye Review | Cloud Employee Client Quote | Cloud Employee","64","600","A level of professionalism, communication and support we haven't found elsewhere","80","513","","0","Square Eye's Review of Cloud Employee","37","Hear from the team at Square Eye:","33","Read more reviews…","18","index, follow","","","https://staging.jakevibes.dev/reviews/square-eye","","","","","","227797","29403","29403","11.264","","432","86","5.023","55.253","Fairly Hard","2.115","0","1","","8","5","0","0.740","120","54","0","1","1","0","","","","","6a47844e8919ce2601d494e45ff0a401","0.402","","","","","en-US","1.1","","","","","","https://staging.jakevibes.dev/reviews/square-eye","2026-07-28 16:56:51"
"https://staging.jakevibes.dev/reviews/aspire-creative","text/html; charset=utf-8","200","OK","Indexable","","Aspire Creative Review | Cloud Employee Client Quote | Cloud Employee","69","638","Dedicated, very skilled, embedded right into our team","53","324","","0","Aspire Creative's Review of Cloud Employee","42","Hear from the team at Aspire Creative:","38","Read more reviews…","18","index, follow","","","https://staging.jakevibes.dev/reviews/aspire-creative","","","","","","227773","29287","29287","11.219","","437","85","5.141","58.939","Fairly Hard","2.107","0","1","","8","5","0","0.740","120","54","0","1","1","0","","","","","a18532b6813b6030c7be52e6680a6be5","0.711","","","","","en-US","1.1","","","","","","https://staging.jakevibes.dev/reviews/aspire-creative","2026-07-28 16:56:50"
"https://staging.jakevibes.dev/reviews/bladefs","text/html; charset=utf-8","200","OK","Indexable","","BladeFS Review | Cloud Employee Client Quote | Cloud Employee","61","574","Our new developers were able to hit the ground running","54","341","","0","BladeFS's Review of Cloud Employee","34","Hear from the team at BladeFS:","30","Read more reviews…","18","index, follow","","","https://staging.jakevibes.dev/reviews/bladefs","","","","","","227155","29133","29133","11.160","","422","82","5.146","58.273","Fairly Hard","2.069","0","1","","8","5","0","0.740","120","54","0","1","1","0","","","","","d61b11c5bf9d23edbb45de9616c87ff5","0.666","","","","","en-US","1.1","","","","","","https://staging.jakevibes.dev/reviews/bladefs","2026-07-28 16:56:50"
"https://staging.jakevibes.dev/reviews/tidal","text/html; charset=utf-8","200","OK","Indexable","","Tidal Review | Cloud Employee Client Quote | Cloud Employee","59","545","You can see their focus on quality in the candidates they present","65","396","","0","Tidal's Review of Cloud Employee","32","Hear from the team at Tidal:","28","Read more reviews…","18","index, follow","","","","","","","","","228694","29973","29973","11.482","","440","85","5.176","58.530","Fairly Hard","2.110","0","1","","11","8","0","1.190","120","54","0","1","1","0","","","","","ebf2b7bce70c325e780ebc88844b0d81","0.506","","","","","en-US","1.1","","","","","","https://staging.jakevibes.dev/reviews/tidal","2026-07-28 16:56:51"
"https://staging.jakevibes.dev/reviews/willo","text/html; charset=utf-8","200","OK","Indexable","","Willo® Review | Cloud Employee Client Quote | Cloud Employee","60","561","We actually hired the whole team remotely, having never met them.","65","411","","0","Willo®'s Review of Cloud Employee","33","Hear from the team at Willo®:","29","Read more reviews…","18","index, follow","","","https://staging.jakevibes.dev/reviews/willo","","","","","","229634","29390","29390","11.259","","441","87","5.069","59.347","Fairly Hard","2.095","0","1","","15","12","0","1.780","120","54","0","2","2","0","","","","","32d00620739783c630724b467b5ab5fb","0.546","","","","","en-US","1.1","","","","","","https://staging.jakevibes.dev/reviews/willo","2026-07-28 16:56:51"
"https://staging.jakevibes.dev/scaling-teams/building-a-software-development-team-core-roles-dedicated-developers-and-modern-hiring-models","text/html; charset=utf-8","200","OK","Indexable","","Building a Software Development Team in 2025: Core Roles, Dedicated Developers, and Modern Hiring Models | Cloud Employee","121","1135","Learn how to structure software development teams in 2025. Core roles, dedicated developers, staff augmentation, and hiring models for speed and scale.","151","951","","0","Building a Software Development Team: Core Roles, Dedicated Developers, and Modern Hiring Models","96","TL;DR","5","Software Development Team Design As A Strategic Decision","56","index, follow","","","https://staging.jakevibes.dev/scaling-teams/building-a-software-development-team-core-roles-dedicated-developers-and-modern-hiring-models","","","","","","336747","52918","52918","20.272","","3248","603","5.386","43.941","Hard","7.320","0","1","","346","337","0","50.000","119","53","0","5","4","0","","","","","646bcbf92d27413a8d747af333ac6666","0.489","","","","","en-US","1.1","","","","","","https://staging.jakevibes.dev/scaling-teams/building-a-software-development-team-core-roles-dedicated-developers-and-modern-hiring-models","2026-07-28 16:56:51"
"https://staging.jakevibes.dev/scaling-teams/cloud-employee-pricing-team-size-scenarios","text/html; charset=utf-8","200","OK","Indexable","","Cloud Employee pricing for different team sizes: 1 developer to 20+ engineering scaling | Cloud Employee","104","934","Cloud Employee pricing ranges from $4,000 to $5,600 per month for Philippines developers and $8,000 to $13,000 for Latin America seniors.","137","864","","0","Cloud Employee pricing for different team sizes: 1 developer to 20+ engineering scaling","87","TL;DR","5","How our developer fees are calculated","37","index, follow","","","https://staging.jakevibes.dev/scaling-teams/cloud-employee-pricing-team-size-scenarios","","","","","","378416","57564","57564","22.052","","3994","615","6.494","54.322","Fairly Hard","7.704","0","1","","29","11","0","1.630","135","53","0","24","22","0","","","","","75db41816701c48afe28be544093bdc8","0.564","","","","","en-US","1.1","","","","","","https://staging.jakevibes.dev/scaling-teams/cloud-employee-pricing-team-size-scenarios","2026-07-28 16:56:51"
"https://staging.jakevibes.dev/scaling-teams","text/html; charset=utf-8","200","OK","Indexable","","Scaling Software Teams Knowledge Hub | Cloud Employee","53","521","Learn proven strategies for scaling software engineering teams. Discover how nearshore scaling and staff augmentation help companies grow faster.","145","924","","0","Scaling Software Teams Knowledge Hub","36","Featured","8","All articles","12","index, follow","","","https://staging.jakevibes.dev/scaling-teams","","","","","","309779","40463","40463","15.501","","1274","233","5.468","47.823","Hard","3.572","0","0","","15","14","0","2.080","134","64","0","4","4","0","","","","","2ee7019d30045f4f87ebf5b5562f3d8a","0.740","","","","","en-US","1.1","","","","","","https://staging.jakevibes.dev/scaling-teams","2026-07-28 16:56:51"
"https://staging.jakevibes.dev/scaling-teams/h-1b-vs-staff-augmentation-the-true-cost-of-hiring-in-2025-and-why-costs-are-rising","text/html; charset=utf-8","200","OK","Indexable","","H-1B vs Staff Augmentation Cost in 2025  | Cloud Employee","57","523","Compare 2025 H-1B hiring costs vs staff augmentation pricing. Learn how new $100k visa fees are reshaping hiring and how staff augmentation offers predictability.","162","1022","","0","H-1B vs Staff Augmentation: The True Cost of Hiring in 2025 and Why Costs Are Rising","84","TL;DR","5","Why Hiring Costs Are in Focus in 2025","37","index, follow","","","https://staging.jakevibes.dev/scaling-teams/h-1b-vs-staff-augmentation-the-true-cost-of-hiring-in-2025-and-why-costs-are-rising","","","","","","294034","44462","44462","17.033","","1866","324","5.759","56.408","Fairly Hard","4.942","0","1","","5","3","0","0.450","119","54","0","10","9","0","","","","","6b5187507dc98484fad533c277555187","0.386","","","","","en-US","1.1","","","","","","https://staging.jakevibes.dev/scaling-teams/h-1b-vs-staff-augmentation-the-true-cost-of-hiring-in-2025-and-why-costs-are-rising","2026-07-28 16:56:52"
"https://staging.jakevibes.dev/scaling-teams/cto-profile-meet-des-matthewson","text/html; charset=utf-8","200","OK","Indexable","","Meet Des Matthewson  | Cloud Employee","37","359","Des Matthewman - Fractional CTO, London innovator, and all-round tech genius. ","78","496","","0","From Technical Expert to Strategic Leader: Meet CTO Des Matthewman","66","TL;DR","5","From Technical Expert to Strategic Leader: Meet CTO Des Matthewman","66","index, follow","","","https://staging.jakevibes.dev/scaling-teams/cto-profile-meet-des-matthewson","","","","","","257356","37488","37488","14.361","","1478","227","6.511","61.077","Normal","4.414","0","1","","7","3","0","0.450","121","54","0","6","6","0","","","","","2b9c5f47f781049c670bb0997a4caaf1","0.484","","","","","en-US","1.1","","","","","","https://staging.jakevibes.dev/scaling-teams/cto-profile-meet-des-matthewson","2026-07-28 16:56:52"
"https://staging.jakevibes.dev/scaling-teams/leadership-strategies-for-scaling-engineering-teams","text/html; charset=utf-8","200","OK","Indexable","","Leadership Strategies For Scaling Engineering Teams | Cloud Employee","68","635","Leadership strategies for scaling engineering teams, keeping developers engaged, and motivated during periods of high growth.","125","786","","0","Leadership Strategies For Scaling Engineering Teams","51","TL;DR","5","Leading through growth","22","index, follow","","","https://staging.jakevibes.dev/scaling-teams/leadership-strategies-for-scaling-engineering-teams","","","","","","265417","40287","40287","15.433","","1959","343","5.711","41.943","Hard","5.987","0","1","","7","4","0","0.590","119","54","0","7","7","0","","","","","b2f39a19890e1c610031ccc46ce0523c","0.547","","","","","en-US","1.1","","","","","","https://staging.jakevibes.dev/scaling-teams/leadership-strategies-for-scaling-engineering-teams","2026-07-28 16:56:52"
"https://staging.jakevibes.dev/scaling-teams/scaling-agile-teams-across-time-zones","text/html; charset=utf-8","200","OK","Indexable","","Scaling Agile Teams Across Time Zones | Global Delivery Best Practices | Cloud Employee","87","799","Learn best practices for scaling agile teams across time zones. Explore how staff augmentation and Cloud Employee enable seamless global delivery.","146","919","","0","Scaling Agile Teams Across Time Zones | Global Delivery Best Practices","70","TL;DR","5","The Global Delivery Dilemma","27","index, follow","","","https://staging.jakevibes.dev/scaling-teams/scaling-agile-teams-across-time-zones","","","","","","287622","42777","42777","16.387","","1833","324","5.657","41.447","Hard","5.173","0","1","","7","4","0","0.590","119","54","0","14","12","0","","","","","7b1707587e9df705575094516d7d534","0.400","","","","","en-US","1.1","","","","","","https://staging.jakevibes.dev/scaling-teams/scaling-agile-teams-across-time-zones","2026-07-28 16:56:52"
"https://staging.jakevibes.dev/services","text/html; charset=utf-8","200","OK","Indexable","","Full Embedded Tech Teams","24","248","Scale your tech team fast with offshore and nearshore developers. Explore all our sourcing, embedding, and retention services for startups and scale-ups.","153","944","","0","Full Embedded Tech Teams","24","Specialist tech talent we hire","30","Stay at the forefront with AI","29","index, follow","","","https://staging.jakevibes.dev/services","","","","","","338579","40281","40281","15.431","","949","171","5.550","66.858","Normal","2.284","0","0","","1681","336","0","49.850","149","61","0","1","1","0","","","","","743ab05caa26382bf912b8766b918f","0.463","","","","","en-US","1.1","","","","","","https://staging.jakevibes.dev/services","2026-07-28 16:56:53"
"https://staging.jakevibes.dev/scaling-teams/toptal-scaling-limitations","text/html; charset=utf-8","200","OK","Indexable","","Toptal Alternatives 2026: Best Options for Scaling CTOs | Cloud Employee","72","655","Toptal works for MVPs but breaks at Series A when rotating contractors drain runway and lose critical codebase knowledge.","121","766","","0","Toptal for scaling: Why freelance model breaks at growth stage","62","TL;DR","5","When does Toptal's freelance model stop working?","48","index, follow","","","https://staging.jakevibes.dev/scaling-teams/toptal-scaling-limitations","","","","","","362031","57980","57980","22.211","","3601","545","6.607","52.073","Fairly Hard","7.401","0","1","","30","12","0","1.780","135","53","0","27","25","0","","","","","bab8fa48eb4fb792559fc59f48223e8d","0.679","","","","","en-US","1.1","","","","","","https://staging.jakevibes.dev/scaling-teams/toptal-scaling-limitations","2026-07-28 16:56:53"
"https://staging.jakevibes.dev/services/ai-engineers","text/html; charset=utf-8","200","OK","Indexable","","Hire AI Engineers with Cloud Employee | Staff Augmentation","58","535","Insights, models & experimentation. Get AI Engineers via Staff Augmentation with Cloud Employee. Sourced, embedded, and retained by Cloud Employee.","147","942","","0","AI Engineers","12","Embedded AI Engineers, Production-Focused","41","AI Engineers who bridge science and product","43","index, follow","","","https://staging.jakevibes.dev/services/ai-engineers","","","","","","411437","51856","51856","19.865","","1330","218","6.101","73.806","Fairly Easy","2.378","0","1","","1010","336","0","49.850","128","56","0","1","1","0","","","","","d7b00f6d361e098d60c60ada62a17afe","0.943","","","","","en-US","1.1","","","","","","https://staging.jakevibes.dev/services/ai-engineers","2026-07-28 16:56:54"
"https://staging.jakevibes.dev/services/android-developers","text/html; charset=utf-8","200","OK","Indexable","","Hire Android Developers with Cloud Employee | Staff","51","466","Robust Android apps for global scale. Get Android Developers via Staff Augmentation with Cloud Employee. Sourced, embedded, and retained by Cloud Employee.","155","996","","0","Android Developers","18","Embedded Android Developers","27","Android Developers who deliver reliability and reach","52","index, follow","","","https://staging.jakevibes.dev/services/android-developers","","","","","","416792","51726","51726","19.815","","1318","221","5.964","71.443","Fairly Easy","2.357","0","1","","2","2","0","0.300","130","61","0","1","1","0","","","","","5ed962ca52844ea865395bd74fa3ffb9","0.486","","","","","en-US","1.1","","","","","","https://staging.jakevibes.dev/services/android-developers","2026-07-28 16:56:55"
"https://staging.jakevibes.dev/services/ai-consulting","text/html; charset=utf-8","200","OK","Indexable","","Expert AI Consulting with Cloud Employee | Consulting","53","481","From idea to AI roadmap. Get AI Consulting via Consulting Services with Cloud Employee. Sourced, embedded, and retained by Cloud Employee.","138","883","","0","AI Consulting","13","AI strategy, scoped for delivery","32","What you’ll walk away with:","27","index, follow","","","https://staging.jakevibes.dev/services/ai-consulting","","","","","","417090","51890","51890","19.878","","1352","220","6.145","75.575","Fairly Easy","2.361","0","1","","675","337","0","50.000","130","58","0","1","1","0","","","","","d5ccd8a5b3216bc13de43432a8880721","1.217","","","","","en-US","1.1","","","","","","https://staging.jakevibes.dev/services/ai-consulting","2026-07-28 16:56:53"
"https://staging.jakevibes.dev/services/ai-product-builds","text/html; charset=utf-8","200","OK","Indexable","","End-to-End AI Product Builds with Cloud Employee | Product","58","529","AI-powered apps, built end-to-end. Get AI Product Builds via Product Builds with Cloud Employee. Sourced, embedded, and retained by Cloud Employee.","147","931","","0","","0","","0","","0","index, follow","","","https://staging.jakevibes.dev/services/ai-product-builds","","","","","","21262","4105","4105","1.573","","17","4","4.250","58.204","Fairly Hard","2.596","0","1","","338","337","0","50.000","12","11","0","0","0","0","","","","","1032faba2d2ee271bd031bc2fa4a55f4","0.478","","","","","en-US","1.1","","","","","","https://staging.jakevibes.dev/services/ai-product-builds","2026-07-28 16:56:54"
"https://staging.jakevibes.dev/services/back-end-developers","text/html; charset=utf-8","200","OK","Indexable","","Hire Back-End Developers with Cloud Employee | Staff","52","479","APIs, services & system logic. Get Back-End Developers via Staff Augmentation with Cloud Employee. Sourced, embedded, and retained by Cloud Employee.","149","955","","0","Back-End Developers","19","Embedded Back-End Developers","28","Back-End Developers who build systems that last","47","index, follow","","","https://staging.jakevibes.dev/services/back-end-developers","","","","","","411167","51377","51377","19.682","","1290","219","5.890","72.841","Fairly Easy","2.345","0","1","","2","2","0","0.300","128","54","0","1","1","0","","","","","1903b063a1e3bd2041572832ffb6d503","0.868","","","","","en-US","1.1","","","","","","https://staging.jakevibes.dev/services/back-end-developers","2026-07-28 16:57:02"
"https://staging.jakevibes.dev/services/data-scientists","text/html; charset=utf-8","200","OK","Indexable","","Hire Data Scientists with Cloud Employee | Staff","48","427","Insights, models & experimentation. Get Data Scientists via Staff Augmentation with Cloud Employee. Sourced, embedded, and retained by Cloud Employee.","150","958","","0","Data Scientists","15","Embedded Data Scientists","24","Data Scientists who uncover the story behind the numbers","56","index, follow","","","https://staging.jakevibes.dev/services/data-scientists","","","","","","405750","51007","51007","19.540","","1288","215","5.991","71.950","Fairly Easy","2.375","0","1","","1010","336","0","49.850","126","55","0","1","1","0","","","","","321c6c7e5c94de57680fbc04e1fb153c","4.549","","","","","en-US","1.1","","","","","","https://staging.jakevibes.dev/services/data-scientists","2026-07-28 16:57:15"
"https://staging.jakevibes.dev/services/eastern-europe-developers","text/html; charset=utf-8","200","OK","Indexable","","Hire senior engineers in Eastern Europe | Cloud Employee","56","509","Hire senior platform, backend and data engineers across Eastern Europe with EU and US-morning overlap. Vetted, embedded full time on rolling monthly contracts.","159","1001","","0","Hire senior engineers in Eastern Europe","39","A window with the US & EU","25","Why US & EU teams hire in Eastern Europe.","41","index, follow","","","https://staging.jakevibes.dev/services/eastern-europe-developers","","","","","","336172","46429","46429","17.786","","1467","288","5.094","73.698","Fairly Easy","3.248","0","1","","1014","338","0","50.150","121","52","0","1","1","0","","","","","53761d17d6ba6ee98c6b924655dfa7e","0.394","","","","","en-US","1.1","","","","","","https://staging.jakevibes.dev/services/eastern-europe-developers","2026-07-28 16:57:21"
"https://staging.jakevibes.dev/services/cloud-engineers","text/html; charset=utf-8","200","OK","Indexable","","Hire Cloud Engineers with Cloud Employee | Staff","48","436","Infra, scaling & cloud optimization. Get Cloud Engineers via Staff Augmentation with Cloud Employee. Sourced, embedded, and retained by Cloud Employee.","151","958","","0","Cloud Engineers","15","Embedded Cloud Engineers","24","Cloud Engineers who own performance and resilience","50","index, follow","","","https://staging.jakevibes.dev/services/cloud-engineers","","","","","","414066","51457","51457","19.712","","1316","223","5.901","71.824","Fairly Easy","2.380","0","1","","2","2","0","0.300","129","59","0","1","1","0","","","","","5f3593b12255074114dcf55981a261d3","0.701","","","","","en-US","1.1","","","","","","https://staging.jakevibes.dev/services/cloud-engineers","2026-07-28 16:57:12"
"https://staging.jakevibes.dev/services/fractional-ctos","text/html; charset=utf-8","200","OK","Indexable","","Fractional CTO - Cloud Employee","31","292","Match with a proven, US-nearshore fractional CTO who has built products and scaled real engineering teams - vetted by us, matched to you in days.","145","907","","0","Your fractional CTO. Matched in days","36","How fractional CTO matching works.","34","What a fractional CTO actually does","35","index, follow","","","https://staging.jakevibes.dev/services/fractional-ctos","","","","","","217850","32804","32804","12.567","","1312","211","6.218","78.976","Fairly Easy","4.482","0","1","","1350","337","0","50.000","118","50","0","1","1","0","","","","","cc19a53336a8abb39fcc38f007243a6f","9.138","","","","","en-US","1.1","","","","","","https://staging.jakevibes.dev/services/fractional-ctos","2026-07-28 16:57:21"
"https://staging.jakevibes.dev/services/full-stack-developers","text/html; charset=utf-8","200","OK","Indexable","","Hire Full-Stack Developers with Cloud Employee | Staff","54","485","Front to back-end delivery. Get Full-Stack Developers via Staff Augmentation with Cloud Employee. Sourced, embedded, and retained by Cloud Employee.","148","940","","0","Full-Stack Developers","21","Embedded Full-Stack Developers","30","Full-Stack Developers who do it all:","36","index, follow","","","","","","","","","409636","52029","52029","19.931","","1290","218","5.917","74.191","Fairly Easy","2.349","0","1","","2","2","0","0.300","127","54","0","1","1","0","","","","","54fc614065e38a7246f271cf962773fe","0.807","","","","","en-US","1.1","","","","","","https://staging.jakevibes.dev/services/full-stack-developers","2026-07-28 16:57:31"
"https://staging.jakevibes.dev/services/ios-developers","text/html; charset=utf-8","200","OK","Indexable","","Hire iOS Developers with Cloud Employee | Staff Augmentation","60","560","Native apps built for Apple. Get iOS Developers via Staff Augmentation with Cloud Employee. Sourced, embedded, and retained by Cloud Employee.","142","903","","0","iOS Developers","14","Embedded iOS Developers","23","iOS Developers who bring performance and polish","47","index, follow","","","https://staging.jakevibes.dev/services/ios-developers","","","","","","416275","51604","51604","19.769","","1322","219","6.037","74.896","Fairly Easy","2.335","0","1","","2","2","0","0.300","130","61","0","1","1","0","","","","","6f55b761a77c6000da0590d47821dc87","0.465","","","","","en-US","1.1","","","","","","https://staging.jakevibes.dev/services/ios-developers","2026-07-28 16:57:32"
"https://staging.jakevibes.dev/services/latam-developers","text/html; charset=utf-8","200","OK","Indexable","","Hire senior engineers in Latin America | Cloud Employee","55","499","Hire senior AI, ML, data and full-stack engineers in Latin America on US hours. Vetted by senior engineers and embedded full time on rolling monthly contracts.","159","972","","0","Hire senior engineers in Latin America","38","They work when you work","23","Why US companies are hiring in Latin America.","45","index, follow","","","https://staging.jakevibes.dev/services/latam-developers","","","","","","336286","47404","47404","18.160","","1492","296","5.041","73.401","Fairly Easy","3.248","0","1","","1018","338","0","50.150","121","52","0","1","1","0","","","","","bd6a0c4752ba552b830c023364adf807","0.384","","","","","en-US","1.1","","","","","","https://staging.jakevibes.dev/services/latam-developers","2026-07-28 16:57:32"
"https://staging.jakevibes.dev/scaling-teams/why-consider-alternatives-to-software-development-outsourcing","text/html; charset=utf-8","200","OK","Indexable","","Alternatives to Software Development Outsourcing for Leaders | Cloud Employee","77","719","Explore why tech leaders are shifting from software development outsourcing to smarter models; staff augmentation, co-development, dedicated teams.","147","940","","0","Alternatives to Software Development Outsourcing","48","TL;DR","5","Global Forces Disrupting the Traditional Model","46","index, follow","","","https://staging.jakevibes.dev/scaling-teams/why-consider-alternatives-to-software-development-outsourcing","","","","","","154934","21393","21393","8.195","","1336","239","5.590","37.787","Hard","7.542","0","1","","11","4","0","0.590","123","54","0","3","3","0","","","","","9ac1a4a97f06b627310247a3c68fa962","0.700","","","","","en-US","1.1","","","","","","https://staging.jakevibes.dev/scaling-teams/why-consider-alternatives-to-software-development-outsourcing","2026-07-28 16:56:53"
"https://staging.jakevibes.dev/services/mobile-apps","text/html; charset=utf-8","200","OK","Indexable","","Build Mobile Apps with Cloud Employee | Product Builds","54","494","Cross-platform apps that scale. Get Mobile Apps via Product Builds with Cloud Employee. Sourced, embedded, and retained by Cloud Employee.","138","884","","0","Mobile Apps","11","End-to-end mobile app development","33","Mobile engineers who handle every layer of delivery","51","index, follow","","","https://staging.jakevibes.dev/services/mobile-apps","","","","","","411671","51420","51420","19.698","","1342","220","6.100","73.302","Fairly Easy","2.405","0","1","","338","336","0","49.850","128","58","0","1","1","0","","","","","a5f739ca1e7d0c3de48520421b96cc68","0.647","","","","","en-US","1.1","","","","","","https://staging.jakevibes.dev/services/mobile-apps","2026-07-28 16:57:33"
"https://staging.jakevibes.dev/services/mobile-developers","text/html; charset=utf-8","200","OK","Indexable","","Hire Mobile Developers with Cloud Employee | Staff","50","457","iOS, Android & cross-platform. Get Mobile Developers via Staff Augmentation with Cloud Employee. Sourced, embedded, and retained by Cloud Employee.","147","943","","0","Mobile Developers","17","Embedded Mobile Developers","26","Mobile Developers who craft high-performing apps","48","index, follow","","","https://staging.jakevibes.dev/services/mobile-developers","","","","","","414059","51306","51306","19.654","","1314","216","6.083","73.567","Fairly Easy","2.348","0","1","","1010","336","0","49.850","129","59","0","1","1","0","","","","","e53af43790a9ef92434ee633973d589d","0.498","","","","","en-US","1.1","","","","","","https://staging.jakevibes.dev/services/mobile-developers","2026-07-28 16:57:34"
"https://staging.jakevibes.dev/services/devops-engineers","text/html; charset=utf-8","200","OK","Indexable","","Hire DevOps Engineers with Cloud Employee | Staff","49","454","CI/CD, pipelines & deployments. Get DevOps Engineers via Staff Augmentation with Cloud Employee. Sourced, embedded, and retained by Cloud Employee.","147","952","","0","DevOps Engineers","16","Embedded DevOps Engineers","25","DevOps Engineers who reduce friction and increase velocity","58","index, follow","","","","","","","","","415395","52233","52233","20.009","","1313","221","5.941","69.427","Normal","2.375","0","1","","1010","336","0","49.850","129","58","0","1","1","0","","","","","2db06e0f885d1245171df59252c37219","0.656","","","","","en-US","1.1","","","","","","https://staging.jakevibes.dev/services/devops-engineers","2026-07-28 16:57:18"
"https://staging.jakevibes.dev/scaling-teams/scaling-latam-developers-1-to-10-strategy","text/html; charset=utf-8","200","OK","Indexable","","Scale 1 to 10 LATAM Developers: Phased Hiring Guide | Cloud Employee","68","641","Scaling from 1 to 10 LATAM developers requires a four-phase approach where hiring order matters as much as who you hire.","120","768","","0","Scaling from 1 to 10 LATAM developers: Phased hiring strategy and team structure","80","TL;DR","5","Avoid overhiring: Build your team incrementally","47","index, follow","","","https://staging.jakevibes.dev/scaling-teams/scaling-latam-developers-1-to-10-strategy","","","","","","374944","58191","58191","22.292","","3922","638","6.147","48.134","Hard","7.810","0","1","","29","11","0","1.630","135","53","0","21","19","0","","","","","8de42ebeef1ab8e48d8e739df4f2bd1a","0.799","","","","","en-US","1.1","","","","","","https://staging.jakevibes.dev/scaling-teams/scaling-latam-developers-1-to-10-strategy","2026-07-28 16:56:53"
"https://staging.jakevibes.dev/services/mvp-development","text/html; charset=utf-8","200","OK","Indexable","","End-to-End MVP Development with Cloud Employee | Product","56","544","Fast-track your first product. Get MVP Development via Product Builds with Cloud Employee. Sourced, embedded, and retained by Cloud Employee.","141","905","","0","MVP Development","15","Rapid MVP builds—validated, tested, and shipped","47","Developers who know what matters at MVP stage","45","index, follow","","","https://staging.jakevibes.dev/services/mvp-development","","","","","","414167","51554","51554","19.749","","1335","220","6.068","77.610","Fairly Easy","2.359","0","1","","675","337","0","50.000","129","57","0","1","1","0","","","","","9f23447854f82dbaf2c114111e1670a","0.415","","","","","en-US","1.1","","","","","","https://staging.jakevibes.dev/services/mvp-development","2026-07-28 16:57:35"
"https://staging.jakevibes.dev/services/no-code-developers","text/html; charset=utf-8","200","OK","Indexable","","Hire No-Code Developers with Cloud Employee | Staff","51","474","Rapid builds on no-code tools. Get No-Code Developers via Staff Augmentation with Cloud Employee. Sourced, embedded, and retained by Cloud Employee.","148","955","","0","No-Code Developers","18","Embedded No-Code Developers","27","No-Code Developers who build with scale in mind","47","index, follow","","","https://staging.jakevibes.dev/services/no-code-developers","","","","","","413943","51704","51704","19.807","","1320","218","6.055","75.904","Fairly Easy","2.351","0","1","","1010","336","0","49.850","129","59","0","1","1","0","","","","","b56f3db536c01935a45e3a5b0dcf6ad1","0.666","","","","","en-US","1.1","","","","","","https://staging.jakevibes.dev/services/no-code-developers","2026-07-28 16:57:35"
"https://staging.jakevibes.dev/services/qa-analysts-testers","text/html; charset=utf-8","200","OK","Indexable","","Hire QA Analysts & Testers with Cloud Employee | Staff","54","490","Test coverage & quality control. Get QA Analysts & Testers via Staff Augmentation with Cloud Employee. Sourced, embedded, and retained by Cloud Employee.","153","976","","0","QA Analysts & Testers","21","Embedded QA Engineers & Analysts","32","QA & Test Engineers who raise the bar for product stability","59","index, follow","","","https://staging.jakevibes.dev/services/qa-analysts-testers","","","","","","414009","51781","51781","19.836","","1325","216","6.134","75.912","Fairly Easy","2.336","0","1","","1010","336","0","49.850","129","59","0","1","1","0","","","","","5e991867f94ae72b1deb93fe97a76fa1","0.439","","","","","en-US","1.1","","","","","","https://staging.jakevibes.dev/services/qa-analysts-testers","2026-07-28 16:57:36"
"https://staging.jakevibes.dev/services/philippines-developers","text/html; charset=utf-8","200","OK","Indexable","","Hire senior engineers in the Philippines | Cloud Employee","57","506","Hire senior AI, ML, data and full-stack engineers in the Philippines, working your exact UK or AU hours. Vetted and embedded full time on rolling contracts.","156","943","","0","Hire senior engineers in the Philippines.","41","Built for UK and Australian teams.","34","""They feel like part of our team.""","34","index, follow","","","https://staging.jakevibes.dev/services/philippines-developers","","","","","","347160","48058","48058","18.410","","1579","313","5.045","73.609","Fairly Easy","3.339","0","1","","1013","338","0","50.150","118","51","0","1","1","0","","","","","bc1e4472994209b19b0889ff7962c14d","0.491","","","","","en-US","1.1","","","","","","https://staging.jakevibes.dev/services/philippines-developers","2026-07-28 16:57:35"
"https://staging.jakevibes.dev/services/product-scoping-service","text/html; charset=utf-8","200","OK","Indexable","","Expert Product Scoping with Cloud Employee | Consulting","55","509","Don’t know what you need?. Get Product Scoping via Consulting Services with Cloud Employee. Sourced, embedded, and retained by Cloud Employee.","142","920","","0","Product Scoping","15","Scoping with delivery in mind","29","What you’ll walk away with:","27","index, follow","","","https://staging.jakevibes.dev/services/product-scoping-service","","","","","","411833","51529","51529","19.740","","1365","225","6.067","77.961","Fairly Easy","2.396","0","1","","2","2","0","0.300","128","54","0","1","1","0","","","","","4158262fcebb3f211915a2c4c68f36f","0.558","","","","","en-US","1.1","","","","","","https://staging.jakevibes.dev/services/product-scoping-service","2026-07-28 16:57:36"
"https://staging.jakevibes.dev/services/software-engineers","text/html; charset=utf-8","200","OK","Indexable","","Hire Engineers - Cloud Employee","31","289","Tell us the role. We send two engineers already screened by senior engineers - no CVs, no job boards. You interview who you like and hire who fits.","147","891","","0","Two vetted engineers, in front of you in 7 days.","48","A real engineer on your team - we handle everything else.","57","Hire the role you're missing.","29","index, follow","","","https://staging.jakevibes.dev/services/software-engineers","","","","","","217691","31567","31567","12.093","","1124","242","4.645","77.328","Fairly Easy","4.083","0","1","","1355","337","0","50.000","122","50","0","1","1","0","","","","","76ed1c176c453a70a2b272b9faa506a0","0.399","","","","","en-US","1.1","","","","","","https://staging.jakevibes.dev/services/software-engineers","2026-07-28 16:57:36"
"https://staging.jakevibes.dev/services/web-based-apps","text/html; charset=utf-8","200","OK","Indexable","","Build Web-Based Apps with Cloud Employee | Product Builds","57","535","Custom platforms, built for scale. Get Web-Based Apps via Product Builds with Cloud Employee. Sourced, embedded, and retained by Cloud Employee.","144","923","","0","Web-Based Apps","14","From scoping to shipping—we build the full web product","54","Engineers who deliver complete, scalable web platforms","54","index, follow","","","https://staging.jakevibes.dev/services/web-based-apps","","","","","","411456","51354","51354","19.673","","1312","223","5.883","73.254","Fairly Easy","2.383","0","1","","338","336","0","49.850","128","54","0","1","1","0","","","","","e289b6f6a8852e62d0620811cbb8b58d","0.464","","","","","en-US","1.1","","","","","","https://staging.jakevibes.dev/services/web-based-apps","2026-07-28 16:57:36"
"https://staging.jakevibes.dev/services/web-developers","text/html; charset=utf-8","200","OK","Indexable","","Hire Web Developers with Cloud Employee | Staff Augmentation","60","569","Front to back-end delivery. Get Web Developers via Staff Augmentation with Cloud Employee. Sourced, embedded, and retained by Cloud Employee.","141","906","","0","Web Developers","14","Embedded Web Developers","23","Web Developers who take products from idea to deployment","56","index, follow","","","https://staging.jakevibes.dev/services/web-developers","","","","","","410746","51239","51239","19.629","","1287","221","5.824","74.254","Fairly Easy","2.328","0","1","","2","2","0","0.300","128","56","0","1","1","0","","","","","4c2eebcb3d33d23ca1398bf6a0a6b8c8","0.439","","","","","en-US","1.1","","","","","","https://staging.jakevibes.dev/services/web-developers","2026-07-28 16:57:36"
"https://staging.jakevibes.dev/staff-augmentation/best-staff-augmentation-companies-2026","text/html; charset=utf-8","200","OK","Indexable","","Best Staff Augmentation Companies 2026: Ranked by Pricing, Vetting, and Contract Flexibility | Cloud Employee","109","989","Best staff augmentation companies 2026 ranked by pricing transparency, vetting rigor, and contract flexibility for scaling founders.","132","808","","0","Best Staff Augmentation Companies 2026: Ranked by Pricing, Vetting, and Contract Flexibility","92","TL;DR","5","Why staff augmentation is the lever for 2026","44","index, follow","","","","","","","","","430023","66884","66884","25.622","","4743","769","6.168","51.174","Fairly Hard","8.127","0","1","","18","4","0","0.590","131","54","0","21","17","0","","","","","d11de6064783bfb52fc8d3af04b54284","0.404","","","","","en-US","1.1","","","","","","https://staging.jakevibes.dev/staff-augmentation/best-staff-augmentation-companies-2026","2026-07-28 16:57:37"
"https://staging.jakevibes.dev/services/front-end-developers","text/html; charset=utf-8","200","OK","Indexable","","Hire Front-End Developers with Cloud Employee | Staff","53","483","Pixel-perfect, responsive front ends. Get Front-End Developers via Staff Augmentation with Cloud Employee. Sourced, embedded, and retained by Cloud Employee.","157","998","","0","Front-End Developers","20","Embedded Front-End Developers","29","Front-End Developers who deliver seamless interfaces","52","index, follow","","","","","","","","","415158","52269","52269","20.023","","1298","222","5.847","71.198","Fairly Easy","2.354","0","1","","2","2","0","0.300","129","58","0","1","1","0","","","","","665b324ff21d09cba3971af7408faccf","15.899","","","","","en-US","1.1","","","","","","https://staging.jakevibes.dev/services/front-end-developers","2026-07-28 16:57:21"
"https://staging.jakevibes.dev/staff-augmentation/cloud-employee-pricing-bootstrapped-founders","text/html; charset=utf-8","200","OK","Indexable","","Cloud Employee Pricing: Offshore Developers for $3K/Month | Cloud Employee","74","696","Cloud Employee pricing runs $3K to $7K monthly per developer with zero upfront fees, no annual lock ins, and free replacement guarantee.","136","851","","0","Cloud Employee pricing for bootstrapped founders: Preserve cash flow while scaling engineering","94","TL;DR","5","Why bootstrapped founders need a different offshore pricing model","65","index, follow","","","https://staging.jakevibes.dev/staff-augmentation/cloud-employee-pricing-bootstrapped-founders","","","","","","372640","55928","55928","21.425","","3448","552","6.246","50.973","Fairly Hard","6.948","0","1","","21","3","0","0.450","135","54","0","35","26","0","","","","","da77b664b3eb7e1411c79c2bd94e3ca","0.421","","","","","en-US","1.1","","","","","","https://staging.jakevibes.dev/staff-augmentation/cloud-employee-pricing-bootstrapped-founders","2026-07-28 16:57:37"
"https://staging.jakevibes.dev/staff-augmentation","text/html; charset=utf-8","200","OK","Indexable","","Staff Augmentation Knowledge Hub | Cloud Employee | Cloud Employee","66","637","Practical guides on hiring offshore developers, embedding them into your team, and managing retention, from people who run these engagements daily.","147","935","","0","Staff Augmentation Knowledge Hub","32","Featured","8","All articles","12","index, follow","","","https://staging.jakevibes.dev/staff-augmentation","https://staging.jakevibes.dev/staff-augmentation?page=2","","","","","374477","45611","45611","17.473","","1580","295","5.356","46.334","Hard","3.541","0","0","","18","14","0","2.080","144","78","0","4","4","0","","","","","5a894ecf912fa2b71b50740c0f881265","1.127","","","","","en-US","1.1","","","","","","https://staging.jakevibes.dev/staff-augmentation","2026-07-28 16:57:37"
"https://staging.jakevibes.dev/staff-augmentation/cloud-employee-pricing-checklist-before-hire","text/html; charset=utf-8","200","OK","Indexable","","Cloud Employee Pricing Checklist for Founders 2026 | Cloud Employee","67","622","Cloud Employee pricing checklist: verify rates, contract terms, guarantees, and hidden fees before hiring your first developer.","127","762","","0","Cloud Employee pricing checklist: questions to ask before committing to a developer","83","TL;DR","5","1. Confirm what you'll pay and what drives the rate","51","index, follow","","","https://staging.jakevibes.dev/staff-augmentation/cloud-employee-pricing-checklist-before-hire","","","","","","362534","52812","52812","20.231","","3258","543","6.000","60.939","Normal","6.487","0","1","","27","7","0","1.040","137","54","0","15","12","0","","","","","39ab57f3a4be0b7212f8810b177c34a2","0.422","","","","","en-US","1.1","","","","","","https://staging.jakevibes.dev/staff-augmentation/cloud-employee-pricing-checklist-before-hire","2026-07-28 16:57:38"
"https://staging.jakevibes.dev/staff-augmentation/best-staff-augmentation-companies-in-latin-america-2026-a-ranked-comparison","text/html; charset=utf-8","200","OK","Indexable","","Best Staff Augmentation Companies in Latin America 2026: A Ranked Comparison | Cloud Employee","93","892","Best staff augmentation companies in Latin America 2026 ranked by vetting rigor, pricing transparency, and retention infrastructure.","132","819","","0","Best Staff Augmentation Companies in Latin America 2026: A Ranked Comparison","76","TL;DR","5","How we evaluated and scored LATAM staff augmentation providers","62","index, follow","","","https://staging.jakevibes.dev/staff-augmentation/best-staff-augmentation-companies-in-latin-america-2026-a-ranked-comparison","","","","","","434621","69936","69936","26.791","","5428","832","6.524","47.581","Hard","9.093","0","1","","59","37","0","5.490","139","54","0","38","25","0","","","","","c30fe43baa13b2659e9320343b90ea62","0.604","","","","","en-US","1.1","","","","","","https://staging.jakevibes.dev/staff-augmentation/best-staff-augmentation-companies-in-latin-america-2026-a-ranked-comparison","2026-07-28 16:57:37"
"https://staging.jakevibes.dev/staff-augmentation/cloud-employee-pricing-negotiation-flexibility","text/html; charset=utf-8","200","OK","Indexable","","Cloud Employee Pricing: Negotiable or Fixed Rates? | Cloud Employee","67","616","Cloud Employee pricing is fixed, not negotiable. Learn why rates protect retention and how to optimize your engineering spend.","126","779","","0","Cloud Employee pricing negotiation: Can you get a discount? What's flexible vs fixed","84","TL;DR","5","Cloud Employee price negotiation guide","38","index, follow","","","","","","","","","348815","54135","54135","20.738","","3222","490","6.576","53.043","Fairly Hard","6.859","0","1","","17","3","0","0.450","131","54","0","30","27","0","","","","","1033d9a5999aad245d9c585b748e5506","0.485","","","","","en-US","1.1","","","","","","https://staging.jakevibes.dev/staff-augmentation/cloud-employee-pricing-negotiation-flexibility","2026-07-28 16:57:38"
"https://staging.jakevibes.dev/staff-augmentation/guide-to-it-staff-augmentation-services-in-usa","text/html; charset=utf-8","200","OK","Indexable","","IT Staff Augmentation USA | Complete Services Guide | Cloud Employee","68","639","Explore top IT staff augmentation services in the USA, key provider types, and how Cloud Employee helps US companies scale fast with vetted talent.","147","913","","0","Guide To IT Staff Augmentation Services in USA","46","TL;DR","5","IT Staff Augmentation Services","30","index, follow","","","https://staging.jakevibes.dev/staff-augmentation/guide-to-it-staff-augmentation-services-in-usa","","","","","","252158","34227","34227","13.112","","851","143","5.951","46.606","Hard","3.108","0","1","","6","4","0","0.590","119","54","0","2","2","0","","","","","15b856d88f84f39700434712aa5f6d55","0.634","","","","","en-US","1.1","","","","","","https://staging.jakevibes.dev/staff-augmentation/guide-to-it-staff-augmentation-services-in-usa","2026-07-28 16:57:38"
"https://staging.jakevibes.dev/staff-augmentation/cloud-employee-vs-in-house-total-cost-ownership","text/html; charset=utf-8","200","OK","Indexable","","Cloud Employee Pricing 2026: True Cost vs In House | Cloud Employee","67","622","Cloud Employee vs in-house hiring costs broken down: salary, benefits, overhead, and true TCO savings of 40-60% per developer.","126","789","","0","Cloud Employee vs in-house hiring: total cost of ownership comparison (salary, benefits, overhead)","98","TL;DR","5","Beyond salary: unseen internal engineering expenses","51","index, follow","","","https://staging.jakevibes.dev/staff-augmentation/cloud-employee-vs-in-house-total-cost-ownership","","","","","","377974","55652","55652","21.319","","3353","560","5.987","57.571","Fairly Hard","6.591","0","1","","20","4","0","0.590","133","54","0","26","21","0","","","","","f42ffd207f146b2c0a558448e554ad97","1.116","","","","","en-US","1.1","","","","","","https://staging.jakevibes.dev/staff-augmentation/cloud-employee-vs-in-house-total-cost-ownership","2026-07-28 16:57:38"
"https://staging.jakevibes.dev/staff-augmentation/how-much-does-staff-augmentation-cost","text/html; charset=utf-8","200","OK","Indexable","","Staff Augmentation Pricing | How Much It Really Costs | Cloud Employee","70","641","Understand 2025 staff augmentation pricing, from hourly rates to cost models, and see how Cloud Employee helps clients scale affordably and transparently.","154","970","","0","How Much Does Staff Augmentation Cost?","38","TL;DR","5","Staff Augmentation Pricing","26","index, follow","","","https://staging.jakevibes.dev/staff-augmentation/how-much-does-staff-augmentation-cost","","","","","","274797","36836","36836","14.111","","1095","194","5.644","55.625","Fairly Hard","3.457","0","1","","6","4","0","0.590","119","54","0","5","4","0","","","","","d95e7cd8a11b6ec8a5e32526c1fdf3f","0.570","","","","","en-US","1.1","","","","","","https://staging.jakevibes.dev/staff-augmentation/how-much-does-staff-augmentation-cost","2026-07-28 16:57:39"
"https://staging.jakevibes.dev/staff-augmentation/h-1b-changes-2025-2030-staff-augmentation-for-scaling-teams","text/html; charset=utf-8","200","OK","Indexable","","H-1B Changes 2025–2030 | Staff Augmentation for Scaling Teams | Cloud Employee","78","748","Explore how H-1B visa changes through 2030 impact hiring. Learn how staff augmentation helps tech leaders scale without delays.","127","810","","0","H-1B Changes 2025–2030 | Staff Augmentation for Scaling Teams","61","TL;DR","5","The Shifting Talent Landscape","29","index, follow","","","https://staging.jakevibes.dev/staff-augmentation/h-1b-changes-2025-2030-staff-augmentation-for-scaling-teams","","","","","","303071","46960","46960","17.989","","2188","358","6.112","54.786","Fairly Hard","5.503","0","1","","7","5","0","0.740","119","54","0","10","10","0","","","","","8bb07de9c262f6b99c271ff47b808ec8","0.499","","","","","en-US","1.1","","","","","","https://staging.jakevibes.dev/staff-augmentation/h-1b-changes-2025-2030-staff-augmentation-for-scaling-teams","2026-07-28 16:57:39"
"https://staging.jakevibes.dev/staff-augmentation/how-staff-augmentation-is-rewriting-the-rules-of-software-development-speed-and-efficiency","text/html; charset=utf-8","200","OK","Indexable","","How Staff Augmentation is Rewriting the Rules of Software Development Speed and Efficiency | Cloud Employee","107","999","Discover how Cloud Employee’s staff augmentation model helps Founders and CTOs scale tech teams faster, de-risk hiring, and deliver software ahead of schedule.","159","1006","","0","How Staff Augmentation is Rewriting the Rules of Software Development Speed and Efficiency","90","TL;DR","5","How Staff Augmentation Works — The Cloud Employee Model","55","index, follow","","","https://staging.jakevibes.dev/staff-augmentation/how-staff-augmentation-is-rewriting-the-rules-of-software-development-speed-and-efficiency","","","","","","268905","39766","39766","15.234","","1862","274","6.796","57.908","Fairly Hard","5.311","0","1","","15","8","0","1.190","123","54","0","9","4","0","","","","","e62f3ff2b70490ca5cd41aa4ecfa818a","0.598","","","","","en-US","1.1","","","","","","https://staging.jakevibes.dev/staff-augmentation/how-staff-augmentation-is-rewriting-the-rules-of-software-development-speed-and-efficiency","2026-07-28 16:57:39"
"https://staging.jakevibes.dev/staff-augmentation/how-to-choose-the-right-it-staff-augmentation-company","text/html; charset=utf-8","200","OK","Indexable","","Choosing an IT Staff Augmentation Partner | Key Criteria | Cloud Employee","73","662","Learn how to choose the right IT staff augmentation company with CTO-vetted talent, transparent pricing, and high retention for your projects.","142","880","","0","How to Choose the Right IT Staff Augmentation Company","53","TL;DR","5","Indeitification Framework","25","index, follow","","","https://staging.jakevibes.dev/staff-augmentation/how-to-choose-the-right-it-staff-augmentation-company","","","","","","254000","34374","34374","13.168","","882","155","5.690","50.180","Fairly Hard","3.163","0","1","","6","4","0","0.590","119","54","0","2","2","0","","","","","f9dc6ecf77cd4db655587c9911f1f4d3","0.393","","","","","en-US","1.1","","","","","","https://staging.jakevibes.dev/staff-augmentation/how-to-choose-the-right-it-staff-augmentation-company","2026-07-28 16:57:39"
"https://staging.jakevibes.dev/staff-augmentation/how-to-evaluate-staff-augmentation-providers-in-latam-a-founders-vetting-checklist","text/html; charset=utf-8","200","OK","Indexable","","How to Evaluate Staff Augmentation Providers in LATAM: A Founder's Vetting Checklist | Cloud Employee","101","937","Evaluate staff augmentation providers in LATAM using CTO-led vetting, verified 90%+ retention data, and transparent monthly pricing.","132","826","","0","How to Evaluate Staff Augmentation Providers in LATAM: A Founder's Vetting Checklist","84","TL;DR","5","Essential traits of top LATAM providers","39","index, follow","","","https://staging.jakevibes.dev/staff-augmentation/how-to-evaluate-staff-augmentation-providers-in-latam-a-founders-vetting-checklist","","","","","","344140","54059","54059","20.709","","3556","558","6.373","47.487","Hard","7.790","0","1","","57","37","0","5.490","137","54","0","6","6","0","","","","","65d5656f6da8dd2ed874e2d0abda7e86","0.643","","","","","en-US","1.1","","","","","","https://staging.jakevibes.dev/staff-augmentation/how-to-evaluate-staff-augmentation-providers-in-latam-a-founders-vetting-checklist","2026-07-28 16:57:39"
"https://staging.jakevibes.dev/staff-augmentation/staff-augmentation-contract-terms-explained-commitments-guarantees-and-exit-clauses","text/html; charset=utf-8","200","OK","Indexable","","Staff Augmentation Contract Terms: What to Negotiate | Cloud Employee","69","652","Staff augmentation contract terms explained: exit clauses, IP assignment, and conversion fees founders must negotiate before signing.","133","833","","0","Staff Augmentation Contract Terms Explained: Commitments, Guarantees, and Exit Clauses","86","TL;DR","5","What is a staff augmentation contract?","38","index, follow","","","","","","","","","348715","55816","55816","21.382","","3419","519","6.588","49.902","Hard","7.256","0","1","","24","4","0","0.590","137","54","0","17","17","0","","","","","5e106cb2bd6ce228331efeafeddec2e5","0.434","","","","","en-US","1.1","","","","","","https://staging.jakevibes.dev/staff-augmentation/staff-augmentation-contract-terms-explained-commitments-guarantees-and-exit-clauses","2026-07-28 16:57:40"
"https://staging.jakevibes.dev/staff-augmentation/latam-staff-augmentation-trends-2026","text/html; charset=utf-8","200","OK","Indexable","","LATAM Staff Augmentation Costs 2026: Rates & Trends | Cloud Employee","68","655","LATAM Staff Augmentation Costs 2026: Rates & Trends","51","346","","0","The future of LATAM staff augmentation: Trends, wage inflation, and 2026+ predictions","85","TL;DR","5","LATAM staff augmentation in 2025: a $18.9B market with accelerating wage pressure","81","index, follow","","","https://staging.jakevibes.dev/staff-augmentation/latam-staff-augmentation-trends-2026","","","","","","375272","58948","58948","22.582","","3941","621","6.346","44.782","Hard","8.093","0","1","","23","3","0","0.450","137","54","0","26","21","0","","","","","85b35a4e2edecb4b3fb62158238c8239","0.616","","","","","en-US","1.1","","","","","","https://staging.jakevibes.dev/staff-augmentation/latam-staff-augmentation-trends-2026","2026-07-28 16:57:40"
"https://staging.jakevibes.dev/staff-augmentation/staff-augmentation-fintech-security-compliance","text/html; charset=utf-8","200","OK","Indexable","","LATAM Fintech Developers: Security & Compliance Guide | Cloud Employee","70","667","Staff augmentation for fintech in LATAM delivers PCI-DSS and SOC 2 compliant developers at 50-75% cost savings with proper vetting.","131","829","","0","Staff augmentation for fintech: security, compliance, and vetting requirements in LATAM","87","TL;DR","5","Fintech LATAM staffing risks for founders","41","index, follow","","","https://staging.jakevibes.dev/staff-augmentation/staff-augmentation-fintech-security-compliance","","","","","","352471","54976","54976","21.060","","3425","507","6.755","36.904","Hard","7.523","0","1","","19","3","0","0.450","133","54","0","29","25","0","","","","","6f5e7628e7a6ff6eba433dd211799ef3","0.416","","","","","en-US","1.1","","","","","","https://staging.jakevibes.dev/staff-augmentation/staff-augmentation-fintech-security-compliance","2026-07-28 16:57:40"
"https://staging.jakevibes.dev/staff-augmentation/staff-augmentation-implementation-90-day-onboarding-playbook-for-new-developers","text/html; charset=utf-8","200","OK","Indexable","","90 Day Developer Onboarding Playbook for CTOs 2026 | Cloud Employee","67","640","Staff augmentation implementation requires structured 90 day onboarding to reach full developer velocity and prevent costly turnover.","133","829","","0","Staff Augmentation Implementation: 90-Day Onboarding Playbook for New Developers","80","TL;DR","5","Why most augmented developer integrations fail in the first month","65","index, follow","","","https://staging.jakevibes.dev/staff-augmentation/staff-augmentation-implementation-90-day-onboarding-playbook-for-new-developers","","","","","","379692","59904","59904","22.948","","3839","638","6.017","51.802","Fairly Hard","7.521","0","1","","25","3","0","0.450","139","54","0","27","25","0","","","","","fa0e6cf4340b53e38cd7651a0ba0bcd2","0.831","","","","","en-US","1.1","","","","","","https://staging.jakevibes.dev/staff-augmentation/staff-augmentation-implementation-90-day-onboarding-playbook-for-new-developers","2026-07-28 16:57:40"
"https://staging.jakevibes.dev/staff-augmentation/staff-augmentation-misconceptions-what-ctos-need-to-know","text/html; charset=utf-8","200","OK","Indexable","","Staff Augmentation Misconceptions: What CTOs Need to Know | Cloud Employee","74","720","Debunk staff augmentation misconceptions. Learn real augmented team benefits, myths, and CEO insights for scaling teams effectively.","132","840","","0","Staff Augmentation Misconceptions: What CTOs Need to Know","57","TL;DR","5","Cloud Employee and Staff Augmentation","37","index, follow","","","https://staging.jakevibes.dev/staff-augmentation/staff-augmentation-misconceptions-what-ctos-need-to-know","","","","","","283704","43006","43006","16.475","","2078","339","6.130","52.014","Fairly Hard","5.723","0","1","","6","4","0","0.590","119","54","0","4","4","0","","","","","3424b92ebb341aff38ceb9e2621d0eb7","0.702","","","","","en-US","1.1","","","","","","https://staging.jakevibes.dev/staff-augmentation/staff-augmentation-misconceptions-what-ctos-need-to-know","2026-07-28 16:57:41"
"https://staging.jakevibes.dev/staff-augmentation/staff-augmentation-myths-debunked","text/html; charset=utf-8","200","OK","Indexable","","LATAM Staff Augmentation: 5 Myths Debunked for Founders | Cloud Employee","72","697","Staff augmentation myths debunked with data on LATAM developer quality, timezone overlap, team integration, and cost savings.","125","802","","0","Staff augmentation myths debunked: Cheap labor, quality concerns, and timezone chaos","84","TL;DR","5","Why founders hesitate on LATAM staff augmentation","49","index, follow","","","https://staging.jakevibes.dev/staff-augmentation/staff-augmentation-myths-debunked","","","","","","374756","58404","58404","22.373","","3690","579","6.373","50.287","Fairly Hard","7.299","0","1","","21","3","0","0.450","135","54","0","33","26","0","","","","","225ffb21fe9f69a98e45645c9fd69272","0.424","","","","","en-US","1.1","","","","","","https://staging.jakevibes.dev/staff-augmentation/staff-augmentation-myths-debunked","2026-07-28 16:57:41"
"https://staging.jakevibes.dev/staff-augmentation/staff-augmentation-models-scale-tech-teams-globally-win","text/html; charset=utf-8","200","OK","Indexable","","Staff Augmentation Models: Scale Tech Teams Globally & Win | Cloud Employee","75","711","Learn the types of staff augmentation, why it's on the rise, and how Cloud Employee helps businesses scale tech teams at a fraction of local hiring costs.","154","938","","0","Staff Augmentation Models: Scale Tech Teams Globally & Win","58","TL;DR","5","The New Reality of Scaling Tech Teams","37","index, follow","","","https://staging.jakevibes.dev/staff-augmentation/staff-augmentation-models-scale-tech-teams-globally-win","","","","","","282917","41636","41636","15.950","","1766","280","6.307","53.653","Fairly Hard","4.876","0","1","","11","8","0","1.190","119","54","0","5","4","0","","","","","d63b2cd5a1f13e35dca59878206c5722","0.633","","","","","en-US","1.1","","","","","","https://staging.jakevibes.dev/staff-augmentation/staff-augmentation-models-scale-tech-teams-globally-win","2026-07-28 16:57:41"
"https://staging.jakevibes.dev/staff-augmentation/staff-augmentation-mistakes-to-avoid","text/html; charset=utf-8","200","OK","Indexable","","10 Staff Augmentation Mistakes That Destroy ROI in 2026 | Cloud Employee","72","672","Staff augmentation mistakes destroy ROI through poor onboarding, vague requirements, and treating remote developers as contractors.","131","843","","0","Staff augmentation mistakes to avoid: Common pitfalls that destroy ROI","70","TL;DR","5","What undermines staff augmentation success","42","index, follow","","","https://staging.jakevibes.dev/staff-augmentation/staff-augmentation-mistakes-to-avoid","","","","","","388795","61986","61986","23.746","","4399","737","5.969","48.481","Hard","8.335","0","1","","30","4","0","0.590","143","54","0","12","10","0","","","","","7f3bdc9b3ae916a217a08cc0a6d56ca3","0.956","","","","","en-US","1.1","","","","","","https://staging.jakevibes.dev/staff-augmentation/staff-augmentation-mistakes-to-avoid","2026-07-28 16:57:41"
"https://staging.jakevibes.dev/staff-augmentation/staff-augmentation-mistakes-to-avoid-common-failures-and-how-to-prevent-them","text/html; charset=utf-8","200","OK","Indexable","","Staff Augmentation Mistakes: 8 Failures to Avoid | Cloud Employee","65","595","Staff augmentation mistakes destroy roadmaps. Learn 8 common failures from poor vetting to timezone gaps and how to prevent them.","129","842","","0","Staff Augmentation Mistakes to Avoid: Common Failures and How to Prevent Them","77","TL;DR","5","Defining the landscape: Staff augmentation vs. offshore development","67","index, follow","","","","","","","","","355989","57018","57018","21.843","","3372","569","5.926","52.042","Fairly Hard","6.996","0","1","","13","3","0","0.450","127","54","0","26","25","0","","","","","4ecd2fbfe859e299dff0b84765e16cf","0.686","","","","","en-US","1.1","","","","","","https://staging.jakevibes.dev/staff-augmentation/staff-augmentation-mistakes-to-avoid-common-failures-and-how-to-prevent-them","2026-07-28 16:57:41"
"https://staging.jakevibes.dev/staff-augmentation/staff-augmentation-pricing-models-in-latam","text/html; charset=utf-8","200","OK","Indexable","","LATAM Staff Augmentation Pricing: True All In Costs 2026 | Cloud Employee","73","677","LATAM staff augmentation cuts costs 30-50%, but hidden fees add 20-30% above advertised rates. Model true all-in costs before signing.","134","844","","0","Staff augmentation pricing models in LATAM: Hidden fees, placement costs, and true all-in rates","95","TL;DR","5","Key cost metrics at a glance","28","index, follow","","","","","","","","","373086","56142","56142","21.507","","3499","520","6.729","56.990","Fairly Hard","6.887","0","1","","21","3","0","0.450","135","54","0","28","25","0","","","","","c7ba9ff26caeacef30da40c6c5ea532f","0.451","","","","","en-US","1.1","","","","","","https://staging.jakevibes.dev/staff-augmentation/staff-augmentation-pricing-models-in-latam","2026-07-28 16:57:42"
"https://staging.jakevibes.dev/staff-augmentation/staff-augmentation-pricing-and-costs-what-youll-actually-pay","text/html; charset=utf-8","200","OK","Indexable","","Staff Augmentation Pricing Guide 2026: Rates & TCO | Cloud Employee","67","629","Staff augmentation pricing for 2026 offers transparent rates and TCO, enabling founders to compare vendors and avoid hidden costs.","130","827","","0","Staff Augmentation Pricing and Costs: What You'll Actually Pay","62","TL;DR","5","Executive summary: Typical cost ranges by region and role","57","index, follow","","","https://staging.jakevibes.dev/staff-augmentation/staff-augmentation-pricing-and-costs-what-youll-actually-pay","","","","","","358605","53613","53613","20.538","","2946","508","5.799","50.731","Fairly Hard","6.391","0","1","","22","4","0","0.590","135","54","0","26","25","0","","","","","25232b78d5903baf0da9292e17131baf","0.511","","","","","en-US","1.1","","","","","","https://staging.jakevibes.dev/staff-augmentation/staff-augmentation-pricing-and-costs-what-youll-actually-pay","2026-07-28 16:57:41"
"https://staging.jakevibes.dev/staff-augmentation/staff-augmentation-roi-calculator-measure-cost-savings-and-productivity-gains","text/html; charset=utf-8","200","OK","Indexable","","Staff Augmentation ROI Calculator: Measure Cost Savings and Productivity Gains | Cloud Employee","95","880","Staff Augmentation ROI Calculator helps founders measure cost savings and productivity gains before committing to hiring decisions.","131","826","","0","Staff Augmentation ROI Calculator: Measure Cost Savings and Productivity Gains","78","TL;DR","5","Interactive staff augmentation ROI calculator","45","index, follow","","","https://staging.jakevibes.dev/staff-augmentation/staff-augmentation-roi-calculator-measure-cost-savings-and-productivity-gains","","","","","","320292","48220","48220","18.472","","2330","390","5.974","57.568","Fairly Hard","5.575","0","1","","18","4","0","0.590","131","54","0","17","14","0","","","","","57ef5cfc31fce54360b547554670d3a0","0.554","","","","","en-US","1.1","","","","","","https://staging.jakevibes.dev/staff-augmentation/staff-augmentation-roi-calculator-measure-cost-savings-and-productivity-gains","2026-07-28 16:57:42"
"https://staging.jakevibes.dev/staff-augmentation/staff-augmentation-vs-consulting-outsourcing-and-managed-services","text/html; charset=utf-8","200","OK","Indexable","","Staff Augmentation vs Consulting, Outsourcing and Managed Services | Cloud Employee","83","783","The ultimate comparison of staff augmentation with consulting, outsourcing, and managed services; what works, when, and why the future is flexible.","147","923","","0","Staff Augmentation vs Consulting, Outsourcing and Managed Services","66","TL;DR","5","Staff Augmentation Spotlight: How It Stacks Up Against Consulting, Outsourcing & Managed Services","97","index, follow","","","https://staging.jakevibes.dev/staff-augmentation/staff-augmentation-vs-consulting-outsourcing-and-managed-services","","","","","","302128","41737","41737","15.989","","1490","276","5.399","46.237","Hard","4.209","0","1","","17","8","0","1.190","126","55","0","10","8","0","","","","","e3b707d500de71bf16e646a8c47f1ce0","0.591","","","","","en-US","1.1","","","","","","https://staging.jakevibes.dev/staff-augmentation/staff-augmentation-vs-consulting-outsourcing-and-managed-services","2026-07-28 16:57:42"
"https://staging.jakevibes.dev/staff-augmentation/staff-augmentation-team-depth","text/html; charset=utf-8","200","OK","Indexable","","Reduce Key Person Risk with Staff Augmentation in 2026 | Cloud Employee","71","666","Staff augmentation reduces key-person risk by placing vetted senior developers in 7 days at 50-75% lower cost than local hires.","127","780","","0","Staff Augmentation for Engineering Team Depth: Reducing Key-Person Risk","71","TL;DR","5","The ""bus factor"" math: why single points of failure cost more than redundancy","77","index, follow","","","https://staging.jakevibes.dev/staff-augmentation/staff-augmentation-team-depth","","","","","","326138","48806","48806","18.697","","2534","402","6.303","52.771","Fairly Hard","5.933","0","1","","19","3","0","0.450","133","54","0","29","20","0","","","","","222106ce99a8a706d963ae65182292ce","0.747","","","","","en-US","1.1","","","","","","https://staging.jakevibes.dev/staff-augmentation/staff-augmentation-team-depth","2026-07-28 16:57:42"
"https://staging.jakevibes.dev/staff-augmentation/staff-augmentation-vs-in-house-hiring-cost-speed-and-risk-comparison","text/html; charset=utf-8","200","OK","Indexable","","Staff Augmentation vs In House Hiring: Cost Comparison | Cloud Employee","71","664","Staff augmentation vs in-house hiring: compare fully-loaded costs, time to hire, and risk profiles for post-PMF engineering teams.","130","791","","0","Staff Augmentation vs. In-House Hiring: Cost, Speed, and Risk Comparison","72","TL;DR","5","The operational definition: what is staff augmentation in 2026?","63","index, follow","","","","","","","","","342383","52128","52128","19.969","","2795","462","6.050","56.284","Fairly Hard","6.152","0","1","","18","4","0","0.590","131","54","0","11","11","0","","","","","af6761c151074dc78487ba45101edafd","0.394","","","","","en-US","1.1","","","","","","https://staging.jakevibes.dev/staff-augmentation/staff-augmentation-vs-in-house-hiring-cost-speed-and-risk-comparison","2026-07-28 16:57:43"
"https://staging.jakevibes.dev/staff-augmentation/staff-augmentation-vs-freelancers","text/html; charset=utf-8","200","OK","Indexable","","Staff Augmentation vs Freelancers: Real Cost Analysis | Cloud Employee","70","643","Staff augmentation vs freelancers: why dedicated developers deliver better ROI through accountability, retention, and lower total cost.","135","825","","0","Staff Augmentation vs. Freelancers: Reliability, Quality, and Accountability Comparison","87","TL;DR","5","The core difference: Transactional gigs vs. embedded capacity","61","index, follow","","","https://staging.jakevibes.dev/staff-augmentation/staff-augmentation-vs-freelancers","","","","","","333402","51896","51896","19.880","","2839","464","6.119","48.231","Hard","6.647","0","1","","21","3","0","0.450","135","54","0","15","15","0","","","","","3a20a474de9bba41cec1ca29b3adbffc","0.520","","","","","en-US","1.1","","","","","","https://staging.jakevibes.dev/staff-augmentation/staff-augmentation-vs-freelancers","2026-07-28 16:57:42"
"https://staging.jakevibes.dev/staff-augmentation/staff-augmentation-vs-traditional-hiring-cost-speed-and-risk-comparison","text/html; charset=utf-8","200","OK","Indexable","","Staff Augmentation ROI: Cost vs Traditional Hiring 2026 | Cloud Employee","72","654","Staff augmentation cuts engineering costs 50-70% and delivers developers in 7 days vs 41-day local hiring at 1.4x salary cost.","126","772","","0","Staff Augmentation vs. Traditional Hiring: Cost, Speed, and Risk Comparison","75","TL;DR","5","FAQs","4","index, follow","","","","","","","","","337565","53688","53688","20.567","","3117","512","6.088","55.069","Fairly Hard","6.803","0","1","","4","4","0","0.590","117","54","0","23","18","0","","","","","4a3ebe5d9b2b3f355bd9babf8a6db263","0.596","","","","","en-US","1.1","","","","","","https://staging.jakevibes.dev/staff-augmentation/staff-augmentation-vs-traditional-hiring-cost-speed-and-risk-comparison","2026-07-28 16:57:43"
"https://staging.jakevibes.dev/staff-augmentation/staff-augmentation-vs-outsourcing","text/html; charset=utf-8","200","OK","Indexable","","Staff Augmentation vs Outsourcing: Which Model Scales | Cloud Employee","70","661","Staff augmentation vs. outsourcing: Compare costs, control, and speed to choose the right model for scaling your engineering team.","130","814","","0","Staff augmentation vs. outsourcing: which model scales your engineering?","72","TL;DR","5","Staff augmentation: the embedded team model","43","index, follow","","","https://staging.jakevibes.dev/staff-augmentation/staff-augmentation-vs-outsourcing","","","","","","348109","53714","53714","20.577","","3423","503","6.805","49.857","Hard","7.335","0","1","","19","3","0","0.450","133","54","0","18","18","0","","","","","9ec54ee3da0d0cc6555fcdaa14ccc866","0.516","","","","","en-US","1.1","","","","","","https://staging.jakevibes.dev/staff-augmentation/staff-augmentation-vs-outsourcing","2026-07-28 16:57:43"
"https://staging.jakevibes.dev/staff-augmentation/what-is-nearshore-staff-augmentation-model-benefits-examples","text/html; charset=utf-8","200","OK","Indexable","","Nearshore Staff Augmentation Explained: Benefits & Examples | Cloud Employee","76","716","Learn what nearshore staff augmentation is, how it works, and when to use it. See real examples from Mercato and a travel tech scale-up.","136","848","","0","What Is Nearshore Staff Augmentation? Model, Benefits & Examples","64","TL;DR","5","How the Nearshore Staff Augmentation Model Works","48","index, follow","","","https://staging.jakevibes.dev/staff-augmentation/what-is-nearshore-staff-augmentation-model-benefits-examples","","","","","","271279","37298","37298","14.288","","1147","193","5.943","41.929","Hard","3.781","0","1","","16","4","0","0.590","129","54","0","7","7","0","","","","","cf94e359394151d88ede8af482195448","0.608","","","","","en-US","1.1","","","","","","https://staging.jakevibes.dev/staff-augmentation/what-is-nearshore-staff-augmentation-model-benefits-examples","2026-07-28 16:57:43"
"https://staging.jakevibes.dev/staff-augmentation/using-latam-staff-augmentation-to-scale-early-stage-saas","text/html; charset=utf-8","200","OK","Indexable","","Using LATAM Staff Augmentation to Scale Early-Stage SaaS | Cloud Employee","73","694","LATAM staff augmentation delivers senior engineers at $35-$80/hour, saving 30-65% versus US hiring for early-stage SaaS companies.","130","831","","0","Using LATAM Staff Augmentation to Scale Early-Stage SaaS","56","TL;DR","5","Scaling pitfalls for early SaaS engineering teams","49","index, follow","","","https://staging.jakevibes.dev/staff-augmentation/using-latam-staff-augmentation-to-scale-early-stage-saas","","","","","","361976","56074","56074","21.481","","3561","541","6.582","53.096","Fairly Hard","7.308","0","1","","53","37","0","5.490","133","54","0","18","15","0","","","","","942c3bf541e3b9898bb9f3185fd0ac81","0.625","","","","","en-US","1.1","","","","","","https://staging.jakevibes.dev/staff-augmentation/using-latam-staff-augmentation-to-scale-early-stage-saas","2026-07-28 16:57:43"
"https://staging.jakevibes.dev/staff-augmentation/what-is-staff-augmentation","text/html; charset=utf-8","200","OK","Indexable","","Staff Augmentation Guide: Process, Benefits & Costs | Cloud Employee","68","629","Staff augmentation means hiring dedicated external developers who work full time for your team under your direct management.","124","793","","0","What Is Staff Augmentation? Definition, Benefits and Guide","58","TL;DR","5","What is staff augmentation?","27","index, follow","","","https://staging.jakevibes.dev/staff-augmentation/what-is-staff-augmentation","","","","","","350564","56395","56395","21.604","","3571","571","6.254","46.520","Hard","7.700","0","1","","21","3","0","0.450","135","54","0","19","17","0","","","","","c0f7edcf50b9cd3143f052d4bdda501b","0.513","","","","","en-US","1.1","","","","","","https://staging.jakevibes.dev/staff-augmentation/what-is-staff-augmentation","2026-07-28 16:57:44"
"https://staging.jakevibes.dev/staff-augmentation/what-is-staff-augmentation-and-what-are-the-benefits","text/html; charset=utf-8","200","OK","Indexable","","What is Staff Augmentation? And What Are the Benefits? | Cloud Employee","71","665","Learn what staff augmentation is, how the model works, and the benefits it brings to scaling tech teams, with real-world examples from Cloud Employee clients.","158","982","","0","What is Staff Augmentation? And What Are the Benefits?","54","TL;DR","5","What is Staff Augmentation?","27","index, follow","","","https://staging.jakevibes.dev/staff-augmentation/what-is-staff-augmentation-and-what-are-the-benefits","","","","","","281959","42759","42759","16.380","","2181","333","6.550","52.089","Fairly Hard","5.898","0","1","","5","3","0","0.450","119","54","0","5","5","0","","","","","632d0c3facfb61eb4c330d1ee38f5858","0.389","","","","","en-US","1.1","","","","","","https://staging.jakevibes.dev/staff-augmentation/what-is-staff-augmentation-and-what-are-the-benefits","2026-07-28 16:57:44"
"https://staging.jakevibes.dev/team/albert-labarento","text/html; charset=utf-8","200","OK","Indexable","","Albert Labarento – Senior Software Engineer - Vetting | Cloud Employee","70","638","Read the complete profile of Albert Labarento and their experience at Cloud Employee for the past 4 years. Discover articlers, profile links and expertise.","155","928","","0","Albert Labarento","16","Articles from Albert Labarento","30","Ready to hire your next engineer?","33","index, follow","","","https://staging.jakevibes.dev/team/albert-labarento","","","","","","209860","27788","27788","10.645","","364","69","5.275","42.739","Hard","2.150","0","1","","2","2","0","0.300","117","51","0","2","2","0","","","","","f198cff6adbde47f6d75896f2288fa0f","0.450","","","","","en-US","1.1","","","","","","https://staging.jakevibes.dev/team/albert-labarento","2026-07-28 16:57:44"
"https://staging.jakevibes.dev/team/aj-develos","text/html; charset=utf-8","200","OK","Indexable","","AJ Develos – Head of Talent | Cloud Employee","44","413","Read the complete profile of AJ Develos and their experience at Cloud Employee for the past 7 years. Discover articlers, profile links and expertise.","149","891","","0","AJ Develos","10","Articles from AJ Develos","24","Ready to hire your next engineer?","33","index, follow","","","https://staging.jakevibes.dev/team/aj-develos","","","","","","219851","28318","28318","10.848","","384","73","5.260","47.497","Hard","2.081","0","1","","2","2","0","0.300","120","54","0","2","2","0","","","","","60f1d6a74d48d3b0f20f667abdc4f68e","0.495","","","","","en-US","1.1","","","","","","https://staging.jakevibes.dev/team/aj-develos","2026-07-28 16:57:44"
"https://staging.jakevibes.dev/team/des-matthewman","text/html; charset=utf-8","200","OK","Indexable","","Des Matthewman – Chief Product Officer | Cloud Employee","55","527","Read the complete profile of Des Matthewman  and their experience at Cloud Employee for the past 2.5 years. Discover articlers, profile links and expertise.","156","945","","0","Des Matthewman","14","Articles from Des Matthewman","28","Ready to hire your next engineer?","33","index, follow","","","https://staging.jakevibes.dev/team/des-matthewman","","","","","","209279","27493","27493","10.532","","357","67","5.328","44.075","Hard","2.132","0","1","","2","2","0","0.300","117","51","0","2","2","0","","","","","13e5a748abb72f3b2c72252cbdbc8677","0.425","","","","","en-US","1.1","","","","","","https://staging.jakevibes.dev/team/des-matthewman","2026-07-28 16:57:44"
"https://staging.jakevibes.dev/team/anto-cabraja","text/html; charset=utf-8","200","OK","Indexable","","Anto Čabraja – Chief Technology Officer | Cloud Employee","56","517","Read the complete profile of Anto Čabraja and their experience at Cloud Employee for the past 2.5 years. Discover articlers, profile links and expertise.","153","917","","0","Anto Čabraja","12","Articles from Anto Čabraja","26","Ready to hire your next engineer?","33","index, follow","","","https://staging.jakevibes.dev/team/anto-cabraja","","","","","","225967","29014","29014","11.115","","414","80","5.175","46.482","Hard","2.115","0","1","","2","2","0","0.300","121","55","0","2","2","0","","","","","c035815ab8d3874d7755ca913cb8f67","0.439","","","","","en-US","1.1","","","","","","https://staging.jakevibes.dev/team/anto-cabraja","2026-07-28 16:57:44"
"https://staging.jakevibes.dev/team/erwin-panganiban","text/html; charset=utf-8","200","OK","Indexable","","Erwin Panganiban – Talent Success Manager | Cloud Employee","58","561","Read the complete profile of Erwin Panganiban and their experience at Cloud Employee for the past 1 years. Discover articlers, profile links and expertise.","155","937","","0","Erwin Panganiban","16","Articles from Erwin Panganiban","30","Ready to hire your next engineer?","33","index, follow","","","https://staging.jakevibes.dev/team/erwin-panganiban","","","","","","207242","27443","27443","10.513","","337","67","5.030","39.057","Hard","2.115","0","1","","2","2","0","0.300","117","51","0","2","2","0","","","","","fe157d0a4abc8dce051f76b3e688266","0.379","","","","","en-US","1.1","","","","","","https://staging.jakevibes.dev/team/erwin-panganiban","2026-07-28 16:57:45"
"https://staging.jakevibes.dev/team/ericka-go","text/html; charset=utf-8","200","OK","Indexable","","Ericka Go – Senior HR Manager | Cloud Employee","46","437","Read the complete profile of Ericka Go and their experience at Cloud Employee for the past 3 years. Discover articlers, profile links and expertise.","148","882","","0","Ericka Go","9","Articles from Ericka Go","23","Ready to hire your next engineer?","33","index, follow","","","https://staging.jakevibes.dev/team/ericka-go","","","","","","213538","28408","28408","10.883","","372","73","5.096","45.426","Hard","2.129","0","1","","2","2","0","0.300","118","52","0","2","2","0","","","","","c16096a44a61db2504d8c5ef0045ed16","0.504","","","","","en-US","1.1","","","","","","https://staging.jakevibes.dev/team/ericka-go","2026-07-28 16:57:45"
"https://staging.jakevibes.dev/team/grace-tannor","text/html; charset=utf-8","200","OK","Indexable","","Grace Tannor – Client Services Manager | Cloud Employee","55","519","Read the complete profile of Grace Tannor and their experience at Cloud Employee for the past 5 years. Discover articlers, profile links and expertise.","151","908","","0","Grace Tannor","12","Articles from Grace Tannor","26","Ready to hire your next engineer?","33","index, follow","","","https://staging.jakevibes.dev/team/grace-tannor","","","","","","213506","27983","27983","10.720","","374","72","5.194","44.578","Hard","2.150","0","1","","2","2","0","0.300","118","52","0","2","2","0","","","","","fdc762c5d56f5a26e1e314acbf568da2","0.435","","","","","en-US","1.1","","","","","","https://staging.jakevibes.dev/team/grace-tannor","2026-07-28 16:57:45"
"https://staging.jakevibes.dev/team/ezekiel-mariano","text/html; charset=utf-8","200","OK","Indexable","","Ezekiel Mariano – Headhunter Team Lead | Cloud Employee","55","533","Read the complete profile of Ezekiel Mariano and their experience at Cloud Employee for the past 2.5 years. Discover articlers, profile links and expertise.","156","932","","0","Ezekiel Mariano","15","Articles from Ezekiel Mariano","29","Ready to hire your next engineer?","33","index, follow","","","https://staging.jakevibes.dev/team/ezekiel-mariano","","","","","","208753","27625","27625","10.583","","354","67","5.284","43.026","Hard","2.140","0","1","","2","2","0","0.300","117","51","0","2","2","0","","","","","4d6367f723ff606a9bbae68651df0e21","0.658","","","","","en-US","1.1","","","","","","https://staging.jakevibes.dev/team/ezekiel-mariano","2026-07-28 16:57:45"
"https://staging.jakevibes.dev/team/heather-wood","text/html; charset=utf-8","200","OK","Indexable","","Heather Wood – Client Services Manager | Cloud Employee","55","526","Read the complete profile of Heather Wood and their experience at Cloud Employee for the past 1 years. Discover articlers, profile links and expertise.","151","912","","0","Heather Wood","12","Articles from Heather Wood","26","Ready to hire your next engineer?","33","index, follow","","","https://staging.jakevibes.dev/team/heather-wood","","","","","","209704","27795","27795","10.648","","363","68","5.338","42.471","Hard","2.149","0","1","","2","2","0","0.300","117","51","0","2","2","0","","","","","54145b9f033a1cbb4271f19f1399466d","0.383","","","","","en-US","1.1","","","","","","https://staging.jakevibes.dev/team/heather-wood","2026-07-28 16:57:45"
"https://staging.jakevibes.dev/team/jake-hall","text/html; charset=utf-8","200","OK","Indexable","","Jake Hall – Co-Founder & CIO | Cloud Employee","45","421","Read the complete profile of Jake Hall and their experience at Cloud Employee for the past 9 years. Discover articlers, profile links and expertise.","148","880","","0","Jake Hall","9","Articles from Jake Hall","23","Ready to hire your next engineer?","33","index, follow","","","https://staging.jakevibes.dev/team/jake-hall","","","","","","239324","29613","29613","11.344","","436","94","4.638","41.659","Hard","2.106","0","1","","2","2","0","0.300","123","57","0","2","2","0","","","","","6f91a344fcace7645803ae0c78b979d3","0.391","","","","","en-US","1.1","","","","","","https://staging.jakevibes.dev/team/jake-hall","2026-07-28 16:57:46"
"https://staging.jakevibes.dev/team/heidi-dela-cruz","text/html; charset=utf-8","200","OK","Indexable","","Heidi Dela Cruz – Head of People | Cloud Employee","49","455","Read the complete profile of Heidi Dela Cruz and their experience at Cloud Employee for the past 5 years. Discover articlers, profile links and expertise.","154","916","","0","Heidi Dela Cruz","15","Articles from Heidi Dela Cruz","29","Ready to hire your next engineer?","33","index, follow","","","https://staging.jakevibes.dev/team/heidi-dela-cruz","","","","","","212265","27936","27936","10.702","","366","71","5.155","40.724","Hard","2.145","0","1","","2","2","0","0.300","118","52","0","1","1","0","","","","","b19cd841a09fee66809c53ae7ab066cd","0.375","","","","","en-US","1.1","","","","","","https://staging.jakevibes.dev/team/heidi-dela-cruz","2026-07-28 16:57:45"
"https://staging.jakevibes.dev/team/kyla-taal","text/html; charset=utf-8","200","OK","Indexable","","Kyla Taal – Talent Success Manager | Cloud Employee","51","483","Read the complete profile of Kyla Taal and their experience at Cloud Employee for the past 4 years. Discover articlers, profile links and expertise.","148","880","","0","Kyla Taal","9","Articles from Kyla Taal","23","Ready to hire your next engineer?","33","index, follow","","","https://staging.jakevibes.dev/team/kyla-taal","","","","","","207229","27279","27279","10.450","","369","69","5.348","45.046","Hard","2.187","0","1","","2","2","0","0.300","117","51","0","2","2","0","","","","","17f70d3c66ae70167419b020817d9537","0.522","","","","","en-US","1.1","","","","","","https://staging.jakevibes.dev/team/kyla-taal","2026-07-28 16:57:46"
"https://staging.jakevibes.dev/team/luis-santos","text/html; charset=utf-8","200","OK","Indexable","","Luis Santos – Talent Success Manager | Cloud Employee","53","505","Read the complete profile of Luis Santos and their experience at Cloud Employee for the past 1 years. Discover articlers, profile links and expertise.","150","896","","0","Luis Santos","11","Articles from Luis Santos","25","Ready to hire your next engineer?","33","index, follow","","","https://staging.jakevibes.dev/team/luis-santos","","","","","","206912","27205","27205","10.422","","345","66","5.227","45.081","Hard","2.105","0","1","","2","2","0","0.300","117","51","0","2","2","0","","","","","1f9ed1d9bd2eb218cfb9f3d591441ff0","0.401","","","","","en-US","1.1","","","","","","https://staging.jakevibes.dev/team/luis-santos","2026-07-28 16:57:46"
"https://staging.jakevibes.dev/team/maica-padillo","text/html; charset=utf-8","200","OK","Indexable","","Maica Padillo – Headhunter Team Lead | Cloud Employee","53","512","Read the complete profile of Maica Padillo  and their experience at Cloud Employee for the past 7 years. Discover articlers, profile links and expertise.","153","906","","0","Maica Padillo","13","Articles from Maica Padillo","27","Ready to hire your next engineer?","33","index, follow","","","https://staging.jakevibes.dev/team/maica-padillo","","","","","","209486","27323","27323","10.467","","357","67","5.328","43.365","Hard","2.135","0","1","","2","2","0","0.300","117","51","0","2","2","0","","","","","95c49c0e3a058dab7b149dd6aa853a0b","0.370","","","","","en-US","1.1","","","","","","https://staging.jakevibes.dev/team/maica-padillo","2026-07-28 16:57:46"
"https://staging.jakevibes.dev/team/kean-reynancia","text/html; charset=utf-8","200","OK","Indexable","","Kean Reynancia – Senior HR & Head of Payroll & Benefits | Cloud Employee","72","665","Read the complete profile of Kean Reynancia and their experience at Cloud Employee for the past 6 years. Discover articlers, profile links and expertise.","153","923","","0","Kean Reynancia","14","Articles from Kean Reynancia","28","Ready to hire your next engineer?","33","index, follow","","","https://staging.jakevibes.dev/team/kean-reynancia","","","","","","209899","27673","27673","10.601","","362","68","5.324","42.982","Hard","2.151","0","1","","2","2","0","0.300","117","51","0","2","2","0","","","","","9aab326558e22417cb161026e870787d","0.589","","","","","en-US","1.1","","","","","","https://staging.jakevibes.dev/team/kean-reynancia","2026-07-28 16:57:46"
"https://staging.jakevibes.dev/team/lyka-duran","text/html; charset=utf-8","200","OK","Indexable","","Lyka Duran – HR Officer | Cloud Employee","40","372","Read the complete profile of Lyka Duran  and their experience at Cloud Employee for the past 1 years. Discover articlers, profile links and expertise.","150","894","","0","Lyka Duran","10","Articles from Lyka Duran","24","Ready to hire your next engineer?","33","index, follow","","","https://staging.jakevibes.dev/team/lyka-duran","","","","","","206760","27495","27495","10.533","","345","67","5.149","43.443","Hard","2.115","0","1","","2","2","0","0.300","117","51","0","2","2","0","","","","","984cf27374e60ae53d34e4e8155c2ddf","0.449","","","","","en-US","1.1","","","","","","https://staging.jakevibes.dev/team/lyka-duran","2026-07-28 16:57:46"
"https://staging.jakevibes.dev/team/robert-reyes","text/html; charset=utf-8","200","OK","Indexable","","Robert Reyes – Talent Success Manager | Cloud Employee","54","518","Read the complete profile of Robert Reyes and their experience at Cloud Employee for the past 2 years. Discover articlers, profile links and expertise.","151","905","","0","Robert Reyes","12","Articles from Robert Reyes","26","Ready to hire your next engineer?","33","index, follow","","","https://staging.jakevibes.dev/team/robert-reyes","","","","","","209205","27431","27431","10.508","","360","68","5.294","44.481","Hard","2.144","0","1","","2","2","0","0.300","117","51","0","2","2","0","","","","","c0dcc16c2b203293c34ee6dfaad225c5","0.382","","","","","en-US","1.1","","","","","","https://staging.jakevibes.dev/team/robert-reyes","2026-07-28 16:57:47"
"https://staging.jakevibes.dev/team/russel-lobrio","text/html; charset=utf-8","200","OK","Indexable","","Russel Lobrio – Senior Software Engineer - Vetting | Cloud Employee","67","608","Read the complete profile of Russel Lobrio and their experience at Cloud Employee for the past 2 years. Discover articlers, profile links and expertise.","152","907","","0","Russel Lobrio","13","Articles from Russel Lobrio","27","Ready to hire your next engineer?","33","index, follow","","","https://staging.jakevibes.dev/team/russel-lobrio","","","","","","209410","27868","27868","10.676","","360","69","5.217","42.444","Hard","2.151","0","1","","2","2","0","0.300","117","51","0","2","2","0","","","","","23cf131afcd69db3e82b567461dbd52e","0.388","","","","","en-US","1.1","","","","","","https://staging.jakevibes.dev/team/russel-lobrio","2026-07-28 16:57:47"
"https://staging.jakevibes.dev/team/rich-holgate","text/html; charset=utf-8","200","OK","Indexable","","Rich Holgate – Chief Operating Officer | Cloud Employee","55","500","Read the complete profile of Rich Holgate  and their experience at Cloud Employee for the past 1 years. Discover articlers, profile links and expertise.","152","902","","0","Rich Holgate","12","Articles from Rich Holgate","26","Ready to hire your next engineer?","33","index, follow","","","https://staging.jakevibes.dev/team/rich-holgate","","","","","","207435","27926","27926","10.698","","378","70","5.400","41.106","Hard","2.231","0","1","","2","2","0","0.300","117","51","0","2","2","0","","","","","7937156f728044c7413820a088d3b687","0.561","","","","","en-US","1.1","","","","","","https://staging.jakevibes.dev/team/rich-holgate","2026-07-28 16:57:47"
"https://staging.jakevibes.dev/team/molly-miller","text/html; charset=utf-8","200","OK","Indexable","","Molly Miller – Head of Operations, North America | Cloud Employee","65","595","Read the complete profile of Molly Miller and their experience at Cloud Employee for the past 1 years. Discover articlers, profile links and expertise.","151","892","","0","Molly Miller","12","Articles from Molly Miller","26","Ready to hire your next engineer?","33","index, follow","","","https://staging.jakevibes.dev/team/molly-miller","","","","","","209937","28217","28217","10.809","","428","75","5.707","47.063","Hard","2.329","0","1","","2","2","0","0.300","117","51","0","2","2","0","","","","","2c51c27fbda6753e106e6e1c72c63aea","0.462","","","","","en-US","1.1","","","","","","https://staging.jakevibes.dev/team/molly-miller","2026-07-28 16:57:47"
"https://staging.jakevibes.dev/team/seb-hall","text/html; charset=utf-8","200","OK","Indexable","","Seb Hall – Co-Founder & CEO | Cloud Employee","44","418","Read the complete profile of Seb Hall and their experience at Cloud Employee for the past 11 years. Discover articlers, profile links and expertise.","148","881","","0","Seb Hall","8","Articles from Seb Hall","22","Ready to hire your next engineer?","33","index, follow","","","","","","","","","242110","30536","30536","11.698","","453","94","4.819","48.804","Hard","2.102","0","1","","2","2","0","0.300","124","58","0","2","2","0","","","","","829e99187b91611a68e36aafe20f83ed","0.395","","","","","en-US","1.1","","","","","","https://staging.jakevibes.dev/team/seb-hall","2026-07-28 16:57:47"
"https://staging.jakevibes.dev/team/stephanie-silva","text/html; charset=utf-8","200","OK","Indexable","","Stephanie Silva – Talent Manager | Cloud Employee","49","460","Read the complete profile of Stephanie Silva and their experience at Cloud Employee for the past 2 years. Discover articlers, profile links and expertise.","154","917","","0","Stephanie Silva","15","Articles from Stephanie Silva","29","Ready to hire your next engineer?","33","index, follow","","","https://staging.jakevibes.dev/team/stephanie-silva","","","","","","208998","27517","27517","10.541","","357","66","5.409","45.178","Hard","2.131","0","1","","2","2","0","0.300","117","51","0","2","2","0","","","","","74548f618947ac20908c6a79d69b427b","0.599","","","","","en-US","1.1","","","","","","https://staging.jakevibes.dev/team/stephanie-silva","2026-07-28 16:57:47"
"https://staging.jakevibes.dev/team/stephanie-bird","text/html; charset=utf-8","200","OK","Indexable","","Stephanie Bird – Head of Partnerships | Cloud Employee","54","500","Read the complete profile of Stephanie Bird and their experience at Cloud Employee for the past 3.5 years. Discover articlers, profile links and expertise.","155","925","","0","Stephanie Bird","14","Articles from Stephanie Bird","28","Ready to hire your next engineer?","33","index, follow","","","https://staging.jakevibes.dev/team/stephanie-bird","","","","","","211152","27675","27675","10.602","","369","70","5.271","46.499","Hard","2.138","0","1","","2","2","0","0.300","118","52","0","2","2","0","","","","","d50f101a06617ce61cc120ae711fcaca","0.425","","","","","en-US","1.1","","","","","","https://staging.jakevibes.dev/team/stephanie-bird","2026-07-28 16:57:47"
"https://staging.jakevibes.dev/team/steven-sy","text/html; charset=utf-8","200","OK","Indexable","","Steven Sy – Talent Success Manager | Cloud Employee","51","489","Read the complete profile of Steven Sy  and their experience at Cloud Employee for the past 3 years. Discover articlers, profile links and expertise.","149","883","","0","Steven Sy","9","Articles from Steven Sy","23","Ready to hire your next engineer?","33","index, follow","","","https://staging.jakevibes.dev/team/steven-sy","","","","","","207270","27793","27793","10.647","","379","71","5.338","43.824","Hard","2.225","0","1","","2","2","0","0.300","117","51","0","2","2","0","","","","","38e5d84d5faff9a65c6f1ee046031fa0","0.573","","","","","en-US","1.1","","","","","","https://staging.jakevibes.dev/team/steven-sy","2026-07-28 16:57:48"
"https://staging.jakevibes.dev/technology","text/html; charset=utf-8","200","OK","Indexable","","Your tech-stack, our expertise","30","265","Hire expert developers across all major tech stacks-JavaScript, Python, .NET, AWS, React, and more. View the technologies we recruit for globally.","146","894","","0","Your tech-stack, our expertise","30","Every stack our engineers ship in","33","Hear from our customers","23","index, follow","","","https://staging.jakevibes.dev/technology","","","","","","510118","48650","48650","18.637","","1303","233","5.592","51.112","Fairly Hard","2.018","0","0","","338","336","0","49.850","212","138","0","1","1","0","","","","","7be15dfe37f740cef39297eac54e0345","0.451","","","","","en-US","1.1","","","","","","https://staging.jakevibes.dev/technology","2026-07-28 16:57:48"
"https://staging.jakevibes.dev/team/viktoria-mangarin","text/html; charset=utf-8","200","OK","Indexable","","Viktoria Mangarin – HR and Events Specialist | Cloud Employee","61","560","Read the complete profile of Viktoria Mangarin  and their experience at Cloud Employee for the past 3  years. Discover articlers, profile links and expertise.","158","934","","0","Viktoria Mangarin","17","Articles from Viktoria Mangarin","31","Ready to hire your next engineer?","33","index, follow","","","https://staging.jakevibes.dev/team/viktoria-mangarin","","","","","","207771","27344","27344","10.475","","359","68","5.279","41.938","Hard","2.163","0","1","","2","2","0","0.300","117","51","0","1","1","0","","","","","30083cb2f829c22834a200cb15064aa","0.488","","","","","en-US","1.1","","","","","","https://staging.jakevibes.dev/team/viktoria-mangarin","2026-07-28 16:57:48"
"https://staging.jakevibes.dev/technology/android","text/html; charset=utf-8","200","OK","Indexable","","Android Developers for Hire","27","246","Hire vetted Android developers to scale your team fast. Nearshore/offshore talent that feels in-house. Cancel anytime, no upfront fees.","135","828","","0","Android Developers","18","Vetted Android Developers, Embedded in Your Team","48","Android Engineering Expertise","29","index, follow","","","https://staging.jakevibes.dev/technology/android","","","","","","337662","42967","42967","16.460","","1114","193","5.772","70.431","Fairly Easy","2.581","0","1","","6","6","0","0.890","120","51","0","1","1","0","","","","","e46b851930f394d04d9e1ffda3158617","0.399","","","","","en-US","1.1","","","","","","https://staging.jakevibes.dev/technology/android","2026-07-28 16:57:48"
"https://staging.jakevibes.dev/technology/ansible","text/html; charset=utf-8","200","OK","Indexable","","Ansible Developers for Hire","27","243","Hire vetted Ansible developers to scale your team fast. Nearshore/offshore talent that feels in-house. Cancel anytime, no upfront fees.","135","824","","0","Ansible Developers","18","Vetted Ansible Engineers, Embedded in Your Team","47","Ansible Engineering Expertise","29","index, follow","","","","","","","","","338991","43695","43695","16.739","","1067","192","5.557","67.040","Normal","2.504","0","1","","4","4","0","0.590","120","51","0","1","1","0","","","","","aefbb2ca9481c9d4f66170655a03eda4","0.500","","","","","en-US","1.1","","","","","","https://staging.jakevibes.dev/technology/ansible","2026-07-28 16:57:49"
"https://staging.jakevibes.dev/technology/airtable-developers","text/html; charset=utf-8","200","OK","Indexable","","Airtable Developers for Hire","28","247","Hire vetted Airtable developers to scale your team fast. Nearshore/offshore talent that feels in-house. Cancel anytime, no upfront fees.","136","827","","0","Airtable Developers","19","Airtable Developers Who Deliver","31","Experts in Airtable & Beyond","28","index, follow","","","https://staging.jakevibes.dev/technology/airtable-developers","","","","","","339842","43086","43086","16.505","","1110","193","5.751","71.887","Fairly Easy","2.531","0","1","","6","6","0","0.890","120","51","0","1","1","0","","","","","5129ff9e79e021e23df0fb9a2359741e","0.629","","","","","en-US","1.1","","","","","","https://staging.jakevibes.dev/technology/airtable-developers","2026-07-28 16:57:48"
"https://staging.jakevibes.dev/technology/angular-developers","text/html; charset=utf-8","200","OK","Indexable","","Angular Developers for Hire","27","246","Hire vetted Angular developers to scale your team fast. Nearshore/offshore talent that feels in-house. Cancel anytime, no upfront fees.","135","828","","0","Angular Developers","18","Angular Developers That Feel In-House","37","Experts in Angular Delivery","27","index, follow","","","https://staging.jakevibes.dev/technology/angular-developers","","","","","","339787","43551","43551","16.684","","1099","195","5.636","71.482","Fairly Easy","2.529","0","1","","8","8","0","1.190","120","51","0","1","1","0","","","","","98c747a21a41806e2485262e1ee05c4d","0.615","","","","","en-US","1.1","","","","","","https://staging.jakevibes.dev/technology/angular-developers","2026-07-28 16:57:48"
"https://staging.jakevibes.dev/technology/aws-developers","text/html; charset=utf-8","200","OK","Indexable","","AWS Developers for Hire","23","220","Hire vetted AWS developers to scale your team fast. Nearshore/offshore talent that feels in-house. Cancel anytime, no upfront fees.","131","808","","0","AWS Developers","14","AWS Engineers You Can Rely On","29","Experts in AWS Ecosystem","24","index, follow","","","https://staging.jakevibes.dev/technology/aws-developers","","","","","","340036","43511","43511","16.668","","1093","193","5.663","73.761","Fairly Easy","2.487","0","1","","1021","341","0","50.590","120","50","0","1","1","0","","","","","f057dc539afab8e1037c51c41c4af937","0.537","","","","","en-US","1.1","","","","","","https://staging.jakevibes.dev/technology/aws-developers","2026-07-28 16:57:49"
"https://staging.jakevibes.dev/technology/browserstack","text/html; charset=utf-8","200","OK","Indexable","","BrowserStack Developers for Hire","32","300","Hire vetted BrowserStack developers to scale your team fast. Nearshore/offshore talent that feels in-house. Cancel anytime, no upfront fees.","140","866","","0","BrowserStack Developers","23","Vetted BrowserStack Engineers, Embedded in Your Team","52","BrowserStack Engineering Expertise","34","index, follow","","","https://staging.jakevibes.dev/technology/browserstack","","","","","","337386","42798","42798","16.395","","1079","189","5.709","69.946","Normal","2.520","0","1","","4","4","0","0.590","120","51","0","1","1","0","","","","","4fd64aeac30b7a58474e908968632a36","0.410","","","","","en-US","1.1","","","","","","https://staging.jakevibes.dev/technology/browserstack","2026-07-28 16:57:50"
"https://staging.jakevibes.dev/technology/cloudformation","text/html; charset=utf-8","200","OK","Indexable","","CloudFormation Developers for Hire","34","320","Hire vetted CloudFormation developers to scale your team fast. Nearshore/offshore talent that feels in-house. Cancel anytime, no upfront fees.","142","880","","0","CloudFormation Developers","25","Vetted CloudFormation Developers, Embedded in Your Team","55","CloudFormation Engineering Expertise","36","index, follow","","","","","","","","","339170","43603","43603","16.703","","1065","191","5.576","70.026","Fairly Easy","2.494","0","1","","4","4","0","0.590","120","51","0","1","1","0","","","","","255729b324c5faf170da47aebb54422","0.563","","","","","en-US","1.1","","","","","","https://staging.jakevibes.dev/technology/cloudformation","2026-07-28 16:57:50"
"https://staging.jakevibes.dev/technology/azure-developers","text/html; charset=utf-8","200","OK","Indexable","","Azure Developers for Hire","25","229","Hire vetted Azure developers to scale your team fast. Nearshore/offshore talent that feels in-house. Cancel anytime, no upfront fees.","133","815","","0","Azure Developers","16","Embedded Azure Engineers, Ready to Scale","40","Microsoft Cloud Specialists","27","index, follow","","","https://staging.jakevibes.dev/technology/azure-developers","","","","","","339310","43263","43263","16.573","","1082","194","5.577","71.928","Fairly Easy","2.482","0","1","","6","6","0","0.890","120","51","0","1","1","0","","","","","824da5c1e1206f614a9e527d7626b62a","0.723","","","","","en-US","1.1","","","","","","https://staging.jakevibes.dev/technology/azure-developers","2026-07-28 16:57:49"
"https://staging.jakevibes.dev/technology/bigquery","text/html; charset=utf-8","200","OK","Indexable","","BigQuery Developers for Hire","28","257","Hire vetted BigQuery developers to scale your team fast. Nearshore/offshore talent that feels in-house. Cancel anytime, no upfront fees.","136","836","","0","BigQuery Developers","19","Vetted BigQuery Developers, Embedded in Your Team","49","BigQuery Engineering Expertise","30","index, follow","","","https://staging.jakevibes.dev/technology/bigquery","","","","","","337242","43000","43000","16.472","","1086","192","5.656","69.520","Normal","2.521","0","1","","4","4","0","0.590","120","51","0","1","1","0","","","","","544fcc6e5c4928829565ab9fb180afe8","0.688","","","","","en-US","1.1","","","","","","https://staging.jakevibes.dev/technology/bigquery","2026-07-28 16:57:49"
"https://staging.jakevibes.dev/technology/bubble-developers","text/html; charset=utf-8","200","OK","Indexable","","Bubble Developers for Hire","26","238","Hire vetted Bubble developers to scale your team fast. Nearshore/offshore talent that feels in-house. Cancel anytime, no upfront fees.","134","822","","0","Bubble Developers","17","Bubble Developers Who Ship Products","35","Experts in No-Code & UX","23","index, follow","","","https://staging.jakevibes.dev/technology/bubble-developers","","","","","","340190","43337","43337","16.602","","1095","195","5.615","72.961","Fairly Easy","2.501","0","1","","6","6","0","0.890","120","51","0","1","1","0","","","","","90d1e64469e85c394f8736a075b77d7","0.465","","","","","en-US","1.1","","","","","","https://staging.jakevibes.dev/technology/bubble-developers","2026-07-28 16:57:50"
"https://staging.jakevibes.dev/technology/compose","text/html; charset=utf-8","200","OK","Indexable","","Compose Developers for Hire","27","262","Hire vetted Compose developers to scale your team fast. Nearshore/offshore talent that feels in-house. Cancel anytime, no upfront fees.","135","838","","0","Compose Developers","18","Vetted Compose Developers, Embedded in Your Team","48","Compose Engineering Expertise","29","index, follow","","","https://staging.jakevibes.dev/technology/compose","","","","","","336993","42501","42501","16.281","","1067","189","5.646","72.104","Fairly Easy","2.487","0","1","","4","4","0","0.590","120","51","0","1","1","0","","","","","b7cf6cb922dda7aa5e77d5967671df2c","0.400","","","","","en-US","1.1","","","","","","https://staging.jakevibes.dev/technology/compose","2026-07-28 16:57:50"
"https://staging.jakevibes.dev/technology/combine","text/html; charset=utf-8","200","OK","Indexable","","Combine Developers for Hire","27","257","Hire vetted Combine developers to scale your team fast. Nearshore/offshore talent that feels in-house. Cancel anytime, no upfront fees.","135","834","","0","Combine Developers","18","Vetted Combine Developers, Embedded in Your Team","48","Combine Engineering Expertise","29","index, follow","","","https://staging.jakevibes.dev/technology/combine","","","","","","337055","42963","42963","16.458","","1082","188","5.755","72.451","Fairly Easy","2.509","0","1","","4","4","0","0.590","120","51","0","1","1","0","","","","","2a7b3e5ee2e95460d394df4d8fcda1a2","0.461","","","","","en-US","1.1","","","","","","https://staging.jakevibes.dev/technology/combine","2026-07-28 16:57:50"
"https://staging.jakevibes.dev/technology/coredata","text/html; charset=utf-8","200","OK","Indexable","","CoreData Developers for Hire","28","261","Hire vetted CoreData developers to scale your team fast. Nearshore/offshore talent that feels in-house. Cancel anytime, no upfront fees.","136","838","","0","Core Data Developers","20","Vetted Core Data Developers, Embedded in Your Team","50","Core Data Engineering Expertise","31","index, follow","","","","","","","","","339613","43608","43608","16.705","","1078","190","5.674","71.508","Fairly Easy","2.489","0","1","","4","4","0","0.590","120","51","0","1","1","0","","","","","5e0b5769397dadf6558b52cd5de21e25","0.474","","","","","en-US","1.1","","","","","","https://staging.jakevibes.dev/technology/coredata","2026-07-28 16:57:51"
"https://staging.jakevibes.dev/technology/css3","text/html; charset=utf-8","200","OK","Indexable","","CSS3 Developers for Hire","24","225","Hire vetted CSS3 developers to scale your team fast. Nearshore/offshore talent that feels in-house. Cancel anytime, no upfront fees.","132","812","","0","CSS3 Developers","15","Vetted CSS3 Developers, Embedded in Your Team","45","CSS3 Engineering Expertise","26","index, follow","","","https://staging.jakevibes.dev/technology/css3","","","","","","334603","42516","42516","16.287","","1058","189","5.598","72.254","Fairly Easy","2.492","0","1","","4","4","0","0.590","120","51","0","1","1","0","","","","","f28d7f89abc2348814294b77550f104c","0.413","","","","","en-US","1.1","","","","","","https://staging.jakevibes.dev/technology/css3","2026-07-28 16:57:51"
"https://staging.jakevibes.dev/technology/csharp-developers","text/html; charset=utf-8","200","OK","Indexable","","C# Developers for Hire","22","202","Hire vetted C# developers to scale your team fast. Nearshore/offshore talent that feels in-house. Cancel anytime, no upfront fees.","130","797","","0","C# Developers","13","C# Developers Who Ship Quality Code","35","End-to-End .NET Expertise","25","index, follow","","","https://staging.jakevibes.dev/technology/csharp-developers","","","","","","339200","43617","43617","16.709","","1083","198","5.470","75.438","Fairly Easy","2.470","0","1","","3","3","0","0.450","120","51","0","1","1","0","","","","","a5356779dc2a806b38c13d15b6c210fa","0.554","","","","","en-US","1.1","","","","","","https://staging.jakevibes.dev/technology/csharp-developers","2026-07-28 16:57:51"
"https://staging.jakevibes.dev/technology/cypress","text/html; charset=utf-8","200","OK","Indexable","","Cypress Developers for Hire","27","248","Hire vetted Cypress developers to scale your team fast. Nearshore/offshore talent that feels in-house. Cancel anytime, no upfront fees.","135","829","","0","Cypress Developers","18","Vetted Cypress Developers, Embedded in Your Team","48","Cypress Engineering Expertise","29","index, follow","","","https://staging.jakevibes.dev/technology/cypress","","","","","","337597","43051","43051","16.492","","1074","187","5.743","72.924","Fairly Easy","2.485","0","1","","4","4","0","0.590","120","51","0","1","1","0","","","","","99c65b8152a2162c560c660e9e884c54","0.469","","","","","en-US","1.1","","","","","","https://staging.jakevibes.dev/technology/cypress","2026-07-28 16:57:51"
"https://staging.jakevibes.dev/technology/dagger","text/html; charset=utf-8","200","OK","Indexable","","Dagger Developers for Hire","26","241","Hire vetted Dagger developers to scale your team fast. Nearshore/offshore talent that feels in-house. Cancel anytime, no upfront fees.","134","824","","0","Dagger Developers","17","Vetted Dagger Developers, Embedded in Your Team","47","Dagger Engineering Expertise","28","index, follow","","","https://staging.jakevibes.dev/technology/dagger","","","","","","336984","43090","43090","16.507","","1079","188","5.739","71.875","Fairly Easy","2.500","0","1","","4","4","0","0.590","120","51","0","1","1","0","","","","","93c7d09e7d67d80dc63f976dc04be96","0.421","","","","","en-US","1.1","","","","","","https://staging.jakevibes.dev/technology/dagger","2026-07-28 16:57:51"
"https://staging.jakevibes.dev/technology/dbt","text/html; charset=utf-8","200","OK","Indexable","","DBT Developers for Hire","23","214","Hire vetted DBT developers to scale your team fast. Nearshore/offshore talent that feels in-house. Cancel anytime, no upfront fees.","131","805","","0","dbt Developers","14","Vetted dbt Developers, Embedded in Your Team","44","dbt Engineering Expertise","25","index, follow","","","https://staging.jakevibes.dev/technology/dbt","","","","","","337332","42712","42712","16.362","","1064","190","5.600","72.979","Fairly Easy","2.474","0","1","","4","4","0","0.590","120","51","0","1","1","0","","","","","ef858a13eee5aa1f70dec1d3e9169cff","0.402","","","","","en-US","1.1","","","","","","https://staging.jakevibes.dev/technology/dbt","2026-07-28 16:57:51"
"https://staging.jakevibes.dev/technology/dotnet-developers","text/html; charset=utf-8","200","OK","Indexable","",".NET Developers for Hire","24","219","Hire vetted .NET developers to scale your team fast. Nearshore/offshore talent that feels in-house. Cancel anytime, no upfront fees.","132","809","","0",".NET Developers","15","Embedded .NET Developers, Vetted for Delivery","45",".NET Specialists","16","index, follow","","","https://staging.jakevibes.dev/technology/dotnet-developers","","","","","","340053","43289","43289","16.583","","1090","206","5.291","73.711","Fairly Easy","2.489","0","1","","1013","337","0","50.000","120","50","0","1","1","0","","","","","c0b86fb7b7ddd81797d5165776dcbbcc","0.370","","","","","en-US","1.1","","","","","","https://staging.jakevibes.dev/technology/dotnet-developers","2026-07-28 16:57:52"
"https://staging.jakevibes.dev/technology/docker","text/html; charset=utf-8","200","OK","Indexable","","Docker Developers for Hire","26","239","Hire vetted Docker developers to scale your team fast. Nearshore/offshore talent that feels in-house. Cancel anytime, no upfront fees.","134","822","","0","Docker Developers","17","Vetted Docker Developers, Embedded in Your Team","47","Docker Engineering Expertise","28","index, follow","","","https://staging.jakevibes.dev/technology/docker","","","","","","338577","43223","43223","16.558","","1079","192","5.620","68.860","Normal","2.523","0","1","","8","8","0","1.190","120","51","0","1","1","0","","","","","9a497a6d13675b7bc10b3356e59f418e","0.382","","","","","en-US","1.1","","","","","","https://staging.jakevibes.dev/technology/docker","2026-07-28 16:57:52"
"https://staging.jakevibes.dev/technology/fastlane","text/html; charset=utf-8","200","OK","Indexable","","Fastlane Developers for Hire","28","254","Hire vetted Fastlane developers to scale your team fast. Nearshore/offshore talent that feels in-house. Cancel anytime, no upfront fees.","136","833","","0","Fastlane Developers","19","Vetted Fastlane Developers, Embedded in Your Team","49","Fastlane Engineering Expertise","30","index, follow","","","https://staging.jakevibes.dev/technology/fastlane","","","","","","337012","42664","42664","16.344","","1069","189","5.656","70.435","Fairly Easy","2.494","0","1","","4","4","0","0.590","120","51","0","1","1","0","","","","","242904ae2cad6a4eb7a666f4482b24f1","0.376","","","","","en-US","1.1","","","","","","https://staging.jakevibes.dev/technology/fastlane","2026-07-28 16:57:52"
"https://staging.jakevibes.dev/technology/fastapi-developers","text/html; charset=utf-8","200","OK","Indexable","","FastAPI Developers for Hire","27","247","Hire vetted FastAPI developers to scale your team fast. Nearshore/offshore talent that feels in-house. Cancel anytime, no upfront fees.","135","829","","0","FastAPI Developers","18","FastAPI Engineers, Embedded & Aligned","37","Experts in Fast, Typed APIs","27","index, follow","","","https://staging.jakevibes.dev/technology/fastapi-developers","","","","","","340398","43481","43481","16.657","","1096","195","5.621","69.985","Normal","2.517","0","1","","5","5","0","0.740","120","51","0","1","1","0","","","","","b8f7b01476e176631f64b3e51e01aa54","0.441","","","","","en-US","1.1","","","","","","https://staging.jakevibes.dev/technology/fastapi-developers","2026-07-28 16:57:52"
"https://staging.jakevibes.dev/technology/express","text/html; charset=utf-8","200","OK","Indexable","","Express Developers for Hire","27","247","Hire vetted Express developers to scale your team fast. Nearshore/offshore talent that feels in-house. Cancel anytime, no upfront fees.","135","828","","0","Express Developers","18","Vetted Express Developers, Embedded in Your Team","48","Express Engineering Expertise","29","index, follow","","","https://staging.jakevibes.dev/technology/express","","","","","","337561","42918","42918","16.441","","1066","193","5.523","72.424","Fairly Easy","2.482","0","1","","4","4","0","0.590","120","51","0","1","1","0","","","","","713df90f7e19f421946193fbf1270e63","0.598","","","","","en-US","1.1","","","","","","https://staging.jakevibes.dev/technology/express","2026-07-28 16:57:52"
"https://staging.jakevibes.dev/technology/firebase-developers","text/html; charset=utf-8","200","OK","Indexable","","Firebase Developers for Hire","28","254","Hire vetted Firebase developers to scale your team fast. Nearshore/offshore talent that feels in-house. Cancel anytime, no upfront fees.","136","832","","0","Firebase Developers","19","Firebase Developers, Embedded & Experienced","43","Experts in Firebase Ecosystem","29","index, follow","","","","","","","","","340816","44118","44118","16.901","","1086","191","5.686","70.503","Fairly Easy","2.498","0","1","","10","10","0","1.480","120","51","0","1","1","0","","","","","b076ca13bb9eb6eb899bc9baaeb386b3","0.379","","","","","en-US","1.1","","","","","","https://staging.jakevibes.dev/technology/firebase-developers","2026-07-28 16:57:53"
"https://staging.jakevibes.dev/technology/figma","text/html; charset=utf-8","200","OK","Indexable","","Figma Developers for Hire","25","233","Hire vetted Figma developers to scale your team fast. Nearshore/offshore talent that feels in-house. Cancel anytime, no upfront fees.","133","818","","0","Figma Developers","16","Vetted Figma Designers and Developers, Embedded in Your Team","60","Figma Engineering Expertise","27","index, follow","","","https://staging.jakevibes.dev/technology/figma","","","","","","337173","43071","43071","16.500","","1077","190","5.668","69.115","Normal","2.524","0","1","","4","4","0","0.590","120","51","0","1","1","0","","","","","157734493f87bfbc08963bf40e29a995","0.737","","","","","en-US","1.1","","","","","","https://staging.jakevibes.dev/technology/figma","2026-07-28 16:57:53"
"https://staging.jakevibes.dev/technology/flutter-developers","text/html; charset=utf-8","200","OK","Indexable","","Flutter Developers for Hire","27","236","Hire vetted Flutter developers to scale your team fast. Nearshore/offshore talent that feels in-house. Cancel anytime, no upfront fees.","135","820","","0","Flutter Developers","18","Embedded Flutter Developers","27","Experts in Every Layer","22","index, follow","","","https://staging.jakevibes.dev/technology/flutter-developers","","","","","","339917","43264","43264","16.574","","1079","192","5.620","74.035","Fairly Easy","2.458","0","1","","13","13","0","1.930","120","51","0","1","1","0","","","","","398408c15c7ac907c8af257ed191efd9","0.486","","","","","en-US","1.1","","","","","","https://staging.jakevibes.dev/technology/flutter-developers","2026-07-28 16:57:53"
"https://staging.jakevibes.dev/technology/graphql","text/html; charset=utf-8","200","OK","Indexable","","GraphQL Developers for Hire","27","256","Hire vetted GraphQL developers to scale your team fast. Nearshore/offshore talent that feels in-house. Cancel anytime, no upfront fees.","135","836","","0","GraphQL Developers","18","Vetted GraphQL Developers, Embedded in Your Team","48","GraphQL Engineering Expertise","29","index, follow","","","https://staging.jakevibes.dev/technology/graphql","","","","","","337728","42845","42845","16.413","","1067","192","5.557","71.400","Fairly Easy","2.494","0","1","","6","6","0","0.890","120","51","0","1","1","0","","","","","59a16e39a3d11d2c8e3e3debb817e6d5","0.415","","","","","en-US","1.1","","","","","","https://staging.jakevibes.dev/technology/graphql","2026-07-28 16:57:54"
"https://staging.jakevibes.dev/technology/google-cloud-developers","text/html; charset=utf-8","200","OK","Indexable","","Google Cloud Developers for Hire","32","296","Hire vetted Google Cloud developers to scale your team fast. Nearshore/offshore talent that feels in-house. Cancel anytime, no upfront fees.","140","862","","0","Google Cloud Developers","23","Embedded GCP Developers for Scalable Apps","41","End-to-End GCP Expertise","24","index, follow","","","","","","","","","340824","44453","44453","17.029","","1089","193","5.642","72.382","Fairly Easy","2.485","0","1","","6","6","0","0.890","120","51","0","1","1","0","","","","","99f92abc4de60f5398a859e9a8400a00","0.388","","","","","en-US","1.1","","","","","","https://staging.jakevibes.dev/technology/google-cloud-developers","2026-07-28 16:57:54"
"https://staging.jakevibes.dev/technology/gitlab-ci","text/html; charset=utf-8","200","OK","Indexable","","GitLab CI Developers for Hire","29","259","Hire vetted GitLab CI developers to scale your team fast. Nearshore/offshore talent that feels in-house. Cancel anytime, no upfront fees.","137","837","","0","GitLab CI Developers","20","Vetted GitLab CI Developers, Embedded in Your Team","50","GitLab CI Engineering Expertise","31","index, follow","","","https://staging.jakevibes.dev/technology/gitlab-ci","","","","","","337616","43153","43153","16.531","","1066","188","5.670","71.481","Fairly Easy","2.480","0","1","","4","4","0","0.590","120","51","0","1","1","0","","","","","91b8fd60cf46bfcb1dbbf2a37d0c849","0.409","","","","","en-US","1.1","","","","","","https://staging.jakevibes.dev/technology/gitlab-ci","2026-07-28 16:57:53"
"https://staging.jakevibes.dev/technology/github-actions","text/html; charset=utf-8","200","OK","Indexable","","GitHub Actions Developers for Hire","34","311","Hire vetted GitHub Actions developers to scale your team fast. Nearshore/offshore talent that feels in-house. Cancel anytime, no upfront fees.","142","873","","0","GitHub Actions Developers","25","Vetted GitHub Actions Developers, Embedded in Your Team","55","GitHub Actions Engineering Expertise","36","index, follow","","","https://staging.jakevibes.dev/technology/github-actions","","","","","","338704","42867","42867","16.422","","1081","189","5.720","71.273","Fairly Easy","2.503","0","1","","4","4","0","0.590","120","51","0","1","1","0","","","","","510f40e4fd8e07f31b6e475100b5cc54","0.504","","","","","en-US","1.1","","","","","","https://staging.jakevibes.dev/technology/github-actions","2026-07-28 16:57:53"
"https://staging.jakevibes.dev/technology/glide","text/html; charset=utf-8","200","OK","Indexable","","Glide Developers for Hire","25","223","Hire vetted Glide developers to scale your team fast. Nearshore/offshore talent that feels in-house. Cancel anytime, no upfront fees.","133","810","","0","Glide Developers","16","Vetted Glide Developers, Embedded in Your Team","46","Glide Engineering Expertise","27","index, follow","","","","","","","","","339521","43689","43689","16.736","","1074","190","5.653","71.677","Fairly Easy","2.489","0","1","","4","4","0","0.590","120","51","0","1","1","0","","","","","a5ab0bd63fc9ed0b40e2dcc097789ba7","0.443","","","","","en-US","1.1","","","","","","https://staging.jakevibes.dev/technology/glide","2026-07-28 16:57:54"
"https://staging.jakevibes.dev/technology/huggingface-developers","text/html; charset=utf-8","200","OK","Indexable","","HuggingFace Developers for Hire","31","294","Hire vetted HuggingFace developers to scale your team fast. Nearshore/offshore talent that feels in-house. Cancel anytime, no upfront fees.","139","862","","0","HuggingFace Developers","22","Embedded HuggingFace Developers","31","Experts in Every Layer","22","index, follow","","","https://staging.jakevibes.dev/technology/huggingface-developers","","","","","","339220","43572","43572","16.692","","1092","194","5.629","71.898","Fairly Easy","2.524","0","1","","7","7","0","1.040","120","51","0","1","1","0","","","","","f68e498281aa550353ad4ac7d7d68194","0.387","","","","","en-US","1.1","","","","","","https://staging.jakevibes.dev/technology/huggingface-developers","2026-07-28 16:57:54"
"https://staging.jakevibes.dev/technology/iam","text/html; charset=utf-8","200","OK","Indexable","","IAM Developers for Hire","23","212","Hire vetted IAM developers to scale your team fast. Nearshore/offshore talent that feels in-house. Cancel anytime, no upfront fees.","131","804","","0","IAM Developers","14","Vetted IAM Developers, Embedded in Your Team","44","IAM Engineering Expertise","25","index, follow","","","https://staging.jakevibes.dev/technology/iam","","","","","","338253","43186","43186","16.544","","1082","189","5.725","70.919","Fairly Easy","2.493","0","1","","4","4","0","0.590","120","51","0","1","1","0","","","","","901493728226565f1cee5e816ed8c53","0.462","","","","","en-US","1.1","","","","","","https://staging.jakevibes.dev/technology/iam","2026-07-28 16:57:54"
"https://staging.jakevibes.dev/technology/ios","text/html; charset=utf-8","200","OK","Indexable","","iOS Developers for Hire","23","208","Hire vetted iOS developers to scale your team fast. Nearshore/offshore talent that feels in-house. Cancel anytime, no upfront fees.","131","800","","0","iOS Developers","14","Vetted iOS Developers, Embedded in Your Team","44","iOS Engineering Expertise","25","index, follow","","","https://staging.jakevibes.dev/technology/ios","","","","","","335396","42605","42605","16.321","","1041","188","5.537","74.030","Fairly Easy","2.435","0","1","","6","6","0","0.890","120","51","0","1","1","0","","","","","49cbed794668074a1841ca3ee02f5497","0.399","","","","","en-US","1.1","","","","","","https://staging.jakevibes.dev/technology/ios","2026-07-28 16:57:55"
"https://staging.jakevibes.dev/technology/ionic-developers","text/html; charset=utf-8","200","OK","Indexable","","Ionic Developers for Hire","25","219","Hire vetted Ionic developers to scale your team fast. Nearshore/offshore talent that feels in-house. Cancel anytime, no upfront fees.","133","809","","0","Ionic Developers","16","Embedded Ionic Developers","25","Experts in Every Layer","22","index, follow","","","","","","","","","340989","44288","44288","16.966","","1081","191","5.660","74.621","Fairly Easy","2.438","0","1","","4","4","0","0.590","120","51","0","1","1","0","","","","","a2315618f8ee07e842835b7dbdd4d81a","0.422","","","","","en-US","1.1","","","","","","https://staging.jakevibes.dev/technology/ionic-developers","2026-07-28 16:57:55"
"https://staging.jakevibes.dev/technology/java-developers","text/html; charset=utf-8","200","OK","Indexable","","Java Developers for Hire","24","220","Hire vetted Java developers to scale your team fast. Nearshore/offshore talent that feels in-house. Cancel anytime, no upfront fees.","132","810","","0","Java Developers","15","Embedded Java Engineers, Globally Aligned","41","Backend Specialists","19","index, follow","","","https://staging.jakevibes.dev/technology/java-developers","","","","","","339867","43404","43404","16.627","","1063","193","5.508","69.848","Normal","2.472","0","1","","677","337","0","50.000","120","50","0","1","1","0","","","","","193c878434a4e3d28380910324f013bb","0.389","","","","","en-US","1.1","","","","","","https://staging.jakevibes.dev/technology/java-developers","2026-07-28 16:57:55"
"https://staging.jakevibes.dev/technology/java-android-developers","text/html; charset=utf-8","200","OK","Indexable","","Java (Android) Developers for Hire","34","308","Hire vetted Java (Android) developers to scale your team fast. Nearshore/offshore talent that feels in-house. Cancel anytime, no upfront fees.","142","872","","0","Java (Android) Developers","25","Embedded Android Developers","27","Experts in Every Layer","22","index, follow","","","https://staging.jakevibes.dev/technology/java-android-developers","","","","","","340593","43430","43430","16.637","","1111","195","5.697","72.134","Fairly Easy","2.521","0","1","","6","6","0","0.890","120","51","0","1","1","0","","","","","dd9d26a127b6737f95ceae87ce934d36","0.485","","","","","en-US","1.1","","","","","","https://staging.jakevibes.dev/technology/java-android-developers","2026-07-28 16:57:55"
"https://staging.jakevibes.dev/technology/kotlin-developers","text/html; charset=utf-8","200","OK","Indexable","","Kotlin Developers for Hire","26","229","Hire vetted Kotlin developers to scale your team fast. Nearshore/offshore talent that feels in-house. Cancel anytime, no upfront fees.","134","815","","0","Kotlin Developers","17","Kotlin Engineers Embedded into Your Team","40","Experts in Every Layer","22","index, follow","","","https://staging.jakevibes.dev/technology/kotlin-developers","","","","","","339930","43248","43248","16.567","","1078","190","5.674","72.293","Fairly Easy","2.468","0","1","","8","8","0","1.190","120","51","0","1","1","0","","","","","58ce5483c7cfc7cee8c9cc824a888457","0.376","","","","","en-US","1.1","","","","","","https://staging.jakevibes.dev/technology/kotlin-developers","2026-07-28 16:57:56"
"https://staging.jakevibes.dev/technology/jest","text/html; charset=utf-8","200","OK","Indexable","","Jest Developers for Hire","24","216","Hire vetted Jest developers to scale your team fast. Nearshore/offshore talent that feels in-house. Cancel anytime, no upfront fees.","132","806","","0","Jest Developers","15","Vetted Jest Developers, Embedded in Your Team","45","Jest Engineering Expertise","26","index, follow","","","https://staging.jakevibes.dev/technology/jest","","","","","","337376","42846","42846","16.413","","1062","187","5.679","73.135","Fairly Easy","2.464","0","1","","6","6","0","0.890","120","51","0","1","1","0","","","","","d3e1fde926ca5cd6df1bfe9f30a7b04","0.399","","","","","en-US","1.1","","","","","","https://staging.jakevibes.dev/technology/jest","2026-07-28 16:57:55"
"https://staging.jakevibes.dev/technology/jira","text/html; charset=utf-8","200","OK","Indexable","","Jira Developers for Hire","24","211","Hire vetted Jira developers to scale your team fast. Nearshore/offshore talent that feels in-house. Cancel anytime, no upfront fees.","132","803","","0","Jira Specialists","16","Vetted Jira Specialists, Embedded in Your Team","46","Jira Expertise","14","index, follow","","","https://staging.jakevibes.dev/technology/jira","","","","","","338056","42532","42532","16.293","","1055","187","5.642","71.041","Fairly Easy","2.467","0","1","","4","4","0","0.590","120","51","0","1","1","0","","","","","a30e5602709384f8ddb5e8f3ccd7b268","0.417","","","","","en-US","1.1","","","","","","https://staging.jakevibes.dev/technology/jira","2026-07-28 16:57:56"
"https://staging.jakevibes.dev/technology/jetpack","text/html; charset=utf-8","200","OK","Indexable","","Jetpack Developers for Hire","27","248","Hire vetted Jetpack developers to scale your team fast. Nearshore/offshore talent that feels in-house. Cancel anytime, no upfront fees.","135","829","","0","Android Jetpack Developers","26","Vetted Jetpack Developers, Embedded in Your Team","48","Android Jetpack Engineering Expertise","37","index, follow","","","https://staging.jakevibes.dev/technology/jetpack","","","","","","338132","42959","42959","16.457","","1063","188","5.654","71.052","Fairly Easy","2.475","0","1","","4","4","0","0.590","120","51","0","1","1","0","","","","","f64899d398604702522bfe0e70af694c","0.429","","","","","en-US","1.1","","","","","","https://staging.jakevibes.dev/technology/jetpack","2026-07-28 16:57:55"
"https://staging.jakevibes.dev/technology/kubeflow","text/html; charset=utf-8","200","OK","Indexable","","Kubeflow Developers for Hire","28","261","Hire vetted Kubeflow developers to scale your team fast. Nearshore/offshore talent that feels in-house. Cancel anytime, no upfront fees.","136","838","","0","Kubeflow Developers","19","Vetted Kubeflow Developers, Embedded in Your Team","49","Kubeflow Engineering Expertise","30","index, follow","","","https://staging.jakevibes.dev/technology/kubeflow","","","","","","336914","42644","42644","16.336","","1059","189","5.603","71.492","Fairly Easy","2.476","0","1","","2","2","0","0.300","120","51","0","1","1","0","","","","","4de9df8089bfeeb10136f1cc5e03744d","0.387","","","","","en-US","1.1","","","","","","https://staging.jakevibes.dev/technology/kubeflow","2026-07-28 16:57:56"
"https://staging.jakevibes.dev/technology/jupyter","text/html; charset=utf-8","200","OK","Indexable","","Jupyter Developers for Hire","27","244","Hire vetted Jupyter developers to scale your team fast. Nearshore/offshore talent that feels in-house. Cancel anytime, no upfront fees.","135","827","","0","Jupyter Developers","18","Vetted Jupyter Developers, Embedded in Your Team","48","Jupyter Engineering Expertise","29","index, follow","","","https://staging.jakevibes.dev/technology/jupyter","","","","","","337523","42678","42678","16.349","","1057","188","5.622","68.746","Normal","2.483","0","1","","4","4","0","0.590","120","51","0","1","1","0","","","","","b257af2b5847742cbd98b874338461c3","0.768","","","","","en-US","1.1","","","","","","https://staging.jakevibes.dev/technology/jupyter","2026-07-28 16:57:56"
"https://staging.jakevibes.dev/technology/kubernetes","text/html; charset=utf-8","200","OK","Indexable","","Kubernetes Developers for Hire","30","280","Hire vetted Kubernetes developers to scale your team fast. Nearshore/offshore talent that feels in-house. Cancel anytime, no upfront fees.","138","850","","0","Kubernetes Developers","21","Vetted Kubernetes Developers, Embedded in Your Team","51","Kubernetes Engineering Expertise","32","index, follow","","","https://staging.jakevibes.dev/technology/kubernetes","","","","","","338542","42939","42939","16.449","","1066","189","5.640","68.972","Normal","2.504","0","1","","6","6","0","0.890","120","51","0","1","1","0","","","","","23eb4f74a10770c0cd6bcf2236318981","0.397","","","","","en-US","1.1","","","","","","https://staging.jakevibes.dev/technology/kubernetes","2026-07-28 16:57:56"
"https://staging.jakevibes.dev/technology/langchain-developers","text/html; charset=utf-8","200","OK","Indexable","","LangChain Developers for Hire","29","272","Hire vetted LangChain developers to scale your team fast. Nearshore/offshore talent that feels in-house. Cancel anytime, no upfront fees.","137","847","","0","LangChain Developers","20","LangChain Experts, Embedded Into Your Team","42","Experts in Every Layer","22","index, follow","","","https://staging.jakevibes.dev/technology/langchain-developers","","","","","","340111","43401","43401","16.626","","1071","191","5.607","72.861","Fairly Easy","2.469","0","1","","7","7","0","1.040","120","51","0","1","1","0","","","","","3dfaadff387b81c3b9811aa3140e87ed","0.368","","","","","en-US","1.1","","","","","","https://staging.jakevibes.dev/technology/langchain-developers","2026-07-28 16:57:56"
"https://staging.jakevibes.dev/technology/llamaindex-developers","text/html; charset=utf-8","200","OK","Indexable","","LlamaIndex Developers for Hire","30","281","Hire vetted LlamaIndex developers to scale your team fast. Nearshore/offshore talent that feels in-house. Cancel anytime, no upfront fees.","138","852","","0","LlamaIndex Developers","21","LlamaIndex Developers Embedded in Your Stack","44","Experts in Every Layer","22","index, follow","","","https://staging.jakevibes.dev/technology/llamaindex-developers","","","","","","339846","43465","43465","16.651","","1097","195","5.626","70.793","Fairly Easy","2.523","0","1","","5","5","0","0.740","120","51","0","1","1","0","","","","","c2a1f2ced62281683271c15f4a78563d","0.373","","","","","en-US","1.1","","","","","","https://staging.jakevibes.dev/technology/llamaindex-developers","2026-07-28 16:57:57"
"https://staging.jakevibes.dev/technology/laravel-developers","text/html; charset=utf-8","200","OK","Indexable","","Laravel Developers for Hire","27","243","Hire vetted Laravel developers to scale your team fast. Nearshore/offshore talent that feels in-house. Cancel anytime, no upfront fees.","135","825","","0","Laravel Developers","18","Laravel Engineers Who Slot Into Your Stack Paragraph:","53","Backend Confidence, Delivered","29","index, follow","","","https://staging.jakevibes.dev/technology/laravel-developers","","","","","","339996","43868","43868","16.805","","1111","197","5.640","71.584","Fairly Easy","2.546","0","1","","2","2","0","0.300","120","51","0","1","1","0","","","","","89f31874f4e2d8a44a9cac57a7e997cf","0.376","","","","","en-US","1.1","","","","","","https://staging.jakevibes.dev/technology/laravel-developers","2026-07-28 16:57:56"
"https://staging.jakevibes.dev/technology/make","text/html; charset=utf-8","200","OK","Indexable","","Make Developers for Hire","24","226","Hire vetted Make developers to scale your team fast. Nearshore/offshore talent that feels in-house. Cancel anytime, no upfront fees.","132","813","","0","Make Developers","15","Vetted Make Developers, Embedded in Your Team","45","Make Engineering Expertise","26","index, follow","","","","","","","","","339379","43889","43889","16.813","","1067","188","5.676","71.915","Fairly Easy","2.473","0","1","","4","4","0","0.590","120","51","0","1","1","0","","","","","7706044b24c4d98ce7ac239affc7e273","0.407","","","","","en-US","1.1","","","","","","https://staging.jakevibes.dev/technology/make","2026-07-28 16:57:57"
"https://staging.jakevibes.dev/technology/mlops-developers","text/html; charset=utf-8","200","OK","Indexable","","MLOps Developers for Hire","25","240","Hire vetted MLOps developers to scale your team fast. Nearshore/offshore talent that feels in-house. Cancel anytime, no upfront fees.","133","824","","0","MLOps Developers","16","Vetted MLOps Engineers, Embedded in Your Team","45","MLOps Engineering Expertise","27","index, follow","","","https://staging.jakevibes.dev/technology/mlops-developers","","","","","","338981","43628","43628","16.713","","1125","196","5.740","68.281","Normal","2.619","0","1","","2","2","0","0.300","120","51","0","1","1","0","","","","","a0b787adaae6ac40e5aaa8e9f19ce305","0.393","","","","","en-US","1.1","","","","","","https://staging.jakevibes.dev/technology/mlops-developers","2026-07-28 16:57:57"
"https://staging.jakevibes.dev/technology/mlflow","text/html; charset=utf-8","200","OK","Indexable","","MLflow Developers for Hire","26","243","Hire vetted MLflow developers to scale your team fast. Nearshore/offshore talent that feels in-house. Cancel anytime, no upfront fees.","134","826","","0","MLflow Developers","17","Vetted MLflow Developers, Embedded in Your Team","47","MLflow Engineering Expertise","28","index, follow","","","https://staging.jakevibes.dev/technology/mlflow","","","","","","338230","42849","42849","16.415","","1069","186","5.747","72.875","Fairly Easy","2.475","0","1","","2","2","0","0.300","120","51","0","1","1","0","","","","","1df2c494956867b497d89bfa2a020198","0.404","","","","","en-US","1.1","","","","","","https://staging.jakevibes.dev/technology/mlflow","2026-07-28 16:57:57"
"https://staging.jakevibes.dev/technology/mvvm","text/html; charset=utf-8","200","OK","Indexable","","MVVM Developers for Hire","24","237","Hire vetted MVVM developers to scale your team fast. Nearshore/offshore talent that feels in-house. Cancel anytime, no upfront fees.","132","821","","0","MVVM Developers","15","Vetted MVVM Developers, Embedded in Your Team","45","MVVM Engineering Expertise","26","index, follow","","","https://staging.jakevibes.dev/technology/mvvm","","","","","","337354","42598","42598","16.318","","1065","189","5.635","72.905","Fairly Easy","2.474","0","1","","6","6","0","0.890","120","51","0","1","1","0","","","","","7870ebaf40468f53d449607dea93d673","0.386","","","","","en-US","1.1","","","","","","https://staging.jakevibes.dev/technology/mvvm","2026-07-28 16:57:57"
"https://staging.jakevibes.dev/technology/mongodb","text/html; charset=utf-8","200","OK","Indexable","","MongoDB Developers for Hire","27","263","Hire vetted MongoDB developers to scale your team fast. Nearshore/offshore talent that feels in-house. Cancel anytime, no upfront fees.","135","841","","0","MongoDB Developers","18","Vetted MongoDB Developers, Embedded in Your Team","48","MongoDB Engineering Expertise","29","index, follow","","","","","","","","","339381","43901","43901","16.818","","1054","188","5.606","70.472","Fairly Easy","2.459","0","1","","6","6","0","0.890","120","51","0","1","1","0","","","","","5aeaca9f2f17d3f0abf2635e8bf64aab","0.428","","","","","en-US","1.1","","","","","","https://staging.jakevibes.dev/technology/mongodb","2026-07-28 16:57:57"
"https://staging.jakevibes.dev/technology/n8n","text/html; charset=utf-8","200","OK","Indexable","","n8n Developers for Hire","23","210","Hire vetted n8n developers to scale your team fast. Nearshore/offshore talent that feels in-house. Cancel anytime, no upfront fees.","131","803","","0","n8n Developers","14","Vetted n8n Developers, Embedded in Your Team","44","n8n Engineering Expertise","25","index, follow","","","https://staging.jakevibes.dev/technology/n8n","","","","","","337713","42930","42930","16.446","","1046","186","5.624","73.984","Fairly Easy","2.434","0","1","","4","4","0","0.590","120","51","0","1","1","0","","","","","d1c30029b81c4c18ed214d26a00caff4","0.388","","","","","en-US","1.1","","","","","","https://staging.jakevibes.dev/technology/n8n","2026-07-28 16:57:58"
"https://staging.jakevibes.dev/technology/nextjs-developers","text/html; charset=utf-8","200","OK","Indexable","","Next.js Developers for Hire","27","239","Hire vetted Next.js developers to scale your team fast. Nearshore/offshore talent that feels in-house. Cancel anytime, no upfront fees.","135","822","","0","Next.js Developers","18","Next.js Experts, Embedded In Your Team","38","Experts in Every Layer","22","index, follow","","","https://staging.jakevibes.dev/technology/nextjs-developers","","","","","","340049","43645","43645","16.720","","1090","202","5.396","76.398","Fairly Easy","2.477","0","1","","14","14","0","2.080","120","51","0","1","1","0","","","","","74bdbf0384b59ae254c0276bf3c76f29","0.386","","","","","en-US","1.1","","","","","","https://staging.jakevibes.dev/technology/nextjs-developers","2026-07-28 16:57:58"
"https://staging.jakevibes.dev/technology/numpy","text/html; charset=utf-8","200","OK","Indexable","","NumPy Developers for Hire","25","242","Hire vetted NumPy developers to scale your team fast. Nearshore/offshore talent that feels in-house. Cancel anytime, no upfront fees.","133","825","","0","NumPy Developers","16","Vetted NumPy Developers, Embedded in Your Team","46","NumPy Engineering Expertise","27","index, follow","","","https://staging.jakevibes.dev/technology/numpy","","","","","","337578","43027","43027","16.483","","1066","188","5.670","70.212","Fairly Easy","2.492","0","1","","4","4","0","0.590","120","51","0","1","1","0","","","","","7b8fd5fe1f865f326119ce21f6bdefde","0.369","","","","","en-US","1.1","","","","","","https://staging.jakevibes.dev/technology/numpy","2026-07-28 16:57:58"
"https://staging.jakevibes.dev/technology/nodejs-developers","text/html; charset=utf-8","200","OK","Indexable","","Node.js Developers for Hire","27","244","Hire vetted Node.js developers to scale your team fast. Nearshore/offshore talent that feels in-house. Cancel anytime, no upfront fees.","135","826","","0","Node.js Developers","18","Embedded Node.js Engineers, On Demand","37","Node.js Expertise That Delivers","31","index, follow","","","https://staging.jakevibes.dev/technology/nodejs-developers","","","","","","339530","43560","43560","16.687","","1091","202","5.401","73.949","Fairly Easy","2.504","0","1","","1023","342","0","50.740","120","50","0","1","1","0","","","","","3152c7b1907ecc98a487c2468a9ee379","0.384","","","","","en-US","1.1","","","","","","https://staging.jakevibes.dev/technology/nodejs-developers","2026-07-28 16:57:58"
"https://staging.jakevibes.dev/technology/openai-developers","text/html; charset=utf-8","200","OK","Indexable","","OpenAI Developers for Hire","26","242","Hire vetted OpenAI developers to scale your team fast. Nearshore/offshore talent that feels in-house. Cancel anytime, no upfront fees.","134","825","","0","OpenAI Developers","17","OpenAI Engineers, Embedded & Experienced","40","Experts in LLM-Driven Features","30","index, follow","","","https://staging.jakevibes.dev/technology/openai-developers","","","","","","339057","43490","43490","16.660","","1117","196","5.699","75.930","Fairly Easy","2.527","0","1","","5","5","0","0.740","120","51","0","1","1","0","","","","","58e8ca9f7b35f0ae04206e8581953b66","0.404","","","","","en-US","1.1","","","","","","https://staging.jakevibes.dev/technology/openai-developers","2026-07-28 16:57:58"
"https://staging.jakevibes.dev/technology/pinecone-developers","text/html; charset=utf-8","200","OK","Indexable","","Pinecone Developers for Hire","28","260","Hire vetted Pinecone developers to scale your team fast. Nearshore/offshore talent that feels in-house. Cancel anytime, no upfront fees.","136","836","","0","Pinecone Developers","19","Pinecone Engineers Who Know Production","38","Experts in Vector Search","24","index, follow","","","https://staging.jakevibes.dev/technology/pinecone-developers","","","","","","340204","43270","43270","16.576","","1080","194","5.567","70.838","Fairly Easy","2.494","0","1","","5","5","0","0.740","120","51","0","1","1","0","","","","","1144bb9e0be2c0a260e8d99e7b0c7cb6","0.451","","","","","en-US","1.1","","","","","","https://staging.jakevibes.dev/technology/pinecone-developers","2026-07-28 16:57:59"
"https://staging.jakevibes.dev/technology/php-developers","text/html; charset=utf-8","200","OK","Indexable","","PHP Developers for Hire","23","217","Hire vetted PHP developers to scale your team fast. Nearshore/offshore talent that feels in-house. Cancel anytime, no upfront fees.","131","807","","0","PHP Developers","14","Embedded PHP Developers for Modern Builds","41","Full-Stack PHP Expertise","24","index, follow","","","https://staging.jakevibes.dev/technology/php-developers","","","","","","339821","43589","43589","16.698","","1087","194","5.603","73.820","Fairly Easy","2.478","0","1","","2","2","0","0.300","120","51","0","1","1","0","","","","","7929964f30fa4810850f049b98f07ac0","0.403","","","","","en-US","1.1","","","","","","https://staging.jakevibes.dev/technology/php-developers","2026-07-28 16:57:59"
"https://staging.jakevibes.dev/technology/pandas","text/html; charset=utf-8","200","OK","Indexable","","Pandas Developers for Hire","26","244","Hire vetted Pandas developers to scale your team fast. Nearshore/offshore talent that feels in-house. Cancel anytime, no upfront fees.","134","827","","0","Pandas Developers","17","Vetted Pandas Developers, Embedded in Your Team","47","Pandas Engineering Expertise","28","index, follow","","","","","","","","","339350","43614","43614","16.708","","1066","187","5.701","71.451","Fairly Easy","2.467","0","1","","4","4","0","0.590","120","51","0","1","1","0","","","","","4b1221ab77157eaddceafec2a79663d9","0.538","","","","","en-US","1.1","","","","","","https://staging.jakevibes.dev/technology/pandas","2026-07-28 16:57:59"
"https://staging.jakevibes.dev/technology/playwright","text/html; charset=utf-8","200","OK","Indexable","","Playwright Developers for Hire","30","271","Hire vetted Playwright developers to scale your team fast. Nearshore/offshore talent that feels in-house. Cancel anytime, no upfront fees.","138","846","","0","Playwright Developers","21","Vetted Playwright Developers, Embedded in Your Team","51","Playwright Engineering Expertise","32","index, follow","","","https://staging.jakevibes.dev/technology/playwright","","","","","","337614","43108","43108","16.514","","1068","188","5.681","73.694","Fairly Easy","2.465","0","1","","4","4","0","0.590","120","51","0","1","1","0","","","","","b0d51e7f745df810f61dfab1456efd08","0.426","","","","","en-US","1.1","","","","","","https://staging.jakevibes.dev/technology/playwright","2026-07-28 16:57:59"
"https://staging.jakevibes.dev/technology/postman","text/html; charset=utf-8","200","OK","Indexable","","Postman Developers for Hire","27","258","Hire vetted Postman developers to scale your team fast. Nearshore/offshore talent that feels in-house. Cancel anytime, no upfront fees.","135","836","","0","Postman Developers","18","Vetted Postman Developers, Embedded in Your Team","48","Postman Engineering Expertise","29","index, follow","","","https://staging.jakevibes.dev/technology/postman","","","","","","337882","42656","42656","16.341","","1042","186","5.602","72.138","Fairly Easy","2.433","0","1","","4","4","0","0.590","120","51","0","1","1","0","","","","","938a816bb646d3d27f7eea7034df894b","0.366","","","","","en-US","1.1","","","","","","https://staging.jakevibes.dev/technology/postman","2026-07-28 16:57:59"
"https://staging.jakevibes.dev/technology/prometheus","text/html; charset=utf-8","200","OK","Indexable","","Prometheus Developers for Hire","30","287","Hire vetted Prometheus developers to scale your team fast. Nearshore/offshore talent that feels in-house. Cancel anytime, no upfront fees.","138","855","","0","Prometheus Developers","21","Vetted Prometheus Developers, Embedded in Your Team","51","Prometheus Engineering Expertise","32","index, follow","","","https://staging.jakevibes.dev/technology/prometheus","","","","","","337632","42803","42803","16.397","","1058","186","5.688","72.322","Fairly Easy","2.468","0","1","","6","6","0","0.890","120","51","0","1","1","0","","","","","1b88ca6dd23c2d4bfdf04b5553a69c07","0.421","","","","","en-US","1.1","","","","","","https://staging.jakevibes.dev/technology/prometheus","2026-07-28 16:57:59"
"https://staging.jakevibes.dev/technology/posthog-developers","text/html; charset=utf-8","200","OK","Indexable","","PostHog Developers for Hire","27","254","Hire vetted PostHog developers to scale your team fast. Nearshore/offshore talent that feels in-house. Cancel anytime, no upfront fees.","135","834","","0","PostHog Developers","18","Embedded Engineers for Product Analytics","40","Analytics Expertise, Delivered","30","index, follow","","","https://staging.jakevibes.dev/technology/posthog-developers","","","","","","340198","43469","43469","16.652","","1093","195","5.605","71.885","Fairly Easy","2.500","0","1","","4","4","0","0.590","120","51","0","1","1","0","","","","","66004c8158ac22b0b9198adc1152f33d","0.563","","","","","en-US","1.1","","","","","","https://staging.jakevibes.dev/technology/posthog-developers","2026-07-28 16:57:59"
"https://staging.jakevibes.dev/technology/python-developers","text/html; charset=utf-8","200","OK","Indexable","","Python Developers for Hire","26","239","Hire vetted Python developers to scale your team fast. Nearshore/offshore talent that feels in-house. Cancel anytime, no upfront fees.","134","824","","0","Python Developers","17","Python Engineers, Embedded Full-Time","36","Python Skills That Deliver","26","index, follow","","","https://staging.jakevibes.dev/technology/python-developers","","","","","","340346","43356","43356","16.609","","1115","194","5.747","73.381","Fairly Easy","2.515","0","1","","1026","344","0","51.040","120","50","0","1","1","0","","","","","870f61fa042e2a5ae1684f4f8bc7ca74","0.430","","","","","en-US","1.1","","","","","","https://staging.jakevibes.dev/technology/python-developers","2026-07-28 16:58:00"
"https://staging.jakevibes.dev/technology/pytorch","text/html; charset=utf-8","200","OK","Indexable","","PyTorch Developers for Hire","27","250","Hire vetted PyTorch developers to scale your team fast. Nearshore/offshore talent that feels in-house. Cancel anytime, no upfront fees.","135","831","","0","PyTorch Developers","18","Vetted PyTorch Developers, Embedded in Your Team","48","PyTorch Engineering Expertise","29","index, follow","","","https://staging.jakevibes.dev/technology/pytorch","","","","","","337976","42729","42729","16.369","","1053","186","5.661","72.542","Fairly Easy","2.451","0","1","","2","2","0","0.300","120","51","0","1","1","0","","","","","bb2bf285e1516f02f33f364382ba7d06","0.529","","","","","en-US","1.1","","","","","","https://staging.jakevibes.dev/technology/pytorch","2026-07-28 16:58:00"
"https://staging.jakevibes.dev/technology/react-developers","text/html; charset=utf-8","200","OK","Indexable","","React Developers for Hire","25","228","Hire vetted React developers to scale your team fast. Nearshore/offshore talent that feels in-house. Cancel anytime, no upfront fees.","133","815","","0","React Developers","16","Embedded React Developers","25","Experts in Every Layer","22","index, follow","","","https://staging.jakevibes.dev/technology/react-developers","","","","","","339717","43440","43440","16.641","","1075","192","5.599","77.361","Fairly Easy","2.431","0","1","","1023","342","0","50.740","120","50","0","1","1","0","","","","","dbcba1881e090c9831d648e1a0c60e71","0.390","","","","","en-US","1.1","","","","","","https://staging.jakevibes.dev/technology/react-developers","2026-07-28 16:58:00"
"https://staging.jakevibes.dev/technology/qase","text/html; charset=utf-8","200","OK","Indexable","","Qase Developers for Hire","24","223","Hire vetted Qase developers to scale your team fast. Nearshore/offshore talent that feels in-house. Cancel anytime, no upfront fees.","132","811","","0","Qase Developers","15","Vetted Qase Developers, Embedded in Your Team","45","Qase Engineering Expertise","26","index, follow","","","https://staging.jakevibes.dev/technology/qase","","","","","","337892","42594","42594","16.317","","1060","188","5.638","73.733","Fairly Easy","2.447","0","1","","4","4","0","0.590","120","51","0","1","1","0","","","","","58c1057dfd4424ebd2e5d43cbd73708f","0.462","","","","","en-US","1.1","","","","","","https://staging.jakevibes.dev/technology/qase","2026-07-28 16:58:00"
"https://staging.jakevibes.dev/technology/react-native-developers","text/html; charset=utf-8","200","OK","Indexable","","React Native Developers for Hire","32","291","Hire vetted React Native developers to scale your team fast. Nearshore/offshore talent that feels in-house. Cancel anytime, no upfront fees.","140","858","","0","React Native Developers","23","React Native Developers, Ready to Ship","38","Experts in Cross-Platform","25","index, follow","","","https://staging.jakevibes.dev/technology/react-native-developers","","","","","","339742","43249","43249","16.568","","1100","193","5.699","73.073","Fairly Easy","2.500","0","1","","7","7","0","1.040","120","51","0","1","1","0","","","","","5bc1608a6e460cdb14c63e04b79aaf04","0.638","","","","","en-US","1.1","","","","","","https://staging.jakevibes.dev/technology/react-native-developers","2026-07-28 16:58:00"
"https://staging.jakevibes.dev/technology/redis","text/html; charset=utf-8","200","OK","Indexable","","Redis Developers for Hire","25","226","Hire vetted Redis developers to scale your team fast. Nearshore/offshore talent that feels in-house. Cancel anytime, no upfront fees.","133","813","","0","Redis Developers","16","Vetted Redis Developers, Embedded in Your Team","46","Redis Engineering Expertise","27","index, follow","","","https://staging.jakevibes.dev/technology/redis","","","","","","338104","43170","43170","16.538","","1063","187","5.684","73.170","Fairly Easy","2.462","0","1","","4","4","0","0.590","120","51","0","1","1","0","","","","","2b3f881ce966a7e81a79ecea59efef54","0.475","","","","","en-US","1.1","","","","","","https://staging.jakevibes.dev/technology/redis","2026-07-28 16:58:00"
"https://staging.jakevibes.dev/technology/scikit-learn","text/html; charset=utf-8","200","OK","Indexable","","scikit-learn Developers for Hire","32","275","Hire vetted scikit-learn developers to scale your team fast. Nearshore/offshore talent that feels in-house. Cancel anytime, no upfront fees.","140","846","","0","scikit-learn Developers","23","Vetted scikit-learn Developers, Embedded in Your Team","53","scikit-learn Engineering Expertise","34","index, follow","","","https://staging.jakevibes.dev/technology/scikit-learn","","","","","","338338","42771","42771","16.385","","1051","188","5.590","71.323","Fairly Easy","2.463","0","1","","2","2","0","0.300","120","51","0","1","1","0","","","","","889c3b7f013155f940885c0e9784ebf0","0.352","","","","","en-US","1.1","","","","","","https://staging.jakevibes.dev/technology/scikit-learn","2026-07-28 16:58:01"
"https://staging.jakevibes.dev/technology/ruby-developers","text/html; charset=utf-8","200","OK","Indexable","","Ruby Developers for Hire","24","220","Hire vetted Ruby developers to scale your team fast. Nearshore/offshore talent that feels in-house. Cancel anytime, no upfront fees.","132","811","","0","Ruby Developers","15","Embedded Ruby Developers, Vetted for Delivery","45","Rails Proficiency","17","index, follow","","","https://staging.jakevibes.dev/technology/ruby-developers","","","","","","340037","43254","43254","16.570","","1091","193","5.653","71.987","Fairly Easy","2.488","0","1","","4","4","0","0.590","120","51","0","1","1","0","","","","","bba3ba868cf9bcf9d2e7d626159135a2","0.410","","","","","en-US","1.1","","","","","","https://staging.jakevibes.dev/technology/ruby-developers","2026-07-28 16:58:01"
"https://staging.jakevibes.dev/technology/rust-developers","text/html; charset=utf-8","200","OK","Indexable","","Rust Developers for Hire","24","217","Hire vetted Rust developers to scale your team fast. Nearshore/offshore talent that feels in-house. Cancel anytime, no upfront fees.","132","808","","0","Rust Developers","15","Vetted Rust Engineers, Embedded in Your Team","44","Rust Engineering Expertise","26","index, follow","","","","","","","","","340476","44376","44376","17.000","","1103","196","5.628","66.975","Normal","2.566","0","1","","4","4","0","0.590","120","51","0","1","1","0","","","","","c3900ef3ea8a935fdd01259168012855","0.366","","","","","en-US","1.1","","","","","","https://staging.jakevibes.dev/technology/rust-developers","2026-07-28 16:58:01"
"https://staging.jakevibes.dev/technology/selenium","text/html; charset=utf-8","200","OK","Indexable","","Selenium Developers for Hire","28","261","Hire vetted Selenium developers to scale your team fast. Nearshore/offshore talent that feels in-house. Cancel anytime, no upfront fees.","136","835","","0","Selenium Developers","19","Vetted Selenium Developers, Embedded in Your Team","49","Selenium Engineering Expertise","30","index, follow","","","https://staging.jakevibes.dev/technology/selenium","","","","","","338245","43038","43038","16.487","","1064","187","5.690","70.820","Fairly Easy","2.472","0","1","","4","4","0","0.590","120","51","0","1","1","0","","","","","c3a3da4386b63f68a1a67455f7522ff2","0.383","","","","","en-US","1.1","","","","","","https://staging.jakevibes.dev/technology/selenium","2026-07-28 16:58:01"
"https://staging.jakevibes.dev/technology/supabase-developers","text/html; charset=utf-8","200","OK","Indexable","","Supabase Developers for Hire","28","265","Hire vetted Supabase developers to scale your team fast. Nearshore/offshore talent that feels in-house. Cancel anytime, no upfront fees.","136","841","","0","Supabase Developers","19","Vetted Supabase Engineers, Embedded","35","From MVPs to Scale","18","index, follow","","","https://staging.jakevibes.dev/technology/supabase-developers","","","","","","340110","43392","43392","16.623","","1087","194","5.603","75.376","Fairly Easy","2.473","0","1","","4","4","0","0.590","120","51","0","1","1","0","","","","","e98f92793602cb35af23e0071dc3295d","0.375","","","","","en-US","1.1","","","","","","https://staging.jakevibes.dev/technology/supabase-developers","2026-07-28 16:58:01"
"https://staging.jakevibes.dev/technology/storybook","text/html; charset=utf-8","200","OK","Indexable","","Storybook Developers for Hire","29","266","Hire vetted Storybook developers to scale your team fast. Nearshore/offshore talent that feels in-house. Cancel anytime, no upfront fees.","137","843","","0","Storybook Developers","20","Vetted Storybook Developers, Embedded in Your Team","50","Storybook Engineering Expertise","31","index, follow","","","","","","","","","338653","43754","43754","16.761","","1053","187","5.631","72.573","Fairly Easy","2.447","0","1","","4","4","0","0.590","120","51","0","1","1","0","","","","","46174ac899eb78aed6318a4df018c18d","0.391","","","","","en-US","1.1","","","","","","https://staging.jakevibes.dev/technology/storybook","2026-07-28 16:58:01"
"https://staging.jakevibes.dev/technology/softr","text/html; charset=utf-8","200","OK","Indexable","","Softr Developers for Hire","25","221","Hire vetted Softr developers to scale your team fast. Nearshore/offshore talent that feels in-house. Cancel anytime, no upfront fees.","133","810","","0","Softr Developers","16","Vetted Softr Developers, Embedded in Your Team","46","Softr Engineering Expertise","27","index, follow","","","https://staging.jakevibes.dev/technology/softr","","","","","","337941","42773","42773","16.386","","1063","185","5.746","74.381","Fairly Easy","2.452","0","1","","4","4","0","0.590","120","51","0","1","1","0","","","","","6d4bbebc63bed3c568e4e25ee25b7f32","0.480","","","","","en-US","1.1","","","","","","https://staging.jakevibes.dev/technology/softr","2026-07-28 16:58:01"
"https://staging.jakevibes.dev/technology/swift-developers","text/html; charset=utf-8","200","OK","Indexable","","Swift Developers for Hire","25","223","Hire vetted Swift developers to scale your team fast. Nearshore/offshore talent that feels in-house. Cancel anytime, no upfront fees.","133","811","","0","Swift Developers","16","Swift Developers, Embedded into Your Team","41","Experts in Apple Ecosystem","26","index, follow","","","https://staging.jakevibes.dev/technology/swift-developers","","","","","","339631","43386","43386","16.620","","1108","194","5.711","75.054","Fairly Easy","2.513","0","1","","8","8","0","1.190","120","51","0","1","1","0","","","","","902f678fea7d4ff66edc33bbc9475434","0.387","","","","","en-US","1.1","","","","","","https://staging.jakevibes.dev/technology/swift-developers","2026-07-28 16:58:02"
"https://staging.jakevibes.dev/technology/tailwind","text/html; charset=utf-8","200","OK","Indexable","","Tailwind Developers for Hire","28","252","Hire vetted Tailwind developers to scale your team fast. Nearshore/offshore talent that feels in-house. Cancel anytime, no upfront fees.","136","831","","0","Tailwind Developers","19","Vetted Tailwind Developers, Embedded in Your Team","49","Tailwind Engineering Expertise","30","index, follow","","","https://staging.jakevibes.dev/technology/tailwind","","","","","","337398","42757","42757","16.379","","1045","187","5.588","73.251","Fairly Easy","2.448","0","1","","8","8","0","1.190","120","51","0","1","1","0","","","","","3d94944eb90e9de29459efd27906ddb9","0.463","","","","","en-US","1.1","","","","","","https://staging.jakevibes.dev/technology/tailwind","2026-07-28 16:58:02"
"https://staging.jakevibes.dev/technology/swiftui","text/html; charset=utf-8","200","OK","Indexable","","SwiftUI Developers for Hire","27","241","Hire vetted SwiftUI developers to scale your team fast. Nearshore/offshore talent that feels in-house. Cancel anytime, no upfront fees.","135","824","","0","SwiftUI Developers","18","Vetted SwiftUI Developers, Embedded in Your Team","48","SwiftUI Engineering Expertise","29","index, follow","","","","","","","","","339233","43554","43554","16.685","","1053","186","5.661","72.461","Fairly Easy","2.442","0","1","","4","4","0","0.590","120","51","0","1","1","0","","","","","c5472bc8d4859d60d0614aa7d60c1b5e","0.475","","","","","en-US","1.1","","","","","","https://staging.jakevibes.dev/technology/swiftui","2026-07-28 16:58:02"
"https://staging.jakevibes.dev/technology/typescript-developers","text/html; charset=utf-8","200","OK","Indexable","","TypeScript Developers for Hire","30","272","Hire vetted TypeScript developers to scale your team fast. Nearshore/offshore talent that feels in-house. Cancel anytime, no upfront fees.","138","845","","0","TypeScript Developers","21","TypeScript Developers Embedded Full-Time","40","Modern Code, Built Right","24","index, follow","","","https://staging.jakevibes.dev/technology/typescript-developers","","","","","","340532","43667","43667","16.728","","1096","199","5.508","72.492","Fairly Easy","2.516","0","1","","1024","343","0","50.890","120","50","0","1","1","0","","","","","bd4f9233003b245f1d25f30f424a97d3","0.361","","","","","en-US","1.1","","","","","","https://staging.jakevibes.dev/technology/typescript-developers","2026-07-28 16:58:02"
"https://staging.jakevibes.dev/technology/tensorflow-developers","text/html; charset=utf-8","200","OK","Indexable","","TensorFlow Developers for Hire","30","281","Hire vetted TensorFlow developers to scale your team fast. Nearshore/offshore talent that feels in-house. Cancel anytime, no upfront fees.","138","852","","0","TensorFlow Developers","21","TensorFlow Developers Who Deliver","33","Experts in AI Engineering","25","index, follow","","","https://staging.jakevibes.dev/technology/tensorflow-developers","","","","","","339510","43274","43274","16.577","","1081","192","5.630","73.477","Fairly Easy","2.471","0","1","","5","5","0","0.740","120","51","0","1","1","0","","","","","5f5b0f3929f33702205c0438b9dd4f6b","0.374","","","","","en-US","1.1","","","","","","https://staging.jakevibes.dev/technology/tensorflow-developers","2026-07-28 16:58:02"
"https://staging.jakevibes.dev/technology/terraform","text/html; charset=utf-8","200","OK","Indexable","","Terraform Developers for Hire","29","268","Hire vetted Terraform developers to scale your team fast. Nearshore/offshore talent that feels in-house. Cancel anytime, no upfront fees.","137","842","","0","Terraform Developers","20","Vetted Terraform Developers, Embedded in Your Team","50","Terraform Engineering Expertise","31","index, follow","","","https://staging.jakevibes.dev/technology/terraform","","","","","","338289","42743","42743","16.374","","1060","187","5.668","71.468","Fairly Easy","2.471","0","1","","6","6","0","0.890","120","51","0","1","1","0","","","","","f0a40c1326e2d6d1e414a6920c543fb4","0.372","","","","","en-US","1.1","","","","","","https://staging.jakevibes.dev/technology/terraform","2026-07-28 16:58:02"
"https://staging.jakevibes.dev/technology/testrail","text/html; charset=utf-8","200","OK","Indexable","","TestRail Developers for Hire","28","250","Hire vetted TestRail developers to scale your team fast. Nearshore/offshore talent that feels in-house. Cancel anytime, no upfront fees.","136","829","","0","TestRail Developers","19","Vetted TestRail Developers, Embedded in Your Team","49","TestRail Engineering Expertise","30","index, follow","","","","","","","","","339293","43563","43563","16.688","","1052","187","5.626","72.938","Fairly Easy","2.442","0","1","","4","4","0","0.590","120","51","0","1","1","0","","","","","eb64009824a2fbf158c906e077e1f5d9","0.391","","","","","en-US","1.1","","","","","","https://staging.jakevibes.dev/technology/testrail","2026-07-28 16:58:02"
"https://staging.jakevibes.dev/technology/uikit","text/html; charset=utf-8","200","OK","Indexable","","UIKit Developers for Hire","25","220","Hire vetted UIKit developers to scale your team fast. Nearshore/offshore talent that feels in-house. Cancel anytime, no upfront fees.","133","809","","0","UIKit Developers","16","Vetted UIKit Developers, Embedded in Your Team","46","UIKit Engineering Expertise","27","index, follow","","","https://staging.jakevibes.dev/technology/uikit","","","","","","337252","42732","42732","16.370","","1053","186","5.661","73.185","Fairly Easy","2.451","0","1","","4","4","0","0.590","120","51","0","1","1","0","","","","","765504579dc081cb7f68bc0bfc62b2ac","0.460","","","","","en-US","1.1","","","","","","https://staging.jakevibes.dev/technology/uikit","2026-07-28 16:58:03"
"https://staging.jakevibes.dev/technology/vector-db-developers","text/html; charset=utf-8","200","OK","Indexable","","Vector DB Developers for Hire","29","266","Hire vetted Vector DB developers to scale your team fast. Nearshore/offshore talent that feels in-house. Cancel anytime, no upfront fees.","137","841","","0","Vector DB Developers","20","Vector DB Developers, Embedded In Your Team","43","From POC to Production","22","index, follow","","","https://staging.jakevibes.dev/technology/vector-db-developers","","","","","","340351","43573","43573","16.692","","1085","194","5.593","71.880","Fairly Easy","2.493","0","1","","3","3","0","0.450","120","51","0","1","1","0","","","","","373ec230376f5ae9744c43337d0fdfc4","0.368","","","","","en-US","1.1","","","","","","https://staging.jakevibes.dev/technology/vector-db-developers","2026-07-28 16:58:03"
"https://staging.jakevibes.dev/technology/weaviate-developers","text/html; charset=utf-8","200","OK","Indexable","","Weaviate Developers for Hire","28","261","Hire vetted Weaviate developers to scale your team fast. Nearshore/offshore talent that feels in-house. Cancel anytime, no upfront fees.","136","836","","0","Weaviate Developers","19","Weaviate Developers Embedded in Your Stack","42","From Vector Search to RAG","25","index, follow","","","https://staging.jakevibes.dev/technology/weaviate-developers","","","","","","340545","43613","43613","16.707","","1095","195","5.615","70.411","Fairly Easy","2.518","0","1","","4","4","0","0.590","120","51","0","1","1","0","","","","","1df5db5a386c4035c89a6882546243f5","0.361","","","","","en-US","1.1","","","","","","https://staging.jakevibes.dev/technology/weaviate-developers","2026-07-28 16:58:03"
"https://staging.jakevibes.dev/technology/unity-developers","text/html; charset=utf-8","200","OK","Indexable","","Unity Developers for Hire","25","222","Hire vetted Unity developers to scale your team fast. Nearshore/offshore talent that feels in-house. Cancel anytime, no upfront fees.","133","811","","0","Unity Developers","16","Unity Developers, Embedded and Ready to Build","45","Experts in Unity Ecosystem","26","index, follow","","","https://staging.jakevibes.dev/technology/unity-developers","","","","","","339512","43513","43513","16.669","","1093","195","5.605","70.956","Fairly Easy","2.504","0","1","","4","4","0","0.590","120","51","0","1","1","0","","","","","b32dceee22797c64aaa5eb0efcbd816","0.452","","","","","en-US","1.1","","","","","","https://staging.jakevibes.dev/technology/unity-developers","2026-07-28 16:58:03"
"https://staging.jakevibes.dev/technology/vercel-developers","text/html; charset=utf-8","200","OK","Indexable","","Vercel Developers for Hire","26","234","Hire vetted Vercel developers to scale your team fast. Nearshore/offshore talent that feels in-house. Cancel anytime, no upfront fees.","134","817","","0","Vercel Developers","17","Vetted Vercel Engineers, Embedded in Your Team","46","Vercel Engineering Expertise","28","index, follow","","","","","","","","","340444","44199","44199","16.932","","1103","199","5.543","69.132","Normal","2.556","0","1","","4","4","0","0.590","120","51","0","1","1","0","","","","","3b0fe707f2267e18bcf81d3046ef1dbd","0.399","","","","","en-US","1.1","","","","","","https://staging.jakevibes.dev/technology/vercel-developers","2026-07-28 16:58:03"
"https://staging.jakevibes.dev/technology/webflow-developers","text/html; charset=utf-8","200","OK","Indexable","","Webflow Developers for Hire","27","255","Hire vetted Webflow developers to scale your team fast. Nearshore/offshore talent that feels in-house. Cancel anytime, no upfront fees.","135","833","","0","Webflow Developers","18","Webflow Developers, Embedded and Ready to Ship","46","From Landing Pages to CMS Engines","33","index, follow","","","https://staging.jakevibes.dev/technology/webflow-developers","","","","","","339163","43460","43460","16.649","","1089","193","5.642","71.683","Fairly Easy","2.529","0","1","","6","6","0","0.890","120","51","0","1","1","0","","","","","acf167846f91e3c57183db3fd6d6ed40","0.405","","","","","en-US","1.1","","","","","","https://staging.jakevibes.dev/technology/webflow-developers","2026-07-28 16:58:03"
"https://staging.jakevibes.dev/technology/vertex-ai-developers","text/html; charset=utf-8","200","OK","Indexable","","Vertex AI Developers for Hire","29","259","Hire vetted Vertex AI developers to scale your team fast. Nearshore/offshore talent that feels in-house. Cancel anytime, no upfront fees.","137","835","","0","Vertex AI Developers","20","Vertex AI Developers, Embedded In Your Team","43","From Model to Product","21","index, follow","","","https://staging.jakevibes.dev/technology/vertex-ai-developers","","","","","","340386","43229","43229","16.560","","1102","195","5.651","73.508","Fairly Easy","2.505","0","1","","4","4","0","0.590","120","51","0","1","1","0","","","","","4e440c629a864f8ec30bf8a16bbc9c77","0.513","","","","","en-US","1.1","","","","","","https://staging.jakevibes.dev/technology/vertex-ai-developers","2026-07-28 16:58:03"
"https://staging.jakevibes.dev/technology/xamarin-developers","text/html; charset=utf-8","200","OK","Indexable","","Xamarin Developers for Hire","27","253","Hire vetted Xamarin developers to scale your team fast. Nearshore/offshore talent that feels in-house. Cancel anytime, no upfront fees.","135","832","","0","Xamarin Developers","18","Xamarin Developers Who Deliver","30","Cross-Platform, Clean Code","26","index, follow","","","https://staging.jakevibes.dev/technology/xamarin-developers","","","","","","338835","43295","43295","16.585","","1093","194","5.634","75.107","Fairly Easy","2.482","0","1","","4","4","0","0.590","120","51","0","1","1","0","","","","","626b90d24f4dae8973038d0ad6ab942","0.385","","","","","en-US","1.1","","","","","","https://staging.jakevibes.dev/technology/xamarin-developers","2026-07-28 16:58:04"
"https://staging.jakevibes.dev/technology/xano","text/html; charset=utf-8","200","OK","Indexable","","Xano Developers for Hire","24","223","Hire vetted Xano developers to scale your team fast. Nearshore/offshore talent that feels in-house. Cancel anytime, no upfront fees.","132","812","","0","Xano Developers","15","Vetted Xano Developers, Embedded in Your Team","45","Xano Engineering Expertise","26","index, follow","","","https://staging.jakevibes.dev/technology/xano","","","","","","338126","42869","42869","16.422","","1070","188","5.691","73.051","Fairly Easy","2.469","0","1","","4","4","0","0.590","120","51","0","1","1","0","","","","","354edb55f5c8c76e2203268578b488e4","0.434","","","","","en-US","1.1","","","","","","https://staging.jakevibes.dev/technology/xano","2026-07-28 16:58:04"
"https://staging.jakevibes.dev/tools/price-comparison-calculator","text/html","308","Permanent Redirect","Non-Indexable","Redirected","","0","0","","0","0","","0","","0","","0","","0","","","","","","","","","","0","0","0","0.000","","0","","","","","0.000","0","1","","1","1","0","0.150","0","0","0","0","0","0","","","","","","0.045","","https://staging.jakevibes.dev/pricing","HTTP Redirect","","","1.1","","","","","","https://staging.jakevibes.dev/tools/price-comparison-calculator","2026-07-28 16:58:05"
"https://staging.jakevibes.dev/technology/xcode","text/html; charset=utf-8","200","OK","Indexable","","Xcode Developers for Hire","25","233","Hire vetted Xcode developers to scale your team fast. Nearshore/offshore talent that feels in-house. Cancel anytime, no upfront fees.","133","818","","0","Xcode Developers","16","Vetted Xcode Developers, Embedded in Your Team","46","Xcode Engineering Expertise","27","index, follow","","","https://staging.jakevibes.dev/technology/xcode","","","","","","337823","42937","42937","16.448","","1059","186","5.694","75.235","Fairly Easy","2.437","0","1","","6","6","0","0.890","120","51","0","1","1","0","","","","","b84cafba141dfd6043e4c63de17272c9","0.386","","","","","en-US","1.1","","","","","","https://staging.jakevibes.dev/technology/xcode","2026-07-28 16:58:04"
"https://staging.jakevibes.dev/technology/zapier","text/html; charset=utf-8","200","OK","Indexable","","Zapier Developers for Hire","26","234","Hire vetted Zapier developers to scale your team fast. Nearshore/offshore talent that feels in-house. Cancel anytime, no upfront fees.","134","818","","0","Zapier Developers","17","Vetted Zapier Developers, Embedded in Your Team","47","Zapier Engineering Expertise","28","index, follow","","","","","","","","","339243","43772","43772","16.768","","1054","188","5.606","71.194","Fairly Easy","2.449","0","1","","4","4","0","0.590","120","51","0","1","1","0","","","","","a68815ace3c1aa3686f6bc6f1859f696","0.540","","","","","en-US","1.1","","","","","","https://staging.jakevibes.dev/technology/zapier","2026-07-28 16:58:04"
"https://staging.jakevibes.dev/tools","text/html; charset=utf-8","200","OK","Indexable","","Tools & Quizzes | Cloud Employee","32","300","Use our free hiring tools and quizzes to compare costs, plan scaling scenarios, and find the right developer talent faster with Cloud Employee.","143","867","","0","Tools & Quizzes","15","All tools & quizzes","19","Ready to hire your next engineer?","33","index, follow","","","https://staging.jakevibes.dev/tools","","","","","","212510","27974","27974","10.716","","360","70","5.143","44.635","Hard","2.134","0","0","","1014","336","0","49.850","120","52","0","1","1","0","","","","","72d4c0e7223c58412741796e7c2aa84e","0.542","","","","","en-US","1.1","","","","","","https://staging.jakevibes.dev/tools","2026-07-28 16:58:04"
"https://staging.jakevibes.dev/uk/","text/html","308","Permanent Redirect","Non-Indexable","Redirected","","0","0","","0","0","","0","","0","","0","","0","","","","","","","","","","0","0","0","0.000","","0","","","","","0.000","0","1","","0","0","0","0.000","0","0","0","0","0","0","","","","","","0.234","","https://staging.jakevibes.dev/uk","HTTP Redirect","","","1.1","","","","","","https://staging.jakevibes.dev/uk/","2026-07-28 16:58:05"
"https://staging.jakevibes.dev/tools/culture-match","text/html; charset=utf-8","200","OK","Indexable","","Culture Match | Cloud Employee","30","284","A bad hire doesn’t just miss expectations, it slows everything down.‍ Culture Match gives you a quick, practical snapshot of how a developer naturally works so you can make smarter decisions, faster.","199","1222","","0","Culture Match","13","See how it works","16","What it does","12","index, follow","","","https://staging.jakevibes.dev/tools/culture-match","","","","","","241353","32735","32735","12.540","","696","118","5.898","61.307","Normal","2.640","0","1","","4","2","0","0.300","116","51","0","1","1","0","","","","","b750d14bdb083b212287b9165bc4a668","0.449","","","","","en-US","1.1","","","","","","https://staging.jakevibes.dev/tools/culture-match","2026-07-28 16:58:05"
"https://staging.jakevibes.dev/uk/about-us","text/html; charset=utf-8","200","OK","Indexable","","About Us | Cloud Employee","25","239","Meet the Cloud Employee team. We embed senior engineers full-time in your team, tools, and timezone. Vetted by engineers, not recruiters, worldwide.","148","918","","0","Built by engineers, for engineering teams","41","We started because hiring was broken. It still is , unless you change who does the vetting.","91","Meet the people behind the placements","37","index, follow","","","https://staging.jakevibes.dev/uk/about-us","","","","","","340473","41978","41978","16.081","","1439","311","4.627","73.975","Fairly Easy","3.085","0","1","","701","337","0","50.000","158","84","0","1","1","0","","","","","c5b520ea5047793f262c1fa86119b6ac","0.423","","","","","en-GB","1.1","","","","","","https://staging.jakevibes.dev/uk/about-us","2026-07-28 16:58:05"
"https://staging.jakevibes.dev/uk/ai-in-software-development","text/html; charset=utf-8","200","OK","Indexable","","AI in Software Development Knowledge Hub | Cloud Employee","57","552","Discover how AI transforms software development. Learn about AI trends, tools, and how to hire skilled AI developers for future-ready engineering teams.","152","944","","0","AI in Software Development Knowledge Hub","40","All articles","12","Featured articles","17","index, follow","","","https://staging.jakevibes.dev/uk/ai-in-software-development","","","","","","263297","36858","36858","14.120","","1080","180","6.000","40.867","Hard","3.634","0","1","","15","14","0","2.080","124","59","0","3","3","0","","","","","8b3ecc37f1c86da7b177ca591baa99d6","0.426","","","","","en-GB","1.1","","","","","","https://staging.jakevibes.dev/uk/ai-in-software-development","2026-07-28 16:58:05"
"https://staging.jakevibes.dev/uk/ai-in-software-development/shaping-whats-next-how-future-forward-is-advancing-ai-at-cloud-employee","text/html; charset=utf-8","200","OK","Indexable","","Shaping What’s Next: How Future Forward is Advancing AI at Cloud Employee | Cloud Employee","90","846","Tech isn’t standing still. Neither are we. Future Forward is how we make sure every developer you work with can push further.","125","771","","0","Shaping What’s Next: How Future Forward is Advancing AI at Cloud Employee","73","More articles on AI in Software Development…","44","Ready to hire your next engineer?","33","index, follow","","","https://staging.jakevibes.dev/uk/ai-in-software-development/shaping-whats-next-how-future-forward-is-advancing-ai-at-cloud-employee","","","","","","228217","31526","31526","12.077","","679","119","5.706","51.779","Fairly Hard","2.838","0","2","","5","5","0","0.740","116","53","0","1","1","0","","","","","99c70245a63d96929dcfc8517e7dbcb0","0.523","","","","","en-GB","1.1","","","","","","https://staging.jakevibes.dev/uk/ai-in-software-development/shaping-whats-next-how-future-forward-is-advancing-ai-at-cloud-employee","2026-07-28 16:58:05"
"https://staging.jakevibes.dev/uk/ai-in-software-development/securing-ai-the-ctos-guide-to-validation-and-minimum-safety-standards","text/html; charset=utf-8","200","OK","Indexable","","Securing AI: The CTO’s Guide to Validation & Safety Standards | Cloud Employee","78","711","Discover how to validate, secure, and govern AI responsibly. This guide for CTOs covers model accuracy, hallucination checks, bias audits, data security, and client-facing AI risks.","181","1091","","0","Securing AI: The CTO's Guide to Validation and Minimum Safety Standards","71","TL;DR","5","Why AI Validation is Non-Negotiable","35","index, follow","","","https://staging.jakevibes.dev/uk/ai-in-software-development/securing-ai-the-ctos-guide-to-validation-and-minimum-safety-standards","","","","","","242933","34453","34453","13.198","","885","172","5.145","45.891","Hard","3.289","0","2","","10","6","0","0.890","120","53","0","2","2","0","","","","","4324ab06ae82f01425556c55a31ee79f","0.426","","","","","en-GB","1.1","","","","","","https://staging.jakevibes.dev/uk/ai-in-software-development/securing-ai-the-ctos-guide-to-validation-and-minimum-safety-standards","2026-07-28 16:58:05"
"https://staging.jakevibes.dev/uk/ai-in-software-development/why-staff-augmentation-matters-in-the-age-of-ai","text/html; charset=utf-8","200","OK","Indexable","","Why Staff Augmentation Matters in the Age of AI | Cloud Employee","64","593","AI is accelerating demand for AI engineers. Learn how staff augmentation for AI projects solves the global AI talent shortage and speeds delivery.","146","894","","0","Why Staff Augmentation Matters in the Age of AI","47","TL;DR","5","AI is raising the bar, not replacing it","39","index, follow","","","https://staging.jakevibes.dev/uk/ai-in-software-development/why-staff-augmentation-matters-in-the-age-of-ai","","","","","","293732","44489","44489","17.043","","1941","333","5.829","55.124","Fairly Hard","5.065","0","2","","7","5","0","0.740","118","53","0","14","14","0","","","","","57da438423e93fe84102e4c2f31bc4b8","0.388","","","","","en-GB","1.1","","","","","","https://staging.jakevibes.dev/uk/ai-in-software-development/why-staff-augmentation-matters-in-the-age-of-ai","2026-07-28 16:58:05"
"https://staging.jakevibes.dev/uk/book-a-call","text/html; charset=utf-8","200","OK","Indexable","","Book a Discovery Call | Cloud Employee | Cloud Employee","55","506","Book a free 30-minute discovery call with Cloud Employee. Discuss your engineering team needs and see if we're the right fit.","125","762","","0","Schedule a call with us today","29","Ready to hire your next engineer?","33","","0","index, follow","","","https://staging.jakevibes.dev/uk/book-a-call","","","","","","192573","24116","24116","9.238","","273","52","5.250","44.082","Hard","2.001","0","1","","572","337","0","50.000","115","50","0","1","1","0","","","","","f84e47917fa319dfb04ac05ef63132c","0.377","","","","","en-GB","1.1","","","","","","https://staging.jakevibes.dev/uk/book-a-call","2026-07-28 16:58:06"
"https://staging.jakevibes.dev/uk/alternatives","text/html; charset=utf-8","200","OK","Indexable","","Cloud Employee Alternatives | Compare Providers Side by Side | Cloud Employee","77","714","Explore Cloud Employee vs top alternatives. Compare outsourcing, freelancing & agencies to find the best way to scale your engineering team.","140","873","","0","Cloud Employee: Comparisons & Reviews","37","Featured","8","All alternatives","16","index, follow","","","https://staging.jakevibes.dev/uk/alternatives","https://staging.jakevibes.dev/uk/alternatives?page=2","","","","","292620","34418","34418","13.185","","880","185","4.757","62.705","Normal","2.710","0","1","","678","337","0","50.000","131","66","0","1","1","0","","","","","abe0cdc5e5c6875861054b84a480a044","0.459","","","","","en-GB","1.1","","","","","","https://staging.jakevibes.dev/uk/alternatives","2026-07-28 16:58:06"
"https://staging.jakevibes.dev/uk/book-a-call/anto","text/html; charset=utf-8","200","OK","Indexable","","Schedule a call with Anto Čabraja | Cloud Employee","50","456","Book a call with Anto Čabraja at Cloud Employee today. Schedule instantly through our easy online calendar to discuss your hiring needs and scale your tech","155","963","","0","Book a call with Anto","21","Ready to hire your next engineer?","33","","0","index, follow","","","https://staging.jakevibes.dev/uk/book-a-call/anto","","","","","","192893","24491","24491","9.382","","269","51","5.275","43.603","Hard","1.979","0","2","","1","1","0","0.150","114","51","0","1","1","0","","","","","4fb55206bda201828a25462d61771fd","0.396","","","","","en-GB","1.1","","","","","","https://staging.jakevibes.dev/uk/book-a-call/anto","2026-07-28 16:58:06"
"https://staging.jakevibes.dev/uk/book-a-call/aj","text/html; charset=utf-8","200","OK","Indexable","","Schedule a call with AJ Develos | Cloud Employee","48","440","Book a call with AJ Develos at Cloud Employee today. Schedule instantly through our easy online calendar to discuss your hiring needs and scale your tech team","158","984","","0","Book a call with AJ","19","Ready to hire your next engineer?","33","","0","index, follow","","","https://staging.jakevibes.dev/uk/book-a-call/aj","","","","","","193573","24391","24391","9.344","","269","51","5.275","43.918","Hard","1.971","0","2","","1","1","0","0.150","114","51","0","1","1","0","","","","","adb495a76863485cc2803716d9ed253","0.529","","","","","en-GB","1.1","","","","","","https://staging.jakevibes.dev/uk/book-a-call/aj","2026-07-28 16:58:06"
"https://staging.jakevibes.dev/uk/blog","text/html; charset=utf-8","200","OK","Indexable","","All Blogs & Guides | Cloud Employee","35","319","From the future of work to hiring and retaining exceptional talent, find our expert insights, CTO profiles, thought pieces and more.","132","793","","0","All Blogs & Guides","18","Featured","8","All articles","12","index, follow","","","https://staging.jakevibes.dev/uk/blog","https://staging.jakevibes.dev/uk/blog?page=2","","","","","344866","37979","37979","14.549","","869","184","4.723","53.967","Fairly Hard","2.341","0","1","","1058","337","0","50.000","141","75","0","1","1","0","","","","","fa7844c1ab7b8b4c1b62e3d12beffac1","0.473","","","","","en-GB","1.1","","","","","","https://staging.jakevibes.dev/uk/blog","2026-07-28 16:58:06"
"https://staging.jakevibes.dev/uk/book-a-call/seb","text/html; charset=utf-8","200","OK","Indexable","","Schedule a call with Seb Hall | Cloud Employee","46","414","Book a call with Seb Hall at Cloud Employee today. Schedule instantly through our easy online calendar to discuss your hiring needs and scale your tech team","156","966","","0","Book a call with Seb","20","Ready to hire your next engineer?","33","","0","index, follow","","","https://staging.jakevibes.dev/uk/book-a-call/seb","","","","","","193557","24224","24224","9.280","","269","51","5.275","43.918","Hard","1.971","0","2","","1","1","0","0.150","114","51","0","1","1","0","","","","","c871f272ca420f19422b3632853728db","0.408","","","","","en-GB","1.1","","","","","","https://staging.jakevibes.dev/uk/book-a-call/seb","2026-07-28 16:58:06"
"https://staging.jakevibes.dev/uk/book-a-call/shawnee","text/html; charset=utf-8","200","OK","Indexable","","Schedule a call with Shawnee Malesich | Cloud Employee","54","507","Book a call with Shawnee Malesich at Cloud Employee today. Schedule instantly through our easy online calendar to discuss your hiring needs and scale your tech","159","996","","0","Book a call with Shawnee","24","Ready to hire your next engineer?","33","","0","index, follow","","","https://staging.jakevibes.dev/uk/book-a-call/shawnee","","","","","","193767","24458","24458","9.369","","269","51","5.275","43.603","Hard","1.971","0","2","","1","1","0","0.150","114","51","0","1","1","0","","","","","26db18e585b335c99447cea2087ff13","0.373","","","","","en-GB","1.1","","","","","","https://staging.jakevibes.dev/uk/book-a-call/shawnee","2026-07-28 16:58:07"
"https://staging.jakevibes.dev/uk/book-a-call/molly","text/html; charset=utf-8","200","OK","Indexable","","Schedule a call with Molly Miller | Cloud Employee","50","442","Book a call with Molly Miller at Cloud Employee today. Schedule instantly through our easy online calendar to discuss your hiring needs and scale your tech team with top global developers.","188","1154","","0","Book a call with Molly","22","Ready to hire your next engineer?","33","","0","index, follow","","","https://staging.jakevibes.dev/uk/book-a-call/molly","","","","","","193864","24503","24503","9.387","","269","51","5.275","43.603","Hard","1.969","0","2","","1","1","0","0.150","114","51","0","1","1","0","","","","","e51b4fa192002cebd4ca6a670a6b884","0.393","","","","","en-GB","1.1","","","","","","https://staging.jakevibes.dev/uk/book-a-call/molly","2026-07-28 16:58:06"
"https://staging.jakevibes.dev/uk/book-a-call/stephanie","text/html; charset=utf-8","200","OK","Indexable","","Schedule a call with Stephanie Bird | Cloud Employee","52","470","Book a call with Stephanie Bird at Cloud Employee today. Schedule instantly through our easy online calendar to discuss your hiring needs and scale your tech","157","971","","0","Book a call with Stephanie","26","Ready to hire your next engineer?","33","","0","index, follow","","","https://staging.jakevibes.dev/uk/book-a-call/stephanie","","","","","","193756","24795","24795","9.498","","269","51","5.275","43.603","Hard","1.972","0","2","","1","1","0","0.150","114","51","0","1","1","0","","","","","badcdd6c98116e736963183bf738d530","0.373","","","","","en-GB","1.1","","","","","","https://staging.jakevibes.dev/uk/book-a-call/stephanie","2026-07-28 16:58:07"
"https://staging.jakevibes.dev/uk/compare/arc-dev-contract-cancellation-exit-terms","text/html; charset=utf-8","200","OK","Indexable","","Arc.dev Exit Costs: Contract Terms & Cancellation Guide | Cloud Employee","72","659","Arc.dev contract terms carry hidden exit friction. 10 day notice, 12 month non-solicitation, and 20% placement fees explained.","126","771","","0","CloudEmployee vs","16","Arc.dev contract: Duration & your obligations","45","Arc.dev agreement termination requirements","42","index, follow","","","https://staging.jakevibes.dev/uk/compare/arc-dev-contract-cancellation-exit-terms","","","","","","317798","50604","50604","19.385","","3674","611","6.013","47.098","Hard","8.539","0","2","","2","2","0","0.300","114","51","0","21","19","0","","","","","af81795a99f22b84732e87bdd4738363","0.394","","","","","en-GB","1.1","","","","","","https://staging.jakevibes.dev/uk/compare/arc-dev-contract-cancellation-exit-terms","2026-07-28 16:58:07"
"https://staging.jakevibes.dev/uk/compare/arc-dev-alternatives-for-startups-2026-comparison-guide","text/html; charset=utf-8","200","OK","Indexable","","Arc.dev Alternatives: 2026 CTO Comparison Guide | Cloud Employee","64","606","Arc.dev alternatives for CTOs comparing retention, cost, and integration depth across Cloud Employee, Toptal, Gun.io, and X-Team.","129","808","","0","CloudEmployee vs","16","Why CTOs look for Arc.dev alternatives: The retention gap","57","5 best Arc.dev alternatives for senior engineering talent","57","index, follow","","","https://staging.jakevibes.dev/uk/compare/arc-dev-alternatives-for-startups-2026-comparison-guide","","","","","","315355","50102","50102","19.193","","3192","524","6.092","53.636","Fairly Hard","7.506","0","2","","2","2","0","0.300","114","51","0","36","21","0","","","","","34111c4d6bda4e3aaa6c2a6e591abfd3","0.533","","","","","en-GB","1.1","","","","","","https://staging.jakevibes.dev/uk/compare/arc-dev-alternatives-for-startups-2026-comparison-guide","2026-07-28 16:58:07"
"https://staging.jakevibes.dev/uk/compare/arc-dev-to-dedicated-team-migration-guide","text/html; charset=utf-8","200","OK","Indexable","","Arc.dev Alternative: Migration Guide for CTOs in 2026 | Cloud Employee","70","634","Switching from Arc.dev to a dedicated team requires a clear plan. This guide offers CTOs a 4-phase migration playbook to transition seamlessly.","143","885","","0","CloudEmployee vs","16","Why scaling companies outgrow the Arc.dev freelance model","57","The cost math: Freelance markups vs. dedicated team margins","59","index, follow","","","https://staging.jakevibes.dev/uk/compare/arc-dev-to-dedicated-team-migration-guide","","","","","","316424","50729","50729","19.433","","3177","515","6.169","56.138","Fairly Hard","7.310","0","2","","2","2","0","0.300","114","51","0","17","17","0","","","","","71f7a00a733bcc376b1a88b3c293d34","0.393","","","","","en-GB","1.1","","","","","","https://staging.jakevibes.dev/uk/compare/arc-dev-to-dedicated-team-migration-guide","2026-07-28 16:58:07"
"https://staging.jakevibes.dev/uk/compare/arc-dev-pricing-vs-cloud-employee-true-cost","text/html; charset=utf-8","200","OK","Indexable","","Arc.dev Pricing 2026: True Cost vs Cloud Employee Model | Cloud Employee","72","671","Arc.dev pricing runs $60-$150+/hr compounding to $12.8k-$24k/month before 20% placement fees vs our $6k-$14k fully-loaded model.","128","837","","0","CloudEmployee vs Arc.dev Pricing Breakdown: True Cost","53","The real cost of Arc.dev: Hourly rates and platform fees explained","66","Hidden costs in the marketplace model that shorten runway","57","index, follow","","","https://staging.jakevibes.dev/uk/compare/arc-dev-pricing-vs-cloud-employee-true-cost","","","","","","305902","47354","47354","18.140","","2611","455","5.738","55.982","Fairly Hard","6.467","0","2","","2","2","0","0.300","114","51","0","21","18","0","","","","","9824bc8e8a1611d3771048aa58eaa743","0.395","","","","","en-GB","1.1","","","","","","https://staging.jakevibes.dev/uk/compare/arc-dev-pricing-vs-cloud-employee-true-cost","2026-07-28 16:58:07"
"https://staging.jakevibes.dev/uk/compare/arc-dev-vetting-process-vs-cloud-employees-cto-led-technical-assessment","text/html; charset=utf-8","200","OK","Indexable","","Arc.dev Vetting Process: CTO Guide to Developer Quality | Cloud Employee","72","663","Arc.dev vetting process accepts 2.3% of applicants through standardized tests but misses architectural judgment and team fit signals.","133","829","","0","CloudEmployee vs Arc.dev Vetting Process","40","The core difference: algorithmic matching vs. CTO-led validation","64","Dissecting the Arc.dev vetting process","38","index, follow","","","https://staging.jakevibes.dev/uk/compare/arc-dev-vetting-process-vs-cloud-employees-cto-led-technical-assessment","","","","","","307479","48359","48359","18.525","","2788","449","6.209","45.291","Hard","6.931","0","2","","2","2","0","0.300","114","51","0","17","13","0","","","","","a7204e2ed9eb8bb6fcf338b55a61659b","0.383","","","","","en-GB","1.1","","","","","","https://staging.jakevibes.dev/uk/compare/arc-dev-vetting-process-vs-cloud-employees-cto-led-technical-assessment","2026-07-28 16:58:07"
"https://staging.jakevibes.dev/uk/compare/cloud-employee-vs-andela","text/html; charset=utf-8","200","OK","Indexable","","Cloud Employee vs. Andela | Transparent, Embedded, and Retention-Focused | Cloud Employee","89","840","Compare Cloud Employee vs. Andela - two leading engineering talent models. See how Cloud Employee delivers transparency, retention, and CTO-led vetting for US teams.","165","1044","","0","CloudEmployee vs Andela","23","Engineering Scale Meets Strategic Integration","45","FAQs - About this comparison","28","index, follow","","","https://staging.jakevibes.dev/uk/compare/cloud-employee-vs-andela","","","","","","259018","37653","37653","14.424","","1421","223","6.372","37.776","Hard","4.675","0","2","","3","3","0","0.450","114","51","0","3","3","0","","","","","a512b9e5b6d431351830310703186cb7","0.380","","","","","en-GB","1.1","","","","","","https://staging.jakevibes.dev/uk/compare/cloud-employee-vs-andela","2026-07-28 16:58:08"
"https://staging.jakevibes.dev/uk/compare/cloud-employee-pricing-plans-cost-breakdown","text/html; charset=utf-8","200","OK","Indexable","","Cloud Employee Pricing 2026: Rates, Plans & Cost Guide | Cloud Employee","71","657","Cloud Employee pricing ranges from $3,000 to $14,000 per month per developer. Complete 2026 cost breakdown and contract terms.","126","822","","0","CloudEmployee vs","16","How much does Cloud Employee cost per developer?","48","What's included in the monthly fee?","35","index, follow","","","https://staging.jakevibes.dev/uk/compare/cloud-employee-pricing-plans-cost-breakdown","","","","","","342549","53193","53193","20.377","","3484","540","6.452","55.296","Fairly Hard","7.362","0","2","","2","2","0","0.300","114","51","0","39","32","0","","","","","42a09ee2f8dfce1e75f7e536fd350cee","0.395","","","","","en-GB","1.1","","","","","","https://staging.jakevibes.dev/uk/compare/cloud-employee-pricing-plans-cost-breakdown","2026-07-28 16:58:08"
"https://staging.jakevibes.dev/uk/compare/cloud-employee-no-hidden-fees-transparency","text/html; charset=utf-8","200","OK","Indexable","","Cloud Employee Pricing: No Hidden Fees or Surprise Costs | Cloud Employee","73","677","Cloud Employee pricing starts at $3K monthly with no hidden fees, no placement costs, and no conversion charges for offshore developers.","136","856","","0","CloudEmployee vs","16","The real cost of offshore developers and staff augmentation","59","How hidden fees inflate offshore development budgets by 25 percent","66","index, follow","","","https://staging.jakevibes.dev/uk/compare/cloud-employee-no-hidden-fees-transparency","","","","","","305398","47377","47377","18.149","","2790","438","6.370","58.884","Fairly Hard","6.712","0","2","","2","2","0","0.300","114","51","0","22","20","0","","","","","8064cd0e677ef29b4f3094a21c3ac58a","0.370","","","","","en-GB","1.1","","","","","","https://staging.jakevibes.dev/uk/compare/cloud-employee-no-hidden-fees-transparency","2026-07-28 16:58:08"
"https://staging.jakevibes.dev/uk/compare/arc-dev-vs-toptal-vs-cloud-employee-which-model-fits-your-runway","text/html; charset=utf-8","200","OK","Indexable","","Arc.dev Alternatives That Extend Your Runway 2026 | Cloud Employee","66","619","Arc.dev vs Toptal vs Cloud Employee comparison shows how hourly billing kills runway while fixed costs extend cash by 6-12 months.","130","821","","0","CloudEmployee vs Arc.dev vs. Toptal","35","The runway equation: Why cost predictability matters more than hourly rates","75","Arc.dev analysis: The hidden volatility of freelance marketplaces","65","index, follow","","","https://staging.jakevibes.dev/uk/compare/arc-dev-vs-toptal-vs-cloud-employee-which-model-fits-your-runway","","","","","","308947","47912","47912","18.354","","2788","464","6.009","54.932","Fairly Hard","6.768","0","2","","2","2","0","0.300","114","51","0","19","19","0","","","","","ef907d4a7ebd26db9dae408d721b6f2c","0.380","","","","","en-GB","1.1","","","","","","https://staging.jakevibes.dev/uk/compare/arc-dev-vs-toptal-vs-cloud-employee-which-model-fits-your-runway","2026-07-28 16:58:08"
"https://staging.jakevibes.dev/uk/compare/cloud-employee-vs-arc-dev","text/html; charset=utf-8","200","OK","Indexable","","Cloud Employee vs Arc.dev: Remote Developer Hiring Comparison (2026) | Cloud Employee","85","807","Cloud Employee vs Arc.dev comparison: pricing, vetting, retention rates, and engagement models for hiring remote developers in 2026.","132","825","","0","CloudEmployee vs Arc.dev: Remote Developer Hiring Comparison (2026)","67","At a glance: Cloud Employee vs Arc.dev","38","Core difference: curated marketplace vs dedicated staff augmentation","68","index, follow","","","","","","","","","304967","48083","48083","18.420","","2706","435","6.221","48.672","Hard","6.790","0","2","","2","2","0","0.300","114","51","0","21","19","0","","","","","1cabdea9eb69de49d7eba4de55947ede","0.396","","","","","en-GB","1.1","","","","","","https://staging.jakevibes.dev/uk/compare/cloud-employee-vs-arc-dev","2026-07-28 16:58:08"
"https://staging.jakevibes.dev/uk/compare/cloud-employee-vs-contra","text/html; charset=utf-8","200","OK","Indexable","","Cloud Employee vs. Contra Review | Cloud Employee","49","465","A Contra review for CTOs: explore Contra’s contract work platform and see how Cloud Employee delivers full-time, embedded engineers with transparent pricing and retention.","171","1072","","0","CloudEmployee vs Contra","23","Freelance Flexibility vs. Engineering Continuity","48","FAQs - About this comparison","28","index, follow","","","https://staging.jakevibes.dev/uk/compare/cloud-employee-vs-contra","","","","","","269121","40261","40261","15.423","","1606","257","6.249","39.194","Hard","5.087","0","2","","2","2","0","0.300","114","51","0","5","5","0","","","","","4efe58b8a38352215d7e55f740fc4d8a","0.392","","","","","en-GB","1.1","","","","","","https://staging.jakevibes.dev/uk/compare/cloud-employee-vs-contra","2026-07-28 16:58:09"
"https://staging.jakevibes.dev/uk/compare/cloud-employee-vs-bairesdev-reviews","text/html; charset=utf-8","200","OK","Indexable","","Cloud Employee vs. BairesDev Review | Cloud Employee","52","495","Compare BairesDev and Cloud Employee, two global tech talent models. Discover Cloud Employee’s transparent, embedded approach to scaling teams.","143","931","","0","CloudEmployee vs BairesDev","26","BairesDev in Context","20","FAQs - About this comparison","28","index, follow","","","https://staging.jakevibes.dev/uk/compare/cloud-employee-vs-bairesdev-reviews","","","","","","265491","39821","39821","15.255","","1836","307","5.980","30.597","Hard","5.864","0","2","","2","2","0","0.300","114","51","0","3","3","0","","","","","f760f79f9af0748d252f98c930a3dec8","0.391","","","","","en-GB","1.1","","","","","","https://staging.jakevibes.dev/uk/compare/cloud-employee-vs-bairesdev-reviews","2026-07-28 16:58:08"
"https://staging.jakevibes.dev/uk/compare/cloud-employee-vs-beon-tech","text/html; charset=utf-8","200","OK","Indexable","","Cloud Employee vs BEON.tech | Nearshore Staff Augmentation | Cloud Employee","75","715","Compare Cloud Employee and BEON.tech. Learn how Cloud Employee’s global, transparent staff augmentation model differs from BEON’s nearshore solutions.","150","984","","0","CloudEmployee vs BEON.tech","26","Nearshore Excellence Meets Global Integration","45","FAQs - About this comparison","28","index, follow","","","https://staging.jakevibes.dev/uk/compare/cloud-employee-vs-beon-tech","","","","","","264425","37534","37534","14.379","","1448","251","5.769","39.959","Hard","4.691","0","2","","3","3","0","0.450","114","51","0","3","3","0","","","","","b1d9264630d3a864d642ca92bb37c602","0.466","","","","","en-GB","1.1","","","","","","https://staging.jakevibes.dev/uk/compare/cloud-employee-vs-beon-tech","2026-07-28 16:58:08"
"https://staging.jakevibes.dev/uk/compare/cloud-employee-vs-clouddevs","text/html; charset=utf-8","200","OK","Indexable","","Cloud Employee vs CloudDevs | Managed Teams vs Freelance | Cloud Employee","73","709","Compare Cloud Employee and CloudDevs. See how Cloud Employee’s embedded, global staff augmentation model delivers transparency, retention, and control beyond freelance marketplaces.","181","1178","","0","CloudEmployee vs CloudDevs","26","Freelance Flexibility vs. Embedded Continuity","45","FAQs - About this comparison","28","index, follow","","","https://staging.jakevibes.dev/uk/compare/cloud-employee-vs-clouddevs","","","","","","267474","38762","38762","14.849","","1492","236","6.322","43.466","Hard","4.756","0","2","","3","3","0","0.450","114","51","0","4","4","0","","","","","423c2b778dbdbafec093097727f2bc90","0.675","","","","","en-GB","1.1","","","","","","https://staging.jakevibes.dev/uk/compare/cloud-employee-vs-clouddevs","2026-07-28 16:58:09"
"https://staging.jakevibes.dev/uk/compare/cloud-employee-vs-fiverr","text/html; charset=utf-8","200","OK","Indexable","","Cloud Employee vs. Fiverr Review | Cloud Employee","49","456","A Fiverr review for CTOs: explore Fiverr’s freelance marketplace and see how Cloud Employee delivers vetted, embedded software engineers with full transparency.","160","997","","0","CloudEmployee vs Fiverr","23","Global Access vs. Engineering Continuity","40","FAQs - About this comparison","28","index, follow","","","https://staging.jakevibes.dev/uk/compare/cloud-employee-vs-fiverr","","","","","","264397","39918","39918","15.292","","1664","275","6.051","40.492","Hard","5.258","0","2","","2","2","0","0.300","114","51","0","5","5","0","","","","","2160a38d2a019d6e7c382da4f12844d4","0.380","","","","","en-GB","1.1","","","","","","https://staging.jakevibes.dev/uk/compare/cloud-employee-vs-fiverr","2026-07-28 16:58:09"
"https://staging.jakevibes.dev/uk/compare/cloud-employee-vs-proxify","text/html; charset=utf-8","200","OK","Indexable","","Cloud Employee vs. Proxify Review | Cloud Employee","50","467","A Proxify review for technology leaders: see how Cloud Employee expands on vetted talent with deeper embedding, transparency, retention, and CTO-led processes.","159","1005","","0","CloudEmployee vs Proxify","24","Scaling with Confidence in a Vetted World","41","FAQs - About this comparison","28","index, follow","","","https://staging.jakevibes.dev/uk/compare/cloud-employee-vs-proxify","","","","","","261251","38970","38970","14.929","","1521","244","6.234","42.321","Hard","4.885","0","2","","2","2","0","0.300","114","51","0","5","5","0","","","","","898834d84e89df42bd7eb2b7fcea6519","0.416","","","","","en-GB","1.1","","","","","","https://staging.jakevibes.dev/uk/compare/cloud-employee-vs-proxify","2026-07-28 16:58:09"
"https://staging.jakevibes.dev/uk/compare/cloud-employee-vs-turing","text/html; charset=utf-8","200","OK","Indexable","","Cloud Employee vs Turing | Embedded Engineers vs AI-Powered Talent Platform | Cloud Employee","92","870","Compare Cloud Employee vs Turing: we examine how Cloud Employee’s embedded, full-time engineers stack up against Turing’s AI-driven remote talent model.","152","975","","0","CloudEmployee vs Turing","23","AI in Talent Sourcing, Human in Delivery","40","FAQs - About this comparison","28","index, follow","","","https://staging.jakevibes.dev/uk/compare/cloud-employee-vs-turing","","","","","","266249","39080","39080","14.971","","1458","233","6.258","46.080","Hard","4.588","0","2","","2","2","0","0.300","114","51","0","5","4","0","","","","","79bf521d94da6697fcfa6c873781eda6","0.439","","","","","en-GB","1.1","","","","","","https://staging.jakevibes.dev/uk/compare/cloud-employee-vs-turing","2026-07-28 16:58:09"
"https://staging.jakevibes.dev/uk/compare/cloud-employee-vs-unosquare","text/html; charset=utf-8","200","OK","Indexable","","Cloud Employee vs Unosquare | Global Reach vs Nearshore Focus | Cloud Employee","78","740","Compare Cloud Employee and Unosquare. See how Cloud Employee’s multi-region, embedded model delivers transparency, retention, and control beyond nearshore LATAM delivery.","170","1110","","0","CloudEmployee vs Unosquare","26","Nearshore Delivery Meets Global Integration","43","FAQs - About this comparison","28","index, follow","","","https://staging.jakevibes.dev/uk/compare/cloud-employee-vs-unosquare","","","","","","259260","36656","36656","14.042","","1262","201","6.279","40.513","Hard","4.251","0","2","","2","2","0","0.300","114","51","0","2","2","0","","","","","71690e4ff17b87bff01b1ee04de4b39e","0.636","","","","","en-GB","1.1","","","","","","https://staging.jakevibes.dev/uk/compare/cloud-employee-vs-unosquare","2026-07-28 16:58:09"
"https://staging.jakevibes.dev/uk/compare/dedicated-teams-vs-toptal","text/html; charset=utf-8","200","OK","Indexable","","Dedicated teams vs Toptal: cost, continuity, and product velocity comparison | Cloud Employee","93","839","Toptal costs $12K-$24K per month per developer. Dedicated teams deliver 97% retention and $252K annual savings for 3-person teams.","130","838","","0","CloudEmployee vs","16","What CTOs need to know before comparing models","46","Cost per engineer: dedicated vs Toptal","38","index, follow","","","https://staging.jakevibes.dev/uk/compare/dedicated-teams-vs-toptal","","","","","","363382","57036","57036","21.849","","4002","655","6.110","49.719","Hard","8.204","0","2","","2","2","0","0.300","114","51","0","34","29","0","","","","","70e7e1448b3abf1cc0c6d76a626e42f0","0.411","","","","","en-GB","1.1","","","","","","https://staging.jakevibes.dev/uk/compare/dedicated-teams-vs-toptal","2026-07-28 16:58:10"
"https://staging.jakevibes.dev/uk/compare/cloud-employee-vs-upwork","text/html; charset=utf-8","200","OK","Indexable","","Cloud Employee vs. UpWork Review | Cloud Employee","49","475","An Upwork review for CTOs: explore Upwork’s freelance marketplace and discover how Cloud Employee offers vetted, full-time engineers with transparency and retention.","165","1042","","0","CloudEmployee vs UpWork","23","Freelance Access vs. Engineering Consistency","44","FAQs - About this comparison","28","index, follow","","","https://staging.jakevibes.dev/uk/compare/cloud-employee-vs-upwork","","","","","","262782","38711","38711","14.829","","1550","249","6.225","36.447","Hard","5.074","0","2","","2","2","0","0.300","114","51","0","5","5","0","","","","","da2b35942327f8e9dbf2a53cdfda9f6a","0.432","","","","","en-GB","1.1","","","","","","https://staging.jakevibes.dev/uk/compare/cloud-employee-vs-upwork","2026-07-28 16:58:09"
"https://staging.jakevibes.dev/uk/compare/the-hidden-costs-of-arc-dev-screening-time-failed-hires-and-context-switching","text/html; charset=utf-8","200","OK","Indexable","","Arc.dev Total Cost of Ownership for CTOs in 2026 | Cloud Employee","65","599","Arc.dev's hidden costs include CTO screening time, context switching overhead, and churn that can double your effective hourly rate.","132","815","","0","CloudEmployee vs","16","The true cost of ownership: why hourly rates mislead CTOs","57","Hidden cost #1: the 30-hour screening burden on your leadership team","68","index, follow","","","https://staging.jakevibes.dev/uk/compare/the-hidden-costs-of-arc-dev-screening-time-failed-hires-and-context-switching","","","","","","314052","49229","49229","18.859","","3154","494","6.385","58.300","Fairly Hard","7.315","0","2","","2","2","0","0.300","114","51","0","13","11","0","","","","","603a3208ac490595457407240703d7c1","0.398","","","","","en-GB","1.1","","","","","","https://staging.jakevibes.dev/uk/compare/the-hidden-costs-of-arc-dev-screening-time-failed-hires-and-context-switching","2026-07-28 16:58:10"
"https://staging.jakevibes.dev/uk/compare/freelancers","text/html; charset=utf-8","200","OK","Indexable","","Freelancers vs Cloud Employee | Talent Quality & Reliability | Cloud Employee","77","683","Cloud Employee vs Freelancers Reviews. Explore why Cloud Employee is the top alternative for CTOs needing reliable, long-term engineering capacity.","147","916","","0","CloudEmployee vs Freelancers","28","Freelancers in Context","22","Ready to hire your next engineer?","33","index, follow","","","https://staging.jakevibes.dev/uk/compare/freelancers","","","","","","252855","35957","35957","13.774","","1341","259","5.178","38.752","Hard","4.650","0","2","","2","2","0","0.300","114","51","0","3","3","0","","","","","2b9340f04c440a299604009ddd75eb13","0.513","","","","","en-GB","1.1","","","","","","https://staging.jakevibes.dev/uk/compare/freelancers","2026-07-28 16:58:10"
"https://staging.jakevibes.dev/uk/compare/toptal-limitations","text/html; charset=utf-8","200","OK","Indexable","","Toptal limitations: When freelance developers falls short for engineering teams | Cloud Employee","96","864","Toptal limitations reveal when freelance talent falls short for engineering teams building core products and requiring long-term commitment.","140","862","","0","CloudEmployee vs","16","What makes Toptal's model structurally different from full-time teams?","70","The churn tax: Impact on your product vision","44","index, follow","","","https://staging.jakevibes.dev/uk/compare/toptal-limitations","","","","","","317612","51478","51478","19.720","","3601","526","6.846","44.430","Hard","8.562","0","2","","2","2","0","0.300","114","51","0","12","11","0","","","","","e46841e6cece2d633173c1a61fb7e0b2","0.397","","","","","en-GB","1.1","","","","","","https://staging.jakevibes.dev/uk/compare/toptal-limitations","2026-07-28 16:58:10"
"https://staging.jakevibes.dev/uk/compare/inhouse-hiring","text/html; charset=utf-8","200","OK","Indexable","","Cloud Employee vs. In-House Hiring Reviews | Cloud Employee","59","552","In-house hiring can be costly and slow. Discover reviews, pros, cons, and why Cloud Employee is the leading alternative to hiring in-house in 2025.","147","892","","0","CloudEmployee vs In-House Hiring","32","Hiring In-House in Context","26","Ready to hire your next engineer?","33","index, follow","","","https://staging.jakevibes.dev/uk/compare/inhouse-hiring","","","","","","257363","38617","38617","14.793","","1749","313","5.588","46.378","Hard","5.537","0","2","","2","2","0","0.300","114","51","0","6","6","0","","","","","d55ed8e2427343c3d1649fc78a7e15a3","0.450","","","","","en-GB","1.1","","","","","","https://staging.jakevibes.dev/uk/compare/inhouse-hiring","2026-07-28 16:58:10"
"https://staging.jakevibes.dev/uk/compare/switching-from-arc-dev-to-a-dedicated-development-team","text/html; charset=utf-8","200","OK","Indexable","","Arc.dev Alternative: Migrate to Dedicated Team in 4 Weeks | Cloud Employee","74","684","Switching from Arc.dev to a dedicated team requires a structured 4-week overlap to retain knowledge and cut costs by 50-75%.","124","781","","0","CloudEmployee vs","16","Arc.dev's shortcomings for scaling teams","40","Preventing product degradation post-Arc.dev","43","index, follow","","","https://staging.jakevibes.dev/uk/compare/switching-from-arc-dev-to-a-dedicated-development-team","","","","","","312254","50684","50684","19.416","","3212","521","6.165","47.945","Hard","7.771","0","2","","2","2","0","0.300","114","51","0","20","19","0","","","","","372b6b6ccd5e142f43e4d641a4ce946e","0.410","","","","","en-GB","1.1","","","","","","https://staging.jakevibes.dev/uk/compare/switching-from-arc-dev-to-a-dedicated-development-team","2026-07-28 16:58:10"
"https://staging.jakevibes.dev/uk/compare/toptal-vs-cloud-employee-freelance-marketplace-vs-dedicated-staff-augmentation","text/html; charset=utf-8","200","OK","Indexable","","Toptal vs Cloud Employee: Freelance Marketplace vs Dedicated Staff Augmentation | Cloud Employee","96","903","Toptal vs Cloud Employee comparison: freelance marketplace rates versus dedicated staff augmentation for scaling engineering teams.","131","835","","0","CloudEmployee vs Toptal","23","Choose your scaling model: Toptal vs. CE","40","Developer screening and quality standards","41","index, follow","","","https://staging.jakevibes.dev/uk/compare/toptal-vs-cloud-employee-freelance-marketplace-vs-dedicated-staff-augmentation","","","","","","326978","51978","51978","19.912","","3495","533","6.557","50.949","Fairly Hard","7.936","0","2","","2","2","0","0.300","114","51","0","24","23","0","","","","","599399e6ed9f5cf75632eb7fcbecacbb","0.383","","","","","en-GB","1.1","","","","","","https://staging.jakevibes.dev/uk/compare/toptal-vs-cloud-employee-freelance-marketplace-vs-dedicated-staff-augmentation","2026-07-28 16:58:11"
"https://staging.jakevibes.dev/uk/contact","text/html; charset=utf-8","200","OK","Indexable","","Cloud Employee - Contact","24","229","Contact us and start building your tech team today.","51","319","","0","Contact us today","16","Our Locations","13","Ready to hire your next engineer?","33","index, follow","","","https://staging.jakevibes.dev/uk/contact","","","","","","211163","27682","27682","10.604","","524","99","5.293","61.970","Normal","2.528","0","1","","338","337","0","50.000","114","50","0","2","2","0","","","","","62c90536bbc7234821ab4ebf43c3f766","0.428","","","","","en-GB","1.1","","","","","","https://staging.jakevibes.dev/uk/contact","2026-07-28 16:58:11"
"https://staging.jakevibes.dev/uk/customer-stories","text/html; charset=utf-8","200","OK","Indexable","","Our Customer Stories | Cloud Employee","37","351","See how fast-scaling tech companies use Cloud Employee to hire top nearshore developers who integrate seamlessly, deliver fast, and stick around. Real results, real teams.","171","1056","","0","Our Customer Stories","20","What the difference feels like","30","Ready to hire your next engineer?","33","index, follow","","","","","","","","","321365","36463","36463","13.968","","992","178","5.573","66.603","Normal","2.502","0","1","","1015","337","0","50.000","137","65","0","1","1","0","","","","","3e5b04f4a0cc4b2844a7c5128014a446","0.442","","","","","en-GB","1.1","","","","","","https://staging.jakevibes.dev/uk/customer-stories","2026-07-28 16:58:11"
"https://staging.jakevibes.dev/uk/compare/toptal-vs-upwork","text/html; charset=utf-8","200","OK","Indexable","","Toptal vs Upwork: Premium vs General Platform Comparison | Cloud Employee","73","702","Toptal vs Upwork comparison: premium vetting and cost breakdown for CTOs choosing between managed networks and open marketplaces.","129","871","","0","CloudEmployee vs","16","Key differences: premium vs. general models","43","In-depth evaluation for quality engineer hires","46","index, follow","","","https://staging.jakevibes.dev/uk/compare/toptal-vs-upwork","","","","","","309638","47386","47386","18.153","","2997","481","6.231","50.591","Fairly Hard","7.326","0","2","","2","2","0","0.300","114","51","0","13","12","0","","","","","e74747139c4e324bb1c4c240ee4f63ca","0.416","","","","","en-GB","1.1","","","","","","https://staging.jakevibes.dev/uk/compare/toptal-vs-upwork","2026-07-28 16:58:11"
"https://staging.jakevibes.dev/uk/customer-story/cleanlink","text/html; charset=utf-8","200","OK","Indexable","","CleanLink x Cloud Employee Customer Story | Results & Review | Cloud Employee","77","720","How CleanLink created an augmented tech team of three in 2 weeks - learn more about Cloud Employee and the impact we've had for customers like CleanLink.","153","978","","0","How CleanLink created an augmented tech team of three in 2 weeks","64","The customer","12","The impact","10","index, follow","","","https://staging.jakevibes.dev/uk/customer-story/cleanlink","","","","","","216712","28785","28785","11.027","","516","85","6.071","58.526","Fairly Hard","2.466","0","2","","1","1","0","0.150","115","52","0","3","3","0","","","","","45468511b61f53c62906d838fab45034","0.520","","","","","en-GB","1.1","","","","","","https://staging.jakevibes.dev/uk/customer-story/cleanlink","2026-07-28 16:58:11"
"https://staging.jakevibes.dev/uk/customer-story/event-connections","text/html; charset=utf-8","200","OK","Indexable","","Event Connections x Cloud Employee Customer Story | Results | Cloud Employee","76","712","How Event Connections broke through the UK developer bottleneck - learn more about Cloud Employee and the impact we've had for customers like Event Connections.","160","1028","","0","How Event Connections broke through the UK developer bottleneck","63","The customer","12","The problem","11","index, follow","","","https://staging.jakevibes.dev/uk/customer-story/event-connections","","","","","","258095","36000","36000","13.791","","1284","191","6.723","49.063","Hard","4.121","0","2","","338","337","0","50.000","115","51","0","4","4","0","","","","","f9b372fb8ccb170a2978c6a7c0967b84","0.399","","","","","en-GB","1.1","","","","","","https://staging.jakevibes.dev/uk/customer-story/event-connections","2026-07-28 16:58:12"
"https://staging.jakevibes.dev/uk/customer-story/engage","text/html; charset=utf-8","200","OK","Indexable","","EngageRM x Cloud Employee Customer Story | Results & Review | Cloud Employee","76","727","Customer story in progress... - learn more about Cloud Employee and the impact we've had for customers like EngageRM.","117","746","","0","Customer story in progress...","29","Ready to hire your next engineer?","33","","0","index, follow","","","https://staging.jakevibes.dev/uk/customer-story/engage","","","","","","200083","25265","25265","9.679","","271","53","5.113","41.810","Hard","1.923","0","2","","1","1","0","0.150","114","51","0","1","1","0","","","","","71adf837293e9cf98ae8c1e7c895ec34","0.621","","","","","en-GB","1.1","","","","","","https://staging.jakevibes.dev/uk/customer-story/engage","2026-07-28 16:58:11"
"https://staging.jakevibes.dev/uk/customer-story/fulfillment","text/html; charset=utf-8","200","OK","Indexable","","Fulfillment x Cloud Employee Customer Story | Results & | Cloud Employee","72","659","Customer story in progress... - learn more about Cloud Employee and the impact we've had for customers like Fulfillment .","121","746","","0","Customer story in progress...","29","Ready to hire your next engineer?","33","","0","index, follow","","","https://staging.jakevibes.dev/uk/customer-story/fulfillment","","","","","","199801","25699","25699","9.845","","271","53","5.113","41.810","Hard","1.928","0","2","","1","1","0","0.150","114","51","0","1","1","0","","","","","97a8087dbc4e327d87e6411034484ff3","0.382","","","","","en-GB","1.1","","","","","","https://staging.jakevibes.dev/uk/customer-story/fulfillment","2026-07-28 16:58:12"
"https://staging.jakevibes.dev/uk/customer-story/g","text/html; charset=utf-8","200","OK","Indexable","","G x Cloud Employee Customer Story | Results & Review | Cloud Employee","69","646","Customer story in progress... - learn more about Cloud Employee and the impact we've had for customers like G.","110","688","","0","Customer story in progress...","29","Ready to hire your next engineer?","33","","0","index, follow","","","https://staging.jakevibes.dev/uk/customer-story/g","","","","","","199492","25332","25332","9.704","","271","53","5.113","42.747","Hard","1.926","0","2","","1","1","0","0.150","114","51","0","1","1","0","","","","","6c979c29d7786bcdd66056e31acf9350","0.451","","","","","en-GB","1.1","","","","","","https://staging.jakevibes.dev/uk/customer-story/g","2026-07-28 16:58:12"
"https://staging.jakevibes.dev/uk/customer-story/hotelplan","text/html; charset=utf-8","200","OK","Indexable","","Hotelplan x Cloud Employee Customer Story | Results & Review | Cloud Employee","77","718","Customer story in progress... - learn more about Cloud Employee and the impact we've had for customers like Hotelplan.","118","738","","0","Customer story in progress...","29","Ready to hire your next engineer?","33","","0","index, follow","","","https://staging.jakevibes.dev/uk/customer-story/hotelplan","","","","","","200200","25675","25675","9.836","","271","53","5.113","41.810","Hard","1.923","0","2","","1","1","0","0.150","114","51","0","1","1","0","","","","","3d38834f381345ef8706679ed8c47a5e","0.434","","","","","en-GB","1.1","","","","","","https://staging.jakevibes.dev/uk/customer-story/hotelplan","2026-07-28 16:58:12"
"https://staging.jakevibes.dev/uk/customer-story/jetaboard","text/html; charset=utf-8","200","OK","Indexable","","Jetaboard x Cloud Employee Customer Story | Results & Review | Cloud Employee","77","723","Customer story in progress... - learn more about Cloud Employee and the impact we've had for customers like Jetaboard.","118","743","","0","Customer story in progress...","29","Ready to hire your next engineer?","33","","0","index, follow","","","https://staging.jakevibes.dev/uk/customer-story/jetaboard","","","","","","199733","25197","25197","9.652","","271","53","5.113","41.810","Hard","1.927","0","2","","1","1","0","0.150","114","51","0","1","1","0","","","","","b2a22ba5963b7abea43db635aa69d4d5","0.399","","","","","en-GB","1.1","","","","","","https://staging.jakevibes.dev/uk/customer-story/jetaboard","2026-07-28 16:58:12"
"https://staging.jakevibes.dev/uk/customer-story/scorpion","text/html; charset=utf-8","200","OK","Indexable","","Scorpion x Cloud Employee Customer Story | Results & Review | Cloud Employee","76","710","Customer story in progress... - learn more about Cloud Employee and the impact we've had for customers like Scorpion.","117","733","","0","Customer story in progress...","29","Ready to hire your next engineer?","33","","0","index, follow","","","https://staging.jakevibes.dev/uk/customer-story/scorpion","","","","","","199712","25388","25388","9.726","","271","53","5.113","42.123","Hard","1.927","0","2","","1","1","0","0.150","114","51","0","1","1","0","","","","","58990f38d628eaf1e58d6d0c4de0e1f6","0.382","","","","","en-GB","1.1","","","","","","https://staging.jakevibes.dev/uk/customer-story/scorpion","2026-07-28 16:58:13"
"https://staging.jakevibes.dev/uk/customer-story/salmon-software","text/html; charset=utf-8","200","OK","Indexable","","Salmon Software x Cloud Employee Customer Story | Results & | Cloud Employee","76","717","How Salmon Software scaled their tech team in just 6 weeks - learn more about Cloud Employee and the impact we've had for customers like Salmon Software.","153","976","","0","How Salmon Software scaled their tech team in just 6 weeks","58","The customer","12","The problem","11","index, follow","","","https://staging.jakevibes.dev/uk/customer-story/salmon-software","","","","","","254172","35073","35073","13.436","","1180","169","6.982","57.290","Fairly Hard","3.837","0","2","","338","337","0","50.000","115","51","0","4","4","0","","","","","9510f6e4ff1b8ab0f83b80186e165929","0.380","","","","","en-GB","1.1","","","","","","https://staging.jakevibes.dev/uk/customer-story/salmon-software","2026-07-28 16:58:13"
"https://staging.jakevibes.dev/uk/customer-story/mercato","text/html; charset=utf-8","200","OK","Indexable","","Mercato x Cloud Employee Customer Story | Results & Review | Cloud Employee","75","706","How Mercato extended their talent options by hiring globally  - learn more about Cloud Employee and the impact we've had for customers like Mercato.","148","921","","0","How Mercato extended their talent options by hiring globally","60","The customer","12","The impact","10","index, follow","","","https://staging.jakevibes.dev/uk/customer-story/mercato","","","","","","210385","28035","28035","10.740","","480","81","5.926","52.594","Fairly Hard","2.451","0","2","","1","1","0","0.150","115","52","0","2","2","0","","","","","f56340d1873b117a9aad9bcf38c4c4bc","0.549","","","","","en-GB","1.1","","","","","","https://staging.jakevibes.dev/uk/customer-story/mercato","2026-07-28 16:58:12"
"https://staging.jakevibes.dev/uk/customer-story/sqr","text/html; charset=utf-8","200","OK","Indexable","","SQR x Cloud Employee Customer Story | Results & Review | Cloud Employee","71","670","How SQR scaled their development team and boosted retention - learn more about Cloud Employee and the impact we've had for customers like SQR.","142","916","","0","How SQR scaled their development team and boosted retention","59","The customer","12","The impact","10","index, follow","","","https://staging.jakevibes.dev/uk/customer-story/sqr","","","","","","215997","28873","28873","11.061","","498","81","6.148","55.178","Fairly Hard","2.419","0","2","","1","1","0","0.150","115","52","0","3","3","0","","","","","300f51b8f76a7b358a5287844db66805","0.439","","","","","en-GB","1.1","","","","","","https://staging.jakevibes.dev/uk/customer-story/sqr","2026-07-28 16:58:13"
"https://staging.jakevibes.dev/uk/customer-story/tidal","text/html; charset=utf-8","200","OK","Indexable","","Tidal x Cloud Employee Customer Story | Results & Review | Cloud Employee","73","676","Customer story in progress... - learn more about Cloud Employee and the impact we've had for customers like Tidal.","114","708","","0","Customer story in progress...","29","Ready to hire your next engineer?","33","","0","index, follow","","","https://staging.jakevibes.dev/uk/customer-story/tidal","","","","","","199558","25463","25463","9.754","","271","53","5.113","42.123","Hard","1.927","0","2","","1","1","0","0.150","114","51","0","1","1","0","","","","","ebc57cc64776cf1b70907e25ef9864df","0.509","","","","","en-GB","1.1","","","","","","https://staging.jakevibes.dev/uk/customer-story/tidal","2026-07-28 16:58:13"
"https://staging.jakevibes.dev/uk/customer-story/travelx","text/html; charset=utf-8","200","OK","Indexable","","Travelx x Cloud Employee Customer Story | Results & Review | Cloud Employee","75","698","Customer story in progress... - learn more about Cloud Employee and the impact we've had for customers like Travelx.","116","723","","0","Customer story in progress...","29","Ready to hire your next engineer?","33","","0","index, follow","","","https://staging.jakevibes.dev/uk/customer-story/travelx","","","","","","200085","25650","25650","9.826","","271","53","5.113","42.123","Hard","1.923","0","2","","1","1","0","0.150","114","51","0","1","1","0","","","","","9d78529a076b0de7e964f523e065846","0.404","","","","","en-GB","1.1","","","","","","https://staging.jakevibes.dev/uk/customer-story/travelx","2026-07-28 16:58:13"
"https://staging.jakevibes.dev/uk/customer-story/virgin","text/html; charset=utf-8","200","OK","Indexable","","Customer story in progress | Cloud Employee","43","399","Customer story in progress.","27","172","","0","Customer story in progress...","29","Ready to hire your next engineer?","33","","0","index, follow","","","https://staging.jakevibes.dev/uk/customer-story/virgin","","","","","","199211","25460","25460","9.753","","273","53","5.151","42.013","Hard","1.939","0","2","","1","1","0","0.150","114","51","0","1","1","0","","","","","c2c79bfe1a1d4438075c29672e1660b","0.374","","","","","en-GB","1.1","","","","","","https://staging.jakevibes.dev/uk/customer-story/virgin","2026-07-28 16:58:13"
"https://staging.jakevibes.dev/uk/customer-story/travel-tech-client","text/html; charset=utf-8","200","OK","Indexable","","Travel Tech Client x Cloud Employee Customer Story | | Cloud Employee","69","637","How we helped our Travel Tech Client scale to a team of 35 - learn more about Cloud Employee and the impact we've had for customers like Travel Tech Client.","156","969","","0","How we helped our Travel Tech Client scale to a team of 35","58","The customer","12","The impact","10","index, follow","","","https://staging.jakevibes.dev/uk/customer-story/travel-tech-client","","","","","","216547","29582","29582","11.332","","524","85","6.165","59.309","Fairly Hard","2.462","0","2","","1","1","0","0.150","115","52","0","2","2","0","","","","","ee9096763a907e51fcdbd23128473a08","0.369","","","","","en-GB","1.1","","","","","","https://staging.jakevibes.dev/uk/customer-story/travel-tech-client","2026-07-28 16:58:13"
"https://staging.jakevibes.dev/uk/customer-story/waya","text/html; charset=utf-8","200","OK","Indexable","","Waya x Cloud Employee Customer Story | Results & Review | Cloud Employee","72","681","Customer story in progress... - learn more about Cloud Employee and the impact we've had for customers like Waya.","113","713","","0","Customer story in progress...","29","Ready to hire your next engineer?","33","","0","index, follow","","","https://staging.jakevibes.dev/uk/customer-story/waya","","","","","","200014","25632","25632","9.819","","271","53","5.113","42.435","Hard","1.922","0","2","","1","1","0","0.150","114","51","0","1","1","0","","","","","2b3f242ac64f91eaf16f0c8199e02e25","0.511","","","","","en-GB","1.1","","","","","","https://staging.jakevibes.dev/uk/customer-story/waya","2026-07-28 16:58:13"
"https://staging.jakevibes.dev/uk/customer-story/willo","text/html; charset=utf-8","200","OK","Indexable","","Willo® x Cloud Employee Customer Story | Results & Review | Cloud Employee","74","692","How VC-backed Willo® grew a development team in the Philippines without ever visiting - learn more about Cloud Employee and the impact we've had for customers","158","1007","","0","How VC-backed Willo® grew a development team in the Philippines without ever visiting","85","The customer","12","The problem","11","index, follow","","","https://staging.jakevibes.dev/uk/customer-story/willo","","","","","","252304","34830","34830","13.343","","1190","170","7.000","55.768","Fairly Hard","3.870","0","2","","338","337","0","50.000","115","51","0","4","4","0","","","","","55840e8bc643fd44cbd1ee33af0bf0a1","0.372","","","","","en-GB","1.1","","","","","","https://staging.jakevibes.dev/uk/customer-story/willo","2026-07-28 16:58:14"
"https://staging.jakevibes.dev/uk/downloads","text/html; charset=utf-8","200","OK","Indexable","","Free Downloads | Cloud Employee","31","301","Download free hiring guides, playbooks, and developer resources to help you streamline recruitment, scale teams, and manage engineers effectively.","146","910","","0","Free Downloads","14","All free downloads","18","Ready to hire your next engineer?","33","index, follow","","","https://staging.jakevibes.dev/uk/downloads","","","","","","215823","28481","28481","10.911","","413","74","5.581","49.792","Hard","2.256","0","1","","1017","337","0","50.000","120","52","0","1","1","0","","","","","3a4aa5e4fab94931f226b80c2985ae3d","0.473","","","","","en-GB","1.1","","","","","","https://staging.jakevibes.dev/uk/downloads","2026-07-28 16:58:14"
"https://staging.jakevibes.dev/uk/download/10-ai-prompts","text/html; charset=utf-8","200","OK","Indexable","","10 AI Prompts for Engineers 2025 | Cloud Employee | Cloud Employee","66","615","Get Cloud Employee’s 10 AI Prompts Worth Building Into Your Stack. Practical, tested prompts that cut PR cycles, speed up planning, and embed AI into engineering workflows.","172","1079","","0","10 AI Prompts Worth Building Into Your Stack","44","Turning These AI Prompts Into Your Engineering Copilot","54","Make AI a Strategic Advantage","29","index, follow","","","https://staging.jakevibes.dev/uk/download/10-ai-prompts","","","","","","240842","31842","31842","12.198","","663","112","5.920","55.743","Fairly Hard","2.646","0","2","","2","2","0","0.300","114","51","0","5","3","0","","","","","f09d19ea3137b5a59b0829da7549479e","0.412","","","","","en-GB","1.1","","","","","","https://staging.jakevibes.dev/uk/download/10-ai-prompts","2026-07-28 16:58:14"
"https://staging.jakevibes.dev/uk/download/why-top-devs-wont-apply","text/html; charset=utf-8","200","OK","Indexable","","Developer Hiring Playbook | Why Job Ads Fail & What Works Instead | Cloud Employee","82","760","Download Cloud Employee’s Developer Hiring Playbook. Learn why job ads don’t attract top engineers and discover proven sourcing strategies to hire senior developers faster and more cost-effectively.","198","1234","","0","The Developer Hiring Playbook","29","How to Rethink Developer Hiring","31","Access Talent Your Competitors Can’t","36","index, follow","","","https://staging.jakevibes.dev/uk/download/why-top-devs-wont-apply","","","","","","237606","31750","31750","12.163","","715","114","6.272","55.880","Fairly Hard","2.791","0","2","","2","2","0","0.300","114","51","0","3","2","0","","","","","3ebeb1bd8604a2ddd1ddf2f2279bc022","0.675","","","","","en-GB","1.1","","","","","","https://staging.jakevibes.dev/uk/download/why-top-devs-wont-apply","2026-07-28 16:58:14"
"https://staging.jakevibes.dev/uk/events","text/html; charset=utf-8","200","OK","Indexable","","Events & Webinars | Cloud Employee","34","324","Join live and on-demand webinars on outsourcing, nearshoring, and scaling tech teams. Get insights from experts on hiring and managing developers.","146","925","","0","Events & Webinars","17","All events & webinars","21","Ready to hire your next engineer?","33","index, follow","","","https://staging.jakevibes.dev/uk/events","","","","","","200869","26653","26653","10.210","","352","65","5.415","47.520","Hard","2.203","0","1","","343","337","0","50.000","118","50","0","1","1","0","","","","","16a3c828c4a3623a0b20761cc1ded21d","0.407","","","","","en-GB","1.1","","","","","","https://staging.jakevibes.dev/uk/events","2026-07-28 16:58:14"
"https://staging.jakevibes.dev/uk/for-developers","text/html; charset=utf-8","200","OK","Indexable","","For Engineers | Cloud Employee","30","280","Get matched to the best companies, wherever you are. Real full-time roles, real employment and healthcare, one conversation instead of 500 applications.","152","945","","0","","0","Two minutes. Then you're in.","28","Ready to hire your next engineer?","33","index, follow","","","https://staging.jakevibes.dev/uk/for-developers","","","","","","320558","45565","45565","17.455","","1062","211","5.033","82.155","Easy","2.568","0","1","","1012","337","0","50.000","114","50","0","1","1","0","","","","","995849f06585406859f5b8bea00bcaea","0.477","","","","","en-GB","1.1","","","","","","https://staging.jakevibes.dev/uk/for-developers","2026-07-28 16:58:14"
"https://staging.jakevibes.dev/uk/hiring-tips","text/html; charset=utf-8","200","OK","Indexable","","Hiring Developers Knowledge Hub | Cloud Employee","48","461","Learn effective hiring tips for remote software engineers, nearshore, and offshore teams. Speed up recruitment and retention through smart staff augmentation.","158","989","","0","Hiring Developers Knowledge Hub","31","All articles","12","Featured articles:","18","index, follow","","","https://staging.jakevibes.dev/uk/hiring-tips","","","","","","298820","40333","40333","15.451","","1428","236","6.051","41.743","Hard","4.116","0","1","","15","14","0","2.080","133","66","0","3","3","0","","","","","f9ab869af283b621fe55d6eb1c104a4b","0.400","","","","","en-GB","1.1","","","","","","https://staging.jakevibes.dev/uk/hiring-tips","2026-07-28 16:58:15"
"https://staging.jakevibes.dev/uk/hiring-tips/developer-vetting-in-latam-live-pair-programming-coding-tests-and-quality-signals-that-matter","text/html; charset=utf-8","200","OK","Indexable","","Developer Vetting in LATAM: Live Pair Programming, Coding Tests, and Quality Signals That Matter | Cloud Employee","113","1042","Developer vetting in LATAM requires live pair programming and CTO-led technical assessment to separate senior talent from junior hires.","135","839","","0","Developer Vetting in LATAM: Live Pair Programming, Coding Tests, and Quality Signals That Matter","96","TL;DR","5","Why cheap offshore contractors fail","35","index, follow","","","https://staging.jakevibes.dev/uk/hiring-tips/developer-vetting-in-latam-live-pair-programming-coding-tests-and-quality-signals-that-matter","","","","","","336380","53196","53196","20.378","","3097","488","6.346","46.928","Hard","7.014","0","2","","27","9","0","1.340","135","53","0","18","17","0","","","","","abe33aae0b90707b583a89ef23bc28d","0.414","","","","","en-GB","1.1","","","","","","https://staging.jakevibes.dev/uk/hiring-tips/developer-vetting-in-latam-live-pair-programming-coding-tests-and-quality-signals-that-matter","2026-07-28 16:58:15"
"https://staging.jakevibes.dev/uk/hiring-tips/how-to-avoid-costly-mistakes-when-hiring-a-remote-developer","text/html; charset=utf-8","200","OK","Indexable","","How to Avoid Costly Mistakes When Hiring a Remote Developer | Cloud Employee","76","722","Learn how to hire remote developers who align with your business goals. Discover skills to look for, pitfalls to avoid, and how Cloud Employee delivers results.","160","965","","0","How to Avoid Costly Mistakes When Hiring a Remote Developer","59","TL;DR","5","The Real Challenge in Remote Hiring","35","index, follow","","","https://staging.jakevibes.dev/uk/hiring-tips/how-to-avoid-costly-mistakes-when-hiring-a-remote-developer","","","","","","291138","43842","43842","16.795","","2146","338","6.349","52.203","Fairly Hard","5.596","0","2","","8","6","0","0.890","119","53","0","12","11","0","","","","","42f4e8b7d89e6b7aa82680e039e7f0c9","0.379","","","","","en-GB","1.1","","","","","","https://staging.jakevibes.dev/uk/hiring-tips/how-to-avoid-costly-mistakes-when-hiring-a-remote-developer","2026-07-28 16:58:15"
"https://staging.jakevibes.dev/uk/hiring-tips/how-to-run-pair-programming-interviews-cloud-employees-hiring-sop","text/html; charset=utf-8","200","OK","Indexable","","Pair Programming Interviews: Cloud Employee’s Hiring SOP for Engineers | Cloud Employee","87","811","Learn how Cloud Employee runs pair programming interviews to reduce hiring risk, assess real-world engineering skills, and achieve a 97% developer match rate.","158","984","","0","How to Run Pair Programming Interviews: Cloud Employee’s Hiring SOP","67","TL;DR","5","Why We Hire Engineers This Way","30","index, follow","","","https://staging.jakevibes.dev/uk/hiring-tips/how-to-run-pair-programming-interviews-cloud-employees-hiring-sop","","","","","","286531","40786","40786","15.624","","1401","250","5.604","65.219","Normal","3.863","0","2","","21","9","0","1.340","129","53","0","4","4","0","","","","","b78a591153568c51f3b22561b2887f72","0.394","","","","","en-GB","1.1","","","","","","https://staging.jakevibes.dev/uk/hiring-tips/how-to-run-pair-programming-interviews-cloud-employees-hiring-sop","2026-07-28 16:58:15"
"https://staging.jakevibes.dev/uk/hiring-tips/hiring-developers-in-the-philippines-cost-quality-culture-fit-for-outsourced-software-development","text/html; charset=utf-8","200","OK","Indexable","","Hiring Developers in the Philippines: Cost, Quality & Culture Fit | Cloud Employee","82","711","Discover why hiring developers in the Philippines delivers cost efficiency, high-quality talent, and strong culture fit. Learn how remote staffing Philippines works best.","170","1010","","0","Hiring Developers in the Philippines: Cost, Quality & Culture Fit for Outsourced Software Development","101","TL;DR","5","A Hub Born from BPO, Raised in Innovation","41","index, follow","","","https://staging.jakevibes.dev/uk/hiring-tips/hiring-developers-in-the-philippines-cost-quality-culture-fit-for-outsourced-software-development","","","","","","327921","53169","53169","20.368","","3290","539","6.104","47.742","Hard","7.497","0","2","","347","337","0","50.000","119","53","0","5","5","0","","","","","80662a97a35ec47e1cff574883526eb6","0.407","","","","","en-GB","1.1","","","","","","https://staging.jakevibes.dev/uk/hiring-tips/hiring-developers-in-the-philippines-cost-quality-culture-fit-for-outsourced-software-development","2026-07-28 16:58:15"
"https://staging.jakevibes.dev/uk/hiring-tips/the-reality-of-modern-tech-recruitment-a-broken-system","text/html; charset=utf-8","200","OK","Indexable","","The Reality of Modern Tech Recruitment: A Broken System | Cloud Employee","72","679","DIY job boards waste time; 90% of CVs are irrelevant. Agencies charge $15K-$20K per hire, yet 60% of devs leave within a year.","126","775","","0","The Reality of Modern Tech Recruitment: A Broken System","55","TL;DR","5","The Reality of Modern Tech Recruitment: A Broken System","55","index, follow","","","https://staging.jakevibes.dev/uk/hiring-tips/the-reality-of-modern-tech-recruitment-a-broken-system","","","","","","245287","35719","35719","13.683","","1204","182","6.615","58.043","Fairly Hard","4.038","0","2","","5","3","0","0.450","119","53","0","1","1","0","","","","","2ad3eba97c0572a950bbd5135abaf8a1","0.411","","","","","en-GB","1.1","","","","","","https://staging.jakevibes.dev/uk/hiring-tips/the-reality-of-modern-tech-recruitment-a-broken-system","2026-07-28 16:58:15"
"https://staging.jakevibes.dev/uk/how-it-works","text/html; charset=utf-8","200","OK","Indexable","","How It Works | Cloud Employee | Cloud Employee","46","434","One brief, two matched engineers in 7 days. See how Cloud Employee finds, vets, onboards, and looks after the senior engineers we embed in your team.","149","934","","0","How Cloud Employee actually works","33","How we find, vet, onboard & look after your engineer","52","Reviews from real teams","23","index, follow","","","https://staging.jakevibes.dev/uk/how-it-works","","","","","","382440","48772","48772","18.684","","1372","260","5.277","81.423","Easy","2.584","0","1","","676","337","0","50.000","119","50","0","1","1","0","","","","","c7fa9d8a5d526f9e16f9a06cbda4f90c","0.414","","","","","en-GB","1.1","","","","","","https://staging.jakevibes.dev/uk/how-it-works","2026-07-28 16:58:15"
"https://staging.jakevibes.dev/uk/hiring-tips/our-proven-model-for-onboarding-software-developers","text/html; charset=utf-8","200","OK","Indexable","","Our proven model for successfully onboarding software developers (97%+ retention rate of more than 2 years) | Cloud Employee","124","1136","A CTO-grade, repeatable model for onboarding remote software developers that drives fast ramp-up and 97%+ retention beyond two years.","133","857","","0","Getting onboarding right: Our proven model for successfully onboarding software developers (97%+ retention rate of more than 2 years)","133","TL;DR","5","Why onboarding is strategic, not administrative","47","index, follow","","","https://staging.jakevibes.dev/uk/hiring-tips/our-proven-model-for-onboarding-software-developers","","","","","","306216","48977","48977","18.762","","2818","474","5.945","58.680","Fairly Hard","6.621","0","2","","6","4","0","0.590","119","53","0","10","10","0","","","","","54b292a8e4aea0c2dc43177a1a5f1a3c","0.547","","","","","en-GB","1.1","","","","","","https://staging.jakevibes.dev/uk/hiring-tips/our-proven-model-for-onboarding-software-developers","2026-07-28 16:58:15"
"https://staging.jakevibes.dev/uk/legals/privacy-policy","text/html; charset=utf-8","200","OK","Indexable","","Privacy Policy | Cloud Employee","31","281","This Privacy Notice for Cloud Employee Ltd, describes how and why we might access, collect, store, use, and/or share your personal information when you use our services.","169","1054","","0","Privacy Policy","14","Ready to hire your next engineer?","33","","0","index, follow","","","https://staging.jakevibes.dev/uk/legals/privacy-policy","","","","","","397402","61481","61481","23.552","","6685","933","7.165","56.533","Fairly Hard","11.007","0","2","","374","337","0","50.000","150","50","0","19","16","0","","","","","43785d860c8fd64ac6e0209c5ebb921c","0.391","","","","","en-GB","1.1","","","","","","https://staging.jakevibes.dev/uk/legals/privacy-policy","2026-07-28 16:58:16"
"https://staging.jakevibes.dev/uk/legals/general-terms","text/html; charset=utf-8","200","OK","Indexable","","General Terms | Cloud Employee","30","291","","0","0","","0","General Terms","13","DEDICATED STAFFING GENERAL TERMS","32","Ready to hire your next engineer?","33","index, follow","","","https://staging.jakevibes.dev/uk/legals/general-terms","","","","","","369382","63579","63579","24.356","","8007","1780","4.498","67.693","Normal","14.086","0","2","","338","337","0","50.000","114","50","0","1","1","0","","","","","6faf81f3b408662920dc8a888af4b17e","0.399","","","","","en-GB","1.1","","","","","","https://staging.jakevibes.dev/uk/legals/general-terms","2026-07-28 16:58:16"
"https://staging.jakevibes.dev/uk/managing-engineers/avoiding-burnout-in-scaling-engineering-teams","text/html; charset=utf-8","200","OK","Indexable","","Avoiding Burnout in Scaling Engineering Teams | Cloud Employee","62","578","Leadership strategies to prevent burnout when scaling engineering teams, while protecting engagement and sustaining delivery.","125","789","","0","Avoiding Burnout in Scaling Engineering Teams","45","TL;DR","5","Burnout in Engineering Teams","28","index, follow","","","https://staging.jakevibes.dev/uk/managing-engineers/avoiding-burnout-in-scaling-engineering-teams","","","","","","286590","43575","43575","16.693","","2047","322","6.357","37.010","Hard","5.845","0","2","","10","8","0","1.190","119","54","0","8","8","0","","","","","54d599f23f94bcef314962be68276e6a","0.553","","","","","en-GB","1.1","","","","","","https://staging.jakevibes.dev/uk/managing-engineers/avoiding-burnout-in-scaling-engineering-teams","2026-07-28 16:58:16"
"https://staging.jakevibes.dev/uk/managing-engineers/how-peer-forums-are-changing-remote-work-at-cloud-employee","text/html; charset=utf-8","200","OK","Indexable","","From Solo to Supported: How Peer Forums Transform Remote Work at Cloud Employee | Cloud Employee","96","935","Discover how Cloud Employee’s Peer Forums are redefining remote work. Small, trusted groups give developers a safe space to share wins, challenges, and experiences—building real connection, growth, and community beyond screens.","227","1444","","0","From Solo to Supported: How Peer Forums Are Changing Remote Work at Cloud Employee","82","More articles on Managing Engineers…","36","Ready to hire your next engineer?","33","index, follow","","","https://staging.jakevibes.dev/uk/managing-engineers/how-peer-forums-are-changing-remote-work-at-cloud-employee","","","","","","247925","33830","33830","12.960","","758","143","5.301","63.505","Normal","2.732","0","2","","3","3","0","0.450","117","54","0","2","2","0","","","","","7388fb8a64a60b21f52e36a7e9542483","0.368","","","","","en-GB","1.1","","","","","","https://staging.jakevibes.dev/uk/managing-engineers/how-peer-forums-are-changing-remote-work-at-cloud-employee","2026-07-28 16:58:17"
"https://staging.jakevibes.dev/uk/managing-engineers/data-engineer-vs-data-scientist-vs-ai-engineer-key-differences-demand-drivers-and-how-to-hire-right","text/html; charset=utf-8","200","OK","Indexable","","Data Engineer, AI Engineer & Data Scientist: Explained | Cloud Employee","71","636","Discover the real differences between Data Engineers, AI Engineers, and Data Scientists. Learn what each does—and how to interview them the right way.","150","943","","0","Data Engineer vs Data Scientist vs AI Engineer: Key Differences, Demand Drivers, and How to Hire Right","102","TL;DR","5","Why These Roles Are More Attractive Than Ever","45","index, follow","","","https://staging.jakevibes.dev/uk/managing-engineers/data-engineer-vs-data-scientist-vs-ai-engineer-key-differences-demand-drivers-and-how-to-hire-right","","","","","","271781","38877","38877","14.893","","1407","229","6.144","52.083","Fairly Hard","4.216","0","2","","12","4","0","0.590","125","54","0","2","2","0","","","","","94065c14cd15f12f6263ac8480c3c2dc","0.483","","","","","en-GB","1.1","","","","","","https://staging.jakevibes.dev/uk/managing-engineers/data-engineer-vs-data-scientist-vs-ai-engineer-key-differences-demand-drivers-and-how-to-hire-right","2026-07-28 16:58:16"
"https://staging.jakevibes.dev/uk/managing-engineers","text/html; charset=utf-8","200","OK","Indexable","","Managing Engineers Knowledge Hub | Cloud Employee","49","484","Learn proven engineering management best practices for distributed teams. Lead remote engineers, measure performance, and drive global delivery success.","152","968","","0","Managing Engineers Knowledge Hub","32","All articles","12","Featured articles:","18","index, follow","","","https://staging.jakevibes.dev/uk/managing-engineers","","","","","","291606","38893","38893","14.899","","1164","210","5.543","37.896","Hard","3.607","0","1","","15","14","0","2.080","130","65","0","4","4","0","","","","","ea8f8d7102f71d8d94ac109414ff83cd","0.636","","","","","en-GB","1.1","","","","","","https://staging.jakevibes.dev/uk/managing-engineers","2026-07-28 16:58:16"
"https://staging.jakevibes.dev/uk/managing-engineers/how-to-manage-remote-engineers","text/html; charset=utf-8","200","OK","Indexable","","A Guide to Managing Remote Engineers in 2025 | Cloud Employee","61","582","Learn how to manage remote engineers using async rhythms, alignment frameworks, documentation habits, and autonomy practices to boost productivity.","147","960","","0","How to Manage Remote Engineers (2025 Guide)","43","TL;DR","5","1. Async rhythms (daily → weekly → monthly)","43","index, follow","","","https://staging.jakevibes.dev/uk/managing-engineers/how-to-manage-remote-engineers","","","","","","262737","36129","36129","13.840","","964","176","5.477","36.112","Hard","3.497","0","2","","20","8","0","1.190","129","54","0","2","2","0","","","","","e31ca8bc7ae211480e1b2ea47d3b7918","0.421","","","","","en-GB","1.1","","","","","","https://staging.jakevibes.dev/uk/managing-engineers/how-to-manage-remote-engineers","2026-07-28 16:58:17"
"https://staging.jakevibes.dev/uk/managing-engineers/managing-distributed-teams-a-ctos-2025-playbook","text/html; charset=utf-8","200","OK","Indexable","","Managing Distributed Teams: A CTO’s 2025 Playbook | Cloud Employee","66","632","Learn key strategies for managing distributed teams in 2025. Insights for CTOs on leadership, culture, productivity, and collaboration across regions.","150","916","","0","Managing Distributed Teams: A CTO’s 2025 Playbook","49","TL;DR","5","FAQs","4","index, follow","","","https://staging.jakevibes.dev/uk/managing-engineers/managing-distributed-teams-a-ctos-2025-playbook","","","","","","276444","39033","39033","14.953","","1342","247","5.433","50.150","Fairly Hard","4.061","0","2","","6","6","0","0.890","117","54","0","5","5","0","","","","","e3caaa45c84ebd4d5adf718954d910d","0.421","","","","","en-GB","1.1","","","","","","https://staging.jakevibes.dev/uk/managing-engineers/managing-distributed-teams-a-ctos-2025-playbook","2026-07-28 16:58:17"
"https://staging.jakevibes.dev/uk/nearshoring-offshoring","text/html; charset=utf-8","200","OK","Indexable","","Nearshoring & Offshoring Knowledge Hub | Cloud Employee","55","528","Learn how nearshore and offshore software development help scale teams fast. Explore IT outsourcing models, benefits, and distributed delivery strategies.","154","960","","0","Nearshoring & Offshoring Knowledge Hub","38","Featured","8","All articles","12","index, follow","","","https://staging.jakevibes.dev/uk/nearshoring-offshoring","","","","","","332583","43267","43267","16.575","","1539","279","5.516","43.360","Hard","3.957","0","1","","15","14","0","2.080","137","71","0","4","4","0","","","","","f47dbc1313af8d416d8693c5cd41bf3d","0.430","","","","","en-GB","1.1","","","","","","https://staging.jakevibes.dev/uk/nearshoring-offshoring","2026-07-28 16:58:17"
"https://staging.jakevibes.dev/uk/managing-engineers/onboarding-latam-developers-90-day-ramp-up-timeline-productivity-curve-and-integration-playbook","text/html; charset=utf-8","200","OK","Indexable","","Onboarding LATAM Developers: 90-Day Ramp-Up Timeline, Productivity Curve, and Integration Playbook | Cloud Employee","115","1080","Onboarding LATAM developers takes 90 days to full productivity. This integration playbook shows the exact week by week ramp up timeline.","136","863","","0","Onboarding LATAM Developers: 90-Day Ramp-Up Timeline, Productivity Curve, and Integration Playbook","98","TL;DR","5","Your LATAM developer ramp-up timeline","37","index, follow","","","https://staging.jakevibes.dev/uk/managing-engineers/onboarding-latam-developers-90-day-ramp-up-timeline-productivity-curve-and-integration-playbook","","","","","","337145","52094","52094","19.956","","2946","449","6.561","51.393","Fairly Hard","6.536","0","2","","23","9","0","1.340","131","54","0","19","18","0","","","","","b1fed7755053673f486ee48f31e2d73","0.381","","","","","en-GB","1.1","","","","","","https://staging.jakevibes.dev/uk/managing-engineers/onboarding-latam-developers-90-day-ramp-up-timeline-productivity-curve-and-integration-playbook","2026-07-28 16:58:17"
"https://staging.jakevibes.dev/uk/nearshoring-offshoring/7-benefits-of-outsourcing-web-development-for-startups","text/html; charset=utf-8","200","OK","Indexable","","7 Benefits of Outsourcing Web Development for Startups | Cloud Employee","71","664","Discover 7 strategic advantages of outsourcing web development for startups, from faster launches to better talent access, with real Cloud Employee case studies.","161","1003","","0","7 Benefits of Outsourcing Web Development for Startups","54","TL;DR","5","Why Outsourcing Web Development Is a Startup Game-Changer","57","index, follow","","","https://staging.jakevibes.dev/uk/nearshoring-offshoring/7-benefits-of-outsourcing-web-development-for-startups","","","","","","278331","39976","39976","15.314","","1367","215","6.358","47.582","Hard","4.091","0","2","","8","4","0","0.590","122","55","0","3","3","0","","","","","376c6ba0f96888f17ea2ae1ed46cbfbb","0.377","","","","","en-GB","1.1","","","","","","https://staging.jakevibes.dev/uk/nearshoring-offshoring/7-benefits-of-outsourcing-web-development-for-startups","2026-07-28 16:58:17"
"https://staging.jakevibes.dev/uk/nearshoring-offshoring/nearshore-software-development-how-to-choose-the-right-vendor","text/html; charset=utf-8","200","OK","Indexable","","Choose the Right Nearshore Software Development Company (2026) | Cloud Employee","79","770","Find the best nearshore software development company for your project. Compare nearshore software development services, outsourcing vendors, and developers using this 2026 checklist; SLAs, talent quality, security, and transparent pricing.","239","1497","","0","Nearshore Software Development: How to Choose the Right Vendor","62","TL;DR","5","Choosing The Right Vendor In 2026","33","index, follow","","","https://staging.jakevibes.dev/uk/nearshoring-offshoring/nearshore-software-development-how-to-choose-the-right-vendor","","","","","","259991","35336","35336","13.537","","887","152","5.836","53.267","Fairly Hard","3.128","0","2","","342","337","0","50.000","119","53","0","3","3","0","","","","","5376a2166e8718dc247620f558df89cb","0.402","","","","","en-GB","1.1","","","","","","https://staging.jakevibes.dev/uk/nearshoring-offshoring/nearshore-software-development-how-to-choose-the-right-vendor","2026-07-28 16:58:18"
"https://staging.jakevibes.dev/uk/nearshoring-offshoring/freelancers-vs-cloud-employee","text/html; charset=utf-8","200","OK","Indexable","","Freelancers vs. Cloud Employee | Cloud Employee","47","441","When you're building your tech team, you’re faced with a choice: try your luck with offshore freelancers, or partner with a staff augmentation specialist.","154","927","","0","Freelancers vs. Cloud Employee","30","TL;DR","5","A Better Way to Build Your Global Tech Team","43","index, follow","","","https://staging.jakevibes.dev/uk/nearshoring-offshoring/freelancers-vs-cloud-employee","","","","","","247254","35432","35432","13.573","","1161","200","5.805","54.988","Fairly Hard","3.979","0","2","","7","3","0","0.450","122","55","0","1","1","0","","","","","f06ada09aee5c7687703bcbecaae3184","0.402","","","","","en-GB","1.1","","","","","","https://staging.jakevibes.dev/uk/nearshoring-offshoring/freelancers-vs-cloud-employee","2026-07-28 16:58:18"
"https://staging.jakevibes.dev/uk/nearshoring-offshoring/choosing-nearshore-or-offshore-software-development-costs-by-country","text/html; charset=utf-8","200","OK","Indexable","","Software Development Outsourcing Costs by Country | Cloud Employee","66","631","Compare outsourcing software development costs in 2025. Nearshore vs offshore rates, hidden costs, and Cloud Employee’s cost-efficient model explained.","151","961","","0","Choosing Nearshore or Offshore? Software Development Costs by Country","69","TL;DR","5","Why Software Development Outsourcing Costs Matter in 2025","57","index, follow","","","https://staging.jakevibes.dev/uk/nearshoring-offshoring/choosing-nearshore-or-offshore-software-development-costs-by-country","","","","","","296593","42858","42858","16.418","","1622","311","5.215","48.615","Hard","4.535","0","2","","5","3","0","0.450","119","54","0","15","14","0","","","","","78f5af140008ba43d27b47ce8db24a46","0.417","","","","","en-GB","1.1","","","","","","https://staging.jakevibes.dev/uk/nearshoring-offshoring/choosing-nearshore-or-offshore-software-development-costs-by-country","2026-07-28 16:58:18"
"https://staging.jakevibes.dev/uk/nearshoring-offshoring/it-outsourcing-services-scope-slas-2025-costs","text/html; charset=utf-8","200","OK","Indexable","","Understanding IT Outsourcing Services: Scope, SLAs & Costs in 2025 | Cloud Employee","83","767","A 2025 guide to IT outsourcing services-scope, SLAs, and cost bands. Compare outsourced IT services, IT support outsourcing, software development outsourcing, and delivery models.","179","1133","","0","IT Outsourcing Services: Scope, SLAs & 2025 Costs","49","TL;DR","5","FAQs","4","index, follow","","","https://staging.jakevibes.dev/uk/nearshoring-offshoring/it-outsourcing-services-scope-slas-2025-costs","","","","","","267579","37305","37305","14.291","","1142","208","5.490","43.841","Hard","3.721","0","2","","7","7","0","1.040","117","54","0","1","1","0","","","","","43a84e2e3f84dc9c135812f00ebc2243","0.375","","","","","en-GB","1.1","","","","","","https://staging.jakevibes.dev/uk/nearshoring-offshoring/it-outsourcing-services-scope-slas-2025-costs","2026-07-28 16:58:18"
"https://staging.jakevibes.dev/uk/nearshoring-offshoring/nearshore-vs-offshore-costs-2026-software-development-rates","text/html; charset=utf-8","200","OK","Indexable","","Nearshore vs Offshore Rates 2026 | Software Dev Cost Guide | Cloud Employee","75","702","Compare nearshore vs offshore software development costs in 2026. See rate benchmarks for LATAM, CEE, and APAC. Learn how nearshore outsourcing differs from offshore developer rates and total cost.","197","1271","","0","Nearshore vs Offshore Costs: 2026 Software Development Rates","60","TL;DR","5","Regional Cost Overview (2026 Benchmarks)","40","index, follow","","","https://staging.jakevibes.dev/uk/nearshoring-offshoring/nearshore-vs-offshore-costs-2026-software-development-rates","","","","","","270643","37066","37066","14.199","","1064","175","6.080","47.923","Hard","3.513","0","2","","5","3","0","0.450","119","54","0","2","2","0","","","","","ed01c2836995838a67fd1a1003368a0d","0.401","","","","","en-GB","1.1","","","","","","https://staging.jakevibes.dev/uk/nearshoring-offshoring/nearshore-vs-offshore-costs-2026-software-development-rates","2026-07-28 16:58:18"
"https://staging.jakevibes.dev/uk/nearshoring-offshoring/nearshore-vs-offshore-staff-augmentation","text/html; charset=utf-8","200","OK","Indexable","","Nearshore vs Offshore Staff Augmentation: Cost & Timezone | Cloud Employee","74","702","Nearshore vs offshore staff augmentation: Compare timezone overlap, cost, and team requirements to choose the right geography.","126","810","","0","Nearshore vs. offshore staff augmentation: Speed, timezone overlap, and quality trade-offs","90","TL;DR","5","Nearshore and offshore staff augmentation defined","49","index, follow","","","https://staging.jakevibes.dev/uk/nearshoring-offshoring/nearshore-vs-offshore-staff-augmentation","","","","","","333763","50786","50786","19.455","","2876","471","6.106","44.674","Hard","6.718","0","2","","31","15","0","2.230","133","54","0","14","12","0","","","","","74655c919c6f70bec6033763b31292bb","0.379","","","","","en-GB","1.1","","","","","","https://staging.jakevibes.dev/uk/nearshoring-offshoring/nearshore-vs-offshore-staff-augmentation","2026-07-28 16:58:19"
"https://staging.jakevibes.dev/uk/nearshoring-offshoring/offshore-developer-pricing-hourly-vs-monthly","text/html; charset=utf-8","200","OK","Indexable","","Offshore developer hourly rate vs monthly fee: which pricing model saves more for scaling teams | Cloud Employee","112","1022","Offshore developer hourly rates hide 20 to 45% overhead. Monthly fees deliver dedicated senior developers for 50 to 75% less than local.","136","834","","0","Offshore developer hourly rate vs monthly fee: which pricing model saves more for scaling teams","95","TL;DR","5","The real cost of hourly rate models (Upwork, Fiverr, freelancers)","65","index, follow","","","https://staging.jakevibes.dev/uk/nearshoring-offshoring/offshore-developer-pricing-hourly-vs-monthly","","","","","","342933","52174","52174","19.987","","3024","466","6.489","50.296","Fairly Hard","6.648","0","2","","32","14","0","2.080","135","54","0","19","18","0","","","","","ab93343f2fcb756af5938ca97365e2ed","0.406","","","","","en-GB","1.1","","","","","","https://staging.jakevibes.dev/uk/nearshoring-offshoring/offshore-developer-pricing-hourly-vs-monthly","2026-07-28 16:58:19"
"https://staging.jakevibes.dev/uk/nearshoring-offshoring/what-is-nearshoring-benefits-and-challenges-for-software-development-teams","text/html; charset=utf-8","200","OK","Indexable","","What Is Nearshoring? Benefits and Challenges for Software Development Teams | Cloud Employee","92","876","Clear definition of nearshoring for software development, with benefits, challenges, best practices, and how companies like Cloud Employee help you access the right skills fast.","177","1078","","0","What Is Nearshoring? Benefits and Challenges for Software Development Teams","75","TL;DR","5","Nearshoring as a Talent Strategy","32","index, follow","","","https://staging.jakevibes.dev/uk/nearshoring-offshoring/what-is-nearshoring-benefits-and-challenges-for-software-development-teams","","","","","","279761","40545","40545","15.532","","1571","274","5.734","47.540","Hard","4.599","0","2","","5","3","0","0.450","119","54","0","9","9","0","","","","","2b17a2dd082ee01fbc89d18cedeaad1e","0.428","","","","","en-GB","1.1","","","","","","https://staging.jakevibes.dev/uk/nearshoring-offshoring/what-is-nearshoring-benefits-and-challenges-for-software-development-teams","2026-07-28 16:58:19"
"https://staging.jakevibes.dev/uk/nearshoring-offshoring/nearshoring-or-offshoring-the-strategic-choice-for-tech-leaders","text/html; charset=utf-8","200","OK","Indexable","","Nearshoring or Offshoring? The Strategic Choice for Tech Leaders | Cloud Employee","81","745","Nearshoring vs offshoring. Costs, benefits, risks, rates, and a practical framework for CTOs choosing the right global delivery model.","134","812","","0","Nearshoring or Offshoring? The Strategic Choice for Tech Leaders","64","TL;DR","5","The reality for tech leaders in 2025","36","index, follow","","","https://staging.jakevibes.dev/uk/nearshoring-offshoring/nearshoring-or-offshoring-the-strategic-choice-for-tech-leaders","","","","","","310192","46771","46771","17.917","","2261","384","5.888","54.932","Fairly Hard","5.583","0","2","","7","3","0","0.450","121","54","0","13","10","0","","","","","fe1b3736dd9d2358ed0287c7e6db6f96","0.403","","","","","en-GB","1.1","","","","","","https://staging.jakevibes.dev/uk/nearshoring-offshoring/nearshoring-or-offshoring-the-strategic-choice-for-tech-leaders","2026-07-28 16:58:19"
"https://staging.jakevibes.dev/uk/nearshoring-offshoring/what-is-it-outsourcing-definition-models-when-to-use-it","text/html; charset=utf-8","200","OK","Indexable","","IT Outsourcing Models Explained | Definition & Use Cases | Cloud Employee","73","666","Learn what IT outsourcing is, the main outsourcing models, what services are included, and when to use IT outsourcing in 2026.","126","786","","0","What Is IT Outsourcing? Definition, Models & When to Use It","59","TL;DR","5","What Does Outsourced IT Include?","32","index, follow","","","https://staging.jakevibes.dev/uk/nearshoring-offshoring/what-is-it-outsourcing-definition-models-when-to-use-it","","","","","","289353","39645","39645","15.187","","1304","229","5.694","44.831","Hard","3.843","0","2","","31","15","0","2.230","133","54","0","4","4","0","","","","","a11a6223ba90a8bd308d5f1d6901509c","0.373","","","","","en-GB","1.1","","","","","","https://staging.jakevibes.dev/uk/nearshoring-offshoring/what-is-it-outsourcing-definition-models-when-to-use-it","2026-07-28 16:58:19"
"https://staging.jakevibes.dev/uk/nearshoring-offshoring/what-is-offshoring-cost-effective-tech-teams-explained","text/html; charset=utf-8","200","OK","Indexable","","What Is Offshoring? Cost-Effective Tech Teams Explained | Cloud Employee","72","671","Learn the offshoring definition, its benefits, and how companies cut costs while accessing global IT services and software engineers.","133","815","","0","What Is Offshoring? Cost-Effective Tech Teams Explained","55","TL;DR","5","The Executive Dilemma","21","index, follow","","","https://staging.jakevibes.dev/uk/nearshoring-offshoring/what-is-offshoring-cost-effective-tech-teams-explained","","","","","","290469","43166","43166","16.536","","1975","355","5.563","42.526","Hard","5.473","0","2","","5","3","0","0.450","119","54","0","9","9","0","","","","","66ab60661099c2191d279872d90662e9","0.366","","","","","en-GB","1.1","","","","","","https://staging.jakevibes.dev/uk/nearshoring-offshoring/what-is-offshoring-cost-effective-tech-teams-explained","2026-07-28 16:58:19"
"https://staging.jakevibes.dev/uk/our-work","text/html; charset=utf-8","200","OK","Indexable","","Our Work | Cloud Employee","25","241","See what less recruitment and more development looks like. Real customer stories, results and reviews from the engineering teams we have scaled.","144","903","","0","See what less recruitment & more development looks like.","56","Trusted to deliver results for scaling businesses:","50","Our impact beyond hiring:","25","index, follow","","","https://staging.jakevibes.dev/uk/our-work","","","","","","331527","38396","38396","14.709","","1069","198","5.399","65.710","Normal","2.592","0","1","","338","337","0","50.000","141","65","0","1","1","0","","","","","8437f313741494cc98cca3cb46f51d72","0.407","","","","","en-GB","1.1","","","","","","https://staging.jakevibes.dev/uk/our-work","2026-07-28 16:58:20"
"https://staging.jakevibes.dev/uk/referrals","text/html; charset=utf-8","200","OK","Indexable","","Client Referral Program | Cloud Employee | Cloud Employee","57","527","Know someone building a Dev Team? Some of our strongest partnerships have started with a simple introduction. If you know someone who’s looking we’d love the chance to connect.","176","1128","","0","Know someone building a Dev Team?","33","FAQs","4","Ready to hire your next engineer?","33","index, follow","","","https://staging.jakevibes.dev/uk/referrals","","","","","","196673","25633","25633","9.820","","485","76","6.382","56.974","Fairly Hard","2.594","0","1","","1","1","0","0.150","115","51","0","1","1","0","","","","","83915b505ef6e5c71f24b3057eb34b87","0.378","","","","","en-GB","1.1","","","","","","https://staging.jakevibes.dev/uk/referrals","2026-07-28 16:58:20"
"https://staging.jakevibes.dev/uk/pricing","text/html; charset=utf-8","200","OK","Indexable","","World-class senior engineers at a fair price | Cloud Employee","61","538","One fixed monthly fee, in your currency, with no hourly rates or variable invoices. See what your next engineer costs with Cloud Employee versus hiring locally.","160","967","","0","World-class Senior engineers at a fair price","44","What would next hire cost?","26","What else is covered","20","index, follow","","","https://staging.jakevibes.dev/uk/pricing","","","","","","332163","42886","42886","16.429","","1273","217","5.866","70.492","Fairly Easy","2.944","0","1","","1349","337","0","50.000","117","52","0","1","1","0","","","","","9aef4784cd11037a56f3a5a1e884c4c0","0.439","","","","","en-GB","1.1","","","","","","https://staging.jakevibes.dev/uk/pricing","2026-07-28 16:58:20"
"https://staging.jakevibes.dev/uk/reviews","text/html; charset=utf-8","200","OK","Indexable","","Cloud Employee Reviews | Cloud Employee","39","380","See real client reviews and quotes about Cloud Employee from CTOs, founders, and delivery leads. Verified feedback on hiring offshore and nearshore developers that feel in-house.","178","1101","","0","Cloud Employee Reviews","22","In-depth reviews from customers","31","What our engineers say","22","index, follow","","","","","","","","","303784","38919","38919","14.909","","1351","268","5.041","58.318","Fairly Hard","3.527","0","1","","691","337","0","50.000","126","61","0","1","1","0","","","","","35e1d61de6262e3f9e5bd81508a61652","0.412","","","","","en-GB","1.1","","","","","","https://staging.jakevibes.dev/uk/reviews","2026-07-28 16:58:20"
"https://staging.jakevibes.dev/uk/reviews/aspire-creative","text/html; charset=utf-8","200","OK","Indexable","","Aspire Creative Review | Cloud Employee Client Quote | Cloud Employee","69","638","Dedicated, very skilled, embedded right into our team","53","324","","0","Aspire Creative's Review of Cloud Employee","42","Hear from the team at Aspire Creative:","38","Read more reviews…","18","index, follow","","","https://staging.jakevibes.dev/uk/reviews/aspire-creative","","","","","","230301","29423","29423","11.271","","437","85","5.141","58.939","Fairly Hard","2.084","0","2","","8","5","0","0.740","120","54","0","1","1","0","","","","","78fc2e4dfa4766ee96cba9e36560e009","0.397","","","","","en-GB","1.1","","","","","","https://staging.jakevibes.dev/uk/reviews/aspire-creative","2026-07-28 16:58:20"
"https://staging.jakevibes.dev/uk/reviews/cleanlink-software-ltd","text/html; charset=utf-8","200","OK","Indexable","","CleanLink Software Ltd Review | Cloud Employee Client Quote | Cloud Employee","76","709","A qualified improvement in the extent and depth of testing","58","357","","0","CleanLink Software Ltd's Review of Cloud Employee","49","Hear from the team at CleanLink Software Ltd:","45","Read more reviews…","18","index, follow","","","https://staging.jakevibes.dev/uk/reviews/cleanlink-software-ltd","","","","","","232452","29745","29745","11.395","","444","86","5.163","59.452","Fairly Hard","2.091","0","2","","15","12","0","1.780","120","54","0","2","2","0","","","","","753bf5bbdbb3147ee46f00ebffcd101","0.416","","","","","en-GB","1.1","","","","","","https://staging.jakevibes.dev/uk/reviews/cleanlink-software-ltd","2026-07-28 16:58:20"
"https://staging.jakevibes.dev/uk/reviews/bladefs","text/html; charset=utf-8","200","OK","Indexable","","BladeFS Review | Cloud Employee Client Quote | Cloud Employee","61","574","Our new developers were able to hit the ground running","54","341","","0","BladeFS's Review of Cloud Employee","34","Hear from the team at BladeFS:","30","Read more reviews…","18","index, follow","","","https://staging.jakevibes.dev/uk/reviews/bladefs","","","","","","229739","29599","29599","11.339","","422","82","5.146","58.273","Fairly Hard","2.046","0","2","","8","5","0","0.740","120","54","0","1","1","0","","","","","85fbe7e4d2d872a3bef63a1950c953fb","0.376","","","","","en-GB","1.1","","","","","","https://staging.jakevibes.dev/uk/reviews/bladefs","2026-07-28 16:58:20"
"https://staging.jakevibes.dev/uk/reviews/salmon-software","text/html; charset=utf-8","200","OK","Indexable","","Salmon Software Review | Cloud Employee Client Quote | Cloud Employee","69","655","You've taken all of that hard work off my shoulders.","52","317","","0","Salmon Software's Review of Cloud Employee","42","Hear from the team at Salmon Software:","38","Read more reviews…","18","index, follow","","","https://staging.jakevibes.dev/uk/reviews/salmon-software","","","","","","232623","30333","30333","11.620","","471","90","5.233","60.164","Normal","2.147","0","2","","15","12","0","1.780","120","54","0","2","2","0","","","","","1944ddbdc4c7b618afab867d3398ae7e","0.402","","","","","en-GB","1.1","","","","","","https://staging.jakevibes.dev/uk/reviews/salmon-software","2026-07-28 16:58:21"
"https://staging.jakevibes.dev/uk/reviews/healthpointe","text/html; charset=utf-8","200","OK","Indexable","","Healthpointe Review | Cloud Employee Client Quote | Cloud Employee","66","616","They're proactive, they're positive, and they feel like part of our team","72","415","","0","Healthpointe's Review of Cloud Employee","39","Hear from the team at Healthpointe:","35","Read more reviews…","18","index, follow","","","https://staging.jakevibes.dev/uk/reviews/healthpointe","","","","","","230134","29555","29555","11.322","","421","84","5.012","57.064","Fairly Hard","2.057","0","2","","8","5","0","0.740","120","54","0","1","1","0","","","","","4954314b085752d8f8002eca91c2b9f8","0.376","","","","","en-GB","1.1","","","","","","https://staging.jakevibes.dev/uk/reviews/healthpointe","2026-07-28 16:58:21"
"https://staging.jakevibes.dev/uk/reviews/square-eye","text/html; charset=utf-8","200","OK","Indexable","","Square Eye Review | Cloud Employee Client Quote | Cloud Employee","64","600","A level of professionalism, communication and support we haven't found elsewhere","80","513","","0","Square Eye's Review of Cloud Employee","37","Hear from the team at Square Eye:","33","Read more reviews…","18","index, follow","","","https://staging.jakevibes.dev/uk/reviews/square-eye","","","","","","230454","29358","29358","11.246","","432","86","5.023","55.253","Fairly Hard","2.091","0","2","","8","5","0","0.740","120","54","0","1","1","0","","","","","ed0ff6bd3ed66bfcae8279a606657a44","0.379","","","","","en-GB","1.1","","","","","","https://staging.jakevibes.dev/uk/reviews/square-eye","2026-07-28 16:58:21"
"https://staging.jakevibes.dev/uk/reviews/tidal","text/html; charset=utf-8","200","OK","Indexable","","Tidal Review | Cloud Employee Client Quote | Cloud Employee","59","545","You can see their focus on quality in the candidates they present","65","396","","0","Tidal's Review of Cloud Employee","32","Hear from the team at Tidal:","28","Read more reviews…","18","index, follow","","","https://staging.jakevibes.dev/uk/reviews/tidal","","","","","","229989","29508","29508","11.304","","432","84","5.143","58.265","Fairly Hard","2.072","0","2","","11","8","0","1.190","120","54","0","1","1","0","","","","","c8e5c1ccb133933b0ed9506a87c5586c","0.681","","","","","en-GB","1.1","","","","","","https://staging.jakevibes.dev/uk/reviews/tidal","2026-07-28 16:58:21"
"https://staging.jakevibes.dev/uk/reviews/willo","text/html; charset=utf-8","200","OK","Indexable","","Willo® Review | Cloud Employee Client Quote | Cloud Employee","60","561","We actually hired the whole team remotely, having never met them.","65","411","","0","Willo®'s Review of Cloud Employee","33","Hear from the team at Willo®:","29","Read more reviews…","18","index, follow","","","https://staging.jakevibes.dev/uk/reviews/willo","","","","","","232175","29776","29776","11.407","","441","87","5.069","59.347","Fairly Hard","2.072","0","2","","15","12","0","1.780","120","54","0","2","2","0","","","","","e935e5a8d44526f34713c5f446d96ba1","0.642","","","","","en-GB","1.1","","","","","","https://staging.jakevibes.dev/uk/reviews/willo","2026-07-28 16:58:21"
"https://staging.jakevibes.dev/uk/scaling-teams/building-a-software-development-team-core-roles-dedicated-developers-and-modern-hiring-models","text/html; charset=utf-8","200","OK","Indexable","","Building a Software Development Team in 2025: Core Roles, Dedicated Developers, and Modern Hiring Models | Cloud Employee","121","1135","Learn how to structure software development teams in 2025. Core roles, dedicated developers, staff augmentation, and hiring models for speed and scale.","151","951","","0","Building a Software Development Team: Core Roles, Dedicated Developers, and Modern Hiring Models","96","TL;DR","5","Software Development Team Design As A Strategic Decision","56","index, follow","","","https://staging.jakevibes.dev/uk/scaling-teams/building-a-software-development-team-core-roles-dedicated-developers-and-modern-hiring-models","","","","","","339752","53267","53267","20.406","","3248","603","5.386","43.941","Hard","7.255","0","2","","345","337","0","50.000","119","53","0","5","4","0","","","","","e729dee32099aac14f2b646b78c4f200","0.511","","","","","en-GB","1.1","","","","","","https://staging.jakevibes.dev/uk/scaling-teams/building-a-software-development-team-core-roles-dedicated-developers-and-modern-hiring-models","2026-07-28 16:58:21"
"https://staging.jakevibes.dev/uk/scaling-teams","text/html; charset=utf-8","200","OK","Indexable","","Scaling Software Teams Knowledge Hub | Cloud Employee","53","521","Learn proven strategies for scaling software engineering teams. Discover how nearshore scaling and staff augmentation help companies grow faster.","145","924","","0","Scaling Software Teams Knowledge Hub","36","Featured","8","All articles","12","index, follow","","","https://staging.jakevibes.dev/uk/scaling-teams","","","","","","312468","40943","40943","15.684","","1274","233","5.468","47.823","Hard","3.541","0","1","","15","14","0","2.080","134","68","0","4","4","0","","","","","85b88e1285e20d3dea2c54feaf14cecd","0.570","","","","","en-GB","1.1","","","","","","https://staging.jakevibes.dev/uk/scaling-teams","2026-07-28 16:58:21"
"https://staging.jakevibes.dev/uk/scaling-teams/cloud-employee-pricing-team-size-scenarios","text/html; charset=utf-8","200","OK","Indexable","","Cloud Employee pricing for different team sizes: 1 developer to 20+ engineering scaling | Cloud Employee","104","934","Cloud Employee pricing ranges from $4,000 to $5,600 per month for Philippines developers and $8,000 to $13,000 for Latin America seniors.","137","864","","0","Cloud Employee pricing for different team sizes: 1 developer to 20+ engineering scaling","87","TL;DR","5","How our developer fees are calculated","37","index, follow","","","https://staging.jakevibes.dev/uk/scaling-teams/cloud-employee-pricing-team-size-scenarios","","","","","","381347","58095","58095","22.255","","3994","615","6.494","54.322","Fairly Hard","7.645","0","2","","29","11","0","1.630","135","53","0","24","22","0","","","","","c8220cc63ed1065f1f215e3d5d1a1712","0.421","","","","","en-GB","1.1","","","","","","https://staging.jakevibes.dev/uk/scaling-teams/cloud-employee-pricing-team-size-scenarios","2026-07-28 16:58:22"
"https://staging.jakevibes.dev/uk/scaling-teams/h-1b-vs-staff-augmentation-the-true-cost-of-hiring-in-2025-and-why-costs-are-rising","text/html; charset=utf-8","200","OK","Indexable","","H-1B vs Staff Augmentation Cost in 2025  | Cloud Employee","57","523","Compare 2025 H-1B hiring costs vs staff augmentation pricing. Learn how new $100k visa fees are reshaping hiring and how staff augmentation offers predictability.","162","1022","","0","H-1B vs Staff Augmentation: The True Cost of Hiring in 2025 and Why Costs Are Rising","84","TL;DR","5","Why Hiring Costs Are in Focus in 2025","37","index, follow","","","https://staging.jakevibes.dev/uk/scaling-teams/h-1b-vs-staff-augmentation-the-true-cost-of-hiring-in-2025-and-why-costs-are-rising","","","","","","296996","44817","44817","17.169","","1866","324","5.759","56.408","Fairly Hard","4.892","0","2","","5","3","0","0.450","119","54","0","10","9","0","","","","","f4cbf084922a4c353e4690e7617ad2b4","0.427","","","","","en-GB","1.1","","","","","","https://staging.jakevibes.dev/uk/scaling-teams/h-1b-vs-staff-augmentation-the-true-cost-of-hiring-in-2025-and-why-costs-are-rising","2026-07-28 16:58:22"
"https://staging.jakevibes.dev/uk/scaling-teams/cto-profile-meet-des-matthewson","text/html; charset=utf-8","200","OK","Indexable","","Meet Des Matthewson  | Cloud Employee","37","359","Des Matthewman - Fractional CTO, London innovator, and all-round tech genius. ","78","496","","0","From Technical Expert to Strategic Leader: Meet CTO Des Matthewman","66","TL;DR","5","From Technical Expert to Strategic Leader: Meet CTO Des Matthewman","66","index, follow","","","https://staging.jakevibes.dev/uk/scaling-teams/cto-profile-meet-des-matthewson","","","","","","259892","37566","37566","14.391","","1478","227","6.511","61.077","Normal","4.370","0","2","","7","3","0","0.450","121","54","0","6","6","0","","","","","7f34f7cd2dbf5618e617652c5faf14f4","0.477","","","","","en-GB","1.1","","","","","","https://staging.jakevibes.dev/uk/scaling-teams/cto-profile-meet-des-matthewson","2026-07-28 16:58:22"
"https://staging.jakevibes.dev/uk/scaling-teams/leadership-strategies-for-scaling-engineering-teams","text/html; charset=utf-8","200","OK","Indexable","","Leadership Strategies For Scaling Engineering Teams | Cloud Employee","68","635","Leadership strategies for scaling engineering teams, keeping developers engaged, and motivated during periods of high growth.","125","786","","0","Leadership Strategies For Scaling Engineering Teams","51","TL;DR","5","Leading through growth","22","index, follow","","","https://staging.jakevibes.dev/uk/scaling-teams/leadership-strategies-for-scaling-engineering-teams","","","","","","267910","40175","40175","15.390","","1959","343","5.711","41.943","Hard","5.931","0","2","","5","3","0","0.450","119","54","0","7","7","0","","","","","4d45690a847813902d566e872009b389","0.623","","","","","en-GB","1.1","","","","","","https://staging.jakevibes.dev/uk/scaling-teams/leadership-strategies-for-scaling-engineering-teams","2026-07-28 16:58:22"
"https://staging.jakevibes.dev/uk/scaling-teams/scaling-agile-teams-across-time-zones","text/html; charset=utf-8","200","OK","Indexable","","Scaling Agile Teams Across Time Zones | Global Delivery Best Practices | Cloud Employee","87","799","Learn best practices for scaling agile teams across time zones. Explore how staff augmentation and Cloud Employee enable seamless global delivery.","146","919","","0","Scaling Agile Teams Across Time Zones | Global Delivery Best Practices","70","TL;DR","5","The Global Delivery Dilemma","27","index, follow","","","https://staging.jakevibes.dev/uk/scaling-teams/scaling-agile-teams-across-time-zones","","","","","","290627","42914","42914","16.440","","1833","324","5.657","41.447","Hard","5.120","0","2","","5","3","0","0.450","119","54","0","14","12","0","","","","","b803b9e872a4564102e26dc47daa600c","0.495","","","","","en-GB","1.1","","","","","","https://staging.jakevibes.dev/uk/scaling-teams/scaling-agile-teams-across-time-zones","2026-07-28 16:58:22"
"https://staging.jakevibes.dev/uk/scaling-teams/why-consider-alternatives-to-software-development-outsourcing","text/html; charset=utf-8","200","OK","Indexable","","Alternatives to Software Development Outsourcing for Leaders | Cloud Employee","77","719","Explore why tech leaders are shifting from software development outsourcing to smarter models; staff augmentation, co-development, dedicated teams.","147","940","","0","Alternatives to Software Development Outsourcing","48","TL;DR","5","Global Forces Disrupting the Traditional Model","46","index, follow","","","https://staging.jakevibes.dev/uk/scaling-teams/why-consider-alternatives-to-software-development-outsourcing","","","","","","258668","37233","37233","14.263","","1336","239","5.590","37.787","Hard","4.517","0","2","","9","3","0","0.450","123","54","0","3","3","0","","","","","2ec3b693a5a2ebad67af4631c6c26aaf","0.392","","","","","en-GB","1.1","","","","","","https://staging.jakevibes.dev/uk/scaling-teams/why-consider-alternatives-to-software-development-outsourcing","2026-07-28 16:58:23"
"https://staging.jakevibes.dev/uk/scaling-teams/scaling-latam-developers-1-to-10-strategy","text/html; charset=utf-8","200","OK","Indexable","","Scale 1 to 10 LATAM Developers: Phased Hiring Guide | Cloud Employee","68","641","Scaling from 1 to 10 LATAM developers requires a four-phase approach where hiring order matters as much as who you hire.","120","768","","0","Scaling from 1 to 10 LATAM developers: Phased hiring strategy and team structure","80","TL;DR","5","Avoid overhiring: Build your team incrementally","47","index, follow","","","https://staging.jakevibes.dev/uk/scaling-teams/scaling-latam-developers-1-to-10-strategy","","","","","","377763","58150","58150","22.276","","3922","638","6.147","48.134","Hard","7.752","0","2","","29","11","0","1.630","135","53","0","21","19","0","","","","","a27b77127febb2cb2588cdc4a0f5d677","0.577","","","","","en-GB","1.1","","","","","","https://staging.jakevibes.dev/uk/scaling-teams/scaling-latam-developers-1-to-10-strategy","2026-07-28 16:58:23"
"https://staging.jakevibes.dev/uk/scaling-teams/toptal-scaling-limitations","text/html; charset=utf-8","200","OK","Indexable","","Toptal Alternatives 2026: Best Options for Scaling CTOs | Cloud Employee","72","655","Toptal works for MVPs but breaks at Series A when rotating contractors drain runway and lose critical codebase knowledge.","121","766","","0","Toptal for scaling: Why freelance model breaks at growth stage","62","TL;DR","5","When does Toptal's freelance model stop working?","48","index, follow","","","https://staging.jakevibes.dev/uk/scaling-teams/toptal-scaling-limitations","","","","","","364964","58046","58046","22.236","","3601","545","6.607","52.073","Fairly Hard","7.342","0","2","","30","12","0","1.780","135","53","0","27","25","0","","","","","39ff012992315d1557ccce1f7eaed2f7","0.507","","","","","en-GB","1.1","","","","","","https://staging.jakevibes.dev/uk/scaling-teams/toptal-scaling-limitations","2026-07-28 16:58:23"
"https://staging.jakevibes.dev/uk/services","text/html; charset=utf-8","200","OK","Indexable","","Full Embedded Tech Teams","24","248","Scale your tech team fast with offshore and nearshore developers. Explore all our sourcing, embedding, and retention services for startups and scale-ups.","153","944","","0","Full Embedded Tech Teams","24","Specialist tech talent we hire","30","Stay at the forefront with AI","29","index, follow","","","https://staging.jakevibes.dev/uk/services","","","","","","341249","41108","41108","15.748","","949","171","5.550","66.858","Normal","2.266","0","1","","1686","337","0","50.000","149","62","0","1","1","0","","","","","8db441cce0d6ffd7dd12e0f230273fd9","0.444","","","","","en-GB","1.1","","","","","","https://staging.jakevibes.dev/uk/services","2026-07-28 16:58:23"
"https://staging.jakevibes.dev/uk/services/ai-engineers","text/html; charset=utf-8","200","OK","Indexable","","Hire AI Engineers with Cloud Employee | Staff Augmentation","58","535","Insights, models & experimentation. Get AI Engineers via Staff Augmentation with Cloud Employee. Sourced, embedded, and retained by Cloud Employee.","147","942","","0","AI Engineers","12","Embedded AI Engineers, Production-Focused","41","AI Engineers who bridge science and product","43","index, follow","","","https://staging.jakevibes.dev/uk/services/ai-engineers","","","","","","414592","51820","51820","19.851","","1330","218","6.101","73.806","Fairly Easy","2.360","0","2","","1013","337","0","50.000","128","60","0","1","1","0","","","","","1fd3f567b47c0bee3b2a84e6de0d809c","0.495","","","","","en-GB","1.1","","","","","","https://staging.jakevibes.dev/uk/services/ai-engineers","2026-07-28 16:58:24"
"https://staging.jakevibes.dev/uk/services/ai-consulting","text/html; charset=utf-8","200","OK","Indexable","","Expert AI Consulting with Cloud Employee | Consulting","53","481","From idea to AI roadmap. Get AI Consulting via Consulting Services with Cloud Employee. Sourced, embedded, and retained by Cloud Employee.","138","883","","0","AI Consulting","13","AI strategy, scoped for delivery","32","What you’ll walk away with:","27","index, follow","","","https://staging.jakevibes.dev/uk/services/ai-consulting","","","","","","420288","52288","52288","20.031","","1352","220","6.145","75.575","Fairly Easy","2.343","0","2","","676","337","0","50.000","130","62","0","1","1","0","","","","","35a09e8dcda19e2e269a88f4c20981dc","0.460","","","","","en-GB","1.1","","","","","","https://staging.jakevibes.dev/uk/services/ai-consulting","2026-07-28 16:58:23"
"https://staging.jakevibes.dev/uk/services/android-developers","text/html; charset=utf-8","200","OK","Indexable","","Hire Android Developers with Cloud Employee | Staff","51","466","Robust Android apps for global scale. Get Android Developers via Staff Augmentation with Cloud Employee. Sourced, embedded, and retained by Cloud Employee.","155","996","","0","Android Developers","18","Embedded Android Developers","27","Android Developers who deliver reliability and reach","52","index, follow","","","https://staging.jakevibes.dev/uk/services/android-developers","","","","","","419947","52058","52058","19.942","","1318","221","5.964","71.443","Fairly Easy","2.339","0","2","","2","2","0","0.300","130","63","0","1","1","0","","","","","f8a82d49e59b6959e95ee21af88b8070","0.428","","","","","en-GB","1.1","","","","","","https://staging.jakevibes.dev/uk/services/android-developers","2026-07-28 16:58:24"
"https://staging.jakevibes.dev/uk/services/ai-product-builds","text/html; charset=utf-8","200","OK","Indexable","","End-to-End AI Product Builds with Cloud Employee | Product","58","529","AI-powered apps, built end-to-end. Get AI Product Builds via Product Builds with Cloud Employee. Sourced, embedded, and retained by Cloud Employee.","147","931","","0","AI Product Builds","17","From AI concept to working product","34","Developers who turn AI into working products","44","index, follow","","","https://staging.jakevibes.dev/uk/services/ai-product-builds","","","","","","420569","52501","52501","20.112","","1346","219","6.146","73.885","Fairly Easy","2.367","0","2","","339","337","0","50.000","130","62","0","1","1","0","","","","","e999173c8fda1580eef87599d66b28b","0.566","","","","","en-GB","1.1","","","","","","https://staging.jakevibes.dev/uk/services/ai-product-builds","2026-07-28 16:58:24"
"https://staging.jakevibes.dev/uk/services/data-scientists","text/html; charset=utf-8","200","OK","Indexable","","Hire Data Scientists with Cloud Employee | Staff","48","427","Insights, models & experimentation. Get Data Scientists via Staff Augmentation with Cloud Employee. Sourced, embedded, and retained by Cloud Employee.","150","958","","0","Data Scientists","15","Embedded Data Scientists","24","Data Scientists who uncover the story behind the numbers","56","index, follow","","","https://staging.jakevibes.dev/uk/services/data-scientists","","","","","","408819","51409","51409","19.694","","1288","215","5.991","71.950","Fairly Easy","2.357","0","2","","1013","337","0","50.000","126","58","0","1","1","0","","","","","92a99a247038e9f69f8fd1d28cfd2ae4","0.375","","","","","en-GB","1.1","","","","","","https://staging.jakevibes.dev/uk/services/data-scientists","2026-07-28 16:58:24"
"https://staging.jakevibes.dev/uk/services/cloud-engineers","text/html; charset=utf-8","200","OK","Indexable","","Hire Cloud Engineers with Cloud Employee | Staff","48","436","Infra, scaling & cloud optimization. Get Cloud Engineers via Staff Augmentation with Cloud Employee. Sourced, embedded, and retained by Cloud Employee.","151","958","","0","Cloud Engineers","15","Embedded Cloud Engineers","24","Cloud Engineers who own performance and resilience","50","index, follow","","","https://staging.jakevibes.dev/uk/services/cloud-engineers","","","","","","417221","52173","52173","19.986","","1316","223","5.901","71.824","Fairly Easy","2.362","0","2","","2","2","0","0.300","129","62","0","1","1","0","","","","","ebe5bcefc36ea59f010841fec925bd5f","0.417","","","","","en-GB","1.1","","","","","","https://staging.jakevibes.dev/uk/services/cloud-engineers","2026-07-28 16:58:24"
"https://staging.jakevibes.dev/uk/services/back-end-developers","text/html; charset=utf-8","200","OK","Indexable","","Hire Back-End Developers with Cloud Employee | Staff","52","479","APIs, services & system logic. Get Back-End Developers via Staff Augmentation with Cloud Employee. Sourced, embedded, and retained by Cloud Employee.","149","955","","0","Back-End Developers","19","Embedded Back-End Developers","28","Back-End Developers who build systems that last","47","index, follow","","","https://staging.jakevibes.dev/uk/services/back-end-developers","","","","","","414236","51774","51774","19.834","","1290","219","5.890","72.841","Fairly Easy","2.328","0","2","","2","2","0","0.300","128","61","0","1","1","0","","","","","6148bc02720102f7f299b6790091c600","0.393","","","","","en-GB","1.1","","","","","","https://staging.jakevibes.dev/uk/services/back-end-developers","2026-07-28 16:58:24"
"https://staging.jakevibes.dev/uk/services/devops-engineers","text/html; charset=utf-8","200","OK","Indexable","","Hire DevOps Engineers with Cloud Employee | Staff","49","454","CI/CD, pipelines & deployments. Get DevOps Engineers via Staff Augmentation with Cloud Employee. Sourced, embedded, and retained by Cloud Employee.","147","952","","0","DevOps Engineers","16","Embedded DevOps Engineers","25","DevOps Engineers who reduce friction and increase velocity","58","index, follow","","","https://staging.jakevibes.dev/uk/services/devops-engineers","","","","","","417231","51974","51974","19.910","","1306","220","5.936","69.440","Normal","2.353","0","2","","1013","337","0","50.000","129","61","0","1","1","0","","","","","9e459e7782ccc8097f59a8d830925b70","0.429","","","","","en-GB","1.1","","","","","","https://staging.jakevibes.dev/uk/services/devops-engineers","2026-07-28 16:58:25"
"https://staging.jakevibes.dev/uk/services/eastern-europe-developers","text/html; charset=utf-8","200","OK","Indexable","","Hire senior engineers in Eastern Europe | Cloud Employee","56","509","Hire senior platform, backend and data engineers across Eastern Europe with EU and US-morning overlap. Vetted, embedded full time on rolling monthly contracts.","159","1001","","0","Hire senior engineers in Eastern Europe","39","A window with the US & EU","25","Why US & EU teams hire in Eastern Europe.","41","index, follow","","","https://staging.jakevibes.dev/uk/services/eastern-europe-developers","","","","","","339046","46290","46290","17.733","","1467","288","5.094","73.698","Fairly Easy","3.221","0","2","","1014","337","0","50.000","121","53","0","1","1","0","","","","","4372c93f0d6b356b13701cc9447de902","0.371","","","","","en-GB","1.1","","","","","","https://staging.jakevibes.dev/uk/services/eastern-europe-developers","2026-07-28 16:58:25"
"https://staging.jakevibes.dev/uk/services/fractional-ctos","text/html; charset=utf-8","200","OK","Indexable","","Fractional CTO - Cloud Employee","31","292","Match with a proven, US-nearshore fractional CTO who has built products and scaled real engineering teams - vetted by us, matched to you in days.","145","907","","0","Your fractional CTO. Matched in days","36","How fractional CTO matching works.","34","What a fractional CTO actually does","35","index, follow","","","https://staging.jakevibes.dev/uk/services/fractional-ctos","","","","","","220348","32771","32771","12.554","","1312","211","6.218","78.976","Fairly Easy","4.431","0","2","","1353","337","0","50.000","118","51","0","1","1","0","","","","","a91d23e0ff7618a9770e7a3b75017d9c","0.495","","","","","en-GB","1.1","","","","","","https://staging.jakevibes.dev/uk/services/fractional-ctos","2026-07-28 16:58:25"
"https://staging.jakevibes.dev/uk/services/ios-developers","text/html; charset=utf-8","200","OK","Indexable","","Hire iOS Developers with Cloud Employee | Staff Augmentation","60","560","Native apps built for Apple. Get iOS Developers via Staff Augmentation with Cloud Employee. Sourced, embedded, and retained by Cloud Employee.","142","903","","0","iOS Developers","14","Embedded iOS Developers","23","iOS Developers who bring performance and polish","47","index, follow","","","https://staging.jakevibes.dev/uk/services/ios-developers","","","","","","419301","52108","52108","19.962","","1322","219","6.037","74.896","Fairly Easy","2.319","0","2","","2","2","0","0.300","130","63","0","1","1","0","","","","","53906265c7ff234950006a27cbc5ba1","0.374","","","","","en-GB","1.1","","","","","","https://staging.jakevibes.dev/uk/services/ios-developers","2026-07-28 16:58:25"
"https://staging.jakevibes.dev/uk/services/front-end-developers","text/html; charset=utf-8","200","OK","Indexable","","Hire Front-End Developers with Cloud Employee | Staff","53","483","Pixel-perfect, responsive front ends. Get Front-End Developers via Staff Augmentation with Cloud Employee. Sourced, embedded, and retained by Cloud Employee.","157","998","","0","Front-End Developers","20","Embedded Front-End Developers","29","Front-End Developers who deliver seamless interfaces","52","index, follow","","","https://staging.jakevibes.dev/uk/services/front-end-developers","","","","","","417037","52007","52007","19.923","","1291","221","5.842","71.286","Fairly Easy","2.330","0","2","","2","2","0","0.300","129","62","0","1","1","0","","","","","8147c26e34c295810380e057a9c19c0b","0.475","","","","","en-GB","1.1","","","","","","https://staging.jakevibes.dev/uk/services/front-end-developers","2026-07-28 16:58:25"
"https://staging.jakevibes.dev/uk/services/full-stack-developers","text/html; charset=utf-8","200","OK","Indexable","","Hire Full-Stack Developers with Cloud Employee | Staff","54","485","Front to back-end delivery. Get Full-Stack Developers via Staff Augmentation with Cloud Employee. Sourced, embedded, and retained by Cloud Employee.","148","940","","0","Full-Stack Developers","21","Embedded Full-Stack Developers","30","Full-Stack Developers who do it all:","36","index, follow","","","https://staging.jakevibes.dev/uk/services/full-stack-developers","","","","","","411472","51730","51730","19.817","","1283","217","5.912","74.297","Fairly Easy","2.325","0","2","","2","2","0","0.300","127","60","0","1","1","0","","","","","c62912e17e21f5df9bff30fb40ca3585","0.465","","","","","en-GB","1.1","","","","","","https://staging.jakevibes.dev/uk/services/full-stack-developers","2026-07-28 16:58:25"
"https://staging.jakevibes.dev/uk/services/latam-developers","text/html; charset=utf-8","200","OK","Indexable","","Hire senior engineers in Latin America | Cloud Employee","55","499","Hire senior AI, ML, data and full-stack engineers in Latin America on US hours. Vetted by senior engineers and embedded full time on rolling monthly contracts.","159","972","","0","Hire senior engineers in Latin America","38","They work when you work","23","Why US companies are hiring in Latin America.","45","index, follow","","","https://staging.jakevibes.dev/uk/services/latam-developers","","","","","","339074","46939","46939","17.981","","1492","296","5.041","73.401","Fairly Easy","3.221","0","2","","1014","337","0","50.000","121","53","0","1","1","0","","","","","874b20c7cb916f9b2b028d2586c3e24f","0.399","","","","","en-GB","1.1","","","","","","https://staging.jakevibes.dev/uk/services/latam-developers","2026-07-28 16:58:25"
"https://staging.jakevibes.dev/uk/services/mobile-apps","text/html; charset=utf-8","200","OK","Indexable","","Build Mobile Apps with Cloud Employee | Product Builds","54","494","Cross-platform apps that scale. Get Mobile Apps via Product Builds with Cloud Employee. Sourced, embedded, and retained by Cloud Employee.","138","884","","0","Mobile Apps","11","End-to-end mobile app development","33","Mobile engineers who handle every layer of delivery","51","index, follow","","","https://staging.jakevibes.dev/uk/services/mobile-apps","","","","","","414740","51642","51642","19.783","","1342","220","6.100","73.302","Fairly Easy","2.387","0","2","","339","337","0","50.000","128","60","0","1","1","0","","","","","47151fd0728d5a9d3f0703f516a029c","0.379","","","","","en-GB","1.1","","","","","","https://staging.jakevibes.dev/uk/services/mobile-apps","2026-07-28 16:58:25"
"https://staging.jakevibes.dev/uk/services/mobile-developers","text/html; charset=utf-8","200","OK","Indexable","","Hire Mobile Developers with Cloud Employee | Staff","50","457","iOS, Android & cross-platform. Get Mobile Developers via Staff Augmentation with Cloud Employee. Sourced, embedded, and retained by Cloud Employee.","147","943","","0","Mobile Developers","17","Embedded Mobile Developers","26","Mobile Developers who craft high-performing apps","48","index, follow","","","https://staging.jakevibes.dev/uk/services/mobile-developers","","","","","","417128","51600","51600","19.767","","1314","216","6.083","73.567","Fairly Easy","2.331","0","2","","1013","337","0","50.000","129","61","0","1","1","0","","","","","bc1219d45b831a26026f97d098aca895","0.394","","","","","en-GB","1.1","","","","","","https://staging.jakevibes.dev/uk/services/mobile-developers","2026-07-28 16:58:26"
"https://staging.jakevibes.dev/uk/services/mvp-development","text/html; charset=utf-8","200","OK","Indexable","","End-to-End MVP Development with Cloud Employee | Product","56","544","Fast-track your first product. Get MVP Development via Product Builds with Cloud Employee. Sourced, embedded, and retained by Cloud Employee.","141","905","","0","MVP Development","15","Rapid MVP builds—validated, tested, and shipped","47","Developers who know what matters at MVP stage","45","index, follow","","","https://staging.jakevibes.dev/uk/services/mvp-development","","","","","","417279","52257","52257","20.019","","1335","220","6.068","77.610","Fairly Easy","2.341","0","2","","676","337","0","50.000","129","61","0","1","1","0","","","","","c06bae4ea719474cf2fdc67b6a18c674","0.389","","","","","en-GB","1.1","","","","","","https://staging.jakevibes.dev/uk/services/mvp-development","2026-07-28 16:58:26"
"https://staging.jakevibes.dev/uk/services/no-code-developers","text/html; charset=utf-8","200","OK","Indexable","","Hire No-Code Developers with Cloud Employee | Staff","51","474","Rapid builds on no-code tools. Get No-Code Developers via Staff Augmentation with Cloud Employee. Sourced, embedded, and retained by Cloud Employee.","148","955","","0","No-Code Developers","18","Embedded No-Code Developers","27","No-Code Developers who build with scale in mind","47","index, follow","","","https://staging.jakevibes.dev/uk/services/no-code-developers","","","","","","417055","52001","52001","19.921","","1320","218","6.055","75.904","Fairly Easy","2.333","0","2","","1013","337","0","50.000","129","61","0","1","1","0","","","","","46547fd64ee8426438efe4e1367d140e","0.391","","","","","en-GB","1.1","","","","","","https://staging.jakevibes.dev/uk/services/no-code-developers","2026-07-28 16:58:26"
"https://staging.jakevibes.dev/uk/services/product-scoping-service","text/html; charset=utf-8","200","OK","Indexable","","Expert Product Scoping with Cloud Employee | Consulting","55","509","Don’t know what you need?. Get Product Scoping via Consulting Services with Cloud Employee. Sourced, embedded, and retained by Cloud Employee.","142","920","","0","Product Scoping","15","Scoping with delivery in mind","29","What you’ll walk away with:","27","index, follow","","","https://staging.jakevibes.dev/uk/services/product-scoping-service","","","","","","414945","52133","52133","19.971","","1365","225","6.067","77.961","Fairly Easy","2.378","0","2","","2","2","0","0.300","128","61","0","1","1","0","","","","","3accdf26f7dbecfc8d7bfaa8fd14c1dc","0.410","","","","","en-GB","1.1","","","","","","https://staging.jakevibes.dev/uk/services/product-scoping-service","2026-07-28 16:58:26"
"https://staging.jakevibes.dev/uk/services/philippines-developers","text/html; charset=utf-8","200","OK","Indexable","","Hire senior engineers in the Philippines | Cloud Employee","57","506","Hire senior AI, ML, data and full-stack engineers in the Philippines, working your exact UK or AU hours. Vetted and embedded full time on rolling contracts.","156","943","","0","Hire senior engineers in the Philippines.","41","Built for UK and Australian teams.","34","""They feel like part of our team.""","34","index, follow","","","https://staging.jakevibes.dev/uk/services/philippines-developers","","","","","","350070","48511","48511","18.584","","1579","313","5.045","73.609","Fairly Easy","3.311","0","2","","1013","337","0","50.000","118","52","0","1","1","0","","","","","8b6560aa7a5bff7a6ffa5329bb23bc03","0.551","","","","","en-GB","1.1","","","","","","https://staging.jakevibes.dev/uk/services/philippines-developers","2026-07-28 16:58:26"
"https://staging.jakevibes.dev/uk/services/qa-analysts-testers","text/html; charset=utf-8","200","OK","Indexable","","Hire QA Analysts & Testers with Cloud Employee | Staff","54","490","Test coverage & quality control. Get QA Analysts & Testers via Staff Augmentation with Cloud Employee. Sourced, embedded, and retained by Cloud Employee.","153","976","","0","QA Analysts & Testers","21","Embedded QA Engineers & Analysts","32","QA & Test Engineers who raise the bar for product stability","59","index, follow","","","https://staging.jakevibes.dev/uk/services/qa-analysts-testers","","","","","","417121","51868","51868","19.870","","1325","216","6.134","75.912","Fairly Easy","2.319","0","2","","1013","337","0","50.000","129","61","0","1","1","0","","","","","6b39b43409977e0e01decf3e91fc51f8","0.620","","","","","en-GB","1.1","","","","","","https://staging.jakevibes.dev/uk/services/qa-analysts-testers","2026-07-28 16:58:26"
"https://staging.jakevibes.dev/uk/services/software-engineers","text/html; charset=utf-8","200","OK","Indexable","","Hire Engineers - Cloud Employee","31","289","Tell us the role. We send two engineers already screened by senior engineers - no CVs, no job boards. You interview who you like and hire who fits.","147","891","","0","Two vetted engineers, in front of you in 7 days.","48","A real engineer on your team - we handle everything else.","57","Hire the role you're missing.","29","index, follow","","","https://staging.jakevibes.dev/uk/services/software-engineers","","","","","","220060","31741","31741","12.159","","1124","242","4.645","77.328","Fairly Easy","4.039","0","2","","1358","337","0","50.000","122","50","0","1","1","0","","","","","4940b8004c1f1ca8d0a4befdf5d6d69e","0.590","","","","","en-GB","1.1","","","","","","https://staging.jakevibes.dev/uk/services/software-engineers","2026-07-28 16:58:27"
"https://staging.jakevibes.dev/uk/services/web-based-apps","text/html; charset=utf-8","200","OK","Indexable","","Build Web-Based Apps with Cloud Employee | Product Builds","57","535","Custom platforms, built for scale. Get Web-Based Apps via Product Builds with Cloud Employee. Sourced, embedded, and retained by Cloud Employee.","144","923","","0","Web-Based Apps","14","From scoping to shipping—we build the full web product","54","Engineers who deliver complete, scalable web platforms","54","index, follow","","","https://staging.jakevibes.dev/uk/services/web-based-apps","","","","","","414525","52023","52023","19.929","","1312","223","5.883","73.254","Fairly Easy","2.365","0","2","","339","337","0","50.000","128","60","0","1","1","0","","","","","c690c15954769a4108f68e29bcdab7ea","0.389","","","","","en-GB","1.1","","","","","","https://staging.jakevibes.dev/uk/services/web-based-apps","2026-07-28 16:58:27"
"https://staging.jakevibes.dev/uk/services/web-developers","text/html; charset=utf-8","200","OK","Indexable","","Hire Web Developers with Cloud Employee | Staff Augmentation","60","569","Front to back-end delivery. Get Web Developers via Staff Augmentation with Cloud Employee. Sourced, embedded, and retained by Cloud Employee.","141","906","","0","Web Developers","14","Embedded Web Developers","23","Web Developers who take products from idea to deployment","56","index, follow","","","https://staging.jakevibes.dev/uk/services/web-developers","","","","","","413901","51824","51824","19.853","","1287","221","5.824","74.254","Fairly Easy","2.310","0","2","","2","2","0","0.300","128","61","0","1","1","0","","","","","7fd75a0e967c7ee49a08d273a5b7f08b","0.391","","","","","en-GB","1.1","","","","","","https://staging.jakevibes.dev/uk/services/web-developers","2026-07-28 16:58:27"
"https://staging.jakevibes.dev/uk/staff-augmentation","text/html; charset=utf-8","200","OK","Indexable","","Staff Augmentation Knowledge Hub | Cloud Employee | Cloud Employee","66","637","Practical guides on hiring offshore developers, embedding them into your team, and managing retention, from people who run these engagements daily.","147","935","","0","Staff Augmentation Knowledge Hub","32","Featured","8","All articles","12","index, follow","","","https://staging.jakevibes.dev/uk/staff-augmentation","https://staging.jakevibes.dev/uk/staff-augmentation?page=2","","","","","377286","45758","45758","17.529","","1580","295","5.356","46.334","Hard","3.514","0","1","","18","14","0","2.080","144","78","0","4","4","0","","","","","ce7c14918a9d16e8578727dc32a4579f","0.510","","","","","en-GB","1.1","","","","","","https://staging.jakevibes.dev/uk/staff-augmentation","2026-07-28 16:58:27"
"https://staging.jakevibes.dev/uk/staff-augmentation/cloud-employee-pricing-bootstrapped-founders","text/html; charset=utf-8","200","OK","Indexable","","Cloud Employee Pricing: Offshore Developers for $3K/Month | Cloud Employee","74","696","Cloud Employee pricing runs $3K to $7K monthly per developer with zero upfront fees, no annual lock ins, and free replacement guarantee.","136","851","","0","Cloud Employee pricing for bootstrapped founders: Preserve cash flow while scaling engineering","94","TL;DR","5","Why bootstrapped founders need a different offshore pricing model","65","index, follow","","","https://staging.jakevibes.dev/uk/staff-augmentation/cloud-employee-pricing-bootstrapped-founders","","","","","","375653","56458","56458","21.628","","3448","552","6.246","50.973","Fairly Hard","6.892","0","2","","21","3","0","0.450","135","54","0","35","26","0","","","","","5efff403e51f15b85ffc41e0aa517abe","0.398","","","","","en-GB","1.1","","","","","","https://staging.jakevibes.dev/uk/staff-augmentation/cloud-employee-pricing-bootstrapped-founders","2026-07-28 16:58:28"
"https://staging.jakevibes.dev/uk/staff-augmentation/best-staff-augmentation-companies-2026","text/html; charset=utf-8","200","OK","Indexable","","Best Staff Augmentation Companies 2026: Ranked by Pricing, Vetting, and Contract Flexibility | Cloud Employee","109","989","Best staff augmentation companies 2026 ranked by pricing transparency, vetting rigor, and contract flexibility for scaling founders.","132","808","","0","Best Staff Augmentation Companies 2026: Ranked by Pricing, Vetting, and Contract Flexibility","92","TL;DR","5","Why staff augmentation is the lever for 2026","44","index, follow","","","https://staging.jakevibes.dev/uk/staff-augmentation/best-staff-augmentation-companies-2026","","","","","","431764","66265","66265","25.385","","4729","766","6.174","51.190","Fairly Hard","8.069","0","2","","18","4","0","0.590","131","54","0","21","17","0","","","","","406b422f0fd0858d06969fba074b790c","0.419","","","","","en-GB","1.1","","","","","","https://staging.jakevibes.dev/uk/staff-augmentation/best-staff-augmentation-companies-2026","2026-07-28 16:58:28"
"https://staging.jakevibes.dev/uk/staff-augmentation/cloud-employee-pricing-checklist-before-hire","text/html; charset=utf-8","200","OK","Indexable","","Cloud Employee Pricing Checklist for Founders 2026 | Cloud Employee","67","622","Cloud Employee pricing checklist: verify rates, contract terms, guarantees, and hidden fees before hiring your first developer.","127","762","","0","Cloud Employee pricing checklist: questions to ask before committing to a developer","83","TL;DR","5","1. Confirm what you'll pay and what drives the rate","51","index, follow","","","https://staging.jakevibes.dev/uk/staff-augmentation/cloud-employee-pricing-checklist-before-hire","","","","","","365467","52955","52955","20.286","","3258","543","6.000","60.939","Normal","6.435","0","2","","27","7","0","1.040","137","54","0","15","12","0","","","","","5aaf3e9bd6bd357f10b3189d62faf6f4","0.385","","","","","en-GB","1.1","","","","","","https://staging.jakevibes.dev/uk/staff-augmentation/cloud-employee-pricing-checklist-before-hire","2026-07-28 16:58:28"
"https://staging.jakevibes.dev/uk/staff-augmentation/best-staff-augmentation-companies-in-latin-america-2026-a-ranked-comparison","text/html; charset=utf-8","200","OK","Indexable","","Best Staff Augmentation Companies in Latin America 2026: A Ranked Comparison | Cloud Employee","93","892","Best staff augmentation companies in Latin America 2026 ranked by vetting rigor, pricing transparency, and retention infrastructure.","132","819","","0","Best Staff Augmentation Companies in Latin America 2026: A Ranked Comparison","76","TL;DR","5","How we evaluated and scored LATAM staff augmentation providers","62","index, follow","","","https://staging.jakevibes.dev/uk/staff-augmentation/best-staff-augmentation-companies-in-latin-america-2026-a-ranked-comparison","","","","","","437597","70172","70172","26.882","","5428","832","6.524","47.581","Hard","9.031","0","2","","59","37","0","5.490","139","54","0","38","25","0","","","","","1583350e8614d4559ee288e885fc956c","0.387","","","","","en-GB","1.1","","","","","","https://staging.jakevibes.dev/uk/staff-augmentation/best-staff-augmentation-companies-in-latin-america-2026-a-ranked-comparison","2026-07-28 16:58:28"
"https://staging.jakevibes.dev/uk/staff-augmentation/cloud-employee-pricing-negotiation-flexibility","text/html; charset=utf-8","200","OK","Indexable","","Cloud Employee Pricing: Negotiable or Fixed Rates? | Cloud Employee","67","616","Cloud Employee pricing is fixed, not negotiable. Learn why rates protect retention and how to optimize your engineering spend.","126","779","","0","Cloud Employee pricing negotiation: Can you get a discount? What's flexible vs fixed","84","TL;DR","5","Cloud Employee price negotiation guide","38","index, follow","","","https://staging.jakevibes.dev/uk/staff-augmentation/cloud-employee-pricing-negotiation-flexibility","","","","","","350595","53593","53593","20.530","","3213","487","6.598","53.056","Fairly Hard","6.805","0","2","","17","3","0","0.450","131","54","0","30","27","0","","","","","205dc1615eaac0c09a6348bbfe00bf6e","0.362","","","","","en-GB","1.1","","","","","","https://staging.jakevibes.dev/uk/staff-augmentation/cloud-employee-pricing-negotiation-flexibility","2026-07-28 16:58:28"
"https://staging.jakevibes.dev/uk/staff-augmentation/h-1b-changes-2025-2030-staff-augmentation-for-scaling-teams","text/html; charset=utf-8","200","OK","Indexable","","H-1B Changes 2025–2030 | Staff Augmentation for Scaling Teams | Cloud Employee","78","748","Explore how H-1B visa changes through 2030 impact hiring. Learn how staff augmentation helps tech leaders scale without delays.","127","810","","0","H-1B Changes 2025–2030 | Staff Augmentation for Scaling Teams","61","TL;DR","5","The Shifting Talent Landscape","29","index, follow","","","https://staging.jakevibes.dev/uk/staff-augmentation/h-1b-changes-2025-2030-staff-augmentation-for-scaling-teams","","","","","","306119","47061","47061","18.028","","2188","358","6.112","54.786","Fairly Hard","5.448","0","2","","7","5","0","0.740","119","54","0","10","10","0","","","","","63acf01521468fb7a97e8c4fb7b047cd","0.379","","","","","en-GB","1.1","","","","","","https://staging.jakevibes.dev/uk/staff-augmentation/h-1b-changes-2025-2030-staff-augmentation-for-scaling-teams","2026-07-28 16:58:29"
"https://staging.jakevibes.dev/uk/staff-augmentation/how-much-does-staff-augmentation-cost","text/html; charset=utf-8","200","OK","Indexable","","Staff Augmentation Pricing | How Much It Really Costs | Cloud Employee","70","641","Understand 2025 staff augmentation pricing, from hourly rates to cost models, and see how Cloud Employee helps clients scale affordably and transparently.","154","970","","0","How Much Does Staff Augmentation Cost?","38","TL;DR","5","Staff Augmentation Pricing","26","index, follow","","","https://staging.jakevibes.dev/uk/staff-augmentation/how-much-does-staff-augmentation-cost","","","","","","277845","37126","37126","14.222","","1095","194","5.644","55.625","Fairly Hard","3.419","0","2","","6","4","0","0.590","119","54","0","5","4","0","","","","","cbdeff966c2aee3d0a6d0df5206f28c8","0.384","","","","","en-GB","1.1","","","","","","https://staging.jakevibes.dev/uk/staff-augmentation/how-much-does-staff-augmentation-cost","2026-07-28 16:58:29"
"https://staging.jakevibes.dev/uk/staff-augmentation/guide-to-it-staff-augmentation-services-in-usa","text/html; charset=utf-8","200","OK","Indexable","","IT Staff Augmentation USA | Complete Services Guide | Cloud Employee","68","639","Explore top IT staff augmentation services in the USA, key provider types, and how Cloud Employee helps US companies scale fast with vetted talent.","147","913","","0","Guide To IT Staff Augmentation Services in USA","46","TL;DR","5","IT Staff Augmentation Services","30","index, follow","","","https://staging.jakevibes.dev/uk/staff-augmentation/guide-to-it-staff-augmentation-services-in-usa","","","","","","255120","34534","34534","13.229","","851","143","5.951","46.606","Hard","3.071","0","2","","6","4","0","0.590","119","54","0","2","2","0","","","","","c22b88b43948944eeb51de346123c9fb","0.357","","","","","en-GB","1.1","","","","","","https://staging.jakevibes.dev/uk/staff-augmentation/guide-to-it-staff-augmentation-services-in-usa","2026-07-28 16:58:29"
"https://staging.jakevibes.dev/uk/staff-augmentation/cloud-employee-vs-in-house-total-cost-ownership","text/html; charset=utf-8","200","OK","Indexable","","Cloud Employee Pricing 2026: True Cost vs In House | Cloud Employee","67","622","Cloud Employee vs in-house hiring costs broken down: salary, benefits, overhead, and true TCO savings of 40-60% per developer.","126","789","","0","Cloud Employee vs in-house hiring: total cost of ownership comparison (salary, benefits, overhead)","98","TL;DR","5","Beyond salary: unseen internal engineering expenses","51","index, follow","","","https://staging.jakevibes.dev/uk/staff-augmentation/cloud-employee-vs-in-house-total-cost-ownership","","","","","","380993","56276","56276","21.558","","3353","560","5.987","57.571","Fairly Hard","6.538","0","2","","20","4","0","0.590","133","54","0","26","21","0","","","","","2a6b50d01cad50c99e4a1e1548e38dab","0.396","","","","","en-GB","1.1","","","","","","https://staging.jakevibes.dev/uk/staff-augmentation/cloud-employee-vs-in-house-total-cost-ownership","2026-07-28 16:58:29"
"https://staging.jakevibes.dev/uk/staff-augmentation/how-to-choose-the-right-it-staff-augmentation-company","text/html; charset=utf-8","200","OK","Indexable","","Choosing an IT Staff Augmentation Partner | Key Criteria | Cloud Employee","73","662","Learn how to choose the right IT staff augmentation company with CTO-vetted talent, transparent pricing, and high retention for your projects.","142","880","","0","How to Choose the Right IT Staff Augmentation Company","53","TL;DR","5","Indeitification Framework","25","index, follow","","","https://staging.jakevibes.dev/uk/staff-augmentation/how-to-choose-the-right-it-staff-augmentation-company","","","","","","256919","34695","34695","13.291","","882","155","5.690","50.180","Fairly Hard","3.127","0","2","","6","4","0","0.590","119","54","0","2","2","0","","","","","8aa8361b52131efe9fedbef0dbf3dd76","0.421","","","","","en-GB","1.1","","","","","","https://staging.jakevibes.dev/uk/staff-augmentation/how-to-choose-the-right-it-staff-augmentation-company","2026-07-28 16:58:29"
"https://staging.jakevibes.dev/uk/staff-augmentation/how-staff-augmentation-is-rewriting-the-rules-of-software-development-speed-and-efficiency","text/html; charset=utf-8","200","OK","Indexable","","How Staff Augmentation is Rewriting the Rules of Software Development Speed and Efficiency | Cloud Employee","107","999","Discover how Cloud Employee’s staff augmentation model helps Founders and CTOs scale tech teams faster, de-risk hiring, and deliver software ahead of schedule.","159","1006","","0","How Staff Augmentation is Rewriting the Rules of Software Development Speed and Efficiency","90","TL;DR","5","How Staff Augmentation Works — The Cloud Employee Model","55","index, follow","","","https://staging.jakevibes.dev/uk/staff-augmentation/how-staff-augmentation-is-rewriting-the-rules-of-software-development-speed-and-efficiency","","","","","","271570","39874","39874","15.275","","1862","274","6.796","57.908","Fairly Hard","5.259","0","2","","9","3","0","0.450","123","54","0","9","4","0","","","","","8cbf6788220a811945df199ff6999211","0.367","","","","","en-GB","1.1","","","","","","https://staging.jakevibes.dev/uk/staff-augmentation/how-staff-augmentation-is-rewriting-the-rules-of-software-development-speed-and-efficiency","2026-07-28 16:58:29"
"https://staging.jakevibes.dev/uk/staff-augmentation/how-to-evaluate-staff-augmentation-providers-in-latam-a-founders-vetting-checklist","text/html; charset=utf-8","200","OK","Indexable","","How to Evaluate Staff Augmentation Providers in LATAM: A Founder's Vetting Checklist | Cloud Employee","101","937","Evaluate staff augmentation providers in LATAM using CTO-led vetting, verified 90%+ retention data, and transparent monthly pricing.","132","826","","0","How to Evaluate Staff Augmentation Providers in LATAM: A Founder's Vetting Checklist","84","TL;DR","5","Essential traits of top LATAM providers","39","index, follow","","","https://staging.jakevibes.dev/uk/staff-augmentation/how-to-evaluate-staff-augmentation-providers-in-latam-a-founders-vetting-checklist","","","","","","347074","54705","54705","20.956","","3556","558","6.373","47.487","Hard","7.724","0","2","","57","37","0","5.490","137","54","0","6","6","0","","","","","ba637ee3c30e91e7bf3ec0b083a2ad64","0.392","","","","","en-GB","1.1","","","","","","https://staging.jakevibes.dev/uk/staff-augmentation/how-to-evaluate-staff-augmentation-providers-in-latam-a-founders-vetting-checklist","2026-07-28 16:58:29"
"https://staging.jakevibes.dev/uk/staff-augmentation/latam-staff-augmentation-trends-2026","text/html; charset=utf-8","200","OK","Indexable","","LATAM Staff Augmentation Costs 2026: Rates & Trends | Cloud Employee","68","655","LATAM Staff Augmentation Costs 2026: Rates & Trends","51","346","","0","The future of LATAM staff augmentation: Trends, wage inflation, and 2026+ predictions","85","TL;DR","5","LATAM staff augmentation in 2025: a $18.9B market with accelerating wage pressure","81","index, follow","","","https://staging.jakevibes.dev/uk/staff-augmentation/latam-staff-augmentation-trends-2026","","","","","","378205","59567","59567","22.819","","3941","621","6.346","44.782","Hard","8.030","0","2","","23","3","0","0.450","137","54","0","26","21","0","","","","","a8cd7925d1fe006b07c8d44296343a2c","0.382","","","","","en-GB","1.1","","","","","","https://staging.jakevibes.dev/uk/staff-augmentation/latam-staff-augmentation-trends-2026","2026-07-28 16:58:29"
"https://staging.jakevibes.dev/uk/staff-augmentation/staff-augmentation-contract-terms-explained-commitments-guarantees-and-exit-clauses","text/html; charset=utf-8","200","OK","Indexable","","Staff Augmentation Contract Terms: What to Negotiate | Cloud Employee","69","652","Staff augmentation contract terms explained: exit clauses, IP assignment, and conversion fees founders must negotiate before signing.","133","833","","0","Staff Augmentation Contract Terms Explained: Commitments, Guarantees, and Exit Clauses","86","TL;DR","5","What is a staff augmentation contract?","38","index, follow","","","https://staging.jakevibes.dev/uk/staff-augmentation/staff-augmentation-contract-terms-explained-commitments-guarantees-and-exit-clauses","","","","","","350493","55558","55558","21.283","","3410","517","6.596","49.919","Hard","7.199","0","2","","24","4","0","0.590","137","54","0","17","17","0","","","","","5cb8a4f2df8ed4b7cb5629fef97a555a","0.360","","","","","en-GB","1.1","","","","","","https://staging.jakevibes.dev/uk/staff-augmentation/staff-augmentation-contract-terms-explained-commitments-guarantees-and-exit-clauses","2026-07-28 16:58:29"
"https://staging.jakevibes.dev/uk/staff-augmentation/staff-augmentation-implementation-90-day-onboarding-playbook-for-new-developers","text/html; charset=utf-8","200","OK","Indexable","","90 Day Developer Onboarding Playbook for CTOs 2026 | Cloud Employee","67","640","Staff augmentation implementation requires structured 90 day onboarding to reach full developer velocity and prevent costly turnover.","133","829","","0","Staff Augmentation Implementation: 90-Day Onboarding Playbook for New Developers","80","TL;DR","5","Why most augmented developer integrations fail in the first month","65","index, follow","","","https://staging.jakevibes.dev/uk/staff-augmentation/staff-augmentation-implementation-90-day-onboarding-playbook-for-new-developers","","","","","","382617","60355","60355","23.121","","3839","638","6.017","51.802","Fairly Hard","7.464","0","2","","25","3","0","0.450","139","54","0","27","25","0","","","","","555b9f882deb5ba18c92d5dfbd0da9c","0.484","","","","","en-GB","1.1","","","","","","https://staging.jakevibes.dev/uk/staff-augmentation/staff-augmentation-implementation-90-day-onboarding-playbook-for-new-developers","2026-07-28 16:58:30"
"https://staging.jakevibes.dev/uk/staff-augmentation/staff-augmentation-mistakes-to-avoid","text/html; charset=utf-8","200","OK","Indexable","","10 Staff Augmentation Mistakes That Destroy ROI in 2026 | Cloud Employee","72","672","Staff augmentation mistakes destroy ROI through poor onboarding, vague requirements, and treating remote developers as contractors.","131","843","","0","Staff augmentation mistakes to avoid: Common pitfalls that destroy ROI","70","TL;DR","5","What undermines staff augmentation success","42","index, follow","","","https://staging.jakevibes.dev/uk/staff-augmentation/staff-augmentation-mistakes-to-avoid","","","","","","391657","62580","62580","23.973","","4399","737","5.969","48.481","Hard","8.274","0","2","","30","4","0","0.590","143","54","0","12","10","0","","","","","90bc1e3ad402139f2308863b66acc153","0.475","","","","","en-GB","1.1","","","","","","https://staging.jakevibes.dev/uk/staff-augmentation/staff-augmentation-mistakes-to-avoid","2026-07-28 16:58:30"
"https://staging.jakevibes.dev/uk/staff-augmentation/staff-augmentation-misconceptions-what-ctos-need-to-know","text/html; charset=utf-8","200","OK","Indexable","","Staff Augmentation Misconceptions: What CTOs Need to Know | Cloud Employee","74","720","Debunk staff augmentation misconceptions. Learn real augmented team benefits, myths, and CEO insights for scaling teams effectively.","132","840","","0","Staff Augmentation Misconceptions: What CTOs Need to Know","57","TL;DR","5","Cloud Employee and Staff Augmentation","37","index, follow","","","https://staging.jakevibes.dev/uk/staff-augmentation/staff-augmentation-misconceptions-what-ctos-need-to-know","","","","","","286751","43333","43333","16.600","","2078","339","6.130","52.014","Fairly Hard","5.662","0","2","","6","4","0","0.590","119","54","0","4","4","0","","","","","4e27e6f1f8d3271802544aace43f7bd4","0.416","","","","","en-GB","1.1","","","","","","https://staging.jakevibes.dev/uk/staff-augmentation/staff-augmentation-misconceptions-what-ctos-need-to-know","2026-07-28 16:58:30"
"https://staging.jakevibes.dev/uk/staff-augmentation/staff-augmentation-fintech-security-compliance","text/html; charset=utf-8","200","OK","Indexable","","LATAM Fintech Developers: Security & Compliance Guide | Cloud Employee","70","667","Staff augmentation for fintech in LATAM delivers PCI-DSS and SOC 2 compliant developers at 50-75% cost savings with proper vetting.","131","829","","0","Staff augmentation for fintech: security, compliance, and vetting requirements in LATAM","87","TL;DR","5","Fintech LATAM staffing risks for founders","41","index, follow","","","https://staging.jakevibes.dev/uk/staff-augmentation/staff-augmentation-fintech-security-compliance","","","","","","355398","55468","55468","21.249","","3425","507","6.755","36.904","Hard","7.461","0","2","","19","3","0","0.450","133","54","0","29","25","0","","","","","8d596c4cac8cae094525c1d7d62af2f6","0.365","","","","","en-GB","1.1","","","","","","https://staging.jakevibes.dev/uk/staff-augmentation/staff-augmentation-fintech-security-compliance","2026-07-28 16:58:30"
"https://staging.jakevibes.dev/uk/staff-augmentation/staff-augmentation-mistakes-to-avoid-common-failures-and-how-to-prevent-them","text/html; charset=utf-8","200","OK","Indexable","","Staff Augmentation Mistakes: 8 Failures to Avoid | Cloud Employee","65","595","Staff augmentation mistakes destroy roadmaps. Learn 8 common failures from poor vetting to timezone gaps and how to prevent them.","129","842","","0","Staff Augmentation Mistakes to Avoid: Common Failures and How to Prevent Them","77","TL;DR","5","Defining the landscape: Staff augmentation vs. offshore development","67","index, follow","","","https://staging.jakevibes.dev/uk/staff-augmentation/staff-augmentation-mistakes-to-avoid-common-failures-and-how-to-prevent-them","","","","","","357724","56581","56581","21.675","","3363","567","5.931","52.067","Fairly Hard","6.944","0","2","","13","3","0","0.450","127","54","0","26","25","0","","","","","1a23b2dab853ca6dc82c9b580d75a918","0.409","","","","","en-GB","1.1","","","","","","https://staging.jakevibes.dev/uk/staff-augmentation/staff-augmentation-mistakes-to-avoid-common-failures-and-how-to-prevent-them","2026-07-28 16:58:30"
"https://staging.jakevibes.dev/uk/staff-augmentation/staff-augmentation-models-scale-tech-teams-globally-win","text/html; charset=utf-8","200","OK","Indexable","","Staff Augmentation Models: Scale Tech Teams Globally & Win | Cloud Employee","75","711","Learn the types of staff augmentation, why it's on the rise, and how Cloud Employee helps businesses scale tech teams at a fraction of local hiring costs.","154","938","","0","Staff Augmentation Models: Scale Tech Teams Globally & Win","58","TL;DR","5","The New Reality of Scaling Tech Teams","37","index, follow","","","https://staging.jakevibes.dev/uk/staff-augmentation/staff-augmentation-models-scale-tech-teams-globally-win","","","","","","285769","41992","41992","16.086","","1766","280","6.307","53.653","Fairly Hard","4.827","0","2","","5","3","0","0.450","119","54","0","5","4","0","","","","","413dcc0f864bb0cc2665be207d4bf2bb","0.391","","","","","en-GB","1.1","","","","","","https://staging.jakevibes.dev/uk/staff-augmentation/staff-augmentation-models-scale-tech-teams-globally-win","2026-07-28 16:58:30"
"https://staging.jakevibes.dev/uk/staff-augmentation/staff-augmentation-myths-debunked","text/html; charset=utf-8","200","OK","Indexable","","LATAM Staff Augmentation: 5 Myths Debunked for Founders | Cloud Employee","72","697","Staff augmentation myths debunked with data on LATAM developer quality, timezone overlap, team integration, and cost savings.","125","802","","0","Staff augmentation myths debunked: Cheap labor, quality concerns, and timezone chaos","84","TL;DR","5","Why founders hesitate on LATAM staff augmentation","49","index, follow","","","https://staging.jakevibes.dev/uk/staff-augmentation/staff-augmentation-myths-debunked","","","","","","377544","58626","58626","22.459","","3690","579","6.373","50.287","Fairly Hard","7.245","0","2","","21","3","0","0.450","135","54","0","33","26","0","","","","","f822e40f68bb4653154a82ba05870833","0.427","","","","","en-GB","1.1","","","","","","https://staging.jakevibes.dev/uk/staff-augmentation/staff-augmentation-myths-debunked","2026-07-28 16:58:30"
"https://staging.jakevibes.dev/uk/staff-augmentation/staff-augmentation-roi-calculator-measure-cost-savings-and-productivity-gains","text/html; charset=utf-8","200","OK","Indexable","","Staff Augmentation ROI Calculator: Measure Cost Savings and Productivity Gains | Cloud Employee","95","880","Staff Augmentation ROI Calculator helps founders measure cost savings and productivity gains before committing to hiring decisions.","131","826","","0","Staff Augmentation ROI Calculator: Measure Cost Savings and Productivity Gains","78","TL;DR","5","Interactive staff augmentation ROI calculator","45","index, follow","","","https://staging.jakevibes.dev/uk/staff-augmentation/staff-augmentation-roi-calculator-measure-cost-savings-and-productivity-gains","","","","","","323352","48701","48701","18.656","","2330","390","5.974","57.568","Fairly Hard","5.522","0","2","","18","4","0","0.590","131","54","0","17","14","0","","","","","306c4c2a16da21c4ff325faf5deee6c","0.381","","","","","en-GB","1.1","","","","","","https://staging.jakevibes.dev/uk/staff-augmentation/staff-augmentation-roi-calculator-measure-cost-savings-and-productivity-gains","2026-07-28 16:58:31"
"https://staging.jakevibes.dev/uk/staff-augmentation/staff-augmentation-pricing-and-costs-what-youll-actually-pay","text/html; charset=utf-8","200","OK","Indexable","","Staff Augmentation Pricing Guide 2026: Rates & TCO | Cloud Employee","67","629","Staff augmentation pricing for 2026 offers transparent rates and TCO, enabling founders to compare vendors and avoid hidden costs.","130","827","","0","Staff Augmentation Pricing and Costs: What You'll Actually Pay","62","TL;DR","5","Executive summary: Typical cost ranges by region and role","57","index, follow","","","https://staging.jakevibes.dev/uk/staff-augmentation/staff-augmentation-pricing-and-costs-what-youll-actually-pay","","","","","","361573","53897","53897","20.647","","2946","508","5.799","50.731","Fairly Hard","6.339","0","2","","22","4","0","0.590","135","54","0","26","25","0","","","","","edd9c3dcce8c390a84f4ec0fe3653eb2","0.388","","","","","en-GB","1.1","","","","","","https://staging.jakevibes.dev/uk/staff-augmentation/staff-augmentation-pricing-and-costs-what-youll-actually-pay","2026-07-28 16:58:30"
"https://staging.jakevibes.dev/uk/staff-augmentation/staff-augmentation-pricing-models-in-latam","text/html; charset=utf-8","200","OK","Indexable","","LATAM Staff Augmentation Pricing: True All In Costs 2026 | Cloud Employee","73","677","LATAM staff augmentation cuts costs 30-50%, but hidden fees add 20-30% above advertised rates. Model true all-in costs before signing.","134","844","","0","Staff augmentation pricing models in LATAM: Hidden fees, placement costs, and true all-in rates","95","TL;DR","5","Key cost metrics at a glance","28","index, follow","","","https://staging.jakevibes.dev/uk/staff-augmentation/staff-augmentation-pricing-models-in-latam","","","","","","374829","55695","55695","21.336","","3488","518","6.734","56.898","Fairly Hard","6.835","0","2","","21","3","0","0.450","135","54","0","28","25","0","","","","","ab09dd7bf63fac68aa34915190ce6b0f","0.390","","","","","en-GB","1.1","","","","","","https://staging.jakevibes.dev/uk/staff-augmentation/staff-augmentation-pricing-models-in-latam","2026-07-28 16:58:30"
"https://staging.jakevibes.dev/uk/staff-augmentation/staff-augmentation-team-depth","text/html; charset=utf-8","200","OK","Indexable","","Reduce Key Person Risk with Staff Augmentation in 2026 | Cloud Employee","71","666","Staff augmentation reduces key-person risk by placing vetted senior developers in 7 days at 50-75% lower cost than local hires.","127","780","","0","Staff Augmentation for Engineering Team Depth: Reducing Key-Person Risk","71","TL;DR","5","The ""bus factor"" math: why single points of failure cost more than redundancy","77","index, follow","","","https://staging.jakevibes.dev/uk/staff-augmentation/staff-augmentation-team-depth","","","","","","329186","49241","49241","18.863","","2534","402","6.303","52.771","Fairly Hard","5.878","0","2","","19","3","0","0.450","133","54","0","29","20","0","","","","","9d69291af747498875810536ca88299c","0.436","","","","","en-GB","1.1","","","","","","https://staging.jakevibes.dev/uk/staff-augmentation/staff-augmentation-team-depth","2026-07-28 16:58:31"
"https://staging.jakevibes.dev/uk/staff-augmentation/staff-augmentation-vs-consulting-outsourcing-and-managed-services","text/html; charset=utf-8","200","OK","Indexable","","Staff Augmentation vs Consulting, Outsourcing and Managed Services | Cloud Employee","83","783","The ultimate comparison of staff augmentation with consulting, outsourcing, and managed services; what works, when, and why the future is flexible.","147","923","","0","Staff Augmentation vs Consulting, Outsourcing and Managed Services","66","TL;DR","5","Staff Augmentation Spotlight: How It Stacks Up Against Consulting, Outsourcing & Managed Services","97","index, follow","","","https://staging.jakevibes.dev/uk/staff-augmentation/staff-augmentation-vs-consulting-outsourcing-and-managed-services","","","","","","305010","42135","42135","16.141","","1490","276","5.399","46.237","Hard","4.169","0","2","","11","3","0","0.450","126","55","0","10","8","0","","","","","cc7d4b19b24f3f8f6d5085c438edbe23","0.376","","","","","en-GB","1.1","","","","","","https://staging.jakevibes.dev/uk/staff-augmentation/staff-augmentation-vs-consulting-outsourcing-and-managed-services","2026-07-28 16:58:31"
"https://staging.jakevibes.dev/uk/staff-augmentation/staff-augmentation-vs-freelancers","text/html; charset=utf-8","200","OK","Indexable","","Staff Augmentation vs Freelancers: Real Cost Analysis | Cloud Employee","70","643","Staff augmentation vs freelancers: why dedicated developers deliver better ROI through accountability, retention, and lower total cost.","135","825","","0","Staff Augmentation vs. Freelancers: Reliability, Quality, and Accountability Comparison","87","TL;DR","5","The core difference: Transactional gigs vs. embedded capacity","61","index, follow","","","https://staging.jakevibes.dev/uk/staff-augmentation/staff-augmentation-vs-freelancers","","","","","","336327","51829","51829","19.855","","2839","464","6.119","48.231","Hard","6.589","0","2","","21","3","0","0.450","135","54","0","15","15","0","","","","","e583f044e8c3552d4b5d7e1a7b494cfa","0.475","","","","","en-GB","1.1","","","","","","https://staging.jakevibes.dev/uk/staff-augmentation/staff-augmentation-vs-freelancers","2026-07-28 16:58:31"
"https://staging.jakevibes.dev/uk/staff-augmentation/staff-augmentation-vs-in-house-hiring-cost-speed-and-risk-comparison","text/html; charset=utf-8","200","OK","Indexable","","Staff Augmentation vs In House Hiring: Cost Comparison | Cloud Employee","71","664","Staff augmentation vs in-house hiring: compare fully-loaded costs, time to hire, and risk profiles for post-PMF engineering teams.","130","791","","0","Staff Augmentation vs. In-House Hiring: Cost, Speed, and Risk Comparison","72","TL;DR","5","The operational definition: what is staff augmentation in 2026?","63","index, follow","","","https://staging.jakevibes.dev/uk/staff-augmentation/staff-augmentation-vs-in-house-hiring-cost-speed-and-risk-comparison","","","","","","344081","51566","51566","19.754","","2785","460","6.054","56.277","Fairly Hard","6.100","0","2","","18","4","0","0.590","131","54","0","11","11","0","","","","","f82392304bfabf4ed6bf00aa1d6ba7a7","0.721","","","","","en-GB","1.1","","","","","","https://staging.jakevibes.dev/uk/staff-augmentation/staff-augmentation-vs-in-house-hiring-cost-speed-and-risk-comparison","2026-07-28 16:58:31"
"https://staging.jakevibes.dev/uk/staff-augmentation/staff-augmentation-vs-traditional-hiring-cost-speed-and-risk-comparison","text/html; charset=utf-8","200","OK","Indexable","","Staff Augmentation ROI: Cost vs Traditional Hiring 2026 | Cloud Employee","72","654","Staff augmentation cuts engineering costs 50-70% and delivers developers in 7 days vs 41-day local hiring at 1.4x salary cost.","126","772","","0","Staff Augmentation vs. Traditional Hiring: Cost, Speed, and Risk Comparison","75","TL;DR","5","FAQs","4","index, follow","","","https://staging.jakevibes.dev/uk/staff-augmentation/staff-augmentation-vs-traditional-hiring-cost-speed-and-risk-comparison","","","","","","339251","52960","52960","20.288","","3107","510","6.092","55.032","Fairly Hard","6.747","0","2","","4","4","0","0.590","117","54","0","23","18","0","","","","","9deb377604120e1cef4b4e9335c188e6","0.516","","","","","en-GB","1.1","","","","","","https://staging.jakevibes.dev/uk/staff-augmentation/staff-augmentation-vs-traditional-hiring-cost-speed-and-risk-comparison","2026-07-28 16:58:32"
"https://staging.jakevibes.dev/uk/staff-augmentation/staff-augmentation-vs-outsourcing","text/html; charset=utf-8","200","OK","Indexable","","Staff Augmentation vs Outsourcing: Which Model Scales | Cloud Employee","70","661","Staff augmentation vs. outsourcing: Compare costs, control, and speed to choose the right model for scaling your engineering team.","130","814","","0","Staff augmentation vs. outsourcing: which model scales your engineering?","72","TL;DR","5","Staff augmentation: the embedded team model","43","index, follow","","","https://staging.jakevibes.dev/uk/staff-augmentation/staff-augmentation-vs-outsourcing","","","","","","351036","54022","54022","20.695","","3423","503","6.805","49.857","Hard","7.274","0","2","","19","3","0","0.450","133","54","0","18","18","0","","","","","915dedb493f9b8a49d7adcf3b6db6a6d","0.677","","","","","en-GB","1.1","","","","","","https://staging.jakevibes.dev/uk/staff-augmentation/staff-augmentation-vs-outsourcing","2026-07-28 16:58:31"
"https://staging.jakevibes.dev/uk/staff-augmentation/using-latam-staff-augmentation-to-scale-early-stage-saas","text/html; charset=utf-8","200","OK","Indexable","","Using LATAM Staff Augmentation to Scale Early-Stage SaaS | Cloud Employee","73","694","LATAM staff augmentation delivers senior engineers at $35-$80/hour, saving 30-65% versus US hiring for early-stage SaaS companies.","130","831","","0","Using LATAM Staff Augmentation to Scale Early-Stage SaaS","56","TL;DR","5","Scaling pitfalls for early SaaS engineering teams","49","index, follow","","","https://staging.jakevibes.dev/uk/staff-augmentation/using-latam-staff-augmentation-to-scale-early-stage-saas","","","","","","365038","56466","56466","21.631","","3561","541","6.582","53.096","Fairly Hard","7.247","0","2","","53","37","0","5.490","133","54","0","18","15","0","","","","","71d8508ee0f51eeb23b248ac8bf89114","0.388","","","","","en-GB","1.1","","","","","","https://staging.jakevibes.dev/uk/staff-augmentation/using-latam-staff-augmentation-to-scale-early-stage-saas","2026-07-28 16:58:32"
"https://staging.jakevibes.dev/uk/staff-augmentation/what-is-nearshore-staff-augmentation-model-benefits-examples","text/html; charset=utf-8","200","OK","Indexable","","Nearshore Staff Augmentation Explained: Benefits & Examples | Cloud Employee","76","716","Learn what nearshore staff augmentation is, how it works, and when to use it. See real examples from Mercato and a travel tech scale-up.","136","848","","0","What Is Nearshore Staff Augmentation? Model, Benefits & Examples","64","TL;DR","5","How the Nearshore Staff Augmentation Model Works","48","index, follow","","","https://staging.jakevibes.dev/uk/staff-augmentation/what-is-nearshore-staff-augmentation-model-benefits-examples","","","","","","274327","37450","37450","14.346","","1147","193","5.943","41.929","Hard","3.738","0","2","","16","4","0","0.590","129","54","0","7","7","0","","","","","844f8283250c4e8cd6e739d5b46b2983","0.449","","","","","en-GB","1.1","","","","","","https://staging.jakevibes.dev/uk/staff-augmentation/what-is-nearshore-staff-augmentation-model-benefits-examples","2026-07-28 16:58:32"
"https://staging.jakevibes.dev/uk/staff-augmentation/what-is-staff-augmentation","text/html; charset=utf-8","200","OK","Indexable","","Staff Augmentation Guide: Process, Benefits & Costs | Cloud Employee","68","629","Staff augmentation means hiring dedicated external developers who work full time for your team under your direct management.","124","793","","0","What Is Staff Augmentation? Definition, Benefits and Guide","58","TL;DR","5","What is staff augmentation?","27","index, follow","","","https://staging.jakevibes.dev/uk/staff-augmentation/what-is-staff-augmentation","","","","","","353538","56311","56311","21.572","","3571","571","6.254","46.520","Hard","7.635","0","2","","21","3","0","0.450","135","54","0","19","17","0","","","","","d08d56467c605a004264fe2a91253531","0.465","","","","","en-GB","1.1","","","","","","https://staging.jakevibes.dev/uk/staff-augmentation/what-is-staff-augmentation","2026-07-28 16:58:32"
"https://staging.jakevibes.dev/uk/staff-augmentation/what-is-staff-augmentation-and-what-are-the-benefits","text/html; charset=utf-8","200","OK","Indexable","","What is Staff Augmentation? And What Are the Benefits? | Cloud Employee","71","665","Learn what staff augmentation is, how the model works, and the benefits it brings to scaling tech teams, with real-world examples from Cloud Employee clients.","158","982","","0","What is Staff Augmentation? And What Are the Benefits?","54","TL;DR","5","What is Staff Augmentation?","27","index, follow","","","https://staging.jakevibes.dev/uk/staff-augmentation/what-is-staff-augmentation-and-what-are-the-benefits","","","","","","285007","43133","43133","16.523","","2181","333","6.550","52.089","Fairly Hard","5.834","0","2","","5","3","0","0.450","119","54","0","5","5","0","","","","","147d92014ede522c2c8ade84c131bd88","0.589","","","","","en-GB","1.1","","","","","","https://staging.jakevibes.dev/uk/staff-augmentation/what-is-staff-augmentation-and-what-are-the-benefits","2026-07-28 16:58:33"
"https://staging.jakevibes.dev/uk/team/aj-develos","text/html; charset=utf-8","200","OK","Indexable","","AJ Develos – Head of Talent | Cloud Employee","44","413","Read the complete profile of AJ Develos and their experience at Cloud Employee for the past 7 years. Discover articlers, profile links and expertise.","149","891","","0","AJ Develos","10","Articles from AJ Develos","24","Ready to hire your next engineer?","33","index, follow","","","https://staging.jakevibes.dev/uk/team/aj-develos","","","","","","222416","28274","28274","10.831","","384","73","5.260","47.497","Hard","2.057","0","2","","2","2","0","0.300","120","54","0","2","2","0","","","","","dfa14252dd4094d32d549e3283c14e68","0.631","","","","","en-GB","1.1","","","","","","https://staging.jakevibes.dev/uk/team/aj-develos","2026-07-28 16:58:33"
"https://staging.jakevibes.dev/uk/team/albert-labarento","text/html; charset=utf-8","200","OK","Indexable","","Albert Labarento – Senior Software Engineer - Vetting | Cloud Employee","70","638","Read the complete profile of Albert Labarento and their experience at Cloud Employee for the past 4 years. Discover articlers, profile links and expertise.","155","928","","0","Albert Labarento","16","Articles from Albert Labarento","30","Ready to hire your next engineer?","33","index, follow","","","https://staging.jakevibes.dev/uk/team/albert-labarento","","","","","","212413","27694","27694","10.609","","364","69","5.275","42.739","Hard","2.124","0","2","","2","2","0","0.300","117","51","0","2","2","0","","","","","5ad458035b106531351ad5e48f4466be","0.386","","","","","en-GB","1.1","","","","","","https://staging.jakevibes.dev/uk/team/albert-labarento","2026-07-28 16:58:33"
"https://staging.jakevibes.dev/uk/team/anto-cabraja","text/html; charset=utf-8","200","OK","Indexable","","Anto Čabraja – Chief Technology Officer | Cloud Employee","56","517","Read the complete profile of Anto Čabraja and their experience at Cloud Employee for the past 2.5 years. Discover articlers, profile links and expertise.","153","917","","0","Anto Čabraja","12","Articles from Anto Čabraja","26","Ready to hire your next engineer?","33","index, follow","","","https://staging.jakevibes.dev/uk/team/anto-cabraja","","","","","","228581","29210","29210","11.190","","414","80","5.175","46.482","Hard","2.091","0","2","","2","2","0","0.300","121","55","0","2","2","0","","","","","d9b34cbf4fadf52ce0c2426b2c6d4978","0.557","","","","","en-GB","1.1","","","","","","https://staging.jakevibes.dev/uk/team/anto-cabraja","2026-07-28 16:58:33"
"https://staging.jakevibes.dev/uk/team/caitlin-murray","text/html; charset=utf-8","200","OK","Indexable","","Caitlin Murray – Content Manager | Cloud Employee","49","460","Read the complete profile of Caitlin Murray and their experience at Cloud Employee for the past 1 years. Discover articlers, profile links and expertise.","153","910","","0","Caitlin Murray","14","Articles from Caitlin Murray","28","Ready to hire your next engineer?","33","index, follow","","","https://staging.jakevibes.dev/uk/team/caitlin-murray","","","","","","212135","27859","27859","10.672","","369","69","5.348","44.817","Hard","2.138","0","2","","2","2","0","0.300","117","51","0","2","2","0","","","","","289fff1cb993ec94750f7ba2f0dec322","0.382","","","","","en-GB","1.1","","","","","","https://staging.jakevibes.dev/uk/team/caitlin-murray","2026-07-28 16:58:33"
"https://staging.jakevibes.dev/uk/team/erwin-panganiban","text/html; charset=utf-8","200","OK","Indexable","","Erwin Panganiban – Talent Success Manager | Cloud Employee","58","561","Read the complete profile of Erwin Panganiban and their experience at Cloud Employee for the past 1 years. Discover articlers, profile links and expertise.","155","937","","0","Erwin Panganiban","16","Articles from Erwin Panganiban","30","Ready to hire your next engineer?","33","index, follow","","","","","","","","","211028","27906","27906","10.690","","345","68","5.074","38.861","Hard","2.105","0","2","","2","2","0","0.300","117","51","0","2","2","0","","","","","deb8f752463f7adbb388164240ba7521","0.525","","","","","en-GB","1.1","","","","","","https://staging.jakevibes.dev/uk/team/erwin-panganiban","2026-07-28 16:58:34"
"https://staging.jakevibes.dev/uk/team/ezekiel-mariano","text/html; charset=utf-8","200","OK","Indexable","","Ezekiel Mariano – Headhunter Team Lead | Cloud Employee","55","533","Read the complete profile of Ezekiel Mariano and their experience at Cloud Employee for the past 2.5 years. Discover articlers, profile links and expertise.","156","932","","0","Ezekiel Mariano","15","Articles from Ezekiel Mariano","29","Ready to hire your next engineer?","33","index, follow","","","","","","","","","212539","28163","28163","10.789","","362","68","5.324","42.982","Hard","2.129","0","2","","2","2","0","0.300","117","51","0","2","2","0","","","","","5293246a02508239a9058802f9a2c0da","0.474","","","","","en-GB","1.1","","","","","","https://staging.jakevibes.dev/uk/team/ezekiel-mariano","2026-07-28 16:58:34"
"https://staging.jakevibes.dev/uk/team/ericka-go","text/html; charset=utf-8","200","OK","Indexable","","Ericka Go – Senior HR Manager | Cloud Employee","46","437","Read the complete profile of Ericka Go and their experience at Cloud Employee for the past 3 years. Discover articlers, profile links and expertise.","148","882","","0","Ericka Go","9","Articles from Ericka Go","23","Ready to hire your next engineer?","33","index, follow","","","https://staging.jakevibes.dev/uk/team/ericka-go","","","","","","216097","28521","28521","10.926","","372","73","5.096","45.426","Hard","2.104","0","2","","2","2","0","0.300","118","52","0","2","2","0","","","","","5da146d900f2ea92e07bce6a57305996","0.617","","","","","en-GB","1.1","","","","","","https://staging.jakevibes.dev/uk/team/ericka-go","2026-07-28 16:58:34"
"https://staging.jakevibes.dev/uk/team/des-matthewman","text/html; charset=utf-8","200","OK","Indexable","","Des Matthewman – Chief Product Officer | Cloud Employee","55","527","Read the complete profile of Des Matthewman  and their experience at Cloud Employee for the past 2.5 years. Discover articlers, profile links and expertise.","156","945","","0","Des Matthewman","14","Articles from Des Matthewman","28","Ready to hire your next engineer?","33","index, follow","","","https://staging.jakevibes.dev/uk/team/des-matthewman","","","","","","211832","27297","27297","10.457","","357","67","5.328","44.075","Hard","2.106","0","2","","2","2","0","0.300","117","51","0","2","2","0","","","","","d2dca5413bbae8ba47b322c9b13f9ae5","0.658","","","","","en-GB","1.1","","","","","","https://staging.jakevibes.dev/uk/team/des-matthewman","2026-07-28 16:58:34"
"https://staging.jakevibes.dev/uk/team/grace-tannor","text/html; charset=utf-8","200","OK","Indexable","","Grace Tannor – Client Services Manager | Cloud Employee","55","519","Read the complete profile of Grace Tannor and their experience at Cloud Employee for the past 5 years. Discover articlers, profile links and expertise.","151","908","","0","Grace Tannor","12","Articles from Grace Tannor","26","Ready to hire your next engineer?","33","index, follow","","","https://staging.jakevibes.dev/uk/team/grace-tannor","","","","","","216151","28545","28545","10.935","","374","72","5.194","44.578","Hard","2.123","0","2","","2","2","0","0.300","118","52","0","2","2","0","","","","","33c905c6ebcb082e8d910ef1afb1b18e","0.368","","","","","en-GB","1.1","","","","","","https://staging.jakevibes.dev/uk/team/grace-tannor","2026-07-28 16:58:34"
"https://staging.jakevibes.dev/uk/team/heidi-dela-cruz","text/html; charset=utf-8","200","OK","Indexable","","Heidi Dela Cruz – Head of People | Cloud Employee","49","455","Read the complete profile of Heidi Dela Cruz and their experience at Cloud Employee for the past 5 years. Discover articlers, profile links and expertise.","154","916","","0","Heidi Dela Cruz","15","Articles from Heidi Dela Cruz","29","Ready to hire your next engineer?","33","index, follow","","","","","","","","","216100","28502","28502","10.919","","375","72","5.208","41.824","Hard","2.130","0","2","","2","2","0","0.300","118","52","0","1","1","0","","","","","c3b133bcdaed3ecf6c5d9582a7d184fc","0.691","","","","","en-GB","1.1","","","","","","https://staging.jakevibes.dev/uk/team/heidi-dela-cruz","2026-07-28 16:58:34"
"https://staging.jakevibes.dev/uk/team/heather-wood","text/html; charset=utf-8","200","OK","Indexable","","Heather Wood – Client Services Manager | Cloud Employee","55","526","Read the complete profile of Heather Wood and their experience at Cloud Employee for the past 1 years. Discover articlers, profile links and expertise.","151","912","","0","Heather Wood","12","Articles from Heather Wood","26","Ready to hire your next engineer?","33","index, follow","","","https://staging.jakevibes.dev/uk/team/heather-wood","","","","","","212257","27847","27847","10.668","","363","68","5.338","42.471","Hard","2.123","0","2","","2","2","0","0.300","117","51","0","2","2","0","","","","","33a3d48eac55958c680619f1204e5d1b","0.389","","","","","en-GB","1.1","","","","","","https://staging.jakevibes.dev/uk/team/heather-wood","2026-07-28 16:58:34"
"https://staging.jakevibes.dev/uk/team/jake-hall","text/html; charset=utf-8","200","OK","Indexable","","Jake Hall – Co-Founder & CIO | Cloud Employee","45","421","Read the complete profile of Jake Hall and their experience at Cloud Employee for the past 9 years. Discover articlers, profile links and expertise.","148","880","","0","Jake Hall","9","Articles from Jake Hall","23","Ready to hire your next engineer?","33","index, follow","","","https://staging.jakevibes.dev/uk/team/jake-hall","","","","","","241913","29769","29769","11.404","","436","94","4.638","41.659","Hard","2.083","0","2","","2","2","0","0.300","123","57","0","2","2","0","","","","","334950dc0783faaf9e951de492454c43","0.601","","","","","en-GB","1.1","","","","","","https://staging.jakevibes.dev/uk/team/jake-hall","2026-07-28 16:58:35"
"https://staging.jakevibes.dev/uk/team/kean-reynancia","text/html; charset=utf-8","200","OK","Indexable","","Kean Reynancia – Senior HR & Head of Payroll & Benefits | Cloud Employee","72","665","Read the complete profile of Kean Reynancia and their experience at Cloud Employee for the past 6 years. Discover articlers, profile links and expertise.","153","923","","0","Kean Reynancia","14","Articles from Kean Reynancia","28","Ready to hire your next engineer?","33","index, follow","","","https://staging.jakevibes.dev/uk/team/kean-reynancia","","","","","","212409","27698","27698","10.611","","362","68","5.324","42.982","Hard","2.125","0","2","","2","2","0","0.300","117","51","0","2","2","0","","","","","ee2a11a95270fc2a97368f5004c6d515","0.544","","","","","en-GB","1.1","","","","","","https://staging.jakevibes.dev/uk/team/kean-reynancia","2026-07-28 16:58:35"
"https://staging.jakevibes.dev/uk/team/lyka-duran","text/html; charset=utf-8","200","OK","Indexable","","Lyka Duran – HR Officer | Cloud Employee","40","372","Read the complete profile of Lyka Duran  and their experience at Cloud Employee for the past 1 years. Discover articlers, profile links and expertise.","150","894","","0","Lyka Duran","10","Articles from Lyka Duran","24","Ready to hire your next engineer?","33","index, follow","","","","","","","","","210546","28035","28035","10.740","","352","68","5.176","44.158","Hard","2.096","0","2","","2","2","0","0.300","117","51","0","2","2","0","","","","","40c9a81649b0ff44b37385bec285bff9","0.397","","","","","en-GB","1.1","","","","","","https://staging.jakevibes.dev/uk/team/lyka-duran","2026-07-28 16:58:35"
"https://staging.jakevibes.dev/uk/team/kyla-taal","text/html; charset=utf-8","200","OK","Indexable","","Kyla Taal – Talent Success Manager | Cloud Employee","51","483","Read the complete profile of Kyla Taal and their experience at Cloud Employee for the past 4 years. Discover articlers, profile links and expertise.","148","880","","0","Kyla Taal","9","Articles from Kyla Taal","23","Ready to hire your next engineer?","33","index, follow","","","https://staging.jakevibes.dev/uk/team/kyla-taal","","","","","","209825","27807","27807","10.652","","369","69","5.348","45.046","Hard","2.159","0","2","","2","2","0","0.300","117","51","0","2","2","0","","","","","4ce2bd55e3a42559feaec4f3d3afde3c","0.609","","","","","en-GB","1.1","","","","","","https://staging.jakevibes.dev/uk/team/kyla-taal","2026-07-28 16:58:35"
"https://staging.jakevibes.dev/uk/team/luis-santos","text/html; charset=utf-8","200","OK","Indexable","","Luis Santos – Talent Success Manager | Cloud Employee","53","505","Read the complete profile of Luis Santos and their experience at Cloud Employee for the past 1 years. Discover articlers, profile links and expertise.","150","896","","0","Luis Santos","11","Articles from Luis Santos","25","Ready to hire your next engineer?","33","index, follow","","","https://staging.jakevibes.dev/uk/team/luis-santos","","","","","","209508","27647","27647","10.591","","345","66","5.227","45.081","Hard","2.079","0","2","","2","2","0","0.300","117","51","0","2","2","0","","","","","98150de71b8c350f6794648327d8d373","0.588","","","","","en-GB","1.1","","","","","","https://staging.jakevibes.dev/uk/team/luis-santos","2026-07-28 16:58:35"
"https://staging.jakevibes.dev/uk/team/maica-padillo","text/html; charset=utf-8","200","OK","Indexable","","Maica Padillo – Headhunter Team Lead | Cloud Employee","53","512","Read the complete profile of Maica Padillo  and their experience at Cloud Employee for the past 7 years. Discover articlers, profile links and expertise.","153","906","","0","Maica Padillo","13","Articles from Maica Padillo","27","Ready to hire your next engineer?","33","index, follow","","","","","","","","","213229","28237","28237","10.817","","365","68","5.368","43.776","Hard","2.123","0","2","","2","2","0","0.300","117","51","0","2","2","0","","","","","e36e630e7e0ecd2d18851ee96317dffe","0.519","","","","","en-GB","1.1","","","","","","https://staging.jakevibes.dev/uk/team/maica-padillo","2026-07-28 16:58:36"
"https://staging.jakevibes.dev/uk/team/rich-holgate","text/html; charset=utf-8","200","OK","Indexable","","Rich Holgate – Chief Operating Officer | Cloud Employee","55","500","Read the complete profile of Rich Holgate  and their experience at Cloud Employee for the past 1 years. Discover articlers, profile links and expertise.","152","902","","0","Rich Holgate","12","Articles from Rich Holgate","26","Ready to hire your next engineer?","33","index, follow","","","https://staging.jakevibes.dev/uk/team/rich-holgate","","","","","","209902","27700","27700","10.611","","378","70","5.400","41.106","Hard","2.204","0","2","","2","2","0","0.300","117","51","0","2","2","0","","","","","b3b914b5197f9de2c75aa96d08cd3fa5","0.567","","","","","en-GB","1.1","","","","","","https://staging.jakevibes.dev/uk/team/rich-holgate","2026-07-28 16:58:36"
"https://staging.jakevibes.dev/uk/team/molly-miller","text/html; charset=utf-8","200","OK","Indexable","","Molly Miller – Head of Operations, North America | Cloud Employee","65","595","Read the complete profile of Molly Miller and their experience at Cloud Employee for the past 1 years. Discover articlers, profile links and expertise.","151","892","","0","Molly Miller","12","Articles from Molly Miller","26","Ready to hire your next engineer?","33","index, follow","","","","","","","","","213680","28632","28632","10.968","","438","76","5.763","47.044","Hard","2.319","0","2","","2","2","0","0.300","117","51","0","2","2","0","","","","","b2d2d0023e1e618b6ff3f73919d9a408","0.583","","","","","en-GB","1.1","","","","","","https://staging.jakevibes.dev/uk/team/molly-miller","2026-07-28 16:58:36"
"https://staging.jakevibes.dev/uk/team/robert-reyes","text/html; charset=utf-8","200","OK","Indexable","","Robert Reyes – Talent Success Manager | Cloud Employee","54","518","Read the complete profile of Robert Reyes and their experience at Cloud Employee for the past 2 years. Discover articlers, profile links and expertise.","151","905","","0","Robert Reyes","12","Articles from Robert Reyes","26","Ready to hire your next engineer?","33","index, follow","","","https://staging.jakevibes.dev/uk/team/robert-reyes","","","","","","211844","27592","27592","10.570","","360","68","5.294","44.481","Hard","2.117","0","2","","2","2","0","0.300","117","51","0","2","2","0","","","","","aad22336078729cf57aa62c1f29f13eb","0.364","","","","","en-GB","1.1","","","","","","https://staging.jakevibes.dev/uk/team/robert-reyes","2026-07-28 16:58:36"
"https://staging.jakevibes.dev/uk/team/russel-lobrio","text/html; charset=utf-8","200","OK","Indexable","","Russel Lobrio – Senior Software Engineer - Vetting | Cloud Employee","67","608","Read the complete profile of Russel Lobrio and their experience at Cloud Employee for the past 2 years. Discover articlers, profile links and expertise.","152","907","","0","Russel Lobrio","13","Articles from Russel Lobrio","27","Ready to hire your next engineer?","33","index, follow","","","https://staging.jakevibes.dev/uk/team/russel-lobrio","","","","","","211963","27937","27937","10.702","","360","69","5.217","42.444","Hard","2.125","0","2","","2","2","0","0.300","117","51","0","2","2","0","","","","","c94140d0d9991c21af0ed9f0831684ee","0.499","","","","","en-GB","1.1","","","","","","https://staging.jakevibes.dev/uk/team/russel-lobrio","2026-07-28 16:58:36"
"https://staging.jakevibes.dev/uk/team/seb-hall","text/html; charset=utf-8","200","OK","Indexable","","Seb Hall – Co-Founder & CEO | Cloud Employee","44","418","Read the complete profile of Seb Hall and their experience at Cloud Employee for the past 11 years. Discover articlers, profile links and expertise.","148","881","","0","Seb Hall","8","Articles from Seb Hall","22","Ready to hire your next engineer?","33","index, follow","","","https://staging.jakevibes.dev/uk/team/seb-hall","","","","","","243466","29814","29814","11.421","","445","93","4.785","47.797","Hard","2.071","0","2","","2","2","0","0.300","124","58","0","2","2","0","","","","","b8bf974141d027f1b068e006252c3e4a","0.386","","","","","en-GB","1.1","","","","","","https://staging.jakevibes.dev/uk/team/seb-hall","2026-07-28 16:58:36"
"https://staging.jakevibes.dev/uk/team/stephanie-silva","text/html; charset=utf-8","200","OK","Indexable","","Stephanie Silva – Talent Manager | Cloud Employee","49","460","Read the complete profile of Stephanie Silva and their experience at Cloud Employee for the past 2 years. Discover articlers, profile links and expertise.","154","917","","0","Stephanie Silva","15","Articles from Stephanie Silva","29","Ready to hire your next engineer?","33","index, follow","","","https://staging.jakevibes.dev/uk/team/stephanie-silva","","","","","","211508","27920","27920","10.696","","357","66","5.409","45.178","Hard","2.105","0","2","","2","2","0","0.300","117","51","0","2","2","0","","","","","d9e88722ae88fdd306eeb93c3c0cd946","0.365","","","","","en-GB","1.1","","","","","","https://staging.jakevibes.dev/uk/team/stephanie-silva","2026-07-28 16:58:37"
"https://staging.jakevibes.dev/uk/technology/airtable-developers","text/html; charset=utf-8","200","OK","Indexable","","Airtable Developers for Hire","28","247","Hire vetted Airtable developers to scale your team fast. Nearshore/offshore talent that feels in-house. Cancel anytime, no upfront fees.","136","827","","0","Airtable Developers","19","Airtable Developers Who Deliver","31","Experts in Airtable & Beyond","28","index, follow","","","https://staging.jakevibes.dev/uk/technology/airtable-developers","","","","","","342860","43807","43807","16.782","","1110","193","5.751","71.887","Fairly Easy","2.509","0","2","","2","2","0","0.300","120","53","0","1","1","0","","","","","87c971fcd6f243e8871b391ea79257b0","0.425","","","","","en-GB","1.1","","","","","","https://staging.jakevibes.dev/uk/technology/airtable-developers","2026-07-28 16:58:37"
"https://staging.jakevibes.dev/uk/team/steven-sy","text/html; charset=utf-8","200","OK","Indexable","","Steven Sy – Talent Success Manager | Cloud Employee","51","489","Read the complete profile of Steven Sy  and their experience at Cloud Employee for the past 3 years. Discover articlers, profile links and expertise.","149","883","","0","Steven Sy","9","Articles from Steven Sy","23","Ready to hire your next engineer?","33","index, follow","","","https://staging.jakevibes.dev/uk/team/steven-sy","","","","","","209909","27731","27731","10.623","","379","71","5.338","43.824","Hard","2.197","0","2","","2","2","0","0.300","117","51","0","2","2","0","","","","","9359eee41b1269be5cbf275266884fc2","0.723","","","","","en-GB","1.1","","","","","","https://staging.jakevibes.dev/uk/team/steven-sy","2026-07-28 16:58:37"
"https://staging.jakevibes.dev/uk/team/viktoria-mangarin","text/html; charset=utf-8","200","OK","Indexable","","Viktoria Mangarin – HR and Events Specialist | Cloud Employee","61","560","Read the complete profile of Viktoria Mangarin  and their experience at Cloud Employee for the past 3  years. Discover articlers, profile links and expertise.","158","934","","0","Viktoria Mangarin","17","Articles from Viktoria Mangarin","31","Ready to hire your next engineer?","33","index, follow","","","https://staging.jakevibes.dev/uk/team/viktoria-mangarin","","","","","","210324","27486","27486","10.529","","359","68","5.279","41.938","Hard","2.137","0","2","","2","2","0","0.300","117","51","0","1","1","0","","","","","d3985b4c5024ba8009f3c369af43e3c6","0.668","","","","","en-GB","1.1","","","","","","https://staging.jakevibes.dev/uk/team/viktoria-mangarin","2026-07-28 16:58:37"
"https://staging.jakevibes.dev/uk/team/stephanie-bird","text/html; charset=utf-8","200","OK","Indexable","","Stephanie Bird – Head of Partnerships | Cloud Employee","54","500","Read the complete profile of Stephanie Bird and their experience at Cloud Employee for the past 3.5 years. Discover articlers, profile links and expertise.","155","925","","0","Stephanie Bird","14","Articles from Stephanie Bird","28","Ready to hire your next engineer?","33","index, follow","","","https://staging.jakevibes.dev/uk/team/stephanie-bird","","","","","","213705","28109","28109","10.768","","369","70","5.271","46.499","Hard","2.112","0","2","","2","2","0","0.300","118","52","0","2","2","0","","","","","c2cdfc43203640c5b7b0514e7d97d8fe","0.769","","","","","en-GB","1.1","","","","","","https://staging.jakevibes.dev/uk/team/stephanie-bird","2026-07-28 16:58:37"
"https://staging.jakevibes.dev/uk/technology","text/html; charset=utf-8","200","OK","Indexable","","Your tech-stack, our expertise","30","265","Hire expert developers across all major tech stacks-JavaScript, Python, .NET, AWS, React, and more. View the technologies we recruit for globally.","146","894","","0","Your tech-stack, our expertise","30","Every stack our engineers ship in","33","Hear from our customers","23","index, follow","","","https://staging.jakevibes.dev/uk/technology","","","","","","513226","48839","48839","18.709","","1303","233","5.592","51.112","Fairly Hard","2.005","0","1","","339","337","0","50.000","212","139","0","1","1","0","","","","","3d9e37bd88f2bb0df220d2b166345b03","0.579","","","","","en-GB","1.1","","","","","","https://staging.jakevibes.dev/uk/technology","2026-07-28 16:58:37"
"https://staging.jakevibes.dev/uk/technology/ansible","text/html; charset=utf-8","200","OK","Indexable","","Ansible Developers for Hire","27","243","Hire vetted Ansible developers to scale your team fast. Nearshore/offshore talent that feels in-house. Cancel anytime, no upfront fees.","135","824","","0","Ansible Developers","18","Vetted Ansible Engineers, Embedded in Your Team","47","Ansible Engineering Expertise","29","index, follow","","","https://staging.jakevibes.dev/uk/technology/ansible","","","","","","340690","43107","43107","16.513","","1063","191","5.565","67.243","Normal","2.484","0","2","","2","2","0","0.300","120","53","0","1","1","0","","","","","de3e1695e397223187f791093b1f306d","0.362","","","","","en-GB","1.1","","","","","","https://staging.jakevibes.dev/uk/technology/ansible","2026-07-28 16:58:38"
"https://staging.jakevibes.dev/uk/technology/android","text/html; charset=utf-8","200","OK","Indexable","","Android Developers for Hire","27","246","Hire vetted Android developers to scale your team fast. Nearshore/offshore talent that feels in-house. Cancel anytime, no upfront fees.","135","828","","0","Android Developers","18","Vetted Android Developers, Embedded in Your Team","48","Android Engineering Expertise","29","index, follow","","","https://staging.jakevibes.dev/uk/technology/android","","","","","","340637","43555","43555","16.685","","1114","193","5.772","70.431","Fairly Easy","2.558","0","2","","2","2","0","0.300","120","53","0","1","1","0","","","","","dc72e8ea8571e70b74c3e42cd511939a","0.389","","","","","en-GB","1.1","","","","","","https://staging.jakevibes.dev/uk/technology/android","2026-07-28 16:58:38"
"https://staging.jakevibes.dev/uk/technology/aws-developers","text/html; charset=utf-8","200","OK","Indexable","","AWS Developers for Hire","23","220","Hire vetted AWS developers to scale your team fast. Nearshore/offshore talent that feels in-house. Cancel anytime, no upfront fees.","131","808","","0","AWS Developers","14","AWS Engineers You Can Rely On","29","Experts in AWS Ecosystem","24","index, follow","","","https://staging.jakevibes.dev/uk/technology/aws-developers","","","","","","343011","43833","43833","16.792","","1093","193","5.663","73.761","Fairly Easy","2.466","0","2","","1014","337","0","50.000","120","52","0","1","1","0","","","","","d5e461c19db9cee48e05a877cb7bbcbe","0.420","","","","","en-GB","1.1","","","","","","https://staging.jakevibes.dev/uk/technology/aws-developers","2026-07-28 16:58:38"
"https://staging.jakevibes.dev/uk/technology/azure-developers","text/html; charset=utf-8","200","OK","Indexable","","Azure Developers for Hire","25","229","Hire vetted Azure developers to scale your team fast. Nearshore/offshore talent that feels in-house. Cancel anytime, no upfront fees.","133","815","","0","Azure Developers","16","Embedded Azure Engineers, Ready to Scale","40","Microsoft Cloud Specialists","27","index, follow","","","https://staging.jakevibes.dev/uk/technology/azure-developers","","","","","","342371","43662","43662","16.726","","1082","194","5.577","71.928","Fairly Easy","2.460","0","2","","2","2","0","0.300","120","53","0","1","1","0","","","","","625050044e9a43dc081d6f81f271ab72","0.414","","","","","en-GB","1.1","","","","","","https://staging.jakevibes.dev/uk/technology/azure-developers","2026-07-28 16:58:38"
"https://staging.jakevibes.dev/uk/technology/angular-developers","text/html; charset=utf-8","200","OK","Indexable","","Angular Developers for Hire","27","246","Hire vetted Angular developers to scale your team fast. Nearshore/offshore talent that feels in-house. Cancel anytime, no upfront fees.","135","828","","0","Angular Developers","18","Angular Developers That Feel In-House","37","Experts in Angular Delivery","27","index, follow","","","https://staging.jakevibes.dev/uk/technology/angular-developers","","","","","","342805","43979","43979","16.848","","1099","195","5.636","71.482","Fairly Easy","2.507","0","2","","2","2","0","0.300","120","53","0","1","1","0","","","","","6d4bf4c83e44ff3d9f8cddada168b6e8","0.434","","","","","en-GB","1.1","","","","","","https://staging.jakevibes.dev/uk/technology/angular-developers","2026-07-28 16:58:38"
"https://staging.jakevibes.dev/uk/technology/bigquery","text/html; charset=utf-8","200","OK","Indexable","","BigQuery Developers for Hire","28","257","Hire vetted BigQuery developers to scale your team fast. Nearshore/offshore talent that feels in-house. Cancel anytime, no upfront fees.","136","836","","0","BigQuery Developers","19","Vetted BigQuery Developers, Embedded in Your Team","49","BigQuery Engineering Expertise","30","index, follow","","","https://staging.jakevibes.dev/uk/technology/bigquery","","","","","","340260","43239","43239","16.564","","1086","192","5.656","69.520","Normal","2.498","0","2","","2","2","0","0.300","120","53","0","1","1","0","","","","","2e015b9294c4c4826b1a929d13cecfe7","0.480","","","","","en-GB","1.1","","","","","","https://staging.jakevibes.dev/uk/technology/bigquery","2026-07-28 16:58:39"
"https://staging.jakevibes.dev/uk/technology/bubble-developers","text/html; charset=utf-8","200","OK","Indexable","","Bubble Developers for Hire","26","238","Hire vetted Bubble developers to scale your team fast. Nearshore/offshore talent that feels in-house. Cancel anytime, no upfront fees.","134","822","","0","Bubble Developers","17","Bubble Developers Who Ship Products","35","Experts in No-Code & UX","23","index, follow","","","https://staging.jakevibes.dev/uk/technology/bubble-developers","","","","","","343251","43988","43988","16.851","","1095","195","5.615","72.961","Fairly Easy","2.479","0","2","","2","2","0","0.300","120","53","0","1","1","0","","","","","f9034e6b32a451572168322dfd8af816","0.370","","","","","en-GB","1.1","","","","","","https://staging.jakevibes.dev/uk/technology/bubble-developers","2026-07-28 16:58:39"
"https://staging.jakevibes.dev/uk/technology/cloudformation","text/html; charset=utf-8","200","OK","Indexable","","CloudFormation Developers for Hire","34","320","Hire vetted CloudFormation developers to scale your team fast. Nearshore/offshore talent that feels in-house. Cancel anytime, no upfront fees.","142","880","","0","CloudFormation Developers","25","Vetted CloudFormation Developers, Embedded in Your Team","55","CloudFormation Engineering Expertise","36","index, follow","","","https://staging.jakevibes.dev/uk/technology/cloudformation","","","","","","340998","43038","43038","16.487","","1061","190","5.584","70.320","Fairly Easy","2.471","0","2","","2","2","0","0.300","120","53","0","1","1","0","","","","","bc46448b0386b8dd8859963819f52957","0.353","","","","","en-GB","1.1","","","","","","https://staging.jakevibes.dev/uk/technology/cloudformation","2026-07-28 16:58:39"
"https://staging.jakevibes.dev/uk/technology/browserstack","text/html; charset=utf-8","200","OK","Indexable","","BrowserStack Developers for Hire","32","300","Hire vetted BrowserStack developers to scale your team fast. Nearshore/offshore talent that feels in-house. Cancel anytime, no upfront fees.","140","866","","0","BrowserStack Developers","23","Vetted BrowserStack Engineers, Embedded in Your Team","52","BrowserStack Engineering Expertise","34","index, follow","","","https://staging.jakevibes.dev/uk/technology/browserstack","","","","","","340447","43066","43066","16.498","","1079","189","5.709","69.946","Normal","2.498","0","2","","2","2","0","0.300","120","53","0","1","1","0","","","","","63a7dede8b455614ba97c35ee81c4ceb","0.359","","","","","en-GB","1.1","","","","","","https://staging.jakevibes.dev/uk/technology/browserstack","2026-07-28 16:58:39"
"https://staging.jakevibes.dev/uk/technology/combine","text/html; charset=utf-8","200","OK","Indexable","","Combine Developers for Hire","27","257","Hire vetted Combine developers to scale your team fast. Nearshore/offshore talent that feels in-house. Cancel anytime, no upfront fees.","135","834","","0","Combine Developers","18","Vetted Combine Developers, Embedded in Your Team","48","Combine Engineering Expertise","29","index, follow","","","https://staging.jakevibes.dev/uk/technology/combine","","","","","","340116","43050","43050","16.492","","1082","188","5.755","72.451","Fairly Easy","2.486","0","2","","2","2","0","0.300","120","53","0","1","1","0","","","","","2c2d0456d9064dacf99d5ce2c76b3629","0.388","","","","","en-GB","1.1","","","","","","https://staging.jakevibes.dev/uk/technology/combine","2026-07-28 16:58:39"
"https://staging.jakevibes.dev/uk/technology/coredata","text/html; charset=utf-8","200","OK","Indexable","","CoreData Developers for Hire","28","261","Hire vetted CoreData developers to scale your team fast. Nearshore/offshore talent that feels in-house. Cancel anytime, no upfront fees.","136","838","","0","Core Data Developers","20","Vetted Core Data Developers, Embedded in Your Team","50","Core Data Engineering Expertise","31","index, follow","","","https://staging.jakevibes.dev/uk/technology/coredata","","","","","","341398","43146","43146","16.528","","1074","189","5.683","71.804","Fairly Easy","2.468","0","2","","2","2","0","0.300","120","53","0","1","1","0","","","","","3c9f4c9a7013fc9cbabb92655ec9b1dc","0.378","","","","","en-GB","1.1","","","","","","https://staging.jakevibes.dev/uk/technology/coredata","2026-07-28 16:58:39"
"https://staging.jakevibes.dev/uk/technology/compose","text/html; charset=utf-8","200","OK","Indexable","","Compose Developers for Hire","27","262","Hire vetted Compose developers to scale your team fast. Nearshore/offshore talent that feels in-house. Cancel anytime, no upfront fees.","135","838","","0","Compose Developers","18","Vetted Compose Developers, Embedded in Your Team","48","Compose Engineering Expertise","29","index, follow","","","https://staging.jakevibes.dev/uk/technology/compose","","","","","","339925","42915","42915","16.440","","1067","189","5.646","72.104","Fairly Easy","2.465","0","2","","2","2","0","0.300","120","53","0","1","1","0","","","","","f0ffaf596780d826b6b4e5e4335116ce","0.372","","","","","en-GB","1.1","","","","","","https://staging.jakevibes.dev/uk/technology/compose","2026-07-28 16:58:39"
"https://staging.jakevibes.dev/uk/technology/csharp-developers","text/html; charset=utf-8","200","OK","Indexable","","C# Developers for Hire","22","202","Hire vetted C# developers to scale your team fast. Nearshore/offshore talent that feels in-house. Cancel anytime, no upfront fees.","130","797","","0","C# Developers","13","C# Developers Who Ship Quality Code","35","End-to-End .NET Expertise","25","index, follow","","","https://staging.jakevibes.dev/uk/technology/csharp-developers","","","","","","342218","43648","43648","16.721","","1083","198","5.470","75.438","Fairly Easy","2.449","0","2","","3","3","0","0.450","120","53","0","1","1","0","","","","","12f8edfc62d1a3fdc3aaece372ed6b63","0.508","","","","","en-GB","1.1","","","","","","https://staging.jakevibes.dev/uk/technology/csharp-developers","2026-07-28 16:58:39"
"https://staging.jakevibes.dev/uk/technology/dagger","text/html; charset=utf-8","200","OK","Indexable","","Dagger Developers for Hire","26","241","Hire vetted Dagger developers to scale your team fast. Nearshore/offshore talent that feels in-house. Cancel anytime, no upfront fees.","134","824","","0","Dagger Developers","17","Vetted Dagger Developers, Embedded in Your Team","47","Dagger Engineering Expertise","28","index, follow","","","https://staging.jakevibes.dev/uk/technology/dagger","","","","","","340002","43056","43056","16.494","","1079","188","5.739","71.875","Fairly Easy","2.478","0","2","","2","2","0","0.300","120","53","0","1","1","0","","","","","8d2b1efdf3d1405f174a818ceda4768f","0.403","","","","","en-GB","1.1","","","","","","https://staging.jakevibes.dev/uk/technology/dagger","2026-07-28 16:58:40"
"https://staging.jakevibes.dev/uk/technology/css3","text/html; charset=utf-8","200","OK","Indexable","","CSS3 Developers for Hire","24","225","Hire vetted CSS3 developers to scale your team fast. Nearshore/offshore talent that feels in-house. Cancel anytime, no upfront fees.","132","812","","0","CSS3 Developers","15","Vetted CSS3 Developers, Embedded in Your Team","45","CSS3 Engineering Expertise","26","index, follow","","","https://staging.jakevibes.dev/uk/technology/css3","","","","","","337621","44833","44833","17.175","","1058","189","5.598","72.254","Fairly Easy","2.469","0","2","","2","2","0","0.300","120","53","0","1","1","0","","","","","da10b69e7b14556543aa924a89b6e54b","0.517","","","","","en-GB","1.1","","","","","","https://staging.jakevibes.dev/uk/technology/css3","2026-07-28 16:58:39"
"https://staging.jakevibes.dev/uk/technology/cypress","text/html; charset=utf-8","200","OK","Indexable","","Cypress Developers for Hire","27","248","Hire vetted Cypress developers to scale your team fast. Nearshore/offshore talent that feels in-house. Cancel anytime, no upfront fees.","135","829","","0","Cypress Developers","18","Vetted Cypress Developers, Embedded in Your Team","48","Cypress Engineering Expertise","29","index, follow","","","https://staging.jakevibes.dev/uk/technology/cypress","","","","","","340658","43268","43268","16.575","","1074","187","5.743","72.924","Fairly Easy","2.463","0","2","","2","2","0","0.300","120","53","0","1","1","0","","","","","13c5684bf0b7b8dc65ec1c11b14eae89","0.526","","","","","en-GB","1.1","","","","","","https://staging.jakevibes.dev/uk/technology/cypress","2026-07-28 16:58:40"
"https://staging.jakevibes.dev/uk/technology/dbt","text/html; charset=utf-8","200","OK","Indexable","","DBT Developers for Hire","23","214","Hire vetted DBT developers to scale your team fast. Nearshore/offshore talent that feels in-house. Cancel anytime, no upfront fees.","131","805","","0","dbt Developers","14","Vetted dbt Developers, Embedded in Your Team","44","dbt Engineering Expertise","25","index, follow","","","https://staging.jakevibes.dev/uk/technology/dbt","","","","","","340350","42981","42981","16.465","","1064","190","5.600","72.979","Fairly Easy","2.452","0","2","","2","2","0","0.300","120","53","0","1","1","0","","","","","6a14de8f70f7170c10eb41d22ada2ddc","0.401","","","","","en-GB","1.1","","","","","","https://staging.jakevibes.dev/uk/technology/dbt","2026-07-28 16:58:40"
"https://staging.jakevibes.dev/uk/technology/docker","text/html; charset=utf-8","200","OK","Indexable","","Docker Developers for Hire","26","239","Hire vetted Docker developers to scale your team fast. Nearshore/offshore talent that feels in-house. Cancel anytime, no upfront fees.","134","822","","0","Docker Developers","17","Vetted Docker Developers, Embedded in Your Team","47","Docker Engineering Expertise","28","index, follow","","","https://staging.jakevibes.dev/uk/technology/docker","","","","","","341552","43167","43167","16.536","","1079","192","5.620","68.860","Normal","2.501","0","2","","2","2","0","0.300","120","53","0","1","1","0","","","","","3ceece7256caafeb64d4303643e0567b","0.409","","","","","en-GB","1.1","","","","","","https://staging.jakevibes.dev/uk/technology/docker","2026-07-28 16:58:40"
"https://staging.jakevibes.dev/uk/technology/dotnet-developers","text/html; charset=utf-8","200","OK","Indexable","",".NET Developers for Hire","24","219","Hire vetted .NET developers to scale your team fast. Nearshore/offshore talent that feels in-house. Cancel anytime, no upfront fees.","132","809","","0",".NET Developers","15","Embedded .NET Developers, Vetted for Delivery","45",".NET Specialists","16","index, follow","","","https://staging.jakevibes.dev/uk/technology/dotnet-developers","","","","","","343071","43538","43538","16.679","","1090","206","5.291","73.711","Fairly Easy","2.467","0","2","","1014","337","0","50.000","120","52","0","1","1","0","","","","","62b99cb37f2ef0c8a1b9be9e2d66c21","0.465","","","","","en-GB","1.1","","","","","","https://staging.jakevibes.dev/uk/technology/dotnet-developers","2026-07-28 16:58:41"
"https://staging.jakevibes.dev/uk/technology/express","text/html; charset=utf-8","200","OK","Indexable","","Express Developers for Hire","27","247","Hire vetted Express developers to scale your team fast. Nearshore/offshore talent that feels in-house. Cancel anytime, no upfront fees.","135","828","","0","Express Developers","18","Vetted Express Developers, Embedded in Your Team","48","Express Engineering Expertise","29","index, follow","","","https://staging.jakevibes.dev/uk/technology/express","","","","","","340579","43127","43127","16.521","","1066","193","5.523","72.424","Fairly Easy","2.460","0","2","","2","2","0","0.300","120","53","0","1","1","0","","","","","c0e1a2f170958f0102f3f72f2c8b62c4","0.356","","","","","en-GB","1.1","","","","","","https://staging.jakevibes.dev/uk/technology/express","2026-07-28 16:58:41"
"https://staging.jakevibes.dev/uk/technology/fastlane","text/html; charset=utf-8","200","OK","Indexable","","Fastlane Developers for Hire","28","254","Hire vetted Fastlane developers to scale your team fast. Nearshore/offshore talent that feels in-house. Cancel anytime, no upfront fees.","136","833","","0","Fastlane Developers","19","Vetted Fastlane Developers, Embedded in Your Team","49","Fastlane Engineering Expertise","30","index, follow","","","https://staging.jakevibes.dev/uk/technology/fastlane","","","","","","340073","43080","43080","16.503","","1069","189","5.656","70.435","Fairly Easy","2.472","0","2","","2","2","0","0.300","120","53","0","1","1","0","","","","","8f9240a791dcdbfdfa78e18962f351e9","0.382","","","","","en-GB","1.1","","","","","","https://staging.jakevibes.dev/uk/technology/fastlane","2026-07-28 16:58:41"
"https://staging.jakevibes.dev/uk/technology/fastapi-developers","text/html; charset=utf-8","200","OK","Indexable","","FastAPI Developers for Hire","27","247","Hire vetted FastAPI developers to scale your team fast. Nearshore/offshore talent that feels in-house. Cancel anytime, no upfront fees.","135","829","","0","FastAPI Developers","18","FastAPI Engineers, Embedded & Aligned","37","Experts in Fast, Typed APIs","27","index, follow","","","https://staging.jakevibes.dev/uk/technology/fastapi-developers","","","","","","343502","43949","43949","16.836","","1096","195","5.621","69.985","Normal","2.494","0","2","","2","2","0","0.300","120","53","0","1","1","0","","","","","5832562adf6b9bbb78556d0f16f6261e","0.376","","","","","en-GB","1.1","","","","","","https://staging.jakevibes.dev/uk/technology/fastapi-developers","2026-07-28 16:58:41"
"https://staging.jakevibes.dev/uk/technology/figma","text/html; charset=utf-8","200","OK","Indexable","","Figma Developers for Hire","25","233","Hire vetted Figma developers to scale your team fast. Nearshore/offshore talent that feels in-house. Cancel anytime, no upfront fees.","133","818","","0","Figma Developers","16","Vetted Figma Designers and Developers, Embedded in Your Team","60","Figma Engineering Expertise","27","index, follow","","","https://staging.jakevibes.dev/uk/technology/figma","","","","","","340148","43444","43444","16.643","","1077","190","5.668","69.115","Normal","2.501","0","2","","2","2","0","0.300","120","53","0","1","1","0","","","","","9ff0a456c2085fe0904bfb67919d8c26","0.396","","","","","en-GB","1.1","","","","","","https://staging.jakevibes.dev/uk/technology/figma","2026-07-28 16:58:41"
"https://staging.jakevibes.dev/uk/technology/github-actions","text/html; charset=utf-8","200","OK","Indexable","","GitHub Actions Developers for Hire","34","311","Hire vetted GitHub Actions developers to scale your team fast. Nearshore/offshore talent that feels in-house. Cancel anytime, no upfront fees.","142","873","","0","GitHub Actions Developers","25","Vetted GitHub Actions Developers, Embedded in Your Team","55","GitHub Actions Engineering Expertise","36","index, follow","","","https://staging.jakevibes.dev/uk/technology/github-actions","","","","","","341722","43110","43110","16.515","","1081","189","5.720","71.273","Fairly Easy","2.481","0","2","","2","2","0","0.300","120","53","0","1","1","0","","","","","8655667e97e299b403ff3d2f24d8439e","0.369","","","","","en-GB","1.1","","","","","","https://staging.jakevibes.dev/uk/technology/github-actions","2026-07-28 16:58:41"
"https://staging.jakevibes.dev/uk/technology/firebase-developers","text/html; charset=utf-8","200","OK","Indexable","","Firebase Developers for Hire","28","254","Hire vetted Firebase developers to scale your team fast. Nearshore/offshore talent that feels in-house. Cancel anytime, no upfront fees.","136","832","","0","Firebase Developers","19","Firebase Developers, Embedded & Experienced","43","Experts in Firebase Ecosystem","29","index, follow","","","https://staging.jakevibes.dev/uk/technology/firebase-developers","","","","","","342601","43413","43413","16.631","","1082","190","5.695","70.715","Fairly Easy","2.476","0","2","","2","2","0","0.300","120","53","0","1","1","0","","","","","1e8f008eb0aa731d3f880d8aa0dbdb2f","0.389","","","","","en-GB","1.1","","","","","","https://staging.jakevibes.dev/uk/technology/firebase-developers","2026-07-28 16:58:41"
"https://staging.jakevibes.dev/uk/technology/gitlab-ci","text/html; charset=utf-8","200","OK","Indexable","","GitLab CI Developers for Hire","29","259","Hire vetted GitLab CI developers to scale your team fast. Nearshore/offshore talent that feels in-house. Cancel anytime, no upfront fees.","137","837","","0","GitLab CI Developers","20","Vetted GitLab CI Developers, Embedded in Your Team","50","GitLab CI Engineering Expertise","31","index, follow","","","https://staging.jakevibes.dev/uk/technology/gitlab-ci","","","","","","340634","43108","43108","16.514","","1066","188","5.670","71.481","Fairly Easy","2.458","0","2","","2","2","0","0.300","120","53","0","1","1","0","","","","","6e8813c67d57d4ab1f8f167e543b53b1","0.353","","","","","en-GB","1.1","","","","","","https://staging.jakevibes.dev/uk/technology/gitlab-ci","2026-07-28 16:58:41"
"https://staging.jakevibes.dev/uk/technology/glide","text/html; charset=utf-8","200","OK","Indexable","","Glide Developers for Hire","25","223","Hire vetted Glide developers to scale your team fast. Nearshore/offshore talent that feels in-house. Cancel anytime, no upfront fees.","133","810","","0","Glide Developers","16","Vetted Glide Developers, Embedded in Your Team","46","Glide Engineering Expertise","27","index, follow","","","https://staging.jakevibes.dev/uk/technology/glide","","","","","","341263","43110","43110","16.515","","1070","189","5.661","71.738","Fairly Easy","2.469","0","2","","2","2","0","0.300","120","53","0","1","1","0","","","","","8e6d21540d58e615487b9a40d6eef40c","0.382","","","","","en-GB","1.1","","","","","","https://staging.jakevibes.dev/uk/technology/glide","2026-07-28 16:58:42"
"https://staging.jakevibes.dev/uk/technology/flutter-developers","text/html; charset=utf-8","200","OK","Indexable","","Flutter Developers for Hire","27","236","Hire vetted Flutter developers to scale your team fast. Nearshore/offshore talent that feels in-house. Cancel anytime, no upfront fees.","135","820","","0","Flutter Developers","18","Embedded Flutter Developers","27","Experts in Every Layer","22","index, follow","","","https://staging.jakevibes.dev/uk/technology/flutter-developers","","","","","","342935","43573","43573","16.692","","1079","192","5.620","74.035","Fairly Easy","2.436","0","2","","3","3","0","0.450","120","53","0","1","1","0","","","","","3e12f752232c1977deb113c6e50afadb","0.392","","","","","en-GB","1.1","","","","","","https://staging.jakevibes.dev/uk/technology/flutter-developers","2026-07-28 16:58:41"
"https://staging.jakevibes.dev/uk/technology/huggingface-developers","text/html; charset=utf-8","200","OK","Indexable","","HuggingFace Developers for Hire","31","294","Hire vetted HuggingFace developers to scale your team fast. Nearshore/offshore talent that feels in-house. Cancel anytime, no upfront fees.","139","862","","0","HuggingFace Developers","22","Embedded HuggingFace Developers","31","Experts in Every Layer","22","index, follow","","","https://staging.jakevibes.dev/uk/technology/huggingface-developers","","","","","","342281","43648","43648","16.721","","1092","194","5.629","71.898","Fairly Easy","2.502","0","2","","2","2","0","0.300","120","53","0","1","1","0","","","","","dd0451afeb56f546bc61010672cd5aad","0.367","","","","","en-GB","1.1","","","","","","https://staging.jakevibes.dev/uk/technology/huggingface-developers","2026-07-28 16:58:42"
"https://staging.jakevibes.dev/uk/technology/graphql","text/html; charset=utf-8","200","OK","Indexable","","GraphQL Developers for Hire","27","256","Hire vetted GraphQL developers to scale your team fast. Nearshore/offshore talent that feels in-house. Cancel anytime, no upfront fees.","135","836","","0","GraphQL Developers","18","Vetted GraphQL Developers, Embedded in Your Team","48","GraphQL Engineering Expertise","29","index, follow","","","https://staging.jakevibes.dev/uk/technology/graphql","","","","","","340660","42827","42827","16.406","","1067","192","5.557","71.400","Fairly Easy","2.472","0","2","","2","2","0","0.300","120","53","0","1","1","0","","","","","81d57117702c3e3be73b3824b0114e20","0.411","","","","","en-GB","1.1","","","","","","https://staging.jakevibes.dev/uk/technology/graphql","2026-07-28 16:58:42"
"https://staging.jakevibes.dev/uk/technology/iam","text/html; charset=utf-8","200","OK","Indexable","","IAM Developers for Hire","23","212","Hire vetted IAM developers to scale your team fast. Nearshore/offshore talent that feels in-house. Cancel anytime, no upfront fees.","131","804","","0","IAM Developers","14","Vetted IAM Developers, Embedded in Your Team","44","IAM Engineering Expertise","25","index, follow","","","https://staging.jakevibes.dev/uk/technology/iam","","","","","","341271","43450","43450","16.645","","1082","189","5.725","70.919","Fairly Easy","2.471","0","2","","2","2","0","0.300","120","53","0","1","1","0","","","","","f1f7ff88d1621c2bba2e4ce58bc0a15a","0.392","","","","","en-GB","1.1","","","","","","https://staging.jakevibes.dev/uk/technology/iam","2026-07-28 16:58:42"
"https://staging.jakevibes.dev/uk/technology/google-cloud-developers","text/html; charset=utf-8","200","OK","Indexable","","Google Cloud Developers for Hire","32","296","Hire vetted Google Cloud developers to scale your team fast. Nearshore/offshore talent that feels in-house. Cancel anytime, no upfront fees.","140","862","","0","Google Cloud Developers","23","Embedded GCP Developers for Scalable Apps","41","End-to-End GCP Expertise","24","index, follow","","","https://staging.jakevibes.dev/uk/technology/google-cloud-developers","","","","","","342652","43569","43569","16.690","","1084","192","5.646","72.488","Fairly Easy","2.462","0","2","","2","2","0","0.300","120","53","0","1","1","0","","","","","e9f42b045348a206f730c45e271049e8","0.407","","","","","en-GB","1.1","","","","","","https://staging.jakevibes.dev/uk/technology/google-cloud-developers","2026-07-28 16:58:42"
"https://staging.jakevibes.dev/uk/technology/ionic-developers","text/html; charset=utf-8","200","OK","Indexable","","Ionic Developers for Hire","25","219","Hire vetted Ionic developers to scale your team fast. Nearshore/offshore talent that feels in-house. Cancel anytime, no upfront fees.","133","809","","0","Ionic Developers","16","Embedded Ionic Developers","25","Experts in Every Layer","22","index, follow","","","https://staging.jakevibes.dev/uk/technology/ionic-developers","","","","","","342774","43822","43822","16.787","","1077","190","5.668","74.771","Fairly Easy","2.418","0","2","","2","2","0","0.300","120","53","0","1","1","0","","","","","1a88e65a7c33f1c346b09ec7c94790b2","0.369","","","","","en-GB","1.1","","","","","","https://staging.jakevibes.dev/uk/technology/ionic-developers","2026-07-28 16:58:42"
"https://staging.jakevibes.dev/uk/technology/ios","text/html; charset=utf-8","200","OK","Indexable","","iOS Developers for Hire","23","208","Hire vetted iOS developers to scale your team fast. Nearshore/offshore talent that feels in-house. Cancel anytime, no upfront fees.","131","800","","0","iOS Developers","14","Vetted iOS Developers, Embedded in Your Team","44","iOS Engineering Expertise","25","index, follow","","","https://staging.jakevibes.dev/uk/technology/ios","","","","","","338414","42819","42819","16.403","","1041","188","5.537","74.030","Fairly Easy","2.413","0","2","","2","2","0","0.300","120","53","0","1","1","0","","","","","e2819b436edc17bf4b8ef3e1ddf6519c","0.364","","","","","en-GB","1.1","","","","","","https://staging.jakevibes.dev/uk/technology/ios","2026-07-28 16:58:43"
"https://staging.jakevibes.dev/uk/technology/java-android-developers","text/html; charset=utf-8","200","OK","Indexable","","Java (Android) Developers for Hire","34","308","Hire vetted Java (Android) developers to scale your team fast. Nearshore/offshore talent that feels in-house. Cancel anytime, no upfront fees.","142","872","","0","Java (Android) Developers","25","Embedded Android Developers","27","Experts in Every Layer","22","index, follow","","","https://staging.jakevibes.dev/uk/technology/java-android-developers","","","","","","343697","43576","43576","16.693","","1111","195","5.697","72.134","Fairly Easy","2.498","0","2","","2","2","0","0.300","120","53","0","1","1","0","","","","","f143e81d01833202764cd100b65fca","0.375","","","","","en-GB","1.1","","","","","","https://staging.jakevibes.dev/uk/technology/java-android-developers","2026-07-28 16:58:43"
"https://staging.jakevibes.dev/uk/technology/jest","text/html; charset=utf-8","200","OK","Indexable","","Jest Developers for Hire","24","216","Hire vetted Jest developers to scale your team fast. Nearshore/offshore talent that feels in-house. Cancel anytime, no upfront fees.","132","806","","0","Jest Developers","15","Vetted Jest Developers, Embedded in Your Team","45","Jest Engineering Expertise","26","index, follow","","","https://staging.jakevibes.dev/uk/technology/jest","","","","","","340394","42953","42953","16.454","","1062","187","5.679","73.135","Fairly Easy","2.442","0","2","","2","2","0","0.300","120","53","0","1","1","0","","","","","de4049569a8c5c16f50ea8924520c1e0","0.363","","","","","en-GB","1.1","","","","","","https://staging.jakevibes.dev/uk/technology/jest","2026-07-28 16:58:43"
"https://staging.jakevibes.dev/uk/technology/java-developers","text/html; charset=utf-8","200","OK","Indexable","","Java Developers for Hire","24","220","Hire vetted Java developers to scale your team fast. Nearshore/offshore talent that feels in-house. Cancel anytime, no upfront fees.","132","810","","0","Java Developers","15","Embedded Java Engineers, Globally Aligned","41","Backend Specialists","19","index, follow","","","https://staging.jakevibes.dev/uk/technology/java-developers","","","","","","342842","43529","43529","16.675","","1063","193","5.508","69.848","Normal","2.451","0","2","","677","337","0","50.000","120","52","0","1","1","0","","","","","e6a9780225cb6f93e152b72967c9e50","0.384","","","","","en-GB","1.1","","","","","","https://staging.jakevibes.dev/uk/technology/java-developers","2026-07-28 16:58:43"
"https://staging.jakevibes.dev/uk/technology/jetpack","text/html; charset=utf-8","200","OK","Indexable","","Jetpack Developers for Hire","27","248","Hire vetted Jetpack developers to scale your team fast. Nearshore/offshore talent that feels in-house. Cancel anytime, no upfront fees.","135","829","","0","Android Jetpack Developers","26","Vetted Jetpack Developers, Embedded in Your Team","48","Android Jetpack Engineering Expertise","37","index, follow","","","https://staging.jakevibes.dev/uk/technology/jetpack","","","","","","341193","43438","43438","16.640","","1063","188","5.654","71.052","Fairly Easy","2.452","0","2","","2","2","0","0.300","120","53","0","1","1","0","","","","","6141e48e04dc3448cc0aa21511efcc8","0.361","","","","","en-GB","1.1","","","","","","https://staging.jakevibes.dev/uk/technology/jetpack","2026-07-28 16:58:43"
"https://staging.jakevibes.dev/uk/technology/jira","text/html; charset=utf-8","200","OK","Indexable","","Jira Developers for Hire","24","211","Hire vetted Jira developers to scale your team fast. Nearshore/offshore talent that feels in-house. Cancel anytime, no upfront fees.","132","803","","0","Jira Specialists","16","Vetted Jira Specialists, Embedded in Your Team","46","Jira Expertise","14","index, follow","","","https://staging.jakevibes.dev/uk/technology/jira","","","","","","341117","42896","42896","16.433","","1055","187","5.642","71.041","Fairly Easy","2.445","0","2","","2","2","0","0.300","120","53","0","1","1","0","","","","","e657086d68ed4a8cddc11ea018ce89a4","0.376","","","","","en-GB","1.1","","","","","","https://staging.jakevibes.dev/uk/technology/jira","2026-07-28 16:58:43"
"https://staging.jakevibes.dev/uk/technology/jupyter","text/html; charset=utf-8","200","OK","Indexable","","Jupyter Developers for Hire","27","244","Hire vetted Jupyter developers to scale your team fast. Nearshore/offshore talent that feels in-house. Cancel anytime, no upfront fees.","135","827","","0","Jupyter Developers","18","Vetted Jupyter Developers, Embedded in Your Team","48","Jupyter Engineering Expertise","29","index, follow","","","https://staging.jakevibes.dev/uk/technology/jupyter","","","","","","340627","43251","43251","16.569","","1057","188","5.622","68.746","Normal","2.461","0","2","","2","2","0","0.300","120","53","0","1","1","0","","","","","797b22ac2e6544c124961d4f76a01ac4","0.451","","","","","en-GB","1.1","","","","","","https://staging.jakevibes.dev/uk/technology/jupyter","2026-07-28 16:58:44"
"https://staging.jakevibes.dev/uk/technology/kubeflow","text/html; charset=utf-8","200","OK","Indexable","","Kubeflow Developers for Hire","28","261","Hire vetted Kubeflow developers to scale your team fast. Nearshore/offshore talent that feels in-house. Cancel anytime, no upfront fees.","136","838","","0","Kubeflow Developers","19","Vetted Kubeflow Developers, Embedded in Your Team","49","Kubeflow Engineering Expertise","30","index, follow","","","https://staging.jakevibes.dev/uk/technology/kubeflow","","","","","","339932","42872","42872","16.423","","1059","189","5.603","71.492","Fairly Easy","2.454","0","2","","2","2","0","0.300","120","53","0","1","1","0","","","","","1d8ff34bee9b3f15900ca9aeae8f9080","0.395","","","","","en-GB","1.1","","","","","","https://staging.jakevibes.dev/uk/technology/kubeflow","2026-07-28 16:58:44"
"https://staging.jakevibes.dev/uk/technology/kotlin-developers","text/html; charset=utf-8","200","OK","Indexable","","Kotlin Developers for Hire","26","229","Hire vetted Kotlin developers to scale your team fast. Nearshore/offshore talent that feels in-house. Cancel anytime, no upfront fees.","134","815","","0","Kotlin Developers","17","Kotlin Engineers Embedded into Your Team","40","Experts in Every Layer","22","index, follow","","","https://staging.jakevibes.dev/uk/technology/kotlin-developers","","","","","","342991","43607","43607","16.705","","1078","190","5.674","72.293","Fairly Easy","2.446","0","2","","2","2","0","0.300","120","53","0","1","1","0","","","","","c612079cf1682d88f0806c2ad795d379","0.404","","","","","en-GB","1.1","","","","","","https://staging.jakevibes.dev/uk/technology/kotlin-developers","2026-07-28 16:58:44"
"https://staging.jakevibes.dev/uk/technology/kubernetes","text/html; charset=utf-8","200","OK","Indexable","","Kubernetes Developers for Hire","30","280","Hire vetted Kubernetes developers to scale your team fast. Nearshore/offshore talent that feels in-house. Cancel anytime, no upfront fees.","138","850","","0","Kubernetes Developers","21","Vetted Kubernetes Developers, Embedded in Your Team","51","Kubernetes Engineering Expertise","32","index, follow","","","https://staging.jakevibes.dev/uk/technology/kubernetes","","","","","","341603","43492","43492","16.661","","1066","189","5.640","68.972","Normal","2.482","0","2","","2","2","0","0.300","120","53","0","1","1","0","","","","","38def2510b0f95ffe572986fb6ecd4b7","0.383","","","","","en-GB","1.1","","","","","","https://staging.jakevibes.dev/uk/technology/kubernetes","2026-07-28 16:58:44"
"https://staging.jakevibes.dev/uk/technology/langchain-developers","text/html; charset=utf-8","200","OK","Indexable","","LangChain Developers for Hire","29","272","Hire vetted LangChain developers to scale your team fast. Nearshore/offshore talent that feels in-house. Cancel anytime, no upfront fees.","137","847","","0","LangChain Developers","20","LangChain Experts, Embedded Into Your Team","42","Experts in Every Layer","22","index, follow","","","https://staging.jakevibes.dev/uk/technology/langchain-developers","","","","","","343172","43675","43675","16.731","","1071","191","5.607","72.861","Fairly Easy","2.447","0","2","","2","2","0","0.300","120","53","0","1","1","0","","","","","98228b44d191391afa48327077e84886","0.465","","","","","en-GB","1.1","","","","","","https://staging.jakevibes.dev/uk/technology/langchain-developers","2026-07-28 16:58:44"
"https://staging.jakevibes.dev/uk/technology/laravel-developers","text/html; charset=utf-8","200","OK","Indexable","","Laravel Developers for Hire","27","243","Hire vetted Laravel developers to scale your team fast. Nearshore/offshore talent that feels in-house. Cancel anytime, no upfront fees.","135","825","","0","Laravel Developers","18","Laravel Engineers Who Slot Into Your Stack Paragraph:","53","Backend Confidence, Delivered","29","index, follow","","","https://staging.jakevibes.dev/uk/technology/laravel-developers","","","","","","343057","44029","44029","16.867","","1111","197","5.640","71.584","Fairly Easy","2.523","0","2","","2","2","0","0.300","120","53","0","1","1","0","","","","","c5cc4ebe27d0e190472678faece7c5b","0.480","","","","","en-GB","1.1","","","","","","https://staging.jakevibes.dev/uk/technology/laravel-developers","2026-07-28 16:58:44"
"https://staging.jakevibes.dev/uk/technology/llamaindex-developers","text/html; charset=utf-8","200","OK","Indexable","","LlamaIndex Developers for Hire","30","281","Hire vetted LlamaIndex developers to scale your team fast. Nearshore/offshore talent that feels in-house. Cancel anytime, no upfront fees.","138","852","","0","LlamaIndex Developers","21","LlamaIndex Developers Embedded in Your Stack","44","Experts in Every Layer","22","index, follow","","","https://staging.jakevibes.dev/uk/technology/llamaindex-developers","","","","","","342864","43679","43679","16.733","","1097","195","5.626","70.793","Fairly Easy","2.501","0","2","","2","2","0","0.300","120","53","0","1","1","0","","","","","51de63d58c365e3746e41e9a5cc24cad","0.442","","","","","en-GB","1.1","","","","","","https://staging.jakevibes.dev/uk/technology/llamaindex-developers","2026-07-28 16:58:44"
"https://staging.jakevibes.dev/uk/technology/make","text/html; charset=utf-8","200","OK","Indexable","","Make Developers for Hire","24","226","Hire vetted Make developers to scale your team fast. Nearshore/offshore talent that feels in-house. Cancel anytime, no upfront fees.","132","813","","0","Make Developers","15","Vetted Make Developers, Embedded in Your Team","45","Make Engineering Expertise","26","index, follow","","","https://staging.jakevibes.dev/uk/technology/make","","","","","","341164","43041","43041","16.488","","1063","187","5.684","71.977","Fairly Easy","2.453","0","2","","2","2","0","0.300","120","53","0","1","1","0","","","","","92a34d6ca981528f535034cfd628b97f","0.405","","","","","en-GB","1.1","","","","","","https://staging.jakevibes.dev/uk/technology/make","2026-07-28 16:58:45"
"https://staging.jakevibes.dev/uk/technology/mlflow","text/html; charset=utf-8","200","OK","Indexable","","MLflow Developers for Hire","26","243","Hire vetted MLflow developers to scale your team fast. Nearshore/offshore talent that feels in-house. Cancel anytime, no upfront fees.","134","826","","0","MLflow Developers","17","Vetted MLflow Developers, Embedded in Your Team","47","MLflow Engineering Expertise","28","index, follow","","","https://staging.jakevibes.dev/uk/technology/mlflow","","","","","","341205","43018","43018","16.479","","1069","186","5.747","72.875","Fairly Easy","2.453","0","2","","2","2","0","0.300","120","53","0","1","1","0","","","","","9d7053f018972894ef8db1a3637a33c1","0.388","","","","","en-GB","1.1","","","","","","https://staging.jakevibes.dev/uk/technology/mlflow","2026-07-28 16:58:45"
"https://staging.jakevibes.dev/uk/technology/mlops-developers","text/html; charset=utf-8","200","OK","Indexable","","MLOps Developers for Hire","25","240","Hire vetted MLOps developers to scale your team fast. Nearshore/offshore talent that feels in-house. Cancel anytime, no upfront fees.","133","824","","0","MLOps Developers","16","Vetted MLOps Engineers, Embedded in Your Team","45","MLOps Engineering Expertise","27","index, follow","","","https://staging.jakevibes.dev/uk/technology/mlops-developers","","","","","","341956","43845","43845","16.796","","1125","196","5.740","68.281","Normal","2.596","0","2","","2","2","0","0.300","120","53","0","1","1","0","","","","","d9b14c288822055ebe9f76e7d65e8590","0.584","","","","","en-GB","1.1","","","","","","https://staging.jakevibes.dev/uk/technology/mlops-developers","2026-07-28 16:58:45"
"https://staging.jakevibes.dev/uk/technology/mongodb","text/html; charset=utf-8","200","OK","Indexable","","MongoDB Developers for Hire","27","263","Hire vetted MongoDB developers to scale your team fast. Nearshore/offshore talent that feels in-house. Cancel anytime, no upfront fees.","135","841","","0","MongoDB Developers","18","Vetted MongoDB Developers, Embedded in Your Team","48","MongoDB Engineering Expertise","29","index, follow","","","https://staging.jakevibes.dev/uk/technology/mongodb","","","","","","341123","43346","43346","16.605","","1050","187","5.615","70.610","Fairly Easy","2.439","0","2","","2","2","0","0.300","120","53","0","1","1","0","","","","","5d2e1c4b0f33981e8a297be7ec151533","0.380","","","","","en-GB","1.1","","","","","","https://staging.jakevibes.dev/uk/technology/mongodb","2026-07-28 16:58:45"
"https://staging.jakevibes.dev/uk/technology/nextjs-developers","text/html; charset=utf-8","200","OK","Indexable","","Next.js Developers for Hire","27","239","Hire vetted Next.js developers to scale your team fast. Nearshore/offshore talent that feels in-house. Cancel anytime, no upfront fees.","135","822","","0","Next.js Developers","18","Next.js Experts, Embedded In Your Team","38","Experts in Every Layer","22","index, follow","","","https://staging.jakevibes.dev/uk/technology/nextjs-developers","","","","","","343067","43937","43937","16.831","","1090","202","5.396","76.398","Fairly Easy","2.455","0","2","","2","2","0","0.300","120","53","0","1","1","0","","","","","eb7dac26f6b40fa21a75292471da6f8","0.402","","","","","en-GB","1.1","","","","","","https://staging.jakevibes.dev/uk/technology/nextjs-developers","2026-07-28 16:58:45"
"https://staging.jakevibes.dev/uk/technology/mvvm","text/html; charset=utf-8","200","OK","Indexable","","MVVM Developers for Hire","24","237","Hire vetted MVVM developers to scale your team fast. Nearshore/offshore talent that feels in-house. Cancel anytime, no upfront fees.","132","821","","0","MVVM Developers","15","Vetted MVVM Developers, Embedded in Your Team","45","MVVM Engineering Expertise","26","index, follow","","","https://staging.jakevibes.dev/uk/technology/mvvm","","","","","","340415","43029","43029","16.484","","1065","189","5.635","72.905","Fairly Easy","2.451","0","2","","2","2","0","0.300","120","53","0","1","1","0","","","","","6a96ad97e42a9330b9f1d5545168177c","0.378","","","","","en-GB","1.1","","","","","","https://staging.jakevibes.dev/uk/technology/mvvm","2026-07-28 16:58:45"
"https://staging.jakevibes.dev/uk/technology/n8n","text/html; charset=utf-8","200","OK","Indexable","","n8n Developers for Hire","23","210","Hire vetted n8n developers to scale your team fast. Nearshore/offshore talent that feels in-house. Cancel anytime, no upfront fees.","131","803","","0","n8n Developers","14","Vetted n8n Developers, Embedded in Your Team","44","n8n Engineering Expertise","25","index, follow","","","https://staging.jakevibes.dev/uk/technology/n8n","","","","","","340731","42721","42721","16.366","","1046","186","5.624","73.984","Fairly Easy","2.412","0","2","","2","2","0","0.300","120","53","0","1","1","0","","","","","afa2c0e2dac8de34092f06b07a79e72b","0.427","","","","","en-GB","1.1","","","","","","https://staging.jakevibes.dev/uk/technology/n8n","2026-07-28 16:58:45"
"https://staging.jakevibes.dev/uk/technology/nodejs-developers","text/html; charset=utf-8","200","OK","Indexable","","Node.js Developers for Hire","27","244","Hire vetted Node.js developers to scale your team fast. Nearshore/offshore talent that feels in-house. Cancel anytime, no upfront fees.","135","826","","0","Node.js Developers","18","Embedded Node.js Engineers, On Demand","37","Node.js Expertise That Delivers","31","index, follow","","","https://staging.jakevibes.dev/uk/technology/nodejs-developers","","","","","","342591","43669","43669","16.729","","1091","202","5.401","73.949","Fairly Easy","2.481","0","2","","1014","337","0","50.000","120","52","0","1","1","0","","","","","1b31c82fb4cd7b6f031e79530151921a","0.439","","","","","en-GB","1.1","","","","","","https://staging.jakevibes.dev/uk/technology/nodejs-developers","2026-07-28 16:58:46"
"https://staging.jakevibes.dev/uk/technology/openai-developers","text/html; charset=utf-8","200","OK","Indexable","","OpenAI Developers for Hire","26","242","Hire vetted OpenAI developers to scale your team fast. Nearshore/offshore talent that feels in-house. Cancel anytime, no upfront fees.","134","825","","0","OpenAI Developers","17","OpenAI Engineers, Embedded & Experienced","40","Experts in LLM-Driven Features","30","index, follow","","","https://staging.jakevibes.dev/uk/technology/openai-developers","","","","","","342075","43726","43726","16.751","","1117","196","5.699","75.930","Fairly Easy","2.504","0","2","","2","2","0","0.300","120","53","0","1","1","0","","","","","83c552042a952c9c29f8a2cc5cac9f77","0.424","","","","","en-GB","1.1","","","","","","https://staging.jakevibes.dev/uk/technology/openai-developers","2026-07-28 16:58:46"
"https://staging.jakevibes.dev/uk/technology/numpy","text/html; charset=utf-8","200","OK","Indexable","","NumPy Developers for Hire","25","242","Hire vetted NumPy developers to scale your team fast. Nearshore/offshore talent that feels in-house. Cancel anytime, no upfront fees.","133","825","","0","NumPy Developers","16","Vetted NumPy Developers, Embedded in Your Team","46","NumPy Engineering Expertise","27","index, follow","","","https://staging.jakevibes.dev/uk/technology/numpy","","","","","","340596","42868","42868","16.422","","1066","188","5.670","70.212","Fairly Easy","2.470","0","2","","2","2","0","0.300","120","53","0","1","1","0","","","","","a1d54e092daf1334a496e14e97cad8b8","0.439","","","","","en-GB","1.1","","","","","","https://staging.jakevibes.dev/uk/technology/numpy","2026-07-28 16:58:46"
"https://staging.jakevibes.dev/uk/technology/playwright","text/html; charset=utf-8","200","OK","Indexable","","Playwright Developers for Hire","30","271","Hire vetted Playwright developers to scale your team fast. Nearshore/offshore talent that feels in-house. Cancel anytime, no upfront fees.","138","846","","0","Playwright Developers","21","Vetted Playwright Developers, Embedded in Your Team","51","Playwright Engineering Expertise","32","index, follow","","","https://staging.jakevibes.dev/uk/technology/playwright","","","","","","340632","43062","43062","16.496","","1068","188","5.681","73.694","Fairly Easy","2.443","0","2","","2","2","0","0.300","120","53","0","1","1","0","","","","","384c4ff7304d6b3b9aaa812c72971680","0.363","","","","","en-GB","1.1","","","","","","https://staging.jakevibes.dev/uk/technology/playwright","2026-07-28 16:58:46"
"https://staging.jakevibes.dev/uk/technology/php-developers","text/html; charset=utf-8","200","OK","Indexable","","PHP Developers for Hire","23","217","Hire vetted PHP developers to scale your team fast. Nearshore/offshore talent that feels in-house. Cancel anytime, no upfront fees.","131","807","","0","PHP Developers","14","Embedded PHP Developers for Modern Builds","41","Full-Stack PHP Expertise","24","index, follow","","","https://staging.jakevibes.dev/uk/technology/php-developers","","","","","","342882","43863","43863","16.803","","1087","194","5.603","73.820","Fairly Easy","2.456","0","2","","2","2","0","0.300","120","53","0","1","1","0","","","","","d2cf429edb3c01a6656835f851db78d3","0.371","","","","","en-GB","1.1","","","","","","https://staging.jakevibes.dev/uk/technology/php-developers","2026-07-28 16:58:46"
"https://staging.jakevibes.dev/uk/technology/pinecone-developers","text/html; charset=utf-8","200","OK","Indexable","","Pinecone Developers for Hire","28","260","Hire vetted Pinecone developers to scale your team fast. Nearshore/offshore talent that feels in-house. Cancel anytime, no upfront fees.","136","836","","0","Pinecone Developers","19","Pinecone Engineers Who Know Production","38","Experts in Vector Search","24","index, follow","","","https://staging.jakevibes.dev/uk/technology/pinecone-developers","","","","","","343308","43959","43959","16.840","","1080","194","5.567","70.838","Fairly Easy","2.472","0","2","","2","2","0","0.300","120","53","0","1","1","0","","","","","d0cfb48d9a199017bf5e0ef08762c97e","0.367","","","","","en-GB","1.1","","","","","","https://staging.jakevibes.dev/uk/technology/pinecone-developers","2026-07-28 16:58:46"
"https://staging.jakevibes.dev/uk/technology/pandas","text/html; charset=utf-8","200","OK","Indexable","","Pandas Developers for Hire","26","244","Hire vetted Pandas developers to scale your team fast. Nearshore/offshore talent that feels in-house. Cancel anytime, no upfront fees.","134","827","","0","Pandas Developers","17","Vetted Pandas Developers, Embedded in Your Team","47","Pandas Engineering Expertise","28","index, follow","","","https://staging.jakevibes.dev/uk/technology/pandas","","","","","","341135","43033","43033","16.485","","1062","186","5.710","71.591","Fairly Easy","2.446","0","2","","2","2","0","0.300","120","53","0","1","1","0","","","","","de61f43272391dc5f3390455c04be078","0.407","","","","","en-GB","1.1","","","","","","https://staging.jakevibes.dev/uk/technology/pandas","2026-07-28 16:58:46"
"https://staging.jakevibes.dev/uk/technology/prometheus","text/html; charset=utf-8","200","OK","Indexable","","Prometheus Developers for Hire","30","287","Hire vetted Prometheus developers to scale your team fast. Nearshore/offshore talent that feels in-house. Cancel anytime, no upfront fees.","138","855","","0","Prometheus Developers","21","Vetted Prometheus Developers, Embedded in Your Team","51","Prometheus Engineering Expertise","32","index, follow","","","https://staging.jakevibes.dev/uk/technology/prometheus","","","","","","340607","42903","42903","16.435","","1058","186","5.688","72.322","Fairly Easy","2.446","0","2","","2","2","0","0.300","120","53","0","1","1","0","","","","","1656b66b890674882cbd9baeb4f7bedd","0.367","","","","","en-GB","1.1","","","","","","https://staging.jakevibes.dev/uk/technology/prometheus","2026-07-28 16:58:47"
"https://staging.jakevibes.dev/uk/technology/posthog-developers","text/html; charset=utf-8","200","OK","Indexable","","PostHog Developers for Hire","27","254","Hire vetted PostHog developers to scale your team fast. Nearshore/offshore talent that feels in-house. Cancel anytime, no upfront fees.","135","834","","0","PostHog Developers","18","Embedded Engineers for Product Analytics","40","Analytics Expertise, Delivered","30","index, follow","","","https://staging.jakevibes.dev/uk/technology/posthog-developers","","","","","","343216","43581","43581","16.695","","1093","195","5.605","71.885","Fairly Easy","2.478","0","2","","2","2","0","0.300","120","53","0","1","1","0","","","","","3f3fab6c3995241f290e1c960672564d","0.594","","","","","en-GB","1.1","","","","","","https://staging.jakevibes.dev/uk/technology/posthog-developers","2026-07-28 16:58:47"
"https://staging.jakevibes.dev/uk/technology/pytorch","text/html; charset=utf-8","200","OK","Indexable","","PyTorch Developers for Hire","27","250","Hire vetted PyTorch developers to scale your team fast. Nearshore/offshore talent that feels in-house. Cancel anytime, no upfront fees.","135","831","","0","PyTorch Developers","18","Vetted PyTorch Developers, Embedded in Your Team","48","PyTorch Engineering Expertise","29","index, follow","","","https://staging.jakevibes.dev/uk/technology/pytorch","","","","","","340994","43312","43312","16.592","","1053","186","5.661","72.542","Fairly Easy","2.429","0","2","","2","2","0","0.300","120","53","0","1","1","0","","","","","c708237ebec7a56510154fc0eaa0f6f1","0.386","","","","","en-GB","1.1","","","","","","https://staging.jakevibes.dev/uk/technology/pytorch","2026-07-28 16:58:47"
"https://staging.jakevibes.dev/uk/technology/postman","text/html; charset=utf-8","200","OK","Indexable","","Postman Developers for Hire","27","258","Hire vetted Postman developers to scale your team fast. Nearshore/offshore talent that feels in-house. Cancel anytime, no upfront fees.","135","836","","0","Postman Developers","18","Vetted Postman Developers, Embedded in Your Team","48","Postman Engineering Expertise","29","index, follow","","","https://staging.jakevibes.dev/uk/technology/postman","","","","","","340943","42930","42930","16.446","","1042","186","5.602","72.138","Fairly Easy","2.411","0","2","","2","2","0","0.300","120","53","0","1","1","0","","","","","b199333fa33d9443037628c6359a8c58","0.552","","","","","en-GB","1.1","","","","","","https://staging.jakevibes.dev/uk/technology/postman","2026-07-28 16:58:47"
"https://staging.jakevibes.dev/uk/technology/python-developers","text/html; charset=utf-8","200","OK","Indexable","","Python Developers for Hire","26","239","Hire vetted Python developers to scale your team fast. Nearshore/offshore talent that feels in-house. Cancel anytime, no upfront fees.","134","824","","0","Python Developers","17","Python Engineers, Embedded Full-Time","36","Python Skills That Deliver","26","index, follow","","","https://staging.jakevibes.dev/uk/technology/python-developers","","","","","","343407","43454","43454","16.646","","1115","194","5.747","73.381","Fairly Easy","2.493","0","2","","1014","337","0","50.000","120","52","0","1","1","0","","","","","e62556cdca5508448d310decd74025c6","0.386","","","","","en-GB","1.1","","","","","","https://staging.jakevibes.dev/uk/technology/python-developers","2026-07-28 16:58:47"
"https://staging.jakevibes.dev/uk/technology/qase","text/html; charset=utf-8","200","OK","Indexable","","Qase Developers for Hire","24","223","Hire vetted Qase developers to scale your team fast. Nearshore/offshore talent that feels in-house. Cancel anytime, no upfront fees.","132","811","","0","Qase Developers","15","Vetted Qase Developers, Embedded in Your Team","45","Qase Engineering Expertise","26","index, follow","","","https://staging.jakevibes.dev/uk/technology/qase","","","","","","340953","43253","43253","16.569","","1060","188","5.638","73.733","Fairly Easy","2.425","0","2","","2","2","0","0.300","120","53","0","1","1","0","","","","","b30d9964c5b7da9841a6920d45ffbe39","0.371","","","","","en-GB","1.1","","","","","","https://staging.jakevibes.dev/uk/technology/qase","2026-07-28 16:58:47"
"https://staging.jakevibes.dev/uk/technology/react-developers","text/html; charset=utf-8","200","OK","Indexable","","React Developers for Hire","25","228","Hire vetted React developers to scale your team fast. Nearshore/offshore talent that feels in-house. Cancel anytime, no upfront fees.","133","815","","0","React Developers","16","Embedded React Developers","25","Experts in Every Layer","22","index, follow","","","https://staging.jakevibes.dev/uk/technology/react-developers","","","","","","342735","43463","43463","16.650","","1075","192","5.599","77.361","Fairly Easy","2.410","0","2","","1014","337","0","50.000","120","52","0","1","1","0","","","","","e66e4d6da347a1f09eac841dec6bed5d","0.407","","","","","en-GB","1.1","","","","","","https://staging.jakevibes.dev/uk/technology/react-developers","2026-07-28 16:58:48"
"https://staging.jakevibes.dev/uk/technology/ruby-developers","text/html; charset=utf-8","200","OK","Indexable","","Ruby Developers for Hire","24","220","Hire vetted Ruby developers to scale your team fast. Nearshore/offshore talent that feels in-house. Cancel anytime, no upfront fees.","132","811","","0","Ruby Developers","15","Embedded Ruby Developers, Vetted for Delivery","45","Rails Proficiency","17","index, follow","","","https://staging.jakevibes.dev/uk/technology/ruby-developers","","","","","","343012","43560","43560","16.687","","1091","193","5.653","71.987","Fairly Easy","2.466","0","2","","2","2","0","0.300","120","53","0","1","1","0","","","","","2a78a84aba0449e119da722ce09178bd","0.393","","","","","en-GB","1.1","","","","","","https://staging.jakevibes.dev/uk/technology/ruby-developers","2026-07-28 16:58:48"
"https://staging.jakevibes.dev/uk/technology/react-native-developers","text/html; charset=utf-8","200","OK","Indexable","","React Native Developers for Hire","32","291","Hire vetted React Native developers to scale your team fast. Nearshore/offshore talent that feels in-house. Cancel anytime, no upfront fees.","140","858","","0","React Native Developers","23","React Native Developers, Ready to Ship","38","Experts in Cross-Platform","25","index, follow","","","https://staging.jakevibes.dev/uk/technology/react-native-developers","","","","","","342760","43873","43873","16.807","","1100","193","5.699","73.073","Fairly Easy","2.478","0","2","","3","3","0","0.450","120","53","0","1","1","0","","","","","87197f93f9f82792845cd09b7dc8bbca","0.388","","","","","en-GB","1.1","","","","","","https://staging.jakevibes.dev/uk/technology/react-native-developers","2026-07-28 16:58:48"
"https://staging.jakevibes.dev/uk/technology/redis","text/html; charset=utf-8","200","OK","Indexable","","Redis Developers for Hire","25","226","Hire vetted Redis developers to scale your team fast. Nearshore/offshore talent that feels in-house. Cancel anytime, no upfront fees.","133","813","","0","Redis Developers","16","Vetted Redis Developers, Embedded in Your Team","46","Redis Engineering Expertise","27","index, follow","","","https://staging.jakevibes.dev/uk/technology/redis","","","","","","341036","44747","44747","17.142","","1063","187","5.684","73.170","Fairly Easy","2.441","0","2","","2","2","0","0.300","120","53","0","1","1","0","","","","","2f77e8cdd10b1f027072d6a3e1756015","0.407","","","","","en-GB","1.1","","","","","","https://staging.jakevibes.dev/uk/technology/redis","2026-07-28 16:58:48"
"https://staging.jakevibes.dev/uk/technology/rust-developers","text/html; charset=utf-8","200","OK","Indexable","","Rust Developers for Hire","24","217","Hire vetted Rust developers to scale your team fast. Nearshore/offshore talent that feels in-house. Cancel anytime, no upfront fees.","132","808","","0","Rust Developers","15","Vetted Rust Engineers, Embedded in Your Team","44","Rust Engineering Expertise","26","index, follow","","","https://staging.jakevibes.dev/uk/technology/rust-developers","","","","","","342304","43661","43661","16.726","","1099","195","5.636","67.017","Normal","2.544","0","2","","2","2","0","0.300","120","53","0","1","1","0","","","","","21aa3216aab47c055f3a163cc522f94c","0.401","","","","","en-GB","1.1","","","","","","https://staging.jakevibes.dev/uk/technology/rust-developers","2026-07-28 16:58:48"
"https://staging.jakevibes.dev/uk/technology/scikit-learn","text/html; charset=utf-8","200","OK","Indexable","","scikit-learn Developers for Hire","32","275","Hire vetted scikit-learn developers to scale your team fast. Nearshore/offshore talent that feels in-house. Cancel anytime, no upfront fees.","140","846","","0","scikit-learn Developers","23","Vetted scikit-learn Developers, Embedded in Your Team","53","scikit-learn Engineering Expertise","34","index, follow","","","https://staging.jakevibes.dev/uk/technology/scikit-learn","","","","","","341313","43009","43009","16.476","","1051","188","5.590","71.323","Fairly Easy","2.441","0","2","","2","2","0","0.300","120","53","0","1","1","0","","","","","89a5361387ddeca8c012ca7af63d0e2f","0.353","","","","","en-GB","1.1","","","","","","https://staging.jakevibes.dev/uk/technology/scikit-learn","2026-07-28 16:58:48"
"https://staging.jakevibes.dev/uk/technology/selenium","text/html; charset=utf-8","200","OK","Indexable","","Selenium Developers for Hire","28","261","Hire vetted Selenium developers to scale your team fast. Nearshore/offshore talent that feels in-house. Cancel anytime, no upfront fees.","136","835","","0","Selenium Developers","19","Vetted Selenium Developers, Embedded in Your Team","49","Selenium Engineering Expertise","30","index, follow","","","https://staging.jakevibes.dev/uk/technology/selenium","","","","","","341306","43202","43202","16.550","","1064","187","5.690","70.820","Fairly Easy","2.450","0","2","","2","2","0","0.300","120","53","0","1","1","0","","","","","29ac5bd828eb7c52314d5200c0bfe5a0","0.395","","","","","en-GB","1.1","","","","","","https://staging.jakevibes.dev/uk/technology/selenium","2026-07-28 16:58:49"
"https://staging.jakevibes.dev/uk/technology/supabase-developers","text/html; charset=utf-8","200","OK","Indexable","","Supabase Developers for Hire","28","265","Hire vetted Supabase developers to scale your team fast. Nearshore/offshore talent that feels in-house. Cancel anytime, no upfront fees.","136","841","","0","Supabase Developers","19","Vetted Supabase Engineers, Embedded","35","From MVPs to Scale","18","index, follow","","","https://staging.jakevibes.dev/uk/technology/supabase-developers","","","","","","343171","43670","43670","16.729","","1087","194","5.603","75.376","Fairly Easy","2.451","0","2","","2","2","0","0.300","120","53","0","1","1","0","","","","","c7ec9ea2483c23b606be4daebbf1d50c","0.365","","","","","en-GB","1.1","","","","","","https://staging.jakevibes.dev/uk/technology/supabase-developers","2026-07-28 16:58:49"
"https://staging.jakevibes.dev/uk/technology/storybook","text/html; charset=utf-8","200","OK","Indexable","","Storybook Developers for Hire","29","266","Hire vetted Storybook developers to scale your team fast. Nearshore/offshore talent that feels in-house. Cancel anytime, no upfront fees.","137","843","","0","Storybook Developers","20","Vetted Storybook Developers, Embedded in Your Team","50","Storybook Engineering Expertise","31","index, follow","","","https://staging.jakevibes.dev/uk/technology/storybook","","","","","","340352","44347","44347","16.988","","1049","186","5.640","72.799","Fairly Easy","2.426","0","2","","2","2","0","0.300","120","53","0","1","1","0","","","","","5b16085b082e90fe222ca329c3959cb1","0.402","","","","","en-GB","1.1","","","","","","https://staging.jakevibes.dev/uk/technology/storybook","2026-07-28 16:58:49"
"https://staging.jakevibes.dev/uk/technology/swift-developers","text/html; charset=utf-8","200","OK","Indexable","","Swift Developers for Hire","25","223","Hire vetted Swift developers to scale your team fast. Nearshore/offshore talent that feels in-house. Cancel anytime, no upfront fees.","133","811","","0","Swift Developers","16","Swift Developers, Embedded into Your Team","41","Experts in Apple Ecosystem","26","index, follow","","","https://staging.jakevibes.dev/uk/technology/swift-developers","","","","","","342606","43604","43604","16.704","","1108","194","5.711","75.054","Fairly Easy","2.492","0","2","","2","2","0","0.300","120","53","0","1","1","0","","","","","f567526e4b3128b4a17bc0d32482bf3a","0.376","","","","","en-GB","1.1","","","","","","https://staging.jakevibes.dev/uk/technology/swift-developers","2026-07-28 16:58:49"
"https://staging.jakevibes.dev/uk/technology/softr","text/html; charset=utf-8","200","OK","Indexable","","Softr Developers for Hire","25","221","Hire vetted Softr developers to scale your team fast. Nearshore/offshore talent that feels in-house. Cancel anytime, no upfront fees.","133","810","","0","Softr Developers","16","Vetted Softr Developers, Embedded in Your Team","46","Softr Engineering Expertise","27","index, follow","","","https://staging.jakevibes.dev/uk/technology/softr","","","","","","341002","43354","43354","16.608","","1063","185","5.746","74.381","Fairly Easy","2.430","0","2","","2","2","0","0.300","120","53","0","1","1","0","","","","","5790f1ed35fb7520aea95f8f265f3c2e","0.439","","","","","en-GB","1.1","","","","","","https://staging.jakevibes.dev/uk/technology/softr","2026-07-28 16:58:49"
"https://staging.jakevibes.dev/uk/technology/terraform","text/html; charset=utf-8","200","OK","Indexable","","Terraform Developers for Hire","29","268","Hire vetted Terraform developers to scale your team fast. Nearshore/offshore talent that feels in-house. Cancel anytime, no upfront fees.","137","842","","0","Terraform Developers","20","Vetted Terraform Developers, Embedded in Your Team","50","Terraform Engineering Expertise","31","index, follow","","","https://staging.jakevibes.dev/uk/technology/terraform","","","","","","341221","43016","43016","16.479","","1060","187","5.668","71.468","Fairly Easy","2.450","0","2","","2","2","0","0.300","120","53","0","1","1","0","","","","","6eef8eaf28fd4bea1b7760b3f77ab091","0.385","","","","","en-GB","1.1","","","","","","https://staging.jakevibes.dev/uk/technology/terraform","2026-07-28 16:58:50"
"https://staging.jakevibes.dev/uk/technology/tensorflow-developers","text/html; charset=utf-8","200","OK","Indexable","","TensorFlow Developers for Hire","30","281","Hire vetted TensorFlow developers to scale your team fast. Nearshore/offshore talent that feels in-house. Cancel anytime, no upfront fees.","138","852","","0","TensorFlow Developers","21","TensorFlow Developers Who Deliver","33","Experts in AI Engineering","25","index, follow","","","https://staging.jakevibes.dev/uk/technology/tensorflow-developers","","","","","","342485","43514","43514","16.669","","1081","192","5.630","73.477","Fairly Easy","2.450","0","2","","2","2","0","0.300","120","53","0","1","1","0","","","","","8b16d8adabfc641a1427e79cba957a2f","0.370","","","","","en-GB","1.1","","","","","","https://staging.jakevibes.dev/uk/technology/tensorflow-developers","2026-07-28 16:58:50"
"https://staging.jakevibes.dev/uk/technology/swiftui","text/html; charset=utf-8","200","OK","Indexable","","SwiftUI Developers for Hire","27","241","Hire vetted SwiftUI developers to scale your team fast. Nearshore/offshore talent that feels in-house. Cancel anytime, no upfront fees.","135","824","","0","SwiftUI Developers","18","Vetted SwiftUI Developers, Embedded in Your Team","48","SwiftUI Engineering Expertise","29","index, follow","","","https://staging.jakevibes.dev/uk/technology/swiftui","","","","","","340975","43095","43095","16.509","","1049","185","5.670","72.607","Fairly Easy","2.422","0","2","","2","2","0","0.300","120","53","0","1","1","0","","","","","10b0049aed2250f99f0cd2f510ecfea3","0.616","","","","","en-GB","1.1","","","","","","https://staging.jakevibes.dev/uk/technology/swiftui","2026-07-28 16:58:50"
"https://staging.jakevibes.dev/uk/technology/tailwind","text/html; charset=utf-8","200","OK","Indexable","","Tailwind Developers for Hire","28","252","Hire vetted Tailwind developers to scale your team fast. Nearshore/offshore talent that feels in-house. Cancel anytime, no upfront fees.","136","831","","0","Tailwind Developers","19","Vetted Tailwind Developers, Embedded in Your Team","49","Tailwind Engineering Expertise","30","index, follow","","","https://staging.jakevibes.dev/uk/technology/tailwind","","","","","","340373","44482","44482","17.040","","1045","187","5.588","73.251","Fairly Easy","2.426","0","2","","2","2","0","0.300","120","53","0","1","1","0","","","","","ac204ddcb6f96ab3e1d399e28b9da7f6","0.584","","","","","en-GB","1.1","","","","","","https://staging.jakevibes.dev/uk/technology/tailwind","2026-07-28 16:58:50"
"https://staging.jakevibes.dev/uk/technology/testrail","text/html; charset=utf-8","200","OK","Indexable","","TestRail Developers for Hire","28","250","Hire vetted TestRail developers to scale your team fast. Nearshore/offshore talent that feels in-house. Cancel anytime, no upfront fees.","136","829","","0","TestRail Developers","19","Vetted TestRail Developers, Embedded in Your Team","49","TestRail Engineering Expertise","30","index, follow","","","https://staging.jakevibes.dev/uk/technology/testrail","","","","","","341035","42890","42890","16.430","","1048","186","5.634","73.086","Fairly Easy","2.421","0","2","","2","2","0","0.300","120","53","0","1","1","0","","","","","32c1f01e100501f0bcffded2c4d4c824","0.378","","","","","en-GB","1.1","","","","","","https://staging.jakevibes.dev/uk/technology/testrail","2026-07-28 16:58:50"
"https://staging.jakevibes.dev/uk/technology/unity-developers","text/html; charset=utf-8","200","OK","Indexable","","Unity Developers for Hire","25","222","Hire vetted Unity developers to scale your team fast. Nearshore/offshore talent that feels in-house. Cancel anytime, no upfront fees.","133","811","","0","Unity Developers","16","Unity Developers, Embedded and Ready to Build","45","Experts in Unity Ecosystem","26","index, follow","","","https://staging.jakevibes.dev/uk/technology/unity-developers","","","","","","342530","43572","43572","16.692","","1093","195","5.605","70.956","Fairly Easy","2.482","0","2","","2","2","0","0.300","120","53","0","1","1","0","","","","","1f61fac295ffebb997ad3eaed6608f87","0.366","","","","","en-GB","1.1","","","","","","https://staging.jakevibes.dev/uk/technology/unity-developers","2026-07-28 16:58:50"
"https://staging.jakevibes.dev/uk/technology/uikit","text/html; charset=utf-8","200","OK","Indexable","","UIKit Developers for Hire","25","220","Hire vetted UIKit developers to scale your team fast. Nearshore/offshore talent that feels in-house. Cancel anytime, no upfront fees.","133","809","","0","UIKit Developers","16","Vetted UIKit Developers, Embedded in Your Team","46","UIKit Engineering Expertise","27","index, follow","","","https://staging.jakevibes.dev/uk/technology/uikit","","","","","","340313","42901","42901","16.435","","1053","186","5.661","73.185","Fairly Easy","2.428","0","2","","2","2","0","0.300","120","53","0","1","1","0","","","","","e609594ddd0e1df1c9499c36446c7e7f","0.409","","","","","en-GB","1.1","","","","","","https://staging.jakevibes.dev/uk/technology/uikit","2026-07-28 16:58:50"
"https://staging.jakevibes.dev/uk/technology/typescript-developers","text/html; charset=utf-8","200","OK","Indexable","","TypeScript Developers for Hire","30","272","Hire vetted TypeScript developers to scale your team fast. Nearshore/offshore talent that feels in-house. Cancel anytime, no upfront fees.","138","845","","0","TypeScript Developers","21","TypeScript Developers Embedded Full-Time","40","Modern Code, Built Right","24","index, follow","","","https://staging.jakevibes.dev/uk/technology/typescript-developers","","","","","","343550","43575","43575","16.693","","1096","199","5.508","72.492","Fairly Easy","2.493","0","2","","1014","337","0","50.000","120","52","0","1","1","0","","","","","9b2fc7730054097847c599166c90da40","0.386","","","","","en-GB","1.1","","","","","","https://staging.jakevibes.dev/uk/technology/typescript-developers","2026-07-28 16:58:50"
"https://staging.jakevibes.dev/uk/technology/vector-db-developers","text/html; charset=utf-8","200","OK","Indexable","","Vector DB Developers for Hire","29","266","Hire vetted Vector DB developers to scale your team fast. Nearshore/offshore talent that feels in-house. Cancel anytime, no upfront fees.","137","841","","0","Vector DB Developers","20","Vector DB Developers, Embedded In Your Team","43","From POC to Production","22","index, follow","","","https://staging.jakevibes.dev/uk/technology/vector-db-developers","","","","","","343326","43982","43982","16.849","","1085","194","5.593","71.880","Fairly Easy","2.472","0","2","","2","2","0","0.300","120","53","0","1","1","0","","","","","be56aa811e5d8700039c6da3736f2d04","0.381","","","","","en-GB","1.1","","","","","","https://staging.jakevibes.dev/uk/technology/vector-db-developers","2026-07-28 16:58:51"
"https://staging.jakevibes.dev/uk/technology/vertex-ai-developers","text/html; charset=utf-8","200","OK","Indexable","","Vertex AI Developers for Hire","29","259","Hire vetted Vertex AI developers to scale your team fast. Nearshore/offshore talent that feels in-house. Cancel anytime, no upfront fees.","137","835","","0","Vertex AI Developers","20","Vertex AI Developers, Embedded In Your Team","43","From Model to Product","21","index, follow","","","https://staging.jakevibes.dev/uk/technology/vertex-ai-developers","","","","","","343404","43429","43429","16.637","","1102","195","5.651","73.508","Fairly Easy","2.483","0","2","","2","2","0","0.300","120","53","0","1","1","0","","","","","362e8090c2ad5961b3ca30edf71a3097","0.430","","","","","en-GB","1.1","","","","","","https://staging.jakevibes.dev/uk/technology/vertex-ai-developers","2026-07-28 16:58:51"
"https://staging.jakevibes.dev/uk/technology/vercel-developers","text/html; charset=utf-8","200","OK","Indexable","","Vercel Developers for Hire","26","234","Hire vetted Vercel developers to scale your team fast. Nearshore/offshore talent that feels in-house. Cancel anytime, no upfront fees.","134","817","","0","Vercel Developers","17","Vetted Vercel Engineers, Embedded in Your Team","46","Vercel Engineering Expertise","28","index, follow","","","https://staging.jakevibes.dev/uk/technology/vercel-developers","","","","","","342229","43650","43650","16.721","","1099","198","5.551","69.259","Normal","2.535","0","2","","2","2","0","0.300","120","53","0","1","1","0","","","","","6b15eed3901064b097219b9a31fbfc5e","0.435","","","","","en-GB","1.1","","","","","","https://staging.jakevibes.dev/uk/technology/vercel-developers","2026-07-28 16:58:51"
"https://staging.jakevibes.dev/uk/technology/webflow-developers","text/html; charset=utf-8","200","OK","Indexable","","Webflow Developers for Hire","27","255","Hire vetted Webflow developers to scale your team fast. Nearshore/offshore talent that feels in-house. Cancel anytime, no upfront fees.","135","833","","0","Webflow Developers","18","Webflow Developers, Embedded and Ready to Ship","46","From Landing Pages to CMS Engines","33","index, follow","","","https://staging.jakevibes.dev/uk/technology/webflow-developers","","","","","","342095","45677","45677","17.498","","1089","193","5.642","71.683","Fairly Easy","2.507","0","2","","2","2","0","0.300","120","53","0","1","1","0","","","","","f6e7d0ee58d0ff34718bf0eb8522decc","0.373","","","","","en-GB","1.1","","","","","","https://staging.jakevibes.dev/uk/technology/webflow-developers","2026-07-28 16:58:51"
"https://staging.jakevibes.dev/uk/technology/weaviate-developers","text/html; charset=utf-8","200","OK","Indexable","","Weaviate Developers for Hire","28","261","Hire vetted Weaviate developers to scale your team fast. Nearshore/offshore talent that feels in-house. Cancel anytime, no upfront fees.","136","836","","0","Weaviate Developers","19","Weaviate Developers Embedded in Your Stack","42","From Vector Search to RAG","25","index, follow","","","https://staging.jakevibes.dev/uk/technology/weaviate-developers","","","","","","343520","43916","43916","16.823","","1095","195","5.615","70.411","Fairly Easy","2.496","0","2","","2","2","0","0.300","120","53","0","1","1","0","","","","","763cafbf6ec914228257b7a5a5e3f90d","0.450","","","","","en-GB","1.1","","","","","","https://staging.jakevibes.dev/uk/technology/weaviate-developers","2026-07-28 16:58:51"
"https://staging.jakevibes.dev/uk/technology/xano","text/html; charset=utf-8","200","OK","Indexable","","Xano Developers for Hire","24","223","Hire vetted Xano developers to scale your team fast. Nearshore/offshore talent that feels in-house. Cancel anytime, no upfront fees.","132","812","","0","Xano Developers","15","Vetted Xano Developers, Embedded in Your Team","45","Xano Engineering Expertise","26","index, follow","","","https://staging.jakevibes.dev/uk/technology/xano","","","","","","341058","42915","42915","16.440","","1070","188","5.691","73.051","Fairly Easy","2.448","0","2","","2","2","0","0.300","120","53","0","1","1","0","","","","","a92a218372a19eac674416f9e3f39582","0.382","","","","","en-GB","1.1","","","","","","https://staging.jakevibes.dev/uk/technology/xano","2026-07-28 16:58:51"
"https://staging.jakevibes.dev/uk/technology/zapier","text/html; charset=utf-8","200","OK","Indexable","","Zapier Developers for Hire","26","234","Hire vetted Zapier developers to scale your team fast. Nearshore/offshore talent that feels in-house. Cancel anytime, no upfront fees.","134","818","","0","Zapier Developers","17","Vetted Zapier Developers, Embedded in Your Team","47","Zapier Engineering Expertise","28","index, follow","","","https://staging.jakevibes.dev/uk/technology/zapier","","","","","","341028","43125","43125","16.520","","1050","187","5.615","71.335","Fairly Easy","2.428","0","2","","2","2","0","0.300","120","53","0","1","1","0","","","","","9b9ea960f86560431e607b13d4f23d42","0.431","","","","","en-GB","1.1","","","","","","https://staging.jakevibes.dev/uk/technology/zapier","2026-07-28 16:58:52"
"https://staging.jakevibes.dev/uk/technology/xamarin-developers","text/html; charset=utf-8","200","OK","Indexable","","Xamarin Developers for Hire","27","253","Hire vetted Xamarin developers to scale your team fast. Nearshore/offshore talent that feels in-house. Cancel anytime, no upfront fees.","135","832","","0","Xamarin Developers","18","Xamarin Developers Who Deliver","30","Cross-Platform, Clean Code","26","index, follow","","","https://staging.jakevibes.dev/uk/technology/xamarin-developers","","","","","","341810","43422","43422","16.634","","1093","194","5.634","75.107","Fairly Easy","2.460","0","2","","2","2","0","0.300","120","53","0","1","1","0","","","","","4c06154a6a1b2792712f63c932c3be61","0.442","","","","","en-GB","1.1","","","","","","https://staging.jakevibes.dev/uk/technology/xamarin-developers","2026-07-28 16:58:51"
"https://staging.jakevibes.dev/uk/tools","text/html; charset=utf-8","200","OK","Indexable","","Tools & Quizzes | Cloud Employee","32","300","Use our free hiring tools and quizzes to compare costs, plan scaling scenarios, and find the right developer talent faster with Cloud Employee.","143","867","","0","Tools & Quizzes","15","All tools & quizzes","19","Ready to hire your next engineer?","33","index, follow","","","https://staging.jakevibes.dev/uk/tools","","","","","","215201","28158","28158","10.787","","360","70","5.143","44.635","Hard","2.108","0","1","","1017","337","0","50.000","120","52","0","1","1","0","","","","","ec8802a587b6ffd7ca82a925cbe6095c","0.484","","","","","en-GB","1.1","","","","","","https://staging.jakevibes.dev/uk/tools","2026-07-28 16:58:52"
"https://staging.jakevibes.dev/uk/technology/xcode","text/html; charset=utf-8","200","OK","Indexable","","Xcode Developers for Hire","25","233","Hire vetted Xcode developers to scale your team fast. Nearshore/offshore talent that feels in-house. Cancel anytime, no upfront fees.","133","818","","0","Xcode Developers","16","Vetted Xcode Developers, Embedded in Your Team","46","Xcode Engineering Expertise","27","index, follow","","","https://staging.jakevibes.dev/uk/technology/xcode","","","","","","340798","42991","42991","16.469","","1059","186","5.694","75.235","Fairly Easy","2.415","0","2","","2","2","0","0.300","120","53","0","1","1","0","","","","","b89d75c4b207ae8bbd81d323330210f","0.618","","","","","en-GB","1.1","","","","","","https://staging.jakevibes.dev/uk/technology/xcode","2026-07-28 16:58:52"
"https://staging.jakevibes.dev/uk/tools/culture-match","text/html; charset=utf-8","200","OK","Indexable","","Culture Match | Cloud Employee","30","284","A bad hire doesn’t just miss expectations, it slows everything down.‍ Culture Match gives you a quick, practical snapshot of how a developer naturally works so you can make smarter decisions, faster.","199","1222","","0","Culture Match","13","See how it works","16","What it does","12","index, follow","","","https://staging.jakevibes.dev/uk/tools/culture-match","","","","","","243880","32516","32516","12.456","","696","118","5.898","61.307","Normal","2.613","0","2","","4","2","0","0.300","116","51","0","1","1","0","","","","","64f4d8f89e081556468afdd38ff8e8fb","0.400","","","","","en-GB","1.1","","","","","","https://staging.jakevibes.dev/uk/tools/culture-match","2026-07-28 16:58:52"
"https://staging.jakevibes.dev/uk/videos/boost-remote-dev-productivity-with-a-how-to-work-with-me-guide","text/html; charset=utf-8","200","OK","Indexable","","Boost Remote Dev Productivity with a “How to Work With Me” Guide | Cloud Employee","81","762","Cloud Employee CEO Seb Hall reveals how a simple ‘How to Work With Me’ guide helps UK & US tech leaders set clear expectations for offshore teams.","146","920","","0","Boost Remote Dev Productivity with a “How to Work With Me” Guide","64","About this video","16","Speakers in this video","22","index, follow","","","https://staging.jakevibes.dev/uk/videos/boost-remote-dev-productivity-with-a-how-to-work-with-me-guide","","","","","","212675","28337","28337","10.855","","472","84","5.619","59.713","Fairly Hard","2.332","0","2","","2","2","0","0.300","114","51","0","2","2","0","","","","","69622d6e79c126e19a5e7de29d29523d","0.403","","","","","en-GB","1.1","","","","","","https://staging.jakevibes.dev/uk/videos/boost-remote-dev-productivity-with-a-how-to-work-with-me-guide","2026-07-28 16:58:52"
"https://staging.jakevibes.dev/uk/videos","text/html; charset=utf-8","200","OK","Indexable","","Video Library | Cloud Employee | Cloud Employee","47","433","Watch customer interviews, hiring process walkthroughs, and short explainers on offshoring, retention, and embedded engineering from Cloud Employee.","148","943","","0","Video Library","13","Featured","8","All video content","17","index, follow","","","https://staging.jakevibes.dev/uk/videos","https://staging.jakevibes.dev/uk/videos?page=2","","","","","286101","34813","34813","13.336","","810","137","5.912","53.045","Fairly Hard","2.617","0","1","","1019","337","0","50.000","134","65","0","1","1","0","","","","","13699670391490b5c9e831ae7fc65bab","0.414","","","","","en-GB","1.1","","","","","","https://staging.jakevibes.dev/uk/videos","2026-07-28 16:58:52"
"https://staging.jakevibes.dev/uk/videos/danis-journey-as-a-front-end-engineer-at-cloud-employee","text/html; charset=utf-8","200","OK","Indexable","","Dani’s Journey as a Front-End Engineer at Cloud Employee | Cloud Employee","73","675","Cloud Employee connects CTOs and tech leads with supported offshore developers. Unlike freelancing, our engineers thrive with structure, community, and long-term commitment - so your global team scales without churn or disengagement.","233","1480","","0","Dani’s Journey as a Front-End Engineer at Cloud Employee","56","About this video","16","Ready to hire your next engineer?","33","index, follow","","","https://staging.jakevibes.dev/uk/videos/danis-journey-as-a-front-end-engineer-at-cloud-employee","","","","","","208856","28106","28106","10.767","","426","73","5.836","51.372","Fairly Hard","2.309","0","2","","2","2","0","0.300","114","51","0","1","1","0","","","","","94c86e41a581e8bf953f0bbf8bf21d36","0.481","","","","","en-GB","1.1","","","","","","https://staging.jakevibes.dev/uk/videos/danis-journey-as-a-front-end-engineer-at-cloud-employee","2026-07-28 16:58:53"
"https://staging.jakevibes.dev/uk/videos/employee-experience","text/html; charset=utf-8","200","OK","Indexable","","Inside Cloud Employee’s Developer Experience - Culture, Support & Retention | Cloud Employee","92","839","At Cloud Employee, employee experience is a top priority - driving wellbeing, growth, and retention through wellness benefits, learning programs, mentoring, and inclusive culture.","179","1086","","0","Inside Cloud Employee’s Developer Experience - Culture, Support & Retention","75","About this video","16","Speakers in this video","22","index, follow","","","https://staging.jakevibes.dev/uk/videos/employee-experience","","","","","","209585","27672","27672","10.601","","408","73","5.589","46.269","Hard","2.260","0","2","","2","2","0","0.300","114","51","0","2","2","0","","","","","e9c3a2675a948bece2de2d11a562740b","0.349","","","","","en-GB","1.1","","","","","","https://staging.jakevibes.dev/uk/videos/employee-experience","2026-07-28 16:58:53"
"https://staging.jakevibes.dev/uk/tools/price-comparison-calculator","text/html; charset=utf-8","200","OK","Indexable","","Price Comparison Calculator | Cloud Employee","44","413","Simply select where your team is based, and the number of developers you need. Using our industry expertise and market knowledge we'll create an estimate and comparison of hiring costs.","185","1159","","0","Price Comparison Calculator","27","See how it works","16","How much could growing your team cost?* In-house vs. Cloud Employee","67","index, follow","","","https://staging.jakevibes.dev/uk/tools/price-comparison-calculator","","","","","","214030","29705","29705","11.379","","564","118","4.780","27.534","Very Hard","3.014","0","2","","2","2","0","0.300","114","51","0","1","1","0","","","","","8c46a74613b9fa546e29e92e28da37b5","0.658","","","","","en-GB","1.1","","","","","","https://staging.jakevibes.dev/uk/tools/price-comparison-calculator","2026-07-28 16:58:52"
"https://staging.jakevibes.dev/uk/videos/hiring-one-dev-backed-by-200","text/html; charset=utf-8","200","OK","Indexable","","Hiring One Developer, Backed by 200+ | Cloud Employee","53","495","Most offshore developers lack support and collaboration, but Cloud Employee is different. Hear Senior Developer Lance share how our 200+ developer network builds accountability, culture, and faster delivery.","207","1280","","0","Hiring One Developer, Backed by 200+","36","About this video","16","Speakers in this video","22","index, follow","","","https://staging.jakevibes.dev/uk/videos/hiring-one-dev-backed-by-200","","","","","","210361","28296","28296","10.840","","461","82","5.622","50.280","Fairly Hard","2.394","0","2","","2","2","0","0.300","114","51","0","2","2","0","","","","","8d9ad72050bb10bdf0e5738fe67ffd13","0.354","","","","","en-GB","1.1","","","","","","https://staging.jakevibes.dev/uk/videos/hiring-one-dev-backed-by-200","2026-07-28 16:58:53"
"https://staging.jakevibes.dev/uk/videos/de-risked-dev-hiring-for-changing-markets","text/html; charset=utf-8","200","OK","Indexable","","De-risked Dev Hiring for Changing Markets | Cloud Employee","58","536","Cloud Employee CEO Seb Hall explains how fast-moving teams de-risk hiring by scaling with full-time augmented engineers on flexible monthly contracts.","150","939","","0","De-risked Dev Hiring for Changing Markets","41","About this video","16","Speakers in this video","22","index, follow","","","https://staging.jakevibes.dev/uk/videos/de-risked-dev-hiring-for-changing-markets","","","","","","210745","28199","28199","10.803","","421","77","5.468","52.582","Fairly Hard","2.268","0","2","","2","2","0","0.300","114","51","0","2","2","0","","","","","24234fb179d659c59cb09b85ab38c7d0","0.509","","","","","en-GB","1.1","","","","","","https://staging.jakevibes.dev/uk/videos/de-risked-dev-hiring-for-changing-markets","2026-07-28 16:58:53"
"https://staging.jakevibes.dev/uk/videos/how-cloud-employee-keeps-remote-developers-motivated","text/html; charset=utf-8","200","OK","Indexable","","How Cloud Employee Keeps Remote Developers Motivated | Cloud Employee","69","682","Cloud Employee keeps offshore developers engaged and connected. Hear Trish’s story on how we build remote teams that stay productive, motivated, and built to last.","163","1027","","0","How Cloud Employee Keeps Remote Developers Motivated","52","About this video","16","Speakers in this video","22","index, follow","","","https://staging.jakevibes.dev/uk/videos/how-cloud-employee-keeps-remote-developers-motivated","","","","","","209677","27698","27698","10.611","","426","74","5.757","54.431","Fairly Hard","2.254","0","2","","2","2","0","0.300","114","51","0","2","2","0","","","","","e172996c45cc6358b35496c802b012b7","0.378","","","","","en-GB","1.1","","","","","","https://staging.jakevibes.dev/uk/videos/how-cloud-employee-keeps-remote-developers-motivated","2026-07-28 16:58:53"
"https://staging.jakevibes.dev/uk/videos/employee-experience-that-keeps-offshore-devs-engaged","text/html; charset=utf-8","200","OK","Indexable","","Employee Experience That Keeps Offshore Devs Engaged | Cloud Employee","69","669","Cloud Employee CEO Seb Hall shows how UK & US teams engage offshore developers with local support, in-person events & a 200+ engineer community.","144","939","","0","Employee Experience That Keeps Offshore Devs Engaged","52","About this video","16","Speakers in this video","22","index, follow","","","https://staging.jakevibes.dev/uk/videos/employee-experience-that-keeps-offshore-devs-engaged","","","","","","211865","29101","29101","11.148","","452","82","5.512","52.816","Fairly Hard","2.353","0","2","","2","2","0","0.300","114","51","0","2","2","0","","","","","67d507b2461a0a733078c1239e91ceed","0.395","","","","","en-GB","1.1","","","","","","https://staging.jakevibes.dev/uk/videos/employee-experience-that-keeps-offshore-devs-engaged","2026-07-28 16:58:53"
"https://staging.jakevibes.dev/uk/videos/how-our-clients-retain-devs-long-term","text/html; charset=utf-8","200","OK","Indexable","","How Our Clients Retain Devs Long-Term | Cloud Employee","54","516","Cloud Employee Senior Front-End Engineer Kenneth, our 2024 Developer of the Year, shows how we build reliable offshore teams that scale, stay, and deliver long-term success.","173","1080","","0","How Our Clients Retain Devs Long-Term","37","About this video","16","Ready to hire your next engineer?","33","index, follow","","","https://staging.jakevibes.dev/uk/videos/how-our-clients-retain-devs-long-term","","","","","","206945","27402","27402","10.497","","400","68","5.882","55.352","Fairly Hard","2.216","0","2","","2","2","0","0.300","114","51","0","1","1","0","","","","","b003d681644ff44b4e01922b9784ace6","0.392","","","","","en-GB","1.1","","","","","","https://staging.jakevibes.dev/uk/videos/how-our-clients-retain-devs-long-term","2026-07-28 16:58:53"
"https://staging.jakevibes.dev/uk/videos/how-to-build-a-remote-team-that-lasts","text/html; charset=utf-8","200","OK","Indexable","","How to Build a Remote Team That Lasts | Cloud Employee","54","518","See why CTOs choose Cloud Employee over freelancers - with full-time, supported developers in the Philippines for retention, structure, and long-term impact.","157","963","","0","How to Build a Remote Team That Lasts","37","About this video","16","Speakers in this video","22","index, follow","","","https://staging.jakevibes.dev/uk/videos/how-to-build-a-remote-team-that-lasts","","","","","","212380","28088","28088","10.760","","465","74","6.284","52.725","Fairly Hard","2.361","0","2","","3","3","0","0.450","114","51","0","2","2","0","","","","","5444b47aeee3430e7ddcba8684742572","0.364","","","","","en-GB","1.1","","","","","","https://staging.jakevibes.dev/uk/videos/how-to-build-a-remote-team-that-lasts","2026-07-28 16:58:54"
"https://staging.jakevibes.dev/uk/videos/how-stability-attracts-top-dev-talent-in-the-philippines","text/html; charset=utf-8","200","OK","Indexable","","How Stability Attracts Top Dev Talent in the Philippines | Cloud Employee","73","650","Cloud Employee attracts top Philippine developers by offering full employment, benefits, and long-term stability - helping teams grow and stay strong.","150","919","","0","How Stability Attracts Top Dev Talent in the Philippines","56","About this video","16","Speakers in this video","22","index, follow","","","https://staging.jakevibes.dev/uk/videos/how-stability-attracts-top-dev-talent-in-the-philippines","","","","","","212050","28014","28014","10.732","","468","77","6.078","52.977","Fairly Hard","2.376","0","2","","2","2","0","0.300","114","51","0","2","2","0","","","","","eff92883c0d8fabdc62ae65554958448","0.373","","","","","en-GB","1.1","","","","","","https://staging.jakevibes.dev/uk/videos/how-stability-attracts-top-dev-talent-in-the-philippines","2026-07-28 16:58:53"
"https://staging.jakevibes.dev/uk/videos/how-the-cloud-employee-hiring-engine-works","text/html; charset=utf-8","200","OK","Indexable","","How the Cloud Employee Hiring Engine Works | Cloud Employee","59","564","Learn how Cloud Employee’s hiring engine delivers top offshore developers - with bespoke blueprints, coding tests, and cultural fit for a 95% success rate.","155","941","","0","How the Cloud Employee Hiring Engine Works","42","About this video","16","Speakers in this video","22","index, follow","","","https://staging.jakevibes.dev/uk/videos/how-the-cloud-employee-hiring-engine-works","","","","","","213212","28564","28564","10.942","","539","88","6.125","60.455","Normal","2.543","0","2","","3","3","0","0.450","114","51","0","2","2","0","","","","","6a919616dcdcb5e6f98e801b9b0cd4ee","0.383","","","","","en-GB","1.1","","","","","","https://staging.jakevibes.dev/uk/videos/how-the-cloud-employee-hiring-engine-works","2026-07-28 16:58:54"
"https://staging.jakevibes.dev/uk/videos/matching-company-values","text/html; charset=utf-8","200","OK","Indexable","","Matching Company Values | Cloud Employee","40","396","Cloud Employee ensures remote work success by matching developers to your company’s values, not just projects - driving alignment, productivity, and long-term growth.","166","1044","","0","Matching Company Values","23","About this video","16","Speakers in this video","22","index, follow","","","","","","","","","206268","28091","28091","10.761","","375","70","5.357","47.990","Hard","2.190","0","2","","2","2","0","0.300","114","51","0","2","2","0","","","","","7c417f2a62e94f899ac10ff373e7cdb4","0.476","","","","","en-GB","1.1","","","","","","https://staging.jakevibes.dev/uk/videos/matching-company-values","2026-07-28 16:58:54"
"https://staging.jakevibes.dev/uk/videos/how-we-find-the-right-developer-faster","text/html; charset=utf-8","200","OK","Indexable","","How We Find the Right Developer Faster | Cloud Employee","55","517","Learn how Cloud Employee’s 9-stage hiring engine finds and validates top remote developers faster - from headhunting to culture-first matching.","143","890","","0","How We Find the Right Developer Faster","38","About this video","16","Links mentioned in this video","29","index, follow","","","https://staging.jakevibes.dev/uk/videos/how-we-find-the-right-developer-faster","","","","","","213400","28458","28458","10.902","","505","81","6.235","61.294","Normal","2.443","0","2","","2","2","0","0.300","114","51","0","2","2","0","","","","","3a7fc346346eda7d3254d4a2b6d9e084","0.360","","","","","en-GB","1.1","","","","","","https://staging.jakevibes.dev/uk/videos/how-we-find-the-right-developer-faster","2026-07-28 16:58:54"
"https://staging.jakevibes.dev/uk/videos/onboarding-global-dev-teams-with-purpose","text/html; charset=utf-8","200","OK","Indexable","","Onboarding Global Dev Teams with Purpose | Cloud Employee","57","551","Cloud Employee CEO Seb Hall shares how UK & US tech leaders embed purpose in global engineering teams - from onboarding to daily collaboration.","143","911","","0","Onboarding Global Dev Teams with Purpose","40","About this video","16","Speakers in this video","22","index, follow","","","https://staging.jakevibes.dev/uk/videos/onboarding-global-dev-teams-with-purpose","","","","","","211536","28703","28703","10.996","","448","78","5.744","55.599","Fairly Hard","2.296","0","2","","2","2","0","0.300","114","51","0","2","2","0","","","","","9f694259823ffdf6f3b08e272f4c8acc","0.460","","","","","en-GB","1.1","","","","","","https://staging.jakevibes.dev/uk/videos/onboarding-global-dev-teams-with-purpose","2026-07-28 16:58:55"
"https://staging.jakevibes.dev/uk/videos/how-we-keep-remote-devs-connected-and-engaged","text/html; charset=utf-8","200","OK","Indexable","","How We Keep Remote Devs Connected and Engaged | Cloud Employee","62","628","Discover how Cloud Employee keeps remote developers engaged with events, peer support, and community systems that build lasting team connections.","145","940","","0","How We Keep Remote Devs Connected and Engaged","45","About this video","16","Speakers in this video","22","index, follow","","","https://staging.jakevibes.dev/uk/videos/how-we-keep-remote-devs-connected-and-engaged","","","","","","211018","28955","28955","11.092","","436","74","5.892","51.835","Fairly Hard","2.293","0","2","","2","2","0","0.300","114","51","0","2","2","0","","","","","89d62e7ea41938313b4e9252c00f5e0d","0.507","","","","","en-GB","1.1","","","","","","https://staging.jakevibes.dev/uk/videos/how-we-keep-remote-devs-connected-and-engaged","2026-07-28 16:58:54"
"https://staging.jakevibes.dev/uk/videos/how-we-retain-97-of-remote-developers","text/html; charset=utf-8","200","OK","Indexable","","How we Retain 97% of Remote Developers | Cloud Employee","55","536","Discover how Cloud Employee achieves a 97% developer retention rate with a culture of support, wellness, and learning that builds long-term remote teams.","153","954","","0","How we Retain 97% of Remote Developers","38","About this video","16","Speakers in this video","22","index, follow","","","","","","","","","215071","30306","30306","11.610","","526","88","5.977","59.714","Fairly Hard","2.493","0","2","","2","2","0","0.300","114","51","0","2","2","0","","","","","88ce1a23f16cd2ed037cb367657ed91d","0.545","","","","","en-GB","1.1","","","","","","https://staging.jakevibes.dev/uk/videos/how-we-retain-97-of-remote-developers","2026-07-28 16:58:54"
"https://staging.jakevibes.dev/uk/videos/onboarding-offshore-devs-that-deliver-fast","text/html; charset=utf-8","200","OK","Indexable","","Onboarding Offshore Devs That Deliver Fast | Cloud Employee","59","550","Cloud Employee CTO Anto Cabraja shares his #1 onboarding tip to help UK & US tech leaders get offshore devs delivering value fast in the first 90 days.","151","928","","0","Onboarding Offshore Devs That Deliver Fast","42","About this video","16","Speakers in this video","22","index, follow","","","https://staging.jakevibes.dev/uk/videos/onboarding-offshore-devs-that-deliver-fast","","","","","","212402","28484","28484","10.912","","434","78","5.564","55.184","Fairly Hard","2.268","0","2","","2","2","0","0.300","114","51","0","2","2","0","","","","","2e48f69f5340202f5ea8309924d947f4","0.400","","","","","en-GB","1.1","","","","","","https://staging.jakevibes.dev/uk/videos/onboarding-offshore-devs-that-deliver-fast","2026-07-28 16:58:55"
"https://staging.jakevibes.dev/uk/videos/pair-programming-at-cloud-employee","text/html; charset=utf-8","200","OK","Indexable","","Pair Programming at Cloud Employee | Cloud Employee","51","493","See how pair programming at Cloud Employee reveals developer skills in problem-solving, communication, and teamwork - beyond what CVs and tests can show.","153","990","","0","Pair Programming at Cloud Employee","34","About this video","16","Ready to hire your next engineer?","33","index, follow","","","https://staging.jakevibes.dev/uk/videos/pair-programming-at-cloud-employee","","","","","","209728","27826","27826","10.660","","469","84","5.583","53.975","Fairly Hard","2.417","0","2","","2","2","0","0.300","114","51","0","1","1","0","","","","","c054fbb3be2bc3296187e35e6562de07","0.334","","","","","en-GB","1.1","","","","","","https://staging.jakevibes.dev/uk/videos/pair-programming-at-cloud-employee","2026-07-28 16:58:55"
"https://staging.jakevibes.dev/uk/videos/peer-forum-building-connections-beyond-work","text/html; charset=utf-8","200","OK","Indexable","","Peer Forum: Building Connections Beyond Work | Cloud Employee","61","581","Discover how the CE Forum builds community among tech leaders - sharing insights, offering support, and fostering real connections every month.","143","902","","0","Peer Forum: Building Connections Beyond Work","44","About this video","16","Ready to hire your next engineer?","33","index, follow","","","https://staging.jakevibes.dev/uk/videos/peer-forum-building-connections-beyond-work","","","","","","208537","27867","27867","10.675","","423","77","5.494","55.859","Fairly Hard","2.274","0","2","","2","2","0","0.300","114","51","0","1","1","0","","","","","52db59e85e417d659f76eb0b288addf8","0.384","","","","","en-GB","1.1","","","","","","https://staging.jakevibes.dev/uk/videos/peer-forum-building-connections-beyond-work","2026-07-28 16:58:55"
"https://staging.jakevibes.dev/uk/videos/why-the-philippines-is-a-smart-choice-for-growing-your-dev-team","text/html; charset=utf-8","200","OK","Indexable","","Why the Philippines Is a Smart Choice for Growing Your Dev Team | Cloud Employee","80","746","See why the Philippines is the smart choice for scaling dev teams - English fluency, time zone alignment, and 180k+ tech grads each year.","137","840","","0","Why the Philippines Is a Smart Choice for Growing Your Dev Team","63","About this video","16","Speakers in this video","22","index, follow","","","","","","","","","212655","29201","29201","11.186","","475","78","6.090","57.635","Fairly Hard","2.368","0","2","","2","2","0","0.300","114","51","0","2","2","0","","","","","2d9ffe961cc020a865d32eaae8b10ae7","0.350","","","","","en-GB","1.1","","","","","","https://staging.jakevibes.dev/uk/videos/why-the-philippines-is-a-smart-choice-for-growing-your-dev-team","2026-07-28 16:58:55"
"https://staging.jakevibes.dev/uk/videos/what-connection-looks-like-in-a-global-dev-team","text/html; charset=utf-8","200","OK","Indexable","","What Connection Looks Like in a Global Dev Team | Cloud Employee","64","606","Discover how Cloud Employee connects offshore developers through culture, events, and support - proving remote teams can still feel truly connected.","148","923","","0","What Connection Looks Like in a Global Dev Team","47","About this video","16","Speakers in this video","22","index, follow","","","","","","","","","212939","28885","28885","11.065","","453","74","6.122","56.073","Fairly Hard","2.316","0","2","","2","2","0","0.300","114","51","0","2","2","0","","","","","e3141e36a4ebb071513653f6d5b2c0d2","0.385","","","","","en-GB","1.1","","","","","","https://staging.jakevibes.dev/uk/videos/what-connection-looks-like-in-a-global-dev-team","2026-07-28 16:58:55"
"https://staging.jakevibes.dev/uk/videos/peer-forums-for-remote-developers","text/html; charset=utf-8","200","OK","Indexable","","Peer Forums for Remote Developers | Cloud Employee","50","483","Cloud Employee CEO Seb Hall reveals how Peer Forums connect offshore developers for UK & US clients—sharing challenges, ideas & building lasting bonds.","151","958","","0","Peer Forums for Remote Developers","33","About this video","16","Speakers in this video","22","index, follow","","","https://staging.jakevibes.dev/uk/videos/peer-forums-for-remote-developers","","","","","","211650","28224","28224","10.812","","488","83","5.880","60.098","Normal","2.411","0","2","","2","2","0","0.300","114","51","0","2","2","0","","","","","23e59502268bf9f3a555993d522aaab5","0.460","","","","","en-GB","1.1","","","","","","https://staging.jakevibes.dev/uk/videos/peer-forums-for-remote-developers","2026-07-28 16:58:55"
"https://staging.jakevibes.dev/videos/boost-remote-dev-productivity-with-a-how-to-work-with-me-guide","text/html; charset=utf-8","200","OK","Indexable","","Boost Remote Dev Productivity with a “How to Work With Me” Guide | Cloud Employee","81","762","Cloud Employee CEO Seb Hall reveals how a simple ‘How to Work With Me’ guide helps UK & US tech leaders set clear expectations for offshore teams.","146","920","","0","Boost Remote Dev Productivity with a “How to Work With Me” Guide","64","About this video","16","Speakers in this video","22","index, follow","","","https://staging.jakevibes.dev/videos/boost-remote-dev-productivity-with-a-how-to-work-with-me-guide","","","","","","210062","29069","29069","11.136","","472","84","5.619","59.713","Fairly Hard","2.361","0","1","","2","2","0","0.300","114","51","0","2","2","0","","","","","63ae901a469d9a8f15304798a99e35d9","0.357","","","","","en-US","1.1","","","","","","https://staging.jakevibes.dev/videos/boost-remote-dev-productivity-with-a-how-to-work-with-me-guide","2026-07-28 16:58:56"
"https://staging.jakevibes.dev/videos","text/html; charset=utf-8","200","OK","Indexable","","Video Library | Cloud Employee | Cloud Employee","47","433","Watch customer interviews, hiring process walkthroughs, and short explainers on offshoring, retention, and embedded engineering from Cloud Employee.","148","943","","0","Video Library","13","Featured","8","All video content","17","index, follow","","","https://staging.jakevibes.dev/videos","https://staging.jakevibes.dev/videos?page=2","","","","","283291","34474","34474","13.206","","810","137","5.912","53.045","Fairly Hard","2.643","0","0","","1016","336","0","49.850","134","65","0","1","1","0","","","","","e75694f4817ebd45c2fef30e81c37017","0.421","","","","","en-US","1.1","","","","","","https://staging.jakevibes.dev/videos","2026-07-28 16:58:55"
"https://staging.jakevibes.dev/videos/de-risked-dev-hiring-for-changing-markets","text/html; charset=utf-8","200","OK","Indexable","","De-risked Dev Hiring for Changing Markets | Cloud Employee","58","536","Cloud Employee CEO Seb Hall explains how fast-moving teams de-risk hiring by scaling with full-time augmented engineers on flexible monthly contracts.","150","939","","0","De-risked Dev Hiring for Changing Markets","41","About this video","16","Speakers in this video","22","index, follow","","","https://staging.jakevibes.dev/videos/de-risked-dev-hiring-for-changing-markets","","","","","","208132","27604","27604","10.575","","421","77","5.468","52.582","Fairly Hard","2.297","0","1","","2","2","0","0.300","114","51","0","2","2","0","","","","","e93639c00312dc49e27fe35c094b74e8","0.367","","","","","en-US","1.1","","","","","","https://staging.jakevibes.dev/videos/de-risked-dev-hiring-for-changing-markets","2026-07-28 16:58:56"
"https://staging.jakevibes.dev/uk/work-with-shawnee","text/html; charset=utf-8","200","OK","Indexable","","Work With Shawnee | Scale Your Engineering Team with Cloud Employee | Cloud Employee","84","805","Work directly with Shawnee to scale your engineering team with nearshore and offshore developers. Get expert guidance and hire faster with Cloud Employee.","154","971","","0","The only nearshore model where engineers hire engineers.","56","Hiring engineers is harder than ever.","37","5x","2","index, follow","","","https://staging.jakevibes.dev/uk/work-with-shawnee","","","","","","213705","29958","29958","11.476","","1133","176","6.438","64.403","Normal","4.249","0","1","","1","1","0","0.150","115","51","0","1","1","0","","","","","c8fa05aed45bcd95d899e5e6482e0903","0.382","","","","","en-GB","1.1","","","","","","https://staging.jakevibes.dev/uk/work-with-shawnee","2026-07-28 16:58:55"
"https://staging.jakevibes.dev/videos/danis-journey-as-a-front-end-engineer-at-cloud-employee","text/html; charset=utf-8","200","OK","Indexable","","Dani’s Journey as a Front-End Engineer at Cloud Employee | Cloud Employee","73","675","Cloud Employee connects CTOs and tech leads with supported offshore developers. Unlike freelancing, our engineers thrive with structure, community, and long-term commitment - so your global team scales without churn or disengagement.","233","1480","","0","Dani’s Journey as a Front-End Engineer at Cloud Employee","56","About this video","16","Ready to hire your next engineer?","33","index, follow","","","https://staging.jakevibes.dev/videos/danis-journey-as-a-front-end-engineer-at-cloud-employee","","","","","","206415","28305","28305","10.843","","426","73","5.836","51.372","Fairly Hard","2.336","0","1","","2","2","0","0.300","114","51","0","1","1","0","","","","","68105f1e081fa2a681ed45fd818e5188","0.388","","","","","en-US","1.1","","","","","","https://staging.jakevibes.dev/videos/danis-journey-as-a-front-end-engineer-at-cloud-employee","2026-07-28 16:58:56"
"https://staging.jakevibes.dev/videos/hiring-one-dev-backed-by-200","text/html; charset=utf-8","200","OK","Indexable","","Hiring One Developer, Backed by 200+ | Cloud Employee","53","495","Most offshore developers lack support and collaboration, but Cloud Employee is different. Hear Senior Developer Lance share how our 200+ developer network builds accountability, culture, and faster delivery.","207","1280","","0","Hiring One Developer, Backed by 200+","36","About this video","16","Speakers in this video","22","index, follow","","","https://staging.jakevibes.dev/videos/hiring-one-dev-backed-by-200","","","","","","207791","27824","27824","10.659","","461","82","5.622","50.280","Fairly Hard","2.423","0","1","","2","2","0","0.300","114","51","0","2","2","0","","","","","cf40ae1875f3aad465ac3662c7173f9a","0.355","","","","","en-US","1.1","","","","","","https://staging.jakevibes.dev/videos/hiring-one-dev-backed-by-200","2026-07-28 16:58:56"
"https://staging.jakevibes.dev/videos/employee-experience","text/html; charset=utf-8","200","OK","Indexable","","Inside Cloud Employee’s Developer Experience - Culture, Support & Retention | Cloud Employee","92","839","At Cloud Employee, employee experience is a top priority - driving wellbeing, growth, and retention through wellness benefits, learning programs, mentoring, and inclusive culture.","179","1086","","0","Inside Cloud Employee’s Developer Experience - Culture, Support & Retention","75","About this video","16","Speakers in this video","22","index, follow","","","https://staging.jakevibes.dev/videos/employee-experience","","","","","","207015","27657","27657","10.595","","408","73","5.589","46.269","Hard","2.288","0","1","","2","2","0","0.300","114","51","0","2","2","0","","","","","bf675b71c80ccf78e3d1c2a50ec658a","0.360","","","","","en-US","1.1","","","","","","https://staging.jakevibes.dev/videos/employee-experience","2026-07-28 16:58:56"
"https://staging.jakevibes.dev/videos/employee-experience-that-keeps-offshore-devs-engaged","text/html; charset=utf-8","200","OK","Indexable","","Employee Experience That Keeps Offshore Devs Engaged | Cloud Employee","69","669","Cloud Employee CEO Seb Hall shows how UK & US teams engage offshore developers with local support, in-person events & a 200+ engineer community.","144","939","","0","Employee Experience That Keeps Offshore Devs Engaged","52","About this video","16","Speakers in this video","22","index, follow","","","https://staging.jakevibes.dev/videos/employee-experience-that-keeps-offshore-devs-engaged","","","","","","209295","29243","29243","11.202","","452","82","5.512","52.816","Fairly Hard","2.382","0","1","","2","2","0","0.300","114","51","0","2","2","0","","","","","ca03f5b55fd902553d7021bd832ed012","0.394","","","","","en-US","1.1","","","","","","https://staging.jakevibes.dev/videos/employee-experience-that-keeps-offshore-devs-engaged","2026-07-28 16:58:56"
"https://staging.jakevibes.dev/videos/how-cloud-employee-keeps-remote-developers-motivated","text/html; charset=utf-8","200","OK","Indexable","","How Cloud Employee Keeps Remote Developers Motivated | Cloud Employee","69","682","Cloud Employee keeps offshore developers engaged and connected. Hear Trish’s story on how we build remote teams that stay productive, motivated, and built to last.","163","1027","","0","How Cloud Employee Keeps Remote Developers Motivated","52","About this video","16","Speakers in this video","22","index, follow","","","https://staging.jakevibes.dev/videos/how-cloud-employee-keeps-remote-developers-motivated","","","","","","207150","28050","28050","10.745","","426","74","5.757","54.431","Fairly Hard","2.282","0","1","","2","2","0","0.300","114","51","0","2","2","0","","","","","753942e070793ce58637b07b91458b75","0.361","","","","","en-US","1.1","","","","","","https://staging.jakevibes.dev/videos/how-cloud-employee-keeps-remote-developers-motivated","2026-07-28 16:58:56"
"https://staging.jakevibes.dev/videos/how-stability-attracts-top-dev-talent-in-the-philippines","text/html; charset=utf-8","200","OK","Indexable","","How Stability Attracts Top Dev Talent in the Philippines | Cloud Employee","73","650","Cloud Employee attracts top Philippine developers by offering full employment, benefits, and long-term stability - helping teams grow and stay strong.","150","919","","0","How Stability Attracts Top Dev Talent in the Philippines","56","About this video","16","Speakers in this video","22","index, follow","","","https://staging.jakevibes.dev/videos/how-stability-attracts-top-dev-talent-in-the-philippines","","","","","","209566","28648","28648","10.975","","468","77","6.078","52.977","Fairly Hard","2.404","0","1","","2","2","0","0.300","114","51","0","2","2","0","","","","","8dc47cc2b0b64dda4705a0fa14007c29","0.356","","","","","en-US","1.1","","","","","","https://staging.jakevibes.dev/videos/how-stability-attracts-top-dev-talent-in-the-philippines","2026-07-28 16:58:57"
"https://staging.jakevibes.dev/videos/how-our-clients-retain-devs-long-term","text/html; charset=utf-8","200","OK","Indexable","","How Our Clients Retain Devs Long-Term | Cloud Employee","54","516","Cloud Employee Senior Front-End Engineer Kenneth, our 2024 Developer of the Year, shows how we build reliable offshore teams that scale, stay, and deliver long-term success.","173","1080","","0","How Our Clients Retain Devs Long-Term","37","About this video","16","Ready to hire your next engineer?","33","index, follow","","","https://staging.jakevibes.dev/videos/how-our-clients-retain-devs-long-term","","","","","","204504","26976","26976","10.334","","400","68","5.882","55.352","Fairly Hard","2.243","0","1","","4","4","0","0.590","114","51","0","1","1","0","","","","","db2a5efd527b86eed1139a32e5547249","0.360","","","","","en-US","1.1","","","","","","https://staging.jakevibes.dev/videos/how-our-clients-retain-devs-long-term","2026-07-28 16:58:57"
"https://staging.jakevibes.dev/videos/how-the-cloud-employee-hiring-engine-works","text/html; charset=utf-8","200","OK","Indexable","","How the Cloud Employee Hiring Engine Works | Cloud Employee","59","564","Learn how Cloud Employee’s hiring engine delivers top offshore developers - with bespoke blueprints, coding tests, and cultural fit for a 95% success rate.","155","941","","0","How the Cloud Employee Hiring Engine Works","42","About this video","16","Speakers in this video","22","index, follow","","","https://staging.jakevibes.dev/videos/how-the-cloud-employee-hiring-engine-works","","","","","","210771","28790","28790","11.029","","539","88","6.125","60.455","Normal","2.573","0","1","","3","3","0","0.450","114","51","0","2","2","0","","","","","25677ad5482db77f2e83d8f05076c2e","0.388","","","","","en-US","1.1","","","","","","https://staging.jakevibes.dev/videos/how-the-cloud-employee-hiring-engine-works","2026-07-28 16:58:57"
"https://staging.jakevibes.dev/videos/how-we-find-the-right-developer-faster","text/html; charset=utf-8","200","OK","Indexable","","How We Find the Right Developer Faster | Cloud Employee","55","517","Learn how Cloud Employee’s 9-stage hiring engine finds and validates top remote developers faster - from headhunting to culture-first matching.","143","890","","0","How We Find the Right Developer Faster","38","About this video","16","Links mentioned in this video","29","index, follow","","","https://staging.jakevibes.dev/videos/how-we-find-the-right-developer-faster","","","","","","210787","28450","28450","10.899","","505","81","6.235","61.294","Normal","2.473","0","1","","2","2","0","0.300","114","51","0","2","2","0","","","","","b04dc2a7f1a85161dc73eaf3b91814d","0.356","","","","","en-US","1.1","","","","","","https://staging.jakevibes.dev/videos/how-we-find-the-right-developer-faster","2026-07-28 16:58:57"
"https://staging.jakevibes.dev/videos/how-to-build-a-remote-team-that-lasts","text/html; charset=utf-8","200","OK","Indexable","","How to Build a Remote Team That Lasts | Cloud Employee","54","518","See why CTOs choose Cloud Employee over freelancers - with full-time, supported developers in the Philippines for retention, structure, and long-term impact.","157","963","","0","How to Build a Remote Team That Lasts","37","About this video","16","Speakers in this video","22","index, follow","","","https://staging.jakevibes.dev/videos/how-to-build-a-remote-team-that-lasts","","","","","","209767","28560","28560","10.941","","465","74","6.284","52.725","Fairly Hard","2.390","0","1","","3","3","0","0.450","114","51","0","2","2","0","","","","","98734b74c8e518d19770c4749c34a0","0.370","","","","","en-US","1.1","","","","","","https://staging.jakevibes.dev/videos/how-to-build-a-remote-team-that-lasts","2026-07-28 16:58:57"
"https://staging.jakevibes.dev/videos/how-we-retain-97-of-remote-developers","text/html; charset=utf-8","200","OK","Indexable","","How we Retain 97% of Remote Developers | Cloud Employee","55","536","Discover how Cloud Employee achieves a 97% developer retention rate with a culture of support, wellness, and learning that builds long-term remote teams.","153","954","","0","How we Retain 97% of Remote Developers","38","About this video","16","Speakers in this video","22","index, follow","","","https://staging.jakevibes.dev/videos/how-we-retain-97-of-remote-developers","","","","","","211268","28702","28702","10.995","","517","87","5.943","59.422","Fairly Hard","2.511","0","1","","2","2","0","0.300","114","51","0","2","2","0","","","","","c4b1ae4be9d82a45d8c802e9663d5c18","0.354","","","","","en-US","1.1","","","","","","https://staging.jakevibes.dev/videos/how-we-retain-97-of-remote-developers","2026-07-28 16:58:58"
"https://staging.jakevibes.dev/videos/matching-company-values","text/html; charset=utf-8","200","OK","Indexable","","Matching Company Values | Cloud Employee","40","396","Cloud Employee ensures remote work success by matching developers to your company’s values, not just projects - driving alignment, productivity, and long-term growth.","166","1044","","0","Matching Company Values","23","About this video","16","Speakers in this video","22","index, follow","","","https://staging.jakevibes.dev/videos/matching-company-values","","","","","","202422","26694","26694","10.226","","370","69","5.362","48.198","Hard","2.211","0","1","","2","2","0","0.300","114","51","0","2","2","0","","","","","c0c2bf03a4ec808c784deba142371af3","0.426","","","","","en-US","1.1","","","","","","https://staging.jakevibes.dev/videos/matching-company-values","2026-07-28 16:58:58"
"https://staging.jakevibes.dev/videos/how-we-keep-remote-devs-connected-and-engaged","text/html; charset=utf-8","200","OK","Indexable","","How We Keep Remote Devs Connected and Engaged | Cloud Employee","62","628","Discover how Cloud Employee keeps remote developers engaged with events, peer support, and community systems that build lasting team connections.","145","940","","0","How We Keep Remote Devs Connected and Engaged","45","About this video","16","Speakers in this video","22","index, follow","","","https://staging.jakevibes.dev/videos/how-we-keep-remote-devs-connected-and-engaged","","","","","","208448","27878","27878","10.680","","436","74","5.892","51.835","Fairly Hard","2.321","0","1","","2","2","0","0.300","114","51","0","2","2","0","","","","","fb9cfad4b0e3654d03c89f2bac79412e","0.378","","","","","en-US","1.1","","","","","","https://staging.jakevibes.dev/videos/how-we-keep-remote-devs-connected-and-engaged","2026-07-28 16:58:57"
"https://staging.jakevibes.dev/videos/onboarding-offshore-devs-that-deliver-fast","text/html; charset=utf-8","200","OK","Indexable","","Onboarding Offshore Devs That Deliver Fast | Cloud Employee","59","550","Cloud Employee CTO Anto Cabraja shares his #1 onboarding tip to help UK & US tech leaders get offshore devs delivering value fast in the first 90 days.","151","928","","0","Onboarding Offshore Devs That Deliver Fast","42","About this video","16","Speakers in this video","22","index, follow","","","https://staging.jakevibes.dev/videos/onboarding-offshore-devs-that-deliver-fast","","","","","","209832","29095","29095","11.146","","434","78","5.564","55.184","Fairly Hard","2.296","0","1","","2","2","0","0.300","114","51","0","2","2","0","","","","","1b9f36f6857f65696f4272f7831e302d","0.388","","","","","en-US","1.1","","","","","","https://staging.jakevibes.dev/videos/onboarding-offshore-devs-that-deliver-fast","2026-07-28 16:58:58"
"https://staging.jakevibes.dev/videos/pair-programming-at-cloud-employee","text/html; charset=utf-8","200","OK","Indexable","","Pair Programming at Cloud Employee | Cloud Employee","51","493","See how pair programming at Cloud Employee reveals developer skills in problem-solving, communication, and teamwork - beyond what CVs and tests can show.","153","990","","0","Pair Programming at Cloud Employee","34","About this video","16","Ready to hire your next engineer?","33","index, follow","","","https://staging.jakevibes.dev/videos/pair-programming-at-cloud-employee","","","","","","207158","28024","28024","10.735","","469","84","5.583","53.975","Fairly Hard","2.447","0","1","","2","2","0","0.300","114","51","0","1","1","0","","","","","bdd3a58f9b6ee43df53dc510647bad84","0.361","","","","","en-US","1.1","","","","","","https://staging.jakevibes.dev/videos/pair-programming-at-cloud-employee","2026-07-28 16:58:58"
"https://staging.jakevibes.dev/videos/onboarding-global-dev-teams-with-purpose","text/html; charset=utf-8","200","OK","Indexable","","Onboarding Global Dev Teams with Purpose | Cloud Employee","57","551","Cloud Employee CEO Seb Hall shares how UK & US tech leaders embed purpose in global engineering teams - from onboarding to daily collaboration.","143","911","","0","Onboarding Global Dev Teams with Purpose","40","About this video","16","Speakers in this video","22","index, follow","","","https://staging.jakevibes.dev/videos/onboarding-global-dev-teams-with-purpose","","","","","","208923","28461","28461","10.903","","448","78","5.744","55.599","Fairly Hard","2.325","0","1","","2","2","0","0.300","114","51","0","2","2","0","","","","","11bd7ff718afd33bb38e9bc3c7a02c48","0.432","","","","","en-US","1.1","","","","","","https://staging.jakevibes.dev/videos/onboarding-global-dev-teams-with-purpose","2026-07-28 16:58:58"
"https://staging.jakevibes.dev/videos/peer-forums-for-remote-developers","text/html; charset=utf-8","200","OK","Indexable","","Peer Forums for Remote Developers | Cloud Employee","50","483","Cloud Employee CEO Seb Hall reveals how Peer Forums connect offshore developers for UK & US clients—sharing challenges, ideas & building lasting bonds.","151","958","","0","Peer Forums for Remote Developers","33","About this video","16","Speakers in this video","22","index, follow","","","https://staging.jakevibes.dev/videos/peer-forums-for-remote-developers","","","","","","209123","28187","28187","10.798","","488","83","5.880","60.098","Normal","2.440","0","1","","2","2","0","0.300","114","51","0","2","2","0","","","","","af157f6d13ea30d9d71bce71d2e9b7c6","0.360","","","","","en-US","1.1","","","","","","https://staging.jakevibes.dev/videos/peer-forums-for-remote-developers","2026-07-28 16:58:58"
"https://staging.jakevibes.dev/videos/peer-forum-building-connections-beyond-work","text/html; charset=utf-8","200","OK","Indexable","","Peer Forum: Building Connections Beyond Work | Cloud Employee","61","581","Discover how the CE Forum builds community among tech leaders - sharing insights, offering support, and fostering real connections every month.","143","902","","0","Peer Forum: Building Connections Beyond Work","44","About this video","16","Ready to hire your next engineer?","33","index, follow","","","https://staging.jakevibes.dev/videos/peer-forum-building-connections-beyond-work","","","","","","206010","27873","27873","10.678","","423","77","5.494","55.859","Fairly Hard","2.302","0","1","","2","2","0","0.300","114","51","0","1","1","0","","","","","d220d6a14fa1915483553714ed2402d8","0.353","","","","","en-US","1.1","","","","","","https://staging.jakevibes.dev/videos/peer-forum-building-connections-beyond-work","2026-07-28 16:58:58"
"https://staging.jakevibes.dev/videos/why-the-philippines-is-a-smart-choice-for-growing-your-dev-team","text/html; charset=utf-8","200","OK","Indexable","","Why the Philippines Is a Smart Choice for Growing Your Dev Team | Cloud Employee","80","746","See why the Philippines is the smart choice for scaling dev teams - English fluency, time zone alignment, and 180k+ tech grads each year.","137","840","","0","Why the Philippines Is a Smart Choice for Growing Your Dev Team","63","About this video","16","Speakers in this video","22","index, follow","","","https://staging.jakevibes.dev/videos/why-the-philippines-is-a-smart-choice-for-growing-your-dev-team","","","","","","208895","28126","28126","10.775","","461","77","5.987","56.700","Fairly Hard","2.372","0","1","","2","2","0","0.300","114","51","0","2","2","0","","","","","eb947e3764b7c6f42b52885d767ce18a","0.359","","","","","en-US","1.1","","","","","","https://staging.jakevibes.dev/videos/why-the-philippines-is-a-smart-choice-for-growing-your-dev-team","2026-07-28 16:58:59"
"https://staging.jakevibes.dev/videos/what-connection-looks-like-in-a-global-dev-team","text/html; charset=utf-8","200","OK","Indexable","","What Connection Looks Like in a Global Dev Team | Cloud Employee","64","606","Discover how Cloud Employee connects offshore developers through culture, events, and support - proving remote teams can still feel truly connected.","148","923","","0","What Connection Looks Like in a Global Dev Team","47","About this video","16","Speakers in this video","22","index, follow","","","https://staging.jakevibes.dev/videos/what-connection-looks-like-in-a-global-dev-team","","","","","","209136","28284","28284","10.835","","442","73","6.055","55.415","Fairly Hard","2.327","0","1","","2","2","0","0.300","114","51","0","2","2","0","","","","","5a95c2cbe82d91ea71066a546985b7d8","0.364","","","","","en-US","1.1","","","","","","https://staging.jakevibes.dev/videos/what-connection-looks-like-in-a-global-dev-team","2026-07-28 16:58:58"
"https://staging.jakevibes.dev/work-with-shawnee","text/html; charset=utf-8","200","OK","Indexable","","Work With Shawnee | Scale Your Engineering Team with Cloud Employee | Cloud Employee","84","805","Work directly with Shawnee to scale your engineering team with nearshore and offshore developers. Get expert guidance and hire faster with Cloud Employee.","154","971","","0","The only nearshore model where engineers hire engineers.","56","Hiring engineers is harder than ever.","37","5x","2","index, follow","","","https://staging.jakevibes.dev/work-with-shawnee","","","","","","211233","30015","30015","11.498","","1133","176","6.438","64.403","Normal","4.299","0","0","","1","1","0","0.150","115","51","0","1","1","0","","","","","4b7f75a5ce8cfe8c8b4e8080f59b2989","0.387","","","","","en-US","1.1","","","","","","https://staging.jakevibes.dev/work-with-shawnee","2026-07-28 16:58:59"
"https://staging.jakevibes.dev/_next/static/chunks/0oi1l18d6iz35.js?dpl=dpl_Hf38ZJXzxvT9dduwvdSebmDFuJid","application/javascript; charset=utf-8","200","OK","Indexable","","","0","0","","0","0","","0","","0","","0","","0","","","","","","","","","","0","0","0","0.000","","0","","","","","0.000","1","3","","0","0","0","0.000","0","0","0","0","0","0","","","","","","0.163","Tue, 28 Jul 2026 06:16:06 GMT","","","","","1.1","","","","","","https://staging.jakevibes.dev/_next/static/chunks/0oi1l18d6iz35.js?dpl=dpl_Hf38ZJXzxvT9dduwvdSebmDFuJid","2026-07-28 16:59:05"
"https://staging.jakevibes.dev/_next/static/chunks/0-tzi8f~pym4n.js?dpl=dpl_Hf38ZJXzxvT9dduwvdSebmDFuJid","application/javascript; charset=utf-8","200","OK","Indexable","","","0","0","","0","0","","0","","0","","0","","0","","","","","","","","","","351","351","351","0.134","","0","","","","","0.000","1","3","","0","0","0","0.000","0","0","0","0","0","0","","","","","","0.392","Tue, 28 Jul 2026 08:59:05 GMT","","","","","1.1","","","","","","https://staging.jakevibes.dev/_next/static/chunks/0-tzi8f~pym4n.js?dpl=dpl_Hf38ZJXzxvT9dduwvdSebmDFuJid","2026-07-28 16:59:05"
"https://staging.jakevibes.dev/uk/sitemap.xml","text/html; charset=utf-8","404","Not Found","Non-Indexable","Client Error","","0","0","","0","0","","0","","0","","0","","0","","","","","","","","","","0","0","0","0.000","","0","","","","","0.000","1","1","","337","337","0","50.000","0","0","0","0","0","0","","","","","","0.433","","","","","","1.1","","","","","","https://staging.jakevibes.dev/uk/sitemap.xml","2026-07-28 16:59:05"
"https://staging.jakevibes.dev/uk","text/html; charset=utf-8","200","OK","Non-Indexable","Canonicalised","Hire Engineers Vetted by Engineers | Cloud Employee | Cloud Employee","68","629","We embed senior engineers full time in your team, tools, and timezone within 7 days. Vetted by senior engineers, not recruiters. HR and payroll handled.","152","926","","0","Hire engineers vetted by engineers","34","Staff augmentation, embedded","28","How it works","12","index, follow","","","https://staging.jakevibes.dev/uk/","","","","","","442180","57093","57093","21.871","","1450","322","4.503","90.184","Very Easy","2.313","1","0","","715","337","0","50.000","124","55","0","1","1","0","","","","","299c2316b5fc0ebc453e7ad7368f23fa","0.537","","","","","en-GB","1.1","","","","","","https://staging.jakevibes.dev/uk","2026-07-28 16:59:05"
"https://staging.jakevibes.dev/uk/blog?page=2","text/html; charset=utf-8","200","OK","Indexable","","All Blogs & Guides | Cloud Employee","35","319","From the future of work to hiring and retaining exceptional talent, find our expert insights, CTO profiles, thought pieces and more.","132","793","","0","All Blogs & Guides","18","All articles","12","Ready to hire your next engineer?","33","index, follow","","","https://staging.jakevibes.dev/uk/blog?page=2","https://staging.jakevibes.dev/uk/blog?page=3","https://staging.jakevibes.dev/uk/blog","","","","302484","34963","34963","13.394","","761","140","5.436","51.461","Fairly Hard","2.432","1","1","","5","3","0","0.450","138","70","0","1","1","0","","","","","5ced5da3eebf2de6db367f5c2b0eef4f","0.500","","","","","en-GB","1.1","","","","","","https://staging.jakevibes.dev/uk/blog?page=2","2026-07-28 16:59:05"
"https://staging.jakevibes.dev/uk/alternatives?page=2","text/html; charset=utf-8","200","OK","Indexable","","Cloud Employee Alternatives | Compare Providers Side by Side | Cloud Employee","77","714","Explore Cloud Employee vs top alternatives. Compare outsourcing, freelancing & agencies to find the best way to scale your engineering team.","140","873","","0","Cloud Employee: Comparisons & Reviews","37","All alternatives","16","Ready to hire your next engineer?","33","index, follow","","","https://staging.jakevibes.dev/uk/alternatives?page=2","https://staging.jakevibes.dev/uk/alternatives?page=3","https://staging.jakevibes.dev/uk/alternatives","","","","270781","31879","31879","12.212","","695","145","4.793","55.168","Fairly Hard","2.505","1","1","","5","3","0","0.450","130","64","0","1","1","0","","","","","8d3f0fe58983c8247180dc8602e78603","0.515","","","","","en-GB","1.1","","","","","","https://staging.jakevibes.dev/uk/alternatives?page=2","2026-07-28 16:59:05"
"https://staging.jakevibes.dev/uk/blog?page=6","text/html; charset=utf-8","200","OK","Indexable","","All Blogs & Guides | Cloud Employee","35","319","From the future of work to hiring and retaining exceptional talent, find our expert insights, CTO profiles, thought pieces and more.","132","793","","0","All Blogs & Guides","18","All articles","12","Ready to hire your next engineer?","33","index, follow","","","https://staging.jakevibes.dev/uk/blog?page=6","","https://staging.jakevibes.dev/uk/blog?page=5","","","","294987","33054","33054","12.662","","632","128","4.938","53.372","Fairly Hard","2.169","1","1","","7","6","0","0.890","134","68","0","1","1","0","","","","","fd43bf030e4b8ec5f8f133477974cb1a","0.496","","","","","en-GB","1.1","","","","","","https://staging.jakevibes.dev/uk/blog?page=6","2026-07-28 16:59:05"
"https://staging.jakevibes.dev/uk/customer-stories/cleanlink","text/html","308","Permanent Redirect","Non-Indexable","Redirected","","0","0","","0","0","","0","","0","","0","","0","","","","","","","","","","0","0","0","0.000","","0","","","","","0.000","1","2","","1","1","0","0.150","0","0","0","0","0","0","","","","","","0.045","","https://staging.jakevibes.dev/uk/customer-story/cleanlink","HTTP Redirect","","","1.1","","","","","","https://staging.jakevibes.dev/uk/customer-stories/cleanlink","2026-07-28 16:59:07"
"https://staging.jakevibes.dev/uk/customer-stories/sqr","text/html","308","Permanent Redirect","Non-Indexable","Redirected","","0","0","","0","0","","0","","0","","0","","0","","","","","","","","","","0","0","0","0.000","","0","","","","","0.000","1","2","","1","1","0","0.150","0","0","0","0","0","0","","","","","","0.049","","https://staging.jakevibes.dev/uk/customer-story/sqr","HTTP Redirect","","","1.1","","","","","","https://staging.jakevibes.dev/uk/customer-stories/sqr","2026-07-28 16:59:07"
"https://staging.jakevibes.dev/uk/customer-stories/mercato","text/html","308","Permanent Redirect","Non-Indexable","Redirected","","0","0","","0","0","","0","","0","","0","","0","","","","","","","","","","0","0","0","0.000","","0","","","","","0.000","1","2","","1","1","0","0.150","0","0","0","0","0","0","","","","","","0.064","","https://staging.jakevibes.dev/uk/customer-story/mercato","HTTP Redirect","","","1.1","","","","","","https://staging.jakevibes.dev/uk/customer-stories/mercato","2026-07-28 16:59:07"
"https://staging.jakevibes.dev/uk/customer-stories/willo","text/html","308","Permanent Redirect","Non-Indexable","Redirected","","0","0","","0","0","","0","","0","","0","","0","","","","","","","","","","0","0","0","0.000","","0","","","","","0.000","1","2","","4","3","0","0.450","0","0","0","0","0","0","","","","","","0.104","","https://staging.jakevibes.dev/uk/customer-story/willo","HTTP Redirect","","","1.1","","","","","","https://staging.jakevibes.dev/uk/customer-stories/willo","2026-07-28 16:59:07"
"https://staging.jakevibes.dev/uk/customer-stories/event-connections","text/html","308","Permanent Redirect","Non-Indexable","Redirected","","0","0","","0","0","","0","","0","","0","","0","","","","","","","","","","0","0","0","0.000","","0","","","","","0.000","1","2","","2","2","0","0.300","0","0","0","0","0","0","","","","","","0.118","","https://staging.jakevibes.dev/uk/customer-story/event-connections","HTTP Redirect","","","1.1","","","","","","https://staging.jakevibes.dev/uk/customer-stories/event-connections","2026-07-28 16:59:07"
"https://staging.jakevibes.dev/uk/customer-stories/salmon-software","text/html","308","Permanent Redirect","Non-Indexable","Redirected","","0","0","","0","0","","0","","0","","0","","0","","","","","","","","","","0","0","0","0.000","","0","","","","","0.000","1","2","","4","3","0","0.450","0","0","0","0","0","0","","","","","","0.126","","https://staging.jakevibes.dev/uk/customer-story/salmon-software","HTTP Redirect","","","1.1","","","","","","https://staging.jakevibes.dev/uk/customer-stories/salmon-software","2026-07-28 16:59:07"
"https://staging.jakevibes.dev/uk/customer-stories/travel-tech-client","text/html","308","Permanent Redirect","Non-Indexable","Redirected","","0","0","","0","0","","0","","0","","0","","0","","","","","","","","","","0","0","0","0.000","","0","","","","","0.000","1","2","","2","2","0","0.300","0","0","0","0","0","0","","","","","","0.128","","https://staging.jakevibes.dev/uk/customer-story/travel-tech-client","HTTP Redirect","","","1.1","","","","","","https://staging.jakevibes.dev/uk/customer-stories/travel-tech-client","2026-07-28 16:59:07"
"https://staging.jakevibes.dev/uk/customer-stories/travelx","text/html","308","Permanent Redirect","Non-Indexable","Redirected","","0","0","","0","0","","0","","0","","0","","0","","","","","","","","","","0","0","0","0.000","","0","","","","","0.000","1","2","","1","1","0","0.150","0","0","0","0","0","0","","","","","","0.117","","https://staging.jakevibes.dev/uk/customer-story/travelx","HTTP Redirect","","","1.1","","","","","","https://staging.jakevibes.dev/uk/customer-stories/travelx","2026-07-28 16:59:07"
"https://staging.jakevibes.dev/uk/customer-stories/virgin","text/html","308","Permanent Redirect","Non-Indexable","Redirected","","0","0","","0","0","","0","","0","","0","","0","","","","","","","","","","0","0","0","0.000","","0","","","","","0.000","1","2","","1","1","0","0.150","0","0","0","0","0","0","","","","","","0.128","","https://staging.jakevibes.dev/uk/customer-story/virgin","HTTP Redirect","","","1.1","","","","","","https://staging.jakevibes.dev/uk/customer-stories/virgin","2026-07-28 16:59:07"
"https://staging.jakevibes.dev/uk/customer-stories/waya","text/html","308","Permanent Redirect","Non-Indexable","Redirected","","0","0","","0","0","","0","","0","","0","","0","","","","","","","","","","0","0","0","0.000","","0","","","","","0.000","1","2","","1","1","0","0.150","0","0","0","0","0","0","","","","","","0.125","","https://staging.jakevibes.dev/uk/customer-story/waya","HTTP Redirect","","","1.1","","","","","","https://staging.jakevibes.dev/uk/customer-stories/waya","2026-07-28 16:59:07"
"https://staging.jakevibes.dev/uk/customer-stories/hotelplan","text/html","308","Permanent Redirect","Non-Indexable","Redirected","","0","0","","0","0","","0","","0","","0","","0","","","","","","","","","","0","0","0","0.000","","0","","","","","0.000","1","2","","1","1","0","0.150","0","0","0","0","0","0","","","","","","0.114","","https://staging.jakevibes.dev/uk/customer-story/hotelplan","HTTP Redirect","","","1.1","","","","","","https://staging.jakevibes.dev/uk/customer-stories/hotelplan","2026-07-28 16:59:07"
"https://staging.jakevibes.dev/uk/staff-augmentation?page=2","text/html; charset=utf-8","200","OK","Indexable","","Staff Augmentation Knowledge Hub | Cloud Employee | Cloud Employee","66","637","Practical guides on hiring offshore developers, embedding them into your team, and managing retention, from people who run these engagements daily.","147","935","","0","Staff Augmentation Knowledge Hub","32","All articles","12","Featured articles:","18","index, follow","","","https://staging.jakevibes.dev/uk/staff-augmentation?page=2","https://staging.jakevibes.dev/uk/staff-augmentation?page=3","https://staging.jakevibes.dev/uk/staff-augmentation","","","","339644","42265","42265","16.191","","1454","253","5.747","44.835","Hard","3.646","1","1","","5","3","0","0.450","140","73","0","4","4","0","","","","","50cbb727b3d98312a37d2eaa8cb52b85","0.496","","","","","en-GB","1.1","","","","","","https://staging.jakevibes.dev/uk/staff-augmentation?page=2","2026-07-28 16:59:07"
"https://staging.jakevibes.dev/uk/staff-augmentation?page=3","text/html; charset=utf-8","200","OK","Indexable","","Staff Augmentation Knowledge Hub | Cloud Employee | Cloud Employee","66","637","Practical guides on hiring offshore developers, embedding them into your team, and managing retention, from people who run these engagements daily.","147","935","","0","Staff Augmentation Knowledge Hub","32","All articles","12","Featured articles:","18","index, follow","","","https://staging.jakevibes.dev/uk/staff-augmentation?page=3","","https://staging.jakevibes.dev/uk/staff-augmentation?page=2","","","","329582","40530","40530","15.526","","1368","251","5.450","42.369","Hard","3.600","1","1","","4","3","0","0.450","137","71","0","4","4","0","","","","","29f95b2c48079adaa04d4052f676a3f1","0.658","","","","","en-GB","1.1","","","","","","https://staging.jakevibes.dev/uk/staff-augmentation?page=3","2026-07-28 16:59:07"
"https://staging.jakevibes.dev/uk/videos?page=2","text/html; charset=utf-8","200","OK","Indexable","","Video Library | Cloud Employee | Cloud Employee","47","433","Watch customer interviews, hiring process walkthroughs, and short explainers on offshoring, retention, and embedded engineering from Cloud Employee.","148","943","","0","Video Library","13","All video content","17","Ready to hire your next engineer?","33","index, follow","","","https://staging.jakevibes.dev/uk/videos?page=2","","https://staging.jakevibes.dev/uk/videos","","","","264080","32245","32245","12.352","","663","110","6.027","56.910","Fairly Hard","2.421","1","1","","3","2","0","0.300","130","61","0","1","1","0","","","","","1fa6a300ad44c0e1e7506671c7f686d5","0.523","","","","","en-GB","1.1","","","","","","https://staging.jakevibes.dev/uk/videos?page=2","2026-07-28 16:59:08"
"https://staging.jakevibes.dev/_next/static/chunks/0kby9ieml3.66.js?dpl=dpl_Hf38ZJXzxvT9dduwvdSebmDFuJid","application/javascript; charset=utf-8","200","OK","Indexable","","","0","0","","0","0","","0","","0","","0","","0","","","","","","","","","","0","0","0","0.000","","0","","","","","0.000","1","3","","0","0","0","0.000","0","0","0","0","0","0","","","","","","0.077","Tue, 28 Jul 2026 06:05:58 GMT","","","","","1.1","","","","","","https://staging.jakevibes.dev/_next/static/chunks/0kby9ieml3.66.js?dpl=dpl_Hf38ZJXzxvT9dduwvdSebmDFuJid","2026-07-28 16:59:09"
"https://staging.jakevibes.dev/_next/image?url=https%3A%2F%2Fcdn.sanity.io%2Fimages%2Flzbhll1u%2Fproduction%2F89bf544d718ef6ec6fca3be5534e85818dc14634-260x84.png&w=640&q=75","image/png","200","OK","Indexable","","","0","0","","0","0","","0","","0","","0","","0","","","","","","","","","","2797","2797","2797","1.071","","0","","","","","0.000","1","1","","0","0","0","0.000","0","0","0","0","0","0","","","","","","0.046","Fri, 10 Jul 2026 02:35:37 GMT","","","","","1.1","","","","","","https://staging.jakevibes.dev/_next/image?url=https%3A%2F%2Fcdn.sanity.io%2Fimages%2Flzbhll1u%2Fproduction%2F89bf544d718ef6ec6fca3be5534e85818dc14634-260x84.png&w=640&q=75","2026-07-28 16:59:09"
"https://staging.jakevibes.dev/_next/image?url=https%3A%2F%2Fcdn.sanity.io%2Fimages%2Flzbhll1u%2Fproduction%2F84f6ee18e082a6498590513ee9228031dd17e059-200x200.jpg&w=128&q=75","image/jpeg","200","OK","Indexable","","","0","0","","0","0","","0","","0","","0","","0","","","","","","","","","","3100","3100","3100","1.188","","0","","","","","0.000","1","1","","0","0","0","0.000","0","0","0","0","0","0","","","","","","0.136","Fri, 10 Jul 2026 02:35:39 GMT","","","","","1.1","","","","","","https://staging.jakevibes.dev/_next/image?url=https%3A%2F%2Fcdn.sanity.io%2Fimages%2Flzbhll1u%2Fproduction%2F84f6ee18e082a6498590513ee9228031dd17e059-200x200.jpg&w=128&q=75","2026-07-28 16:59:09"
"https://staging.jakevibes.dev/_next/static/chunks/0i.l9589uvx0j.js?dpl=dpl_Hf38ZJXzxvT9dduwvdSebmDFuJid","application/javascript; charset=utf-8","200","OK","Indexable","","","0","0","","0","0","","0","","0","","0","","0","","","","","","","","","","0","0","0","0.000","","0","","","","","0.000","1","3","","0","0","0","0.000","0","0","0","0","0","0","","","","","","0.169","Tue, 28 Jul 2026 06:05:58 GMT","","","","","1.1","","","","","","https://staging.jakevibes.dev/_next/static/chunks/0i.l9589uvx0j.js?dpl=dpl_Hf38ZJXzxvT9dduwvdSebmDFuJid","2026-07-28 16:59:09"
"https://staging.jakevibes.dev/_next/static/chunks/062ymgnjt00y2.js?dpl=dpl_Hf38ZJXzxvT9dduwvdSebmDFuJid","application/javascript; charset=utf-8","200","OK","Indexable","","","0","0","","0","0","","0","","0","","0","","0","","","","","","","","","","0","0","0","0.000","","0","","","","","0.000","1","3","","0","0","0","0.000","0","0","0","0","0","0","","","","","","0.155","Tue, 28 Jul 2026 06:05:58 GMT","","","","","1.1","","","","","","https://staging.jakevibes.dev/_next/static/chunks/062ymgnjt00y2.js?dpl=dpl_Hf38ZJXzxvT9dduwvdSebmDFuJid","2026-07-28 16:59:09"
"https://staging.jakevibes.dev/_next/static/chunks/0-dw.mr_w1o2f.js?dpl=dpl_Hf38ZJXzxvT9dduwvdSebmDFuJid","application/javascript; charset=utf-8","200","OK","Indexable","","","0","0","","0","0","","0","","0","","0","","0","","","","","","","","","","0","0","0","0.000","","0","","","","","0.000","1","3","","0","0","0","0.000","0","0","0","0","0","0","","","","","","0.138","Tue, 28 Jul 2026 06:05:58 GMT","","","","","1.1","","","","","","https://staging.jakevibes.dev/_next/static/chunks/0-dw.mr_w1o2f.js?dpl=dpl_Hf38ZJXzxvT9dduwvdSebmDFuJid","2026-07-28 16:59:09"
"https://staging.jakevibes.dev/_next/static/chunks/0bwtox4z9bpq0.css?dpl=dpl_Hf38ZJXzxvT9dduwvdSebmDFuJid","text/css; charset=utf-8","200","OK","Indexable","","","0","0","","0","0","","0","","0","","0","","0","","","","","","","","","","0","0","0","0.000","","0","","","","","0.000","1","3","","0","0","0","0.000","0","0","0","0","0","0","","","","","","0.137","Tue, 28 Jul 2026 06:05:57 GMT","","","","","1.1","","","","","","https://staging.jakevibes.dev/_next/static/chunks/0bwtox4z9bpq0.css?dpl=dpl_Hf38ZJXzxvT9dduwvdSebmDFuJid","2026-07-28 16:59:09"
"https://staging.jakevibes.dev/_next/image?url=https%3A%2F%2Fcdn.sanity.io%2Fimages%2Flzbhll1u%2Fproduction%2F5678f6c35244f6caa1e91c94f500db11dff53f60-260x63.png&w=640&q=75","image/png","200","OK","Indexable","","","0","0","","0","0","","0","","0","","0","","0","","","","","","","","","","2345","2345","2345","0.898","","0","","","","","0.000","1","1","","0","0","0","0.000","0","0","0","0","0","0","","","","","","0.133","Fri, 10 Jul 2026 02:35:37 GMT","","","","","1.1","","","","","","https://staging.jakevibes.dev/_next/image?url=https%3A%2F%2Fcdn.sanity.io%2Fimages%2Flzbhll1u%2Fproduction%2F5678f6c35244f6caa1e91c94f500db11dff53f60-260x63.png&w=640&q=75","2026-07-28 16:59:09"
"https://staging.jakevibes.dev/_next/static/chunks/turbopack-0jv9~kde_zlsi.js?dpl=dpl_Hf38ZJXzxvT9dduwvdSebmDFuJid","application/javascript; charset=utf-8","200","OK","Indexable","","","0","0","","0","0","","0","","0","","0","","0","","","","","","","","","","0","0","0","0.000","","0","","","","","0.000","1","3","","0","0","0","0.000","0","0","0","0","0","0","","","","","","0.171","Tue, 28 Jul 2026 06:05:58 GMT","","","","","1.1","","","","","","https://staging.jakevibes.dev/_next/static/chunks/turbopack-0jv9~kde_zlsi.js?dpl=dpl_Hf38ZJXzxvT9dduwvdSebmDFuJid","2026-07-28 16:59:09"
"https://staging.jakevibes.dev/_next/image?url=https%3A%2F%2Fcdn.sanity.io%2Fimages%2Flzbhll1u%2Fproduction%2Fa01dfcb9738720eb2b3859974d815580fd158b2c-640x808.jpg&w=3840&q=75","image/jpeg","200","OK","Indexable","","","0","0","","0","0","","0","","0","","0","","0","","","","","","","","","","40205","40205","40205","15.402","","0","","","","","0.000","1","1","","0","0","0","0.000","0","0","0","0","0","0","","","","","","0.127","Sat, 25 Jul 2026 08:31:12 GMT","","","","","1.1","","","","","","https://staging.jakevibes.dev/_next/image?url=https%3A%2F%2Fcdn.sanity.io%2Fimages%2Flzbhll1u%2Fproduction%2Fa01dfcb9738720eb2b3859974d815580fd158b2c-640x808.jpg&w=3840&q=75","2026-07-28 16:59:09"
"https://staging.jakevibes.dev/_next/image?url=https%3A%2F%2Fcdn.sanity.io%2Fimages%2Flzbhll1u%2Fproduction%2F987ef06185a2881df51985367320c8ee116f48bb-260x55.png&w=640&q=75","image/png","200","OK","Indexable","","","0","0","","0","0","","0","","0","","0","","0","","","","","","","","","","1934","1934","1934","0.741","","0","","","","","0.000","1","1","","0","0","0","0.000","0","0","0","0","0","0","","","","","","0.137","Fri, 10 Jul 2026 02:35:37 GMT","","","","","1.1","","","","","","https://staging.jakevibes.dev/_next/image?url=https%3A%2F%2Fcdn.sanity.io%2Fimages%2Flzbhll1u%2Fproduction%2F987ef06185a2881df51985367320c8ee116f48bb-260x55.png&w=640&q=75","2026-07-28 16:59:09"
"https://staging.jakevibes.dev/_next/static/chunks/06_mk.wn.fdrp.css?dpl=dpl_Hf38ZJXzxvT9dduwvdSebmDFuJid","text/css; charset=utf-8","200","OK","Indexable","","","0","0","","0","0","","0","","0","","0","","0","","","","","","","","","","0","0","0","0.000","","0","","","","","0.000","1","3","","0","0","0","0.000","0","0","0","0","0","0","","","","","","0.136","Tue, 28 Jul 2026 06:05:57 GMT","","","","","1.1","","","","","","https://staging.jakevibes.dev/_next/static/chunks/06_mk.wn.fdrp.css?dpl=dpl_Hf38ZJXzxvT9dduwvdSebmDFuJid","2026-07-28 16:59:09"
"https://staging.jakevibes.dev/_next/static/chunks/18cilrg3kkkfk.js?dpl=dpl_Hf38ZJXzxvT9dduwvdSebmDFuJid","application/javascript; charset=utf-8","200","OK","Indexable","","","0","0","","0","0","","0","","0","","0","","0","","","","","","","","","","0","0","0","0.000","","0","","","","","0.000","1","3","","0","0","0","0.000","0","0","0","0","0","0","","","","","","0.140","Tue, 28 Jul 2026 06:15:50 GMT","","","","","1.1","","","","","","https://staging.jakevibes.dev/_next/static/chunks/18cilrg3kkkfk.js?dpl=dpl_Hf38ZJXzxvT9dduwvdSebmDFuJid","2026-07-28 16:59:09"
"https://staging.jakevibes.dev/_next/static/chunks/01ls1anbc0jy..js?dpl=dpl_Hf38ZJXzxvT9dduwvdSebmDFuJid","application/javascript; charset=utf-8","200","OK","Indexable","","","0","0","","0","0","","0","","0","","0","","0","","","","","","","","","","0","0","0","0.000","","0","","","","","0.000","1","3","","0","0","0","0.000","0","0","0","0","0","0","","","","","","0.133","Tue, 28 Jul 2026 06:05:58 GMT","","","","","1.1","","","","","","https://staging.jakevibes.dev/_next/static/chunks/01ls1anbc0jy..js?dpl=dpl_Hf38ZJXzxvT9dduwvdSebmDFuJid","2026-07-28 16:59:09"
"https://staging.jakevibes.dev/_next/image?url=https%3A%2F%2Fcdn.sanity.io%2Fimages%2Flzbhll1u%2Fproduction%2Fa1562f70da9857594fc58c9e96261bb9128d6577-640x823.jpg&w=3840&q=75","image/jpeg","200","OK","Indexable","","","0","0","","0","0","","0","","0","","0","","0","","","","","","","","","","22380","22380","22380","8.573","","0","","","","","0.000","1","1","","0","0","0","0.000","0","0","0","0","0","0","","","","","","0.129","Sat, 25 Jul 2026 08:31:12 GMT","","","","","1.1","","","","","","https://staging.jakevibes.dev/_next/image?url=https%3A%2F%2Fcdn.sanity.io%2Fimages%2Flzbhll1u%2Fproduction%2Fa1562f70da9857594fc58c9e96261bb9128d6577-640x823.jpg&w=3840&q=75","2026-07-28 16:59:09"
"https://staging.jakevibes.dev/sitemap.xml","application/xml","200","OK","Indexable","","","0","0","","0","0","","0","","0","","0","","0","","","","","","","","","","0","0","0","0.000","","0","","","","","0.000","1","0","","336","336","0","49.850","0","0","0","0","0","0","","","","","","0.152","Tue, 28 Jul 2026 06:15:50 GMT","","","","","1.1","","","","","","https://staging.jakevibes.dev/sitemap.xml","2026-07-28 16:59:09"
"https://staging.jakevibes.dev/videos?page=2","text/html; charset=utf-8","200","OK","Indexable","","Video Library | Cloud Employee | Cloud Employee","47","433","Watch customer interviews, hiring process walkthroughs, and short explainers on offshoring, retention, and embedded engineering from Cloud Employee.","148","943","","0","Video Library","13","All video content","17","Ready to hire your next engineer?","33","index, follow","","","https://staging.jakevibes.dev/videos?page=2","","https://staging.jakevibes.dev/videos","","","","261275","32292","32292","12.370","","663","110","6.027","56.910","Fairly Hard","2.447","1","0","","3","2","0","0.300","130","61","0","1","1","0","","","","","c98b18a8e16dbb9f10575f2c817eacea","0.483","","","","","en-US","1.1","","","","","","https://staging.jakevibes.dev/videos?page=2","2026-07-28 16:59:09"
"https://staging.jakevibes.dev/_next/static/chunks/02qg5.r9b~5p2.js?dpl=dpl_Hf38ZJXzxvT9dduwvdSebmDFuJid","application/javascript; charset=utf-8","200","OK","Indexable","","","0","0","","0","0","","0","","0","","0","","0","","","","","","","","","","0","0","0","0.000","","0","","","","","0.000","1","3","","0","0","0","0.000","0","0","0","0","0","0","","","","","","0.139","Tue, 28 Jul 2026 06:05:58 GMT","","","","","1.1","","","","","","https://staging.jakevibes.dev/_next/static/chunks/02qg5.r9b~5p2.js?dpl=dpl_Hf38ZJXzxvT9dduwvdSebmDFuJid","2026-07-28 16:59:10"
"https://staging.jakevibes.dev/_next/static/chunks/05nzn1c9q_ndf.js?dpl=dpl_Hf38ZJXzxvT9dduwvdSebmDFuJid","application/javascript; charset=utf-8","200","OK","Indexable","","","0","0","","0","0","","0","","0","","0","","0","","","","","","","","","","0","0","0","0.000","","0","","","","","0.000","1","3","","0","0","0","0.000","0","0","0","0","0","0","","","","","","0.057","Tue, 28 Jul 2026 06:05:58 GMT","","","","","1.1","","","","","","https://staging.jakevibes.dev/_next/static/chunks/05nzn1c9q_ndf.js?dpl=dpl_Hf38ZJXzxvT9dduwvdSebmDFuJid","2026-07-28 16:59:10"
"https://staging.jakevibes.dev/_next/image?url=https%3A%2F%2Fcdn.sanity.io%2Fimages%2Flzbhll1u%2Fproduction%2F1f3319bd3688edab79492ac99b959e54f99b356f-523x284.jpg&w=3840&q=75","image/jpeg","200","OK","Indexable","","","0","0","","0","0","","0","","0","","0","","0","","","","","","","","","","15603","15603","15603","5.977","","0","","","","","0.000","1","1","","0","0","0","0.000","0","0","0","0","0","0","","","","","","0.133","Mon, 20 Jul 2026 11:00:47 GMT","","","","","1.1","","","","","","https://staging.jakevibes.dev/_next/image?url=https%3A%2F%2Fcdn.sanity.io%2Fimages%2Flzbhll1u%2Fproduction%2F1f3319bd3688edab79492ac99b959e54f99b356f-523x284.jpg&w=3840&q=75","2026-07-28 16:59:10"
"https://staging.jakevibes.dev/_next/static/chunks/0m97bbjp.vgzu.js?dpl=dpl_Hf38ZJXzxvT9dduwvdSebmDFuJid","application/javascript; charset=utf-8","200","OK","Indexable","","","0","0","","0","0","","0","","0","","0","","0","","","","","","","","","","0","0","0","0.000","","0","","","","","0.000","1","3","","0","0","0","0.000","0","0","0","0","0","0","","","","","","0.135","Tue, 28 Jul 2026 06:05:58 GMT","","","","","1.1","","","","","","https://staging.jakevibes.dev/_next/static/chunks/0m97bbjp.vgzu.js?dpl=dpl_Hf38ZJXzxvT9dduwvdSebmDFuJid","2026-07-28 16:59:10"
"https://staging.jakevibes.dev/_next/image?url=https%3A%2F%2Fcdn.sanity.io%2Fimages%2Flzbhll1u%2Fproduction%2F36651c14c956df05cb8bf1b4c77d828ce8c9c384-260x105.png&w=640&q=75","image/png","200","OK","Indexable","","","0","0","","0","0","","0","","0","","0","","0","","","","","","","","","","4164","4164","4164","1.595","","0","","","","","0.000","1","1","","0","0","0","0.000","0","0","0","0","0","0","","","","","","0.131","Fri, 10 Jul 2026 02:35:37 GMT","","","","","1.1","","","","","","https://staging.jakevibes.dev/_next/image?url=https%3A%2F%2Fcdn.sanity.io%2Fimages%2Flzbhll1u%2Fproduction%2F36651c14c956df05cb8bf1b4c77d828ce8c9c384-260x105.png&w=640&q=75","2026-07-28 16:59:10"
"https://staging.jakevibes.dev/_next/static/chunks/0~k6u5_j-9bf2.js?dpl=dpl_Hf38ZJXzxvT9dduwvdSebmDFuJid","application/javascript; charset=utf-8","200","OK","Indexable","","","0","0","","0","0","","0","","0","","0","","0","","","","","","","","","","0","0","0","0.000","","0","","","","","0.000","1","3","","0","0","0","0.000","0","0","0","0","0","0","","","","","","0.130","Tue, 28 Jul 2026 06:05:58 GMT","","","","","1.1","","","","","","https://staging.jakevibes.dev/_next/static/chunks/0~k6u5_j-9bf2.js?dpl=dpl_Hf38ZJXzxvT9dduwvdSebmDFuJid","2026-07-28 16:59:10"
"https://staging.jakevibes.dev/_next/image?url=https%3A%2F%2Fcdn.sanity.io%2Fimages%2Flzbhll1u%2Fproduction%2F22139cd93fef5bab18d63083dfd3adddb83328ab-640x655.jpg&w=3840&q=75","image/jpeg","200","OK","Indexable","","","0","0","","0","0","","0","","0","","0","","0","","","","","","","","","","30356","30356","30356","11.629","","0","","","","","0.000","1","1","","0","0","0","0.000","0","0","0","0","0","0","","","","","","0.136","Sat, 25 Jul 2026 08:31:15 GMT","","","","","1.1","","","","","","https://staging.jakevibes.dev/_next/image?url=https%3A%2F%2Fcdn.sanity.io%2Fimages%2Flzbhll1u%2Fproduction%2F22139cd93fef5bab18d63083dfd3adddb83328ab-640x655.jpg&w=3840&q=75","2026-07-28 16:59:10"
"https://staging.jakevibes.dev/_next/static/chunks/03~yq9q893hmn.js?dpl=dpl_Hf38ZJXzxvT9dduwvdSebmDFuJid","application/javascript; charset=utf-8","200","OK","Indexable","","","0","0","","0","0","","0","","0","","0","","0","","","","","","","","","","0","0","0","0.000","","0","","","","","0.000","1","3","","0","0","0","0.000","0","0","0","0","0","0","","","","","","0.133","Tue, 28 Jul 2026 06:15:52 GMT","","","","","1.1","","","","","","https://staging.jakevibes.dev/_next/static/chunks/03~yq9q893hmn.js?dpl=dpl_Hf38ZJXzxvT9dduwvdSebmDFuJid","2026-07-28 16:59:10"
"https://staging.jakevibes.dev/_next/image?url=https%3A%2F%2Fcdn.sanity.io%2Fimages%2Flzbhll1u%2Fproduction%2Fd7cc2b1bfbb240682a9a144c2283dbc74f7c5e6a-1400x787.jpg&w=3840&q=75","image/jpeg","200","OK","Indexable","","","0","0","","0","0","","0","","0","","0","","0","","","","","","","","","","67353","67353","67353","25.802","","0","","","","","0.000","1","1","","0","0","0","0.000","0","0","0","0","0","0","","","","","","0.135","Fri, 10 Jul 2026 02:35:42 GMT","","","","","1.1","","","","","","https://staging.jakevibes.dev/_next/image?url=https%3A%2F%2Fcdn.sanity.io%2Fimages%2Flzbhll1u%2Fproduction%2Fd7cc2b1bfbb240682a9a144c2283dbc74f7c5e6a-1400x787.jpg&w=3840&q=75","2026-07-28 16:59:10"
"https://staging.jakevibes.dev/_next/image?url=https%3A%2F%2Fcdn.sanity.io%2Fimages%2Flzbhll1u%2Fproduction%2Fb943d75f36b3b1c6641bc9233755c6e1f034a18b-260x124.png&w=640&q=75","image/png","200","OK","Indexable","","","0","0","","0","0","","0","","0","","0","","0","","","","","","","","","","1571","1571","1571","0.602","","0","","","","","0.000","1","1","","0","0","0","0.000","0","0","0","0","0","0","","","","","","0.131","Fri, 10 Jul 2026 02:35:37 GMT","","","","","1.1","","","","","","https://staging.jakevibes.dev/_next/image?url=https%3A%2F%2Fcdn.sanity.io%2Fimages%2Flzbhll1u%2Fproduction%2Fb943d75f36b3b1c6641bc9233755c6e1f034a18b-260x124.png&w=640&q=75","2026-07-28 16:59:10"
"https://staging.jakevibes.dev/_next/static/chunks/0.ep1lu8m0dqn.js?dpl=dpl_Hf38ZJXzxvT9dduwvdSebmDFuJid","application/javascript; charset=utf-8","200","OK","Indexable","","","0","0","","0","0","","0","","0","","0","","0","","","","","","","","","","0","0","0","0.000","","0","","","","","0.000","1","3","","0","0","0","0.000","0","0","0","0","0","0","","","","","","0.145","Tue, 28 Jul 2026 06:05:58 GMT","","","","","1.1","","","","","","https://staging.jakevibes.dev/_next/static/chunks/0.ep1lu8m0dqn.js?dpl=dpl_Hf38ZJXzxvT9dduwvdSebmDFuJid","2026-07-28 16:59:10"
"https://staging.jakevibes.dev/_next/static/chunks/06n~pv5._~9b_.js?dpl=dpl_Hf38ZJXzxvT9dduwvdSebmDFuJid","application/javascript; charset=utf-8","200","OK","Indexable","","","0","0","","0","0","","0","","0","","0","","0","","","","","","","","","","0","0","0","0.000","","0","","","","","0.000","1","3","","0","0","0","0.000","0","0","0","0","0","0","","","","","","0.150","Tue, 28 Jul 2026 06:05:58 GMT","","","","","1.1","","","","","","https://staging.jakevibes.dev/_next/static/chunks/06n~pv5._~9b_.js?dpl=dpl_Hf38ZJXzxvT9dduwvdSebmDFuJid","2026-07-28 16:59:10"
"https://staging.jakevibes.dev/_next/static/chunks/030lje4w49skv.js?dpl=dpl_Hf38ZJXzxvT9dduwvdSebmDFuJid","application/javascript; charset=utf-8","200","OK","Indexable","","","0","0","","0","0","","0","","0","","0","","0","","","","","","","","","","0","0","0","0.000","","0","","","","","0.000","1","3","","0","0","0","0.000","0","0","0","0","0","0","","","","","","0.162","Tue, 28 Jul 2026 06:05:58 GMT","","","","","1.1","","","","","","https://staging.jakevibes.dev/_next/static/chunks/030lje4w49skv.js?dpl=dpl_Hf38ZJXzxvT9dduwvdSebmDFuJid","2026-07-28 16:59:10"
"https://staging.jakevibes.dev/ce-logo.svg","image/svg+xml","200","OK","Indexable","","","0","0","","0","0","","0","","0","","0","","0","","","","","","","","","","0","0","0","0.000","","0","","","","","0.000","1","0","","0","0","0","0.000","0","0","0","0","0","0","","","","","","0.135","Tue, 28 Jul 2026 06:15:53 GMT","","","","","1.1","","","","","","https://staging.jakevibes.dev/ce-logo.svg","2026-07-28 16:59:10"
"https://staging.jakevibes.dev/_next/static/chunks/0vlt-5p9irpo6.js?dpl=dpl_Hf38ZJXzxvT9dduwvdSebmDFuJid","application/javascript; charset=utf-8","200","OK","Indexable","","","0","0","","0","0","","0","","0","","0","","0","","","","","","","","","","0","0","0","0.000","","0","","","","","0.000","1","3","","0","0","0","0.000","0","0","0","0","0","0","","","","","","0.128","Tue, 28 Jul 2026 06:05:58 GMT","","","","","1.1","","","","","","https://staging.jakevibes.dev/_next/static/chunks/0vlt-5p9irpo6.js?dpl=dpl_Hf38ZJXzxvT9dduwvdSebmDFuJid","2026-07-28 16:59:10"
"https://staging.jakevibes.dev/_next/static/chunks/018s60e6ud71s.css?dpl=dpl_Hf38ZJXzxvT9dduwvdSebmDFuJid","text/css; charset=utf-8","200","OK","Indexable","","","0","0","","0","0","","0","","0","","0","","0","","","","","","","","","","898","898","898","0.344","","0","","","","","0.000","1","3","","0","0","0","0.000","0","0","0","0","0","0","","","","","","0.126","Tue, 28 Jul 2026 06:05:57 GMT","","","","","1.1","","","","","","https://staging.jakevibes.dev/_next/static/chunks/018s60e6ud71s.css?dpl=dpl_Hf38ZJXzxvT9dduwvdSebmDFuJid","2026-07-28 16:59:10"
"https://staging.jakevibes.dev/_next/image?url=https%3A%2F%2Fcdn.sanity.io%2Fimages%2Flzbhll1u%2Fproduction%2F2d0995f6f2ab2c3d28f9bc6c5c8e8745da71a620-488x280.jpg&w=3840&q=75","image/jpeg","200","OK","Indexable","","","0","0","","0","0","","0","","0","","0","","0","","","","","","","","","","9158","9158","9158","3.508","","0","","","","","0.000","1","1","","0","0","0","0.000","0","0","0","0","0","0","","","","","","0.126","Sat, 25 Jul 2026 08:31:00 GMT","","","","","1.1","","","","","","https://staging.jakevibes.dev/_next/image?url=https%3A%2F%2Fcdn.sanity.io%2Fimages%2Flzbhll1u%2Fproduction%2F2d0995f6f2ab2c3d28f9bc6c5c8e8745da71a620-488x280.jpg&w=3840&q=75","2026-07-28 16:59:10"
"https://staging.jakevibes.dev/_next/static/chunks/07g70~avqygzj.js?dpl=dpl_Hf38ZJXzxvT9dduwvdSebmDFuJid","application/javascript; charset=utf-8","200","OK","Indexable","","","0","0","","0","0","","0","","0","","0","","0","","","","","","","","","","0","0","0","0.000","","0","","","","","0.000","1","3","","0","0","0","0.000","0","0","0","0","0","0","","","","","","0.130","Tue, 28 Jul 2026 06:05:58 GMT","","","","","1.1","","","","","","https://staging.jakevibes.dev/_next/static/chunks/07g70~avqygzj.js?dpl=dpl_Hf38ZJXzxvT9dduwvdSebmDFuJid","2026-07-28 16:59:10"
"https://staging.jakevibes.dev/_next/image?url=https%3A%2F%2Fcdn.sanity.io%2Fimages%2Flzbhll1u%2Fproduction%2Ffe1e710660379826f13a4cb4db70919c59cc0d70-260x75.png&w=640&q=75","image/png","200","OK","Indexable","","","0","0","","0","0","","0","","0","","0","","0","","","","","","","","","","2284","2284","2284","0.875","","0","","","","","0.000","1","1","","0","0","0","0.000","0","0","0","0","0","0","","","","","","0.125","Fri, 10 Jul 2026 02:35:37 GMT","","","","","1.1","","","","","","https://staging.jakevibes.dev/_next/image?url=https%3A%2F%2Fcdn.sanity.io%2Fimages%2Flzbhll1u%2Fproduction%2Ffe1e710660379826f13a4cb4db70919c59cc0d70-260x75.png&w=640&q=75","2026-07-28 16:59:10"
"https://staging.jakevibes.dev/_next/static/chunks/0tg7z3ys03.cm.css?dpl=dpl_Hf38ZJXzxvT9dduwvdSebmDFuJid","text/css; charset=utf-8","200","OK","Indexable","","","0","0","","0","0","","0","","0","","0","","0","","","","","","","","","","0","0","0","0.000","","0","","","","","0.000","1","3","","0","0","0","0.000","0","0","0","0","0","0","","","","","","0.137","Tue, 28 Jul 2026 06:05:57 GMT","","","","","1.1","","","","","","https://staging.jakevibes.dev/_next/static/chunks/0tg7z3ys03.cm.css?dpl=dpl_Hf38ZJXzxvT9dduwvdSebmDFuJid","2026-07-28 16:59:10"
"https://staging.jakevibes.dev/_next/image?url=https%3A%2F%2Fcdn.sanity.io%2Fimages%2Flzbhll1u%2Fproduction%2Fea59f8c0cde7ccec3a92c9d4119256ba7ff9391f-260x37.png&w=640&q=75","image/png","200","OK","Indexable","","","0","0","","0","0","","0","","0","","0","","0","","","","","","","","","","2521","2521","2521","0.966","","0","","","","","0.000","1","1","","0","0","0","0.000","0","0","0","0","0","0","","","","","","0.119","Fri, 10 Jul 2026 02:35:37 GMT","","","","","1.1","","","","","","https://staging.jakevibes.dev/_next/image?url=https%3A%2F%2Fcdn.sanity.io%2Fimages%2Flzbhll1u%2Fproduction%2Fea59f8c0cde7ccec3a92c9d4119256ba7ff9391f-260x37.png&w=640&q=75","2026-07-28 16:59:10"
"https://staging.jakevibes.dev/_next/static/chunks/0kmtdpq4-ie8d.js?dpl=dpl_Hf38ZJXzxvT9dduwvdSebmDFuJid","application/javascript; charset=utf-8","200","OK","Indexable","","","0","0","","0","0","","0","","0","","0","","0","","","","","","","","","","0","0","0","0.000","","0","","","","","0.000","1","3","","0","0","0","0.000","0","0","0","0","0","0","","","","","","0.222","Tue, 28 Jul 2026 06:05:58 GMT","","","","","1.1","","","","","","https://staging.jakevibes.dev/_next/static/chunks/0kmtdpq4-ie8d.js?dpl=dpl_Hf38ZJXzxvT9dduwvdSebmDFuJid","2026-07-28 16:59:10"
"https://staging.jakevibes.dev/ce-logo.svg?dpl=dpl_Hf38ZJXzxvT9dduwvdSebmDFuJid","image/svg+xml","200","OK","Indexable","","","0","0","","0","0","","0","","0","","0","","0","","","","","","","","","","0","0","0","0.000","","0","","","","","0.000","1","0","","0","0","0","0.000","0","0","0","0","0","0","","","","","","0.141","Tue, 28 Jul 2026 06:15:53 GMT","","","","","1.1","","","","","","https://staging.jakevibes.dev/ce-logo.svg?dpl=dpl_Hf38ZJXzxvT9dduwvdSebmDFuJid","2026-07-28 16:59:10"
"https://staging.jakevibes.dev/_next/static/chunks/128aahewwf1we.js?dpl=dpl_Hf38ZJXzxvT9dduwvdSebmDFuJid","application/javascript; charset=utf-8","200","OK","Indexable","","","0","0","","0","0","","0","","0","","0","","0","","","","","","","","","","0","0","0","0.000","","0","","","","","0.000","1","3","","0","0","0","0.000","0","0","0","0","0","0","","","","","","0.123","Tue, 28 Jul 2026 08:43:01 GMT","","","","","1.1","","","","","","https://staging.jakevibes.dev/_next/static/chunks/128aahewwf1we.js?dpl=dpl_Hf38ZJXzxvT9dduwvdSebmDFuJid","2026-07-28 16:59:11"
"https://staging.jakevibes.dev/_next/static/chunks/0~n38i-1j7.n5.js?dpl=dpl_Hf38ZJXzxvT9dduwvdSebmDFuJid","application/javascript; charset=utf-8","200","OK","Indexable","","","0","0","","0","0","","0","","0","","0","","0","","","","","","","","","","0","0","0","0.000","","0","","","","","0.000","1","3","","0","0","0","0.000","0","0","0","0","0","0","","","","","","0.194","Tue, 28 Jul 2026 06:15:59 GMT","","","","","1.1","","","","","","https://staging.jakevibes.dev/_next/static/chunks/0~n38i-1j7.n5.js?dpl=dpl_Hf38ZJXzxvT9dduwvdSebmDFuJid","2026-07-28 16:59:11"
"https://staging.jakevibes.dev/_next/static/chunks/09afnsg16_xpw.js?dpl=dpl_Hf38ZJXzxvT9dduwvdSebmDFuJid","application/javascript; charset=utf-8","200","OK","Indexable","","","0","0","","0","0","","0","","0","","0","","0","","","","","","","","","","0","0","0","0.000","","0","","","","","0.000","1","3","","0","0","0","0.000","0","0","0","0","0","0","","","","","","0.148","Tue, 28 Jul 2026 06:16:12 GMT","","","","","1.1","","","","","","https://staging.jakevibes.dev/_next/static/chunks/09afnsg16_xpw.js?dpl=dpl_Hf38ZJXzxvT9dduwvdSebmDFuJid","2026-07-28 16:59:12"
"https://staging.jakevibes.dev/_next/static/chunks/0sp52kr.lwrzx.js?dpl=dpl_Hf38ZJXzxvT9dduwvdSebmDFuJid","application/javascript; charset=utf-8","200","OK","Indexable","","","0","0","","0","0","","0","","0","","0","","0","","","","","","","","","","0","0","0","0.000","","0","","","","","0.000","1","3","","0","0","0","0.000","0","0","0","0","0","0","","","","","","0.128","Tue, 28 Jul 2026 06:16:17 GMT","","","","","1.1","","","","","","https://staging.jakevibes.dev/_next/static/chunks/0sp52kr.lwrzx.js?dpl=dpl_Hf38ZJXzxvT9dduwvdSebmDFuJid","2026-07-28 16:59:12"
"https://staging.jakevibes.dev/customer-stories/virgin","text/html","308","Permanent Redirect","Non-Indexable","Redirected","","0","0","","0","0","","0","","0","","0","","0","","","","","","","","","","0","0","0","0.000","","0","","","","","0.000","1","1","","1","1","0","0.150","0","0","0","0","0","0","","","","","","0.124","","https://staging.jakevibes.dev/customer-story/virgin","HTTP Redirect","","","1.1","","","","","","https://staging.jakevibes.dev/customer-stories/virgin","2026-07-28 16:59:15"
"https://staging.jakevibes.dev/_next/static/chunks/1613y1dv5akxr.js?dpl=dpl_Hf38ZJXzxvT9dduwvdSebmDFuJid","application/javascript; charset=utf-8","200","OK","Indexable","","","0","0","","0","0","","0","","0","","0","","0","","","","","","","","","","0","0","0","0.000","","0","","","","","0.000","1","3","","0","0","0","0.000","0","0","0","0","0","0","","","","","","0.130","Tue, 28 Jul 2026 06:17:15 GMT","","","","","1.1","","","","","","https://staging.jakevibes.dev/_next/static/chunks/1613y1dv5akxr.js?dpl=dpl_Hf38ZJXzxvT9dduwvdSebmDFuJid","2026-07-28 16:59:15"
"https://staging.jakevibes.dev/customer-stories/hotelplan","text/html","308","Permanent Redirect","Non-Indexable","Redirected","","0","0","","0","0","","0","","0","","0","","0","","","","","","","","","","0","0","0","0.000","","0","","","","","0.000","1","1","","1","1","0","0.150","0","0","0","0","0","0","","","","","","0.124","","https://staging.jakevibes.dev/customer-story/hotelplan","HTTP Redirect","","","1.1","","","","","","https://staging.jakevibes.dev/customer-stories/hotelplan","2026-07-28 16:59:15"
"https://staging.jakevibes.dev/design/home/logos/willo.png","image/png","200","OK","Indexable","","","0","0","","0","0","","0","","0","","0","","0","","","","","","","","","","10034","10034","10034","3.844","","0","","","","","0.000","1","3","","0","0","0","0.000","0","0","0","0","0","0","","","","","","0.132","Tue, 28 Jul 2026 06:16:07 GMT","","","","","1.1","","","","","","https://staging.jakevibes.dev/design/home/logos/willo.png","2026-07-28 16:59:15"
"https://staging.jakevibes.dev/design/home/logos/salmon.png","image/png","200","OK","Indexable","","","0","0","","0","0","","0","","0","","0","","0","","","","","","","","","","8031","8031","8031","3.077","","0","","","","","0.000","1","3","","0","0","0","0.000","0","0","0","0","0","0","","","","","","0.131","Tue, 28 Jul 2026 06:16:07 GMT","","","","","1.1","","","","","","https://staging.jakevibes.dev/design/home/logos/salmon.png","2026-07-28 16:59:16"
"https://staging.jakevibes.dev/design/home/logos/travelex.png","image/png","200","OK","Indexable","","","0","0","","0","0","","0","","0","","0","","0","","","","","","","","","","7000","7000","7000","2.682","","0","","","","","0.000","1","3","","0","0","0","0.000","0","0","0","0","0","0","","","","","","0.127","Tue, 28 Jul 2026 06:16:08 GMT","","","","","1.1","","","","","","https://staging.jakevibes.dev/design/home/logos/travelex.png","2026-07-28 16:59:16"
"https://staging.jakevibes.dev/customer-stories/waya","text/html","308","Permanent Redirect","Non-Indexable","Redirected","","0","0","","0","0","","0","","0","","0","","0","","","","","","","","","","0","0","0","0.000","","0","","","","","0.000","1","1","","1","1","0","0.150","0","0","0","0","0","0","","","","","","0.156","","https://staging.jakevibes.dev/customer-story/waya","HTTP Redirect","","","1.1","","","","","","https://staging.jakevibes.dev/customer-stories/waya","2026-07-28 16:59:16"
"https://staging.jakevibes.dev/customer-stories/travelx","text/html","308","Permanent Redirect","Non-Indexable","Redirected","","0","0","","0","0","","0","","0","","0","","0","","","","","","","","","","0","0","0","0.000","","0","","","","","0.000","1","1","","1","1","0","0.150","0","0","0","0","0","0","","","","","","0.138","","https://staging.jakevibes.dev/customer-story/travelx","HTTP Redirect","","","1.1","","","","","","https://staging.jakevibes.dev/customer-stories/travelx","2026-07-28 16:59:16"
"https://staging.jakevibes.dev/design/home/logos/virgin.png","image/png","200","OK","Indexable","","","0","0","","0","0","","0","","0","","0","","0","","","","","","","","","","13615","13615","13615","5.216","","0","","","","","0.000","1","3","","0","0","0","0.000","0","0","0","0","0","0","","","","","","0.396","Tue, 28 Jul 2026 08:59:16 GMT","","","","","1.1","","","","","","https://staging.jakevibes.dev/design/home/logos/virgin.png","2026-07-28 16:59:16"
"https://staging.jakevibes.dev/_next/static/chunks/0vx7ot_o8yhsn.js?dpl=dpl_Hf38ZJXzxvT9dduwvdSebmDFuJid","application/javascript; charset=utf-8","200","OK","Indexable","","","0","0","","0","0","","0","","0","","0","","0","","","","","","","","","","0","0","0","0.000","","0","","","","","0.000","1","3","","0","0","0","0.000","0","0","0","0","0","0","","","","","","0.130","Tue, 28 Jul 2026 06:17:13 GMT","","","","","1.1","","","","","","https://staging.jakevibes.dev/_next/static/chunks/0vx7ot_o8yhsn.js?dpl=dpl_Hf38ZJXzxvT9dduwvdSebmDFuJid","2026-07-28 16:59:16"
"https://staging.jakevibes.dev/_next/image?url=%2Fdesign%2Fhome%2Fengineers%2Fhero-card%2Fpetra.jpg&w=3840&q=75&dpl=dpl_Hf38ZJXzxvT9dduwvdSebmDFuJid","image/jpeg","200","OK","Indexable","","","0","0","","0","0","","0","","0","","0","","0","","","","","","","","","","14176","14176","14176","5.431","","0","","","","","0.000","1","1","","0","0","0","0.000","0","0","0","0","0","0","","","","","","0.130","Tue, 28 Jul 2026 06:17:14 GMT","","","","","1.1","","","","","","https://staging.jakevibes.dev/_next/image?url=%2Fdesign%2Fhome%2Fengineers%2Fhero-card%2Fpetra.jpg&w=3840&q=75&dpl=dpl_Hf38ZJXzxvT9dduwvdSebmDFuJid","2026-07-28 16:59:16"
"https://staging.jakevibes.dev/_next/image?url=%2Fdesign%2Fhome%2Fengineers%2Fhero-card%2Fkyla.jpg&w=3840&q=75&dpl=dpl_Hf38ZJXzxvT9dduwvdSebmDFuJid","image/jpeg","200","OK","Indexable","","","0","0","","0","0","","0","","0","","0","","0","","","","","","","","","","8246","8246","8246","3.159","","0","","","","","0.000","1","1","","0","0","0","0.000","0","0","0","0","0","0","","","","","","0.133","Fri, 24 Jul 2026 11:46:34 GMT","","","","","1.1","","","","","","https://staging.jakevibes.dev/_next/image?url=%2Fdesign%2Fhome%2Fengineers%2Fhero-card%2Fkyla.jpg&w=3840&q=75&dpl=dpl_Hf38ZJXzxvT9dduwvdSebmDFuJid","2026-07-28 16:59:16"
"https://staging.jakevibes.dev/design/home/logos/tidal.png","image/png","200","OK","Indexable","","","0","0","","0","0","","0","","0","","0","","0","","","","","","","","","","5401","5401","5401","2.069","","0","","","","","0.000","1","3","","0","0","0","0.000","0","0","0","0","0","0","","","","","","0.145","Tue, 28 Jul 2026 06:16:08 GMT","","","","","1.1","","","","","","https://staging.jakevibes.dev/design/home/logos/tidal.png","2026-07-28 16:59:16"
"https://staging.jakevibes.dev/_next/image?url=%2Fdesign%2Fhome%2Fengineers%2Fhero-card%2Fmarcello.jpg&w=3840&q=75&dpl=dpl_Hf38ZJXzxvT9dduwvdSebmDFuJid","image/jpeg","200","OK","Indexable","","","0","0","","0","0","","0","","0","","0","","0","","","","","","","","","","18763","18763","18763","7.188","","0","","","","","0.000","1","1","","0","0","0","0.000","0","0","0","0","0","0","","","","","","0.131","Tue, 28 Jul 2026 06:17:14 GMT","","","","","1.1","","","","","","https://staging.jakevibes.dev/_next/image?url=%2Fdesign%2Fhome%2Fengineers%2Fhero-card%2Fmarcello.jpg&w=3840&q=75&dpl=dpl_Hf38ZJXzxvT9dduwvdSebmDFuJid","2026-07-28 16:59:16"
"https://staging.jakevibes.dev/design/home/logos/hotelplan.png","image/png","200","OK","Indexable","","","0","0","","0","0","","0","","0","","0","","0","","","","","","","","","","6684","6684","6684","2.561","","0","","","","","0.000","1","3","","0","0","0","0.000","0","0","0","0","0","0","","","","","","0.398","Tue, 28 Jul 2026 08:59:17 GMT","","","","","1.1","","","","","","https://staging.jakevibes.dev/design/home/logos/hotelplan.png","2026-07-28 16:59:16"
"https://staging.jakevibes.dev/design/home/engineers/hero-card/petra.jpg","image/jpeg","200","OK","Indexable","","","0","0","","0","0","","0","","0","","0","","0","","","","","","","","","","27434","27434","27434","10.509","","0","","","","","0.000","1","4","","0","0","0","0.000","0","0","0","0","0","0","","","","","","0.137","Tue, 28 Jul 2026 06:17:14 GMT","","","","","1.1","","","","","","https://staging.jakevibes.dev/design/home/engineers/hero-card/petra.jpg","2026-07-28 16:59:17"
"https://staging.jakevibes.dev/design/home/logos/scorpion.png","image/png","200","OK","Indexable","","","0","0","","0","0","","0","","0","","0","","0","","","","","","","","","","8367","8367","8367","3.205","","0","","","","","0.000","1","3","","0","0","0","0.000","0","0","0","0","0","0","","","","","","0.442","Tue, 28 Jul 2026 08:59:17 GMT","","","","","1.1","","","","","","https://staging.jakevibes.dev/design/home/logos/scorpion.png","2026-07-28 16:59:16"
"https://staging.jakevibes.dev/schedule-a-call","text/html; charset=utf-8","404","Not Found","Non-Indexable","Client Error","","0","0","","0","0","","0","","0","","0","","0","","","","","","","","","","0","0","0","0.000","","0","","","","","0.000","1","0","","8","6","0","0.890","0","0","0","0","0","0","","","","","","0.471","","","","","","1.1","","","","","","https://staging.jakevibes.dev/schedule-a-call","2026-07-28 16:59:17"
"https://staging.jakevibes.dev/_next/static/chunks/08ekyc5_4tmkv.js?dpl=dpl_Hf38ZJXzxvT9dduwvdSebmDFuJid","application/javascript; charset=utf-8","200","OK","Indexable","","","0","0","","0","0","","0","","0","","0","","0","","","","","","","","","","0","0","0","0.000","","0","","","","","0.000","1","3","","0","0","0","0.000","0","0","0","0","0","0","","","","","","0.134","Tue, 28 Jul 2026 06:16:47 GMT","","","","","1.1","","","","","","https://staging.jakevibes.dev/_next/static/chunks/08ekyc5_4tmkv.js?dpl=dpl_Hf38ZJXzxvT9dduwvdSebmDFuJid","2026-07-28 16:59:24"
"https://staging.jakevibes.dev/design/services/candid-3.avif","image/avif","200","OK","Indexable","","","0","0","","0","0","","0","","0","","0","","0","","","","","","","","","","37217","37217","37217","14.257","","0","","","","","0.000","1","2","","0","0","0","0.000","0","0","0","0","0","0","","","","","","0.149","Tue, 28 Jul 2026 06:16:06 GMT","","","","","1.1","","","","","","https://staging.jakevibes.dev/design/services/candid-3.avif","2026-07-28 16:59:25"
"https://staging.jakevibes.dev/location/eastern-europe/team.jpg","image/jpeg","200","OK","Indexable","","","0","0","","0","0","","0","","0","","0","","0","","","","","","","","","","1750210","1750210","1750210","670.472","","0","","","","","0.000","1","2","","0","0","0","0.000","0","0","0","0","0","0","","","","","","0.132","Tue, 28 Jul 2026 06:16:07 GMT","","","","","1.1","","","","","","https://staging.jakevibes.dev/location/eastern-europe/team.jpg","2026-07-28 16:59:25"
"https://staging.jakevibes.dev/design/services/ui-card.webp","image/webp","200","OK","Indexable","","","0","0","","0","0","","0","","0","","0","","0","","","","","","","","","","89564","89564","89564","34.310","","0","","","","","0.000","1","2","","0","0","0","0.000","0","0","0","0","0","0","","","","","","0.140","Tue, 28 Jul 2026 06:16:06 GMT","","","","","1.1","","","","","","https://staging.jakevibes.dev/design/services/ui-card.webp","2026-07-28 16:59:25"
"https://staging.jakevibes.dev/location/latam/hub-buenosaires.jpg","image/jpeg","200","OK","Indexable","","","0","0","","0","0","","0","","0","","0","","0","","","","","","","","","","116892","116892","116892","44.779","","0","","","","","0.000","1","2","","0","0","0","0.000","0","0","0","0","0","0","","","","","","0.136","Tue, 28 Jul 2026 06:16:06 GMT","","","","","1.1","","","","","","https://staging.jakevibes.dev/location/latam/hub-buenosaires.jpg","2026-07-28 16:59:25"
"https://staging.jakevibes.dev/location/philippines/team.jpg","image/jpeg","200","OK","Indexable","","","0","0","","0","0","","0","","0","","0","","0","","","","","","","","","","1750210","1750210","1750210","670.472","","0","","","","","0.000","1","2","","0","0","0","0.000","0","0","0","0","0","0","","","","","","0.133","Tue, 28 Jul 2026 06:16:07 GMT","","","","","1.1","","","","","","https://staging.jakevibes.dev/location/philippines/team.jpg","2026-07-28 16:59:25"
"https://staging.jakevibes.dev/design/services/hero.avif","image/avif","200","OK","Indexable","","","0","0","","0","0","","0","","0","","0","","0","","","","","","","","","","52567","52567","52567","20.137","","0","","","","","0.000","1","2","","0","0","0","0.000","0","0","0","0","0","0","","","","","","0.158","Tue, 28 Jul 2026 06:16:07 GMT","","","","","1.1","","","","","","https://staging.jakevibes.dev/design/services/hero.avif","2026-07-28 16:59:25"
"https://staging.jakevibes.dev/how-it-works/stage3-onboard.png","image/png","200","OK","Indexable","","","0","0","","0","0","","0","","0","","0","","0","","","","","","","","","","1531206","1531206","1531206","586.576","","0","","","","","0.000","1","1","","0","0","0","0.000","0","0","0","0","0","0","","","","","","0.135","Tue, 28 Jul 2026 06:16:07 GMT","","","","","1.1","","","","","","https://staging.jakevibes.dev/how-it-works/stage3-onboard.png","2026-07-28 16:59:26"
"https://staging.jakevibes.dev/design/services/candid-1.png","image/png","200","OK","Indexable","","","0","0","","0","0","","0","","0","","0","","0","","","","","","","","","","1556479","1556479","1556479","596.258","","0","","","","","0.000","1","2","","0","0","0","0.000","0","0","0","0","0","0","","","","","","0.456","Tue, 28 Jul 2026 08:59:26 GMT","","","","","1.1","","","","","","https://staging.jakevibes.dev/design/services/candid-1.png","2026-07-28 16:59:25"
"https://staging.jakevibes.dev/location/latam/team.jpg","image/jpeg","200","OK","Indexable","","","0","0","","0","0","","0","","0","","0","","0","","","","","","","","","","1750210","1750210","1750210","670.472","","0","","","","","0.000","1","2","","0","0","0","0.000","0","0","0","0","0","0","","","","","","0.131","Tue, 28 Jul 2026 06:16:08 GMT","","","","","1.1","","","","","","https://staging.jakevibes.dev/location/latam/team.jpg","2026-07-28 16:59:26"
"https://staging.jakevibes.dev/how-it-works/stage2-coding.png","image/png","200","OK","Indexable","","","0","0","","0","0","","0","","0","","0","","0","","","","","","","","","","1262665","1262665","1262665","483.703","","0","","","","","0.000","1","1","","0","0","0","0.000","0","0","0","0","0","0","","","","","","0.134","Tue, 28 Jul 2026 06:16:08 GMT","","","","","1.1","","","","","","https://staging.jakevibes.dev/how-it-works/stage2-coding.png","2026-07-28 16:59:26"
"https://staging.jakevibes.dev/design/services/candid-2.avif","image/avif","200","OK","Indexable","","","0","0","","0","0","","0","","0","","0","","0","","","","","","","","","","56094","56094","56094","21.489","","0","","","","","0.000","1","2","","0","0","0","0.000","0","0","0","0","0","0","","","","","","0.158","Tue, 28 Jul 2026 06:16:08 GMT","","","","","1.1","","","","","","https://staging.jakevibes.dev/design/services/candid-2.avif","2026-07-28 16:59:26"
"https://staging.jakevibes.dev/design/home/media/coding-interview.jpg","image/jpeg","200","OK","Indexable","","","0","0","","0","0","","0","","0","","0","","0","","","","","","","","","","241018","241018","241018","92.329","","0","","","","","0.000","1","3","","0","0","0","0.000","0","0","0","0","0","0","","","","","","0.152","Tue, 28 Jul 2026 06:16:08 GMT","","","","","1.1","","","","","","https://staging.jakevibes.dev/design/home/media/coding-interview.jpg","2026-07-28 16:59:26"
"https://staging.jakevibes.dev/_next/static/chunks/02wjt~otike-~.js?dpl=dpl_Hf38ZJXzxvT9dduwvdSebmDFuJid","application/javascript; charset=utf-8","200","OK","Indexable","","","0","0","","0","0","","0","","0","","0","","0","","","","","","","","","","0","0","0","0.000","","0","","","","","0.000","1","3","","0","0","0","0.000","0","0","0","0","0","0","","","","","","0.143","Tue, 28 Jul 2026 06:16:11 GMT","","","","","1.1","","","","","","https://staging.jakevibes.dev/_next/static/chunks/02wjt~otike-~.js?dpl=dpl_Hf38ZJXzxvT9dduwvdSebmDFuJid","2026-07-28 16:59:26"
"https://staging.jakevibes.dev/_next/image?url=https%3A%2F%2Fcdn.sanity.io%2Fimages%2Flzbhll1u%2Fproduction%2Fccec5650f4be23bb5a715868c245317a5deed664-1402x1122.png&w=3840&q=75","image/png","200","OK","Indexable","","","0","0","","0","0","","0","","0","","0","","0","","","","","","","","","","541418","541418","541418","207.407","","0","","","","","0.000","1","1","","0","0","0","0.000","0","0","0","0","0","0","","","","","","0.132","Fri, 24 Jul 2026 05:45:25 GMT","","","","","1.1","","","","","","https://staging.jakevibes.dev/_next/image?url=https%3A%2F%2Fcdn.sanity.io%2Fimages%2Flzbhll1u%2Fproduction%2Fccec5650f4be23bb5a715868c245317a5deed664-1402x1122.png&w=3840&q=75","2026-07-28 16:59:27"
"https://staging.jakevibes.dev/start-hiring","text/html","308","Permanent Redirect","Non-Indexable","Redirected","","0","0","","0","0","","0","","0","","0","","0","","","","","","","","","","0","0","0","0.000","","0","","","","","0.000","1","0","","16","6","0","0.890","0","0","0","0","0","0","","","","","","0.126","","https://staging.jakevibes.dev/start-hiring/contact-info","HTTP Redirect","","","1.1","","","","","","https://staging.jakevibes.dev/start-hiring","2026-07-28 16:59:27"
"https://staging.jakevibes.dev/technology/android-studio","text/html; charset=utf-8","200","OK","Indexable","","Android Studio Developers for Hire","34","308","Hire vetted Android Studio developers to scale your team fast. Nearshore/offshore talent that feels in-house. Cancel anytime, no upfront fees.","142","871","","0","Android Studio","14","Get speed, fit and in-house feel without the hiring grind.","58","We handle the rest so your engineers can focus on building.","59","index, follow","","","https://staging.jakevibes.dev/technology/android-studio","","","","","","311286","39612","39612","15.175","","806","152","5.303","80.746","Easy","2.115","1","1","","5","5","0","0.740","120","51","0","1","1","0","","","","","1e22c411bf1b6d57adf9bc9bfb779cea","0.807","","","","","en-US","1.1","","","","","","https://staging.jakevibes.dev/technology/android-studio","2026-07-28 16:59:26"
"https://staging.jakevibes.dev/_next/static/chunks/07ljduoydfoxx.js?dpl=dpl_Hf38ZJXzxvT9dduwvdSebmDFuJid","application/javascript; charset=utf-8","200","OK","Indexable","","","0","0","","0","0","","0","","0","","0","","0","","","","","","","","","","0","0","0","0.000","","0","","","","","0.000","1","3","","0","0","0","0.000","0","0","0","0","0","0","","","","","","0.063","Tue, 28 Jul 2026 06:16:31 GMT","","","","","1.1","","","","","","https://staging.jakevibes.dev/_next/static/chunks/07ljduoydfoxx.js?dpl=dpl_Hf38ZJXzxvT9dduwvdSebmDFuJid","2026-07-28 16:59:28"
"https://staging.jakevibes.dev/_next/static/chunks/0d1tzabc7k7zg.css?dpl=dpl_Hf38ZJXzxvT9dduwvdSebmDFuJid","text/css; charset=utf-8","200","OK","Indexable","","","0","0","","0","0","","0","","0","","0","","0","","","","","","","","","","0","0","0","0.000","","0","","","","","0.000","1","3","","0","0","0","0.000","0","0","0","0","0","0","","","","","","0.133","Tue, 28 Jul 2026 06:17:11 GMT","","","","","1.1","","","","","","https://staging.jakevibes.dev/_next/static/chunks/0d1tzabc7k7zg.css?dpl=dpl_Hf38ZJXzxvT9dduwvdSebmDFuJid","2026-07-28 16:59:28"
"https://staging.jakevibes.dev/_next/static/chunks/0d5cfkkywlt7n.js?dpl=dpl_Hf38ZJXzxvT9dduwvdSebmDFuJid","application/javascript; charset=utf-8","200","OK","Indexable","","","0","0","","0","0","","0","","0","","0","","0","","","","","","","","","","0","0","0","0.000","","0","","","","","0.000","1","3","","0","0","0","0.000","0","0","0","0","0","0","","","","","","0.432","Tue, 28 Jul 2026 08:59:29 GMT","","","","","1.1","","","","","","https://staging.jakevibes.dev/_next/static/chunks/0d5cfkkywlt7n.js?dpl=dpl_Hf38ZJXzxvT9dduwvdSebmDFuJid","2026-07-28 16:59:28"
"https://staging.jakevibes.dev/alternatives?page=2","text/html; charset=utf-8","200","OK","Indexable","","Cloud Employee Alternatives | Compare Providers Side by Side | Cloud Employee","77","714","Explore Cloud Employee vs top alternatives. Compare outsourcing, freelancing & agencies to find the best way to scale your engineering team.","140","873","","0","Cloud Employee: Comparisons & Reviews","37","All alternatives","16","Ready to hire your next engineer?","33","index, follow","","","https://staging.jakevibes.dev/alternatives?page=2","https://staging.jakevibes.dev/alternatives?page=3","https://staging.jakevibes.dev/alternatives","","","","268037","31735","31735","12.157","","695","145","4.793","55.168","Fairly Hard","2.531","1","0","","5","3","0","0.450","130","64","0","1","1","0","","","","","70579d9360464a1e703663101869088b","0.770","","","","","en-US","1.1","","","","","","https://staging.jakevibes.dev/alternatives?page=2","2026-07-28 16:59:28"
"https://staging.jakevibes.dev/_next/image?url=https%3A%2F%2Fcdn.sanity.io%2Fimages%2Flzbhll1u%2Fproduction%2F0be8bf95bc505d80eb80043c9c949c0eef0fa67b-1000x685.jpg&w=3840&q=75","image/jpeg","200","OK","Indexable","","","0","0","","0","0","","0","","0","","0","","0","","","","","","","","","","64882","64882","64882","24.855","","0","","","","","0.000","1","1","","0","0","0","0.000","0","0","0","0","0","0","","","","","","0.050","Fri, 24 Jul 2026 05:45:25 GMT","","","","","1.1","","","","","","https://staging.jakevibes.dev/_next/image?url=https%3A%2F%2Fcdn.sanity.io%2Fimages%2Flzbhll1u%2Fproduction%2F0be8bf95bc505d80eb80043c9c949c0eef0fa67b-1000x685.jpg&w=3840&q=75","2026-07-28 16:59:30"
"https://staging.jakevibes.dev/_next/static/chunks/0q56z7_lng-d0.js?dpl=dpl_Hf38ZJXzxvT9dduwvdSebmDFuJid","application/javascript; charset=utf-8","200","OK","Indexable","","","0","0","","0","0","","0","","0","","0","","0","","","","","","","","","","0","0","0","0.000","","0","","","","","0.000","1","3","","0","0","0","0.000","0","0","0","0","0","0","","","","","","0.136","Tue, 28 Jul 2026 06:17:00 GMT","","","","","1.1","","","","","","https://staging.jakevibes.dev/_next/static/chunks/0q56z7_lng-d0.js?dpl=dpl_Hf38ZJXzxvT9dduwvdSebmDFuJid","2026-07-28 16:59:30"
"https://staging.jakevibes.dev/hire-engineers/website_image_ce.png","image/png","200","OK","Indexable","","","0","0","","0","0","","0","","0","","0","","0","","","","","","","","","","134115","134115","134115","51.377","","0","","","","","0.000","1","1","","0","0","0","0.000","0","0","0","0","0","0","","","","","","0.157","Tue, 28 Jul 2026 06:17:00 GMT","","","","","1.1","","","","","","https://staging.jakevibes.dev/hire-engineers/website_image_ce.png","2026-07-28 16:59:30"
"https://staging.jakevibes.dev/_next/static/chunks/0o90whf11xuyl.css?dpl=dpl_Hf38ZJXzxvT9dduwvdSebmDFuJid","text/css; charset=utf-8","200","OK","Indexable","","","0","0","","0","0","","0","","0","","0","","0","","","","","","","","","","0","0","0","0.000","","0","","","","","0.000","1","3","","0","0","0","0.000","0","0","0","0","0","0","","","","","","0.158","Tue, 28 Jul 2026 06:17:00 GMT","","","","","1.1","","","","","","https://staging.jakevibes.dev/_next/static/chunks/0o90whf11xuyl.css?dpl=dpl_Hf38ZJXzxvT9dduwvdSebmDFuJid","2026-07-28 16:59:30"
"https://staging.jakevibes.dev/staff-augmentation?page=3","text/html; charset=utf-8","200","OK","Indexable","","Staff Augmentation Knowledge Hub | Cloud Employee | Cloud Employee","66","637","Practical guides on hiring offshore developers, embedding them into your team, and managing retention, from people who run these engagements daily.","147","935","","0","Staff Augmentation Knowledge Hub","32","All articles","12","Featured articles:","18","index, follow","","","https://staging.jakevibes.dev/staff-augmentation?page=3","","https://staging.jakevibes.dev/staff-augmentation?page=2","","","","326814","40487","40487","15.510","","1368","251","5.450","42.369","Hard","3.631","1","0","","4","3","0","0.450","137","71","0","4","4","0","","","","","be12ba5683297fe0c9e16f5b8b834dae","0.496","","","","","en-US","1.1","","","","","","https://staging.jakevibes.dev/staff-augmentation?page=3","2026-07-28 16:59:33"
"https://staging.jakevibes.dev/staff-augmentation?page=2","text/html; charset=utf-8","200","OK","Indexable","","Staff Augmentation Knowledge Hub | Cloud Employee | Cloud Employee","66","637","Practical guides on hiring offshore developers, embedding them into your team, and managing retention, from people who run these engagements daily.","147","935","","0","Staff Augmentation Knowledge Hub","32","All articles","12","Featured articles:","18","index, follow","","","https://staging.jakevibes.dev/staff-augmentation?page=2","https://staging.jakevibes.dev/staff-augmentation?page=3","https://staging.jakevibes.dev/staff-augmentation","","","","336883","42571","42571","16.308","","1454","253","5.747","44.835","Hard","3.676","1","0","","5","3","0","0.450","140","70","0","4","4","0","","","","","6d93a1844b9baddbc3e47ce4d0e98b5e","0.604","","","","","en-US","1.1","","","","","","https://staging.jakevibes.dev/staff-augmentation?page=2","2026-07-28 16:59:32"
"https://staging.jakevibes.dev/_next/static/chunks/13v5h~hu9j.y5.js?dpl=dpl_Hf38ZJXzxvT9dduwvdSebmDFuJid","application/javascript; charset=utf-8","200","OK","Indexable","","","0","0","","0","0","","0","","0","","0","","0","","","","","","","","","","0","0","0","0.000","","0","","","","","0.000","1","3","","0","0","0","0.000","0","0","0","0","0","0","","","","","","0.077","Tue, 28 Jul 2026 06:19:35 GMT","","","","","1.1","","","","","","https://staging.jakevibes.dev/_next/static/chunks/13v5h~hu9j.y5.js?dpl=dpl_Hf38ZJXzxvT9dduwvdSebmDFuJid","2026-07-28 16:59:35"
"https://staging.jakevibes.dev/blog?page=2","text/html; charset=utf-8","200","OK","Indexable","","All Blogs & Guides | Cloud Employee","35","319","From the future of work to hiring and retaining exceptional talent, find our expert insights, CTO profiles, thought pieces and more.","132","793","","0","All Blogs & Guides","18","All articles","12","Ready to hire your next engineer?","33","index, follow","","","https://staging.jakevibes.dev/blog?page=2","https://staging.jakevibes.dev/blog?page=3","https://staging.jakevibes.dev/blog","","","","299772","35071","35071","13.435","","761","140","5.436","51.461","Fairly Hard","2.454","1","0","","5","3","0","0.450","138","70","0","1","1","0","","","","","1a6fc867b9591c77f551a83bc3d39357","0.564","","","","","en-US","1.1","","","","","","https://staging.jakevibes.dev/blog?page=2","2026-07-28 16:59:36"
"https://staging.jakevibes.dev/blog?page=6","text/html; charset=utf-8","200","OK","Indexable","","All Blogs & Guides | Cloud Employee","35","319","From the future of work to hiring and retaining exceptional talent, find our expert insights, CTO profiles, thought pieces and more.","132","793","","0","All Blogs & Guides","18","All articles","12","Ready to hire your next engineer?","33","index, follow","","","https://staging.jakevibes.dev/blog?page=6","","https://staging.jakevibes.dev/blog?page=5","","","","292231","32769","32769","12.553","","632","128","4.938","53.372","Fairly Hard","2.189","1","0","","7","6","0","0.890","134","68","0","1","1","0","","","","","f1d679c47986d4b5274568b59dff7e51","0.704","","","","","en-US","1.1","","","","","","https://staging.jakevibes.dev/blog?page=6","2026-07-28 16:59:36"
"https://staging.jakevibes.dev/compare","text/html","308","Permanent Redirect","Non-Indexable","Redirected","","0","0","","0","0","","0","","0","","0","","0","","","","","","","","","","0","0","0","0.000","","0","","","","","0.000","1","0","","0","0","0","0.000","0","0","0","0","0","0","","","","","","0.143","","https://staging.jakevibes.dev/alternatives","HTTP Redirect","","","1.1","","","","","","https://staging.jakevibes.dev/compare","2026-07-28 17:00:01"
"https://staging.jakevibes.dev/_next/static/chunks/0rvnk~4d.3aey.js?dpl=dpl_Hf38ZJXzxvT9dduwvdSebmDFuJid","application/javascript; charset=utf-8","200","OK","Indexable","","","0","0","","0","0","","0","","0","","0","","0","","","","","","","","","","0","0","0","0.000","","0","","","","","0.000","1","3","","0","0","0","0.000","0","0","0","0","0","0","","","","","","0.208","Tue, 28 Jul 2026 06:16:12 GMT","","","","","1.1","","","","","","https://staging.jakevibes.dev/_next/static/chunks/0rvnk~4d.3aey.js?dpl=dpl_Hf38ZJXzxvT9dduwvdSebmDFuJid","2026-07-28 17:00:10"
"https://staging.jakevibes.dev/customer-stories/salmon-software","text/html","308","Permanent Redirect","Non-Indexable","Redirected","","0","0","","0","0","","0","","0","","0","","0","","","","","","","","","","0","0","0","0.000","","0","","","","","0.000","1","1","","4","3","0","0.450","0","0","0","0","0","0","","","","","","0.134","","https://staging.jakevibes.dev/customer-story/salmon-software","HTTP Redirect","","","1.1","","","","","","https://staging.jakevibes.dev/customer-stories/salmon-software","2026-07-28 17:00:11"
"https://staging.jakevibes.dev/customer-stories/sqr","text/html","308","Permanent Redirect","Non-Indexable","Redirected","","0","0","","0","0","","0","","0","","0","","0","","","","","","","","","","0","0","0","0.000","","0","","","","","0.000","1","1","","1","1","0","0.150","0","0","0","0","0","0","","","","","","0.150","","https://staging.jakevibes.dev/customer-story/sqr","HTTP Redirect","","","1.1","","","","","","https://staging.jakevibes.dev/customer-stories/sqr","2026-07-28 17:00:11"
"https://staging.jakevibes.dev/customer-stories/travel-tech-client","text/html","308","Permanent Redirect","Non-Indexable","Redirected","","0","0","","0","0","","0","","0","","0","","0","","","","","","","","","","0","0","0","0.000","","0","","","","","0.000","1","1","","2","2","0","0.300","0","0","0","0","0","0","","","","","","0.137","","https://staging.jakevibes.dev/customer-story/travel-tech-client","HTTP Redirect","","","1.1","","","","","","https://staging.jakevibes.dev/customer-stories/travel-tech-client","2026-07-28 17:00:11"
"https://staging.jakevibes.dev/customer-stories/event-connections","text/html","308","Permanent Redirect","Non-Indexable","Redirected","","0","0","","0","0","","0","","0","","0","","0","","","","","","","","","","0","0","0","0.000","","0","","","","","0.000","1","1","","2","2","0","0.300","0","0","0","0","0","0","","","","","","0.134","","https://staging.jakevibes.dev/customer-story/event-connections","HTTP Redirect","","","1.1","","","","","","https://staging.jakevibes.dev/customer-stories/event-connections","2026-07-28 17:00:11"
"https://staging.jakevibes.dev/customer-stories/willo","text/html","308","Permanent Redirect","Non-Indexable","Redirected","","0","0","","0","0","","0","","0","","0","","0","","","","","","","","","","0","0","0","0.000","","0","","","","","0.000","1","1","","4","3","0","0.450","0","0","0","0","0","0","","","","","","0.129","","https://staging.jakevibes.dev/customer-story/willo","HTTP Redirect","","","1.1","","","","","","https://staging.jakevibes.dev/customer-stories/willo","2026-07-28 17:00:11"
"https://staging.jakevibes.dev/customer-stories/mercato","text/html","308","Permanent Redirect","Non-Indexable","Redirected","","0","0","","0","0","","0","","0","","0","","0","","","","","","","","","","0","0","0","0.000","","0","","","","","0.000","1","1","","1","1","0","0.150","0","0","0","0","0","0","","","","","","0.148","","https://staging.jakevibes.dev/customer-story/mercato","HTTP Redirect","","","1.1","","","","","","https://staging.jakevibes.dev/customer-stories/mercato","2026-07-28 17:00:11"
"https://staging.jakevibes.dev/customer-stories/cleanlink","text/html","308","Permanent Redirect","Non-Indexable","Redirected","","0","0","","0","0","","0","","0","","0","","0","","","","","","","","","","0","0","0","0.000","","0","","","","","0.000","1","1","","1","1","0","0.150","0","0","0","0","0","0","","","","","","0.133","","https://staging.jakevibes.dev/customer-story/cleanlink","HTTP Redirect","","","1.1","","","","","","https://staging.jakevibes.dev/customer-stories/cleanlink","2026-07-28 17:00:11"
"https://staging.jakevibes.dev/_next/static/chunks/00eub~tq~ijg..js?dpl=dpl_Hf38ZJXzxvT9dduwvdSebmDFuJid","application/javascript; charset=utf-8","200","OK","Indexable","","","0","0","","0","0","","0","","0","","0","","0","","","","","","","","","","0","0","0","0.000","","0","","","","","0.000","1","3","","0","0","0","0.000","0","0","0","0","0","0","","","","","","0.142","Tue, 28 Jul 2026 06:18:49 GMT","","","","","1.1","","","","","","https://staging.jakevibes.dev/_next/static/chunks/00eub~tq~ijg..js?dpl=dpl_Hf38ZJXzxvT9dduwvdSebmDFuJid","2026-07-28 17:00:16"
"https://staging.jakevibes.dev/_next/static/chunks/0kv51t03k0k46.js?dpl=dpl_Hf38ZJXzxvT9dduwvdSebmDFuJid","application/javascript; charset=utf-8","200","OK","Indexable","","","0","0","","0","0","","0","","0","","0","","0","","","","","","","","","","0","0","0","0.000","","0","","","","","0.000","1","3","","0","0","0","0.000","0","0","0","0","0","0","","","","","","0.225","Tue, 28 Jul 2026 06:17:09 GMT","","","","","1.1","","","","","","https://staging.jakevibes.dev/_next/static/chunks/0kv51t03k0k46.js?dpl=dpl_Hf38ZJXzxvT9dduwvdSebmDFuJid","2026-07-28 17:00:18"
"https://staging.jakevibes.dev/_next/image?url=https%3A%2F%2Fcdn.sanity.io%2Fimages%2Flzbhll1u%2Fproduction%2Fa74348804e7df9b74e8c6fe6d724c35514509842-1024x1024.png&w=3840&q=75","image/png","200","OK","Indexable","","","0","0","","0","0","","0","","0","","0","","0","","","","","","","","","","447935","447935","447935","171.595","","0","","","","","0.000","1","1","","0","0","0","0.000","0","0","0","0","0","0","","","","","","0.139","Sun, 26 Jul 2026 04:25:35 GMT","","","","","1.1","","","","","","https://staging.jakevibes.dev/_next/image?url=https%3A%2F%2Fcdn.sanity.io%2Fimages%2Flzbhll1u%2Fproduction%2Fa74348804e7df9b74e8c6fe6d724c35514509842-1024x1024.png&w=3840&q=75","2026-07-28 17:00:22"
"https://staging.jakevibes.dev/_next/image?url=https%3A%2F%2Fcdn.sanity.io%2Fimages%2Flzbhll1u%2Fproduction%2Ffd0b49e088e34d3774569e2b99ad4432cfbac554-1190x1190.png&w=3840&q=75","image/png","200","OK","Indexable","","","0","0","","0","0","","0","","0","","0","","0","","","","","","","","","","474953","474953","474953","181.945","","0","","","","","0.000","1","1","","0","0","0","0.000","0","0","0","0","0","0","","","","","","0.153","Sun, 26 Jul 2026 04:25:35 GMT","","","","","1.1","","","","","","https://staging.jakevibes.dev/_next/image?url=https%3A%2F%2Fcdn.sanity.io%2Fimages%2Flzbhll1u%2Fproduction%2Ffd0b49e088e34d3774569e2b99ad4432cfbac554-1190x1190.png&w=3840&q=75","2026-07-28 17:00:22"
"https://staging.jakevibes.dev/_next/image?url=https%3A%2F%2Fcdn.sanity.io%2Fimages%2Flzbhll1u%2Fproduction%2F6dc8eb0971433c627b2fb9aaeb72ccd49a80b12d-1402x1122.png&w=3840&q=75","image/png","200","OK","Indexable","","","0","0","","0","0","","0","","0","","0","","0","","","","","","","","","","585994","585994","585994","224.483","","0","","","","","0.000","1","1","","0","0","0","0.000","0","0","0","0","0","0","","","","","","0.155","Sun, 26 Jul 2026 04:25:22 GMT","","","","","1.1","","","","","","https://staging.jakevibes.dev/_next/image?url=https%3A%2F%2Fcdn.sanity.io%2Fimages%2Flzbhll1u%2Fproduction%2F6dc8eb0971433c627b2fb9aaeb72ccd49a80b12d-1402x1122.png&w=3840&q=75","2026-07-28 17:00:22"
"https://staging.jakevibes.dev/_next/image?url=https%3A%2F%2Fcdn.sanity.io%2Fimages%2Flzbhll1u%2Fproduction%2F7e28b04405a8d576dcdf2e213ca2f310d891a124-1024x1024.png&w=3840&q=75","image/png","200","OK","Indexable","","","0","0","","0","0","","0","","0","","0","","0","","","","","","","","","","345777","345777","345777","132.461","","0","","","","","0.000","1","1","","0","0","0","0.000","0","0","0","0","0","0","","","","","","0.185","Sun, 26 Jul 2026 04:25:30 GMT","","","","","1.1","","","","","","https://staging.jakevibes.dev/_next/image?url=https%3A%2F%2Fcdn.sanity.io%2Fimages%2Flzbhll1u%2Fproduction%2F7e28b04405a8d576dcdf2e213ca2f310d891a124-1024x1024.png&w=3840&q=75","2026-07-28 17:00:22"
"https://staging.jakevibes.dev/_next/image?url=https%3A%2F%2Fcdn.sanity.io%2Fimages%2Flzbhll1u%2Fproduction%2F22c484aeb11fc961f0903064d67258812c829bd8-1402x1122.png&w=3840&q=75","image/png","200","OK","Indexable","","","0","0","","0","0","","0","","0","","0","","0","","","","","","","","","","587534","587534","587534","225.073","","0","","","","","0.000","1","1","","0","0","0","0.000","0","0","0","0","0","0","","","","","","0.285","Sun, 26 Jul 2026 04:25:23 GMT","","","","","1.1","","","","","","https://staging.jakevibes.dev/_next/image?url=https%3A%2F%2Fcdn.sanity.io%2Fimages%2Flzbhll1u%2Fproduction%2F22c484aeb11fc961f0903064d67258812c829bd8-1402x1122.png&w=3840&q=75","2026-07-28 17:00:22"
"https://staging.jakevibes.dev/_next/image?url=https%3A%2F%2Fcdn.sanity.io%2Fimages%2Flzbhll1u%2Fproduction%2F5ebe2fbd5ce33d0d1b768ce7ac593c4ad857bf80-1254x1254.png&w=3840&q=75","image/png","200","OK","Indexable","","","0","0","","0","0","","0","","0","","0","","0","","","","","","","","","","403694","403694","403694","154.648","","0","","","","","0.000","1","1","","0","0","0","0.000","0","0","0","0","0","0","","","","","","0.140","Sun, 26 Jul 2026 04:25:27 GMT","","","","","1.1","","","","","","https://staging.jakevibes.dev/_next/image?url=https%3A%2F%2Fcdn.sanity.io%2Fimages%2Flzbhll1u%2Fproduction%2F5ebe2fbd5ce33d0d1b768ce7ac593c4ad857bf80-1254x1254.png&w=3840&q=75","2026-07-28 17:00:23"
"https://staging.jakevibes.dev/_next/static/chunks/17uk5926937.r.js?dpl=dpl_Hf38ZJXzxvT9dduwvdSebmDFuJid","application/javascript; charset=utf-8","200","OK","Indexable","","","0","0","","0","0","","0","","0","","0","","0","","","","","","","","","","0","0","0","0.000","","0","","","","","0.000","1","3","","0","0","0","0.000","0","0","0","0","0","0","","","","","","0.149","Tue, 28 Jul 2026 06:17:37 GMT","","","","","1.1","","","","","","https://staging.jakevibes.dev/_next/static/chunks/17uk5926937.r.js?dpl=dpl_Hf38ZJXzxvT9dduwvdSebmDFuJid","2026-07-28 17:00:23"
"https://staging.jakevibes.dev/_next/image?url=https%3A%2F%2Fcdn.sanity.io%2Fimages%2Flzbhll1u%2Fproduction%2F596eeb4f6a52922de84264959943b98a9b8d5c32-800x800.png&w=3840&q=75","image/png","200","OK","Indexable","","","0","0","","0","0","","0","","0","","0","","0","","","","","","","","","","225891","225891","225891","86.535","","0","","","","","0.000","1","1","","0","0","0","0.000","0","0","0","0","0","0","","","","","","0.187","Fri, 10 Jul 2026 08:18:47 GMT","","","","","1.1","","","","","","https://staging.jakevibes.dev/_next/image?url=https%3A%2F%2Fcdn.sanity.io%2Fimages%2Flzbhll1u%2Fproduction%2F596eeb4f6a52922de84264959943b98a9b8d5c32-800x800.png&w=3840&q=75","2026-07-28 17:00:23"
"https://staging.jakevibes.dev/managing-engineers/software-developer-performance-metrics-for-ctos","text/html","308","Permanent Redirect","Non-Indexable","Redirected","","0","0","","0","0","","0","","0","","0","","0","","","","","","","","","","0","0","0","0.000","","0","","","","","0.000","1","1","","2","2","0","0.300","0","0","0","0","0","0","","","","","","0.136","","https://staging.jakevibes.dev/managing-engineers","HTTP Redirect","","","1.1","","","","","","https://staging.jakevibes.dev/managing-engineers/software-developer-performance-metrics-for-ctos","2026-07-28 17:00:24"
"https://staging.jakevibes.dev/price-comparison-calculator","text/html; charset=utf-8","200","OK","Non-Indexable","noindex","Price Comparison Calculator | Cloud Employee","44","413","","0","0","","0","Price Comparison Calculator","27","Tell us more about yourself and what you’re looking for:","56","FAQs","4","noindex, follow","","","https://staging.jakevibes.dev/price-comparison-calculator","","","","","","241380","33011","33011","12.646","","1068","156","6.846","63.877","Normal","3.584","1","0","","3","3","0","0.450","115","51","0","1","1","0","","","","","a9fba57135fae79a9e209a8ff037ba73","0.558","","","","","en-US","1.1","","","","","","https://staging.jakevibes.dev/price-comparison-calculator","2026-07-28 17:00:33"
"https://staging.jakevibes.dev/uk/blog?page=3","text/html; charset=utf-8","200","OK","Indexable","","All Blogs & Guides | Cloud Employee","35","319","From the future of work to hiring and retaining exceptional talent, find our expert insights, CTO profiles, thought pieces and more.","132","793","","0","All Blogs & Guides","18","All articles","12","Ready to hire your next engineer?","33","index, follow","","","https://staging.jakevibes.dev/uk/blog?page=3","https://staging.jakevibes.dev/uk/blog?page=4","https://staging.jakevibes.dev/uk/blog?page=2","","","","300248","35282","35282","13.516","","737","144","5.118","56.087","Fairly Hard","2.364","2","1","","5","3","0","0.450","139","70","0","1","1","0","","","","","204a9e7037a1df0594d1ecd45eddd85e","0.552","","","","","en-GB","1.1","","","","","","https://staging.jakevibes.dev/uk/blog?page=3","2026-07-28 17:00:39"
"https://staging.jakevibes.dev/uk/blog?page=5","text/html; charset=utf-8","200","OK","Indexable","","All Blogs & Guides | Cloud Employee","35","319","From the future of work to hiring and retaining exceptional talent, find our expert insights, CTO profiles, thought pieces and more.","132","793","","0","All Blogs & Guides","18","All articles","12","Ready to hire your next engineer?","33","index, follow","","","https://staging.jakevibes.dev/uk/blog?page=5","https://staging.jakevibes.dev/uk/blog?page=6","https://staging.jakevibes.dev/uk/blog?page=4","","","","312978","35589","35589","13.633","","713","145","4.917","48.900","Hard","2.233","2","1","","5","3","0","0.450","138","71","0","1","1","0","","","","","f6d3cb367fd11f0c8be175b0f6f514b7","0.592","","","","","en-GB","1.1","","","","","","https://staging.jakevibes.dev/uk/blog?page=5","2026-07-28 17:00:39"
"https://staging.jakevibes.dev/uk/alternatives?page=3","text/html; charset=utf-8","200","OK","Indexable","","Cloud Employee Alternatives | Compare Providers Side by Side | Cloud Employee","77","714","Explore Cloud Employee vs top alternatives. Compare outsourcing, freelancing & agencies to find the best way to scale your engineering team.","140","873","","0","Cloud Employee: Comparisons & Reviews","37","All alternatives","16","Ready to hire your next engineer?","33","index, follow","","","https://staging.jakevibes.dev/uk/alternatives?page=3","","https://staging.jakevibes.dev/uk/alternatives?page=2","","","","220025","28219","28219","10.810","","431","83","5.193","47.282","Hard","2.242","2","1","","3","2","0","0.300","120","55","0","1","1","0","","","","","e33f806446550c82b7418e6c6afe8d3a","0.612","","","","","en-GB","1.1","","","","","","https://staging.jakevibes.dev/uk/alternatives?page=3","2026-07-28 17:00:39"
"https://staging.jakevibes.dev/blog?page=3","text/html; charset=utf-8","200","OK","Indexable","","All Blogs & Guides | Cloud Employee","35","319","From the future of work to hiring and retaining exceptional talent, find our expert insights, CTO profiles, thought pieces and more.","132","793","","0","All Blogs & Guides","18","All articles","12","Ready to hire your next engineer?","33","index, follow","","","https://staging.jakevibes.dev/blog?page=3","https://staging.jakevibes.dev/blog?page=4","https://staging.jakevibes.dev/blog?page=2","","","","297483","35001","35001","13.408","","737","144","5.118","56.087","Fairly Hard","2.386","2","0","","5","3","0","0.450","139","70","0","1","1","0","","","","","90b68043bffa118bc22805a99a85a5f7","0.473","","","","","en-US","1.1","","","","","","https://staging.jakevibes.dev/blog?page=3","2026-07-28 17:00:40"
"https://staging.jakevibes.dev/_next/static/chunks/0ljuam0~qmfp6.js?dpl=dpl_Hf38ZJXzxvT9dduwvdSebmDFuJid","application/javascript; charset=utf-8","200","OK","Indexable","","","0","0","","0","0","","0","","0","","0","","0","","","","","","","","","","0","0","0","0.000","","0","","","","","0.000","2","3","","0","0","0","0.000","0","0","0","0","0","0","","","","","","0.169","Tue, 28 Jul 2026 06:19:36 GMT","","","","","1.1","","","","","","https://staging.jakevibes.dev/_next/static/chunks/0ljuam0~qmfp6.js?dpl=dpl_Hf38ZJXzxvT9dduwvdSebmDFuJid","2026-07-28 17:00:41"
"https://staging.jakevibes.dev/start-hiring/contact-info","text/html; charset=utf-8","200","OK","Non-Indexable","noindex","Contact Info - Start Hiring with Cloud Employee | Cloud Employee","64","576","Contact us and start building your tech team today.","51","319","","0","Contact Information","19","Ready to hire your next engineer?","33","","0","noindex, follow","","","https://staging.jakevibes.dev/start-hiring/contact-info","","","","","","191170","24212","24212","9.275","","272","53","5.132","43.934","Hard","2.009","2","1","","1","1","0","0.150","114","51","0","1","1","0","","","","","35d4660fdbc6b31e04c3cd14fd3d890a","0.544","","","","","en-US","1.1","","","","","","https://staging.jakevibes.dev/start-hiring/contact-info","2026-07-28 17:00:40"
"https://staging.jakevibes.dev/_next/static/chunks/0vf_o-_7ncrrg.js?dpl=dpl_Hf38ZJXzxvT9dduwvdSebmDFuJid","application/javascript; charset=utf-8","200","OK","Indexable","","","0","0","","0","0","","0","","0","","0","","0","","","","","","","","","","0","0","0","0.000","","0","","","","","0.000","2","3","","0","0","0","0.000","0","0","0","0","0","0","","","","","","0.058","Tue, 28 Jul 2026 06:19:35 GMT","","","","","1.1","","","","","","https://staging.jakevibes.dev/_next/static/chunks/0vf_o-_7ncrrg.js?dpl=dpl_Hf38ZJXzxvT9dduwvdSebmDFuJid","2026-07-28 17:00:41"
"https://staging.jakevibes.dev/blog?page=5","text/html; charset=utf-8","200","OK","Indexable","","All Blogs & Guides | Cloud Employee","35","319","From the future of work to hiring and retaining exceptional talent, find our expert insights, CTO profiles, thought pieces and more.","132","793","","0","All Blogs & Guides","18","All articles","12","Ready to hire your next engineer?","33","index, follow","","","https://staging.jakevibes.dev/blog?page=5","https://staging.jakevibes.dev/blog?page=6","https://staging.jakevibes.dev/blog?page=4","","","","310167","36054","36054","13.812","","713","145","4.917","48.900","Hard","2.253","2","0","","5","3","0","0.450","138","71","0","1","1","0","","","","","17b0b05bc38fc4915a52590cb6173ba0","0.485","","","","","en-US","1.1","","","","","","https://staging.jakevibes.dev/blog?page=5","2026-07-28 17:00:40"
"https://staging.jakevibes.dev/alternatives?page=3","text/html; charset=utf-8","200","OK","Indexable","","Cloud Employee Alternatives | Compare Providers Side by Side | Cloud Employee","77","714","Explore Cloud Employee vs top alternatives. Compare outsourcing, freelancing & agencies to find the best way to scale your engineering team.","140","873","","0","Cloud Employee: Comparisons & Reviews","37","All alternatives","16","Ready to hire your next engineer?","33","index, follow","","","https://staging.jakevibes.dev/alternatives?page=3","","https://staging.jakevibes.dev/alternatives?page=2","","","","217401","28049","28049","10.745","","431","83","5.193","47.282","Hard","2.269","2","0","","3","2","0","0.300","120","55","0","1","1","0","","","","","590555233ff590d452ebe78f230aceb4","0.413","","","","","en-US","1.1","","","","","","https://staging.jakevibes.dev/alternatives?page=3","2026-07-28 17:00:40"
"https://staging.jakevibes.dev/uk/blog?page=4","text/html; charset=utf-8","200","OK","Indexable","","All Blogs & Guides | Cloud Employee","35","319","From the future of work to hiring and retaining exceptional talent, find our expert insights, CTO profiles, thought pieces and more.","132","793","","0","All Blogs & Guides","18","All articles","12","Ready to hire your next engineer?","33","index, follow","","","https://staging.jakevibes.dev/uk/blog?page=4","https://staging.jakevibes.dev/uk/blog?page=5","https://staging.jakevibes.dev/uk/blog?page=3","","","","305484","36119","36119","13.837","","771","142","5.430","54.289","Fairly Hard","2.408","3","1","","5","3","0","0.450","139","72","0","1","1","0","","","","","32229c6d552645c7e29f1b5f87194484","0.593","","","","","en-GB","1.1","","","","","","https://staging.jakevibes.dev/uk/blog?page=4","2026-07-28 17:00:41"
"https://staging.jakevibes.dev/blog?page=4","text/html; charset=utf-8","200","OK","Indexable","","All Blogs & Guides | Cloud Employee","35","319","From the future of work to hiring and retaining exceptional talent, find our expert insights, CTO profiles, thought pieces and more.","132","793","","0","All Blogs & Guides","18","All articles","12","Ready to hire your next engineer?","33","index, follow","","","https://staging.jakevibes.dev/blog?page=4","https://staging.jakevibes.dev/blog?page=5","https://staging.jakevibes.dev/blog?page=3","","","","302680","35693","35693","13.673","","771","142","5.430","54.289","Fairly Hard","2.430","3","0","","5","3","0","0.450","139","72","0","1","1","0","","","","","642804bc4f30a0a5e429d684d6ca4a71","0.603","","","","","en-US","1.1","","","","","","https://staging.jakevibes.dev/blog?page=4","2026-07-28 17:00:41"
