"Address","Occurrences","Indexability","Indexability Status","Canonical Link Element 1","HTTP Canonical","Meta Robots 1","X-Robots-Tag 1","rel=""next"" 1","rel=""prev"" 1","HTTP rel=""next"" 1","HTTP rel=""prev"" 1"
"https://staging.jakevibes.dev/about-us","1","Indexable","","https://staging.jakevibes.dev/about-us","","index, follow","","","","",""
"https://staging.jakevibes.dev/about-us?61e47ae8_page=2","1","Non-Indexable","Canonicalised","https://staging.jakevibes.dev/about-us","","index, follow","","","","",""
"https://staging.jakevibes.dev/about-us?61e47ae8_page=3","1","Non-Indexable","Canonicalised","https://staging.jakevibes.dev/about-us","","index, follow","","","","",""
"https://staging.jakevibes.dev/?d4037527_page=2","1","Non-Indexable","Canonicalised","https://staging.jakevibes.dev/","","index, follow","","","","",""
"https://staging.jakevibes.dev/","1","Indexable","","https://staging.jakevibes.dev/","","index, follow","","","","",""
"https://staging.jakevibes.dev/ai-in-software-development","1","Indexable","","https://staging.jakevibes.dev/ai-in-software-development","","index, follow","","","","",""
"https://staging.jakevibes.dev/ai-in-software-development/securing-ai-the-ctos-guide-to-validation-and-minimum-safety-standards","1","Indexable","","https://staging.jakevibes.dev/ai-in-software-development/securing-ai-the-ctos-guide-to-validation-and-minimum-safety-standards","","index, follow","","","","",""
"https://staging.jakevibes.dev/ai-in-software-development/shaping-whats-next-how-future-forward-is-advancing-ai-at-cloud-employee","1","Indexable","","https://staging.jakevibes.dev/ai-in-software-development/shaping-whats-next-how-future-forward-is-advancing-ai-at-cloud-employee","","index, follow","","","","",""
"https://staging.jakevibes.dev/ai-in-software-development/why-staff-augmentation-matters-in-the-age-of-ai","1","Indexable","","https://staging.jakevibes.dev/ai-in-software-development/why-staff-augmentation-matters-in-the-age-of-ai","","index, follow","","","","",""
"https://staging.jakevibes.dev/book-a-call","1","Indexable","","https://staging.jakevibes.dev/book-a-call","","index, follow","","","","",""
"https://staging.jakevibes.dev/alternatives","1","Indexable","","https://staging.jakevibes.dev/alternatives","","index, follow","","https://staging.jakevibes.dev/alternatives?page=2","","",""
"https://staging.jakevibes.dev/blog","1","Indexable","","https://staging.jakevibes.dev/blog","","index, follow","","https://staging.jakevibes.dev/blog?page=2","","",""
"https://staging.jakevibes.dev/compare/arc-dev-contract-cancellation-exit-terms","1","Indexable","","https://staging.jakevibes.dev/compare/arc-dev-contract-cancellation-exit-terms","","index, follow","","","","",""
"https://staging.jakevibes.dev/compare/arc-dev-to-dedicated-team-migration-guide","1","Indexable","","https://staging.jakevibes.dev/compare/arc-dev-to-dedicated-team-migration-guide","","index, follow","","","","",""
"https://staging.jakevibes.dev/compare/arc-dev-pricing-vs-cloud-employee-true-cost","1","Indexable","","https://staging.jakevibes.dev/compare/arc-dev-pricing-vs-cloud-employee-true-cost","","index, follow","","","","",""
"https://staging.jakevibes.dev/compare/arc-dev-vs-toptal-vs-cloud-employee-which-model-fits-your-runway","1","Indexable","","https://staging.jakevibes.dev/compare/arc-dev-vs-toptal-vs-cloud-employee-which-model-fits-your-runway","","index, follow","","","","",""
"https://staging.jakevibes.dev/compare/arc-dev-alternatives-for-startups-2026-comparison-guide","1","Indexable","","https://staging.jakevibes.dev/compare/arc-dev-alternatives-for-startups-2026-comparison-guide","","index, follow","","","","",""
"https://staging.jakevibes.dev/compare/cloud-employee-pricing-plans-cost-breakdown","1","Indexable","","https://staging.jakevibes.dev/compare/cloud-employee-pricing-plans-cost-breakdown","","index, follow","","","","",""
"https://staging.jakevibes.dev/compare/cloud-employee-no-hidden-fees-transparency","1","Indexable","","https://staging.jakevibes.dev/compare/cloud-employee-no-hidden-fees-transparency","","index, follow","","","","",""
"https://staging.jakevibes.dev/compare/cloud-employee-vs-beon-tech","1","Indexable","","https://staging.jakevibes.dev/compare/cloud-employee-vs-beon-tech","","index, follow","","","","",""
"https://staging.jakevibes.dev/compare/cloud-employee-vs-bairesdev-reviews","1","Indexable","","https://staging.jakevibes.dev/compare/cloud-employee-vs-bairesdev-reviews","","index, follow","","","","",""
"https://staging.jakevibes.dev/compare/cloud-employee-vs-andela","1","Indexable","","https://staging.jakevibes.dev/compare/cloud-employee-vs-andela","","index, follow","","","","",""
"https://staging.jakevibes.dev/compare/cloud-employee-vs-fiverr","1","Indexable","","https://staging.jakevibes.dev/compare/cloud-employee-vs-fiverr","","index, follow","","","","",""
"https://staging.jakevibes.dev/compare/cloud-employee-vs-upwork","1","Indexable","","https://staging.jakevibes.dev/compare/cloud-employee-vs-upwork","","index, follow","","","","",""
"https://staging.jakevibes.dev/compare/cloud-employee-vs-contra","1","Indexable","","https://staging.jakevibes.dev/compare/cloud-employee-vs-contra","","index, follow","","","","",""
"https://staging.jakevibes.dev/compare/cloud-employee-vs-unosquare","1","Indexable","","https://staging.jakevibes.dev/compare/cloud-employee-vs-unosquare","","index, follow","","","","",""
"https://staging.jakevibes.dev/compare/dedicated-teams-vs-toptal","1","Indexable","","https://staging.jakevibes.dev/compare/dedicated-teams-vs-toptal","","index, follow","","","","",""
"https://staging.jakevibes.dev/compare/inhouse-hiring","1","Indexable","","https://staging.jakevibes.dev/compare/inhouse-hiring","","index, follow","","","","",""
"https://staging.jakevibes.dev/compare/toptal-vs-upwork","1","Indexable","","https://staging.jakevibes.dev/compare/toptal-vs-upwork","","index, follow","","","","",""
"https://staging.jakevibes.dev/compare/switching-from-arc-dev-to-a-dedicated-development-team","1","Indexable","","https://staging.jakevibes.dev/compare/switching-from-arc-dev-to-a-dedicated-development-team","","index, follow","","","","",""
"https://staging.jakevibes.dev/compare/freelancers","1","Indexable","","https://staging.jakevibes.dev/compare/freelancers","","index, follow","","","","",""
"https://staging.jakevibes.dev/contact","1","Indexable","","https://staging.jakevibes.dev/contact","","index, follow","","","","",""
"https://staging.jakevibes.dev/compare/the-hidden-costs-of-arc-dev-screening-time-failed-hires-and-context-switching","1","Indexable","","https://staging.jakevibes.dev/compare/the-hidden-costs-of-arc-dev-screening-time-failed-hires-and-context-switching","","index, follow","","","","",""
"https://staging.jakevibes.dev/customer-stories","1","Indexable","","https://staging.jakevibes.dev/customer-stories","","index, follow","","","","",""
"https://staging.jakevibes.dev/customer-story/cleanlink","1","Indexable","","https://staging.jakevibes.dev/customer-story/cleanlink","","index, follow","","","","",""
"https://staging.jakevibes.dev/customer-story/mercato","1","Indexable","","https://staging.jakevibes.dev/customer-story/mercato","","index, follow","","","","",""
"https://staging.jakevibes.dev/customer-story/event-connections","1","Indexable","","https://staging.jakevibes.dev/customer-story/event-connections","","index, follow","","","","",""
"https://staging.jakevibes.dev/customer-story/salmon-software","1","Indexable","","https://staging.jakevibes.dev/customer-story/salmon-software","","index, follow","","","","",""
"https://staging.jakevibes.dev/customer-story/sqr","1","Indexable","","https://staging.jakevibes.dev/customer-story/sqr","","index, follow","","","","",""
"https://staging.jakevibes.dev/downloads","1","Indexable","","https://staging.jakevibes.dev/downloads","","index, follow","","","","",""
"https://staging.jakevibes.dev/customer-story/willo","1","Indexable","","https://staging.jakevibes.dev/customer-story/willo","","index, follow","","","","",""
"https://staging.jakevibes.dev/download/10-ai-prompts","1","Indexable","","https://staging.jakevibes.dev/download/10-ai-prompts","","index, follow","","","","",""
"https://staging.jakevibes.dev/events","1","Indexable","","https://staging.jakevibes.dev/events","","index, follow","","","","",""
"https://staging.jakevibes.dev/hiring-tips/hiring-developers-in-the-philippines-cost-quality-culture-fit-for-outsourced-software-development","1","Indexable","","https://staging.jakevibes.dev/hiring-tips/hiring-developers-in-the-philippines-cost-quality-culture-fit-for-outsourced-software-development","","index, follow","","","","",""
"https://staging.jakevibes.dev/hiring-tips","1","Indexable","","https://staging.jakevibes.dev/hiring-tips","","index, follow","","","","",""
"https://staging.jakevibes.dev/hiring-tips/developer-vetting-in-latam-live-pair-programming-coding-tests-and-quality-signals-that-matter","1","Indexable","","https://staging.jakevibes.dev/hiring-tips/developer-vetting-in-latam-live-pair-programming-coding-tests-and-quality-signals-that-matter","","index, follow","","","","",""
"https://staging.jakevibes.dev/hiring-tips/how-to-avoid-costly-mistakes-when-hiring-a-remote-developer","1","Indexable","","https://staging.jakevibes.dev/hiring-tips/how-to-avoid-costly-mistakes-when-hiring-a-remote-developer","","index, follow","","","","",""
"https://staging.jakevibes.dev/hiring-tips/how-to-run-pair-programming-interviews-cloud-employees-hiring-sop","1","Indexable","","https://staging.jakevibes.dev/hiring-tips/how-to-run-pair-programming-interviews-cloud-employees-hiring-sop","","index, follow","","","","",""
"https://staging.jakevibes.dev/legals/general-terms","1","Indexable","","https://staging.jakevibes.dev/legals/general-terms","","index, follow","","","","",""
"https://staging.jakevibes.dev/legals/privacy-policy","1","Indexable","","https://staging.jakevibes.dev/legals/privacy-policy","","index, follow","","","","",""
"https://staging.jakevibes.dev/how-it-works","1","Indexable","","https://staging.jakevibes.dev/how-it-works","","index, follow","","","","",""
"https://staging.jakevibes.dev/managing-engineers/avoiding-burnout-in-scaling-engineering-teams","1","Indexable","","https://staging.jakevibes.dev/managing-engineers/avoiding-burnout-in-scaling-engineering-teams","","index, follow","","","","",""
"https://staging.jakevibes.dev/managing-engineers/data-engineer-vs-data-scientist-vs-ai-engineer-key-differences-demand-drivers-and-how-to-hire-right","1","Indexable","","https://staging.jakevibes.dev/managing-engineers/data-engineer-vs-data-scientist-vs-ai-engineer-key-differences-demand-drivers-and-how-to-hire-right","","index, follow","","","","",""
"https://staging.jakevibes.dev/managing-engineers","1","Indexable","","https://staging.jakevibes.dev/managing-engineers","","index, follow","","","","",""
"https://staging.jakevibes.dev/managing-engineers/how-peer-forums-are-changing-remote-work-at-cloud-employee","1","Indexable","","https://staging.jakevibes.dev/managing-engineers/how-peer-forums-are-changing-remote-work-at-cloud-employee","","index, follow","","","","",""
"https://staging.jakevibes.dev/managing-engineers/managing-distributed-teams-a-ctos-2025-playbook","1","Indexable","","https://staging.jakevibes.dev/managing-engineers/managing-distributed-teams-a-ctos-2025-playbook","","index, follow","","","","",""
"https://staging.jakevibes.dev/nearshoring-offshoring","1","Indexable","","https://staging.jakevibes.dev/nearshoring-offshoring","","index, follow","","","","",""
"https://staging.jakevibes.dev/nearshoring-offshoring/choosing-nearshore-or-offshore-software-development-costs-by-country","1","Indexable","","https://staging.jakevibes.dev/nearshoring-offshoring/choosing-nearshore-or-offshore-software-development-costs-by-country","","index, follow","","","","",""
"https://staging.jakevibes.dev/managing-engineers/onboarding-latam-developers-90-day-ramp-up-timeline-productivity-curve-and-integration-playbook","1","Indexable","","https://staging.jakevibes.dev/managing-engineers/onboarding-latam-developers-90-day-ramp-up-timeline-productivity-curve-and-integration-playbook","","index, follow","","","","",""
"https://staging.jakevibes.dev/nearshoring-offshoring/7-benefits-of-outsourcing-web-development-for-startups","1","Indexable","","https://staging.jakevibes.dev/nearshoring-offshoring/7-benefits-of-outsourcing-web-development-for-startups","","index, follow","","","","",""
"https://staging.jakevibes.dev/nearshoring-offshoring/freelancers-vs-cloud-employee","1","Indexable","","https://staging.jakevibes.dev/nearshoring-offshoring/freelancers-vs-cloud-employee","","index, follow","","","","",""
"https://staging.jakevibes.dev/nearshoring-offshoring/it-outsourcing-services-scope-slas-2025-costs","1","Indexable","","https://staging.jakevibes.dev/nearshoring-offshoring/it-outsourcing-services-scope-slas-2025-costs","","index, follow","","","","",""
"https://staging.jakevibes.dev/nearshoring-offshoring/nearshore-software-development-how-to-choose-the-right-vendor","1","Indexable","","https://staging.jakevibes.dev/nearshoring-offshoring/nearshore-software-development-how-to-choose-the-right-vendor","","index, follow","","","","",""
"https://staging.jakevibes.dev/nearshoring-offshoring/nearshore-vs-offshore-costs-2026-software-development-rates","1","Indexable","","https://staging.jakevibes.dev/nearshoring-offshoring/nearshore-vs-offshore-costs-2026-software-development-rates","","index, follow","","","","",""
"https://staging.jakevibes.dev/nearshoring-offshoring/nearshoring-or-offshoring-the-strategic-choice-for-tech-leaders","1","Indexable","","https://staging.jakevibes.dev/nearshoring-offshoring/nearshoring-or-offshoring-the-strategic-choice-for-tech-leaders","","index, follow","","","","",""
"https://staging.jakevibes.dev/nearshoring-offshoring/nearshore-vs-offshore-staff-augmentation","1","Indexable","","https://staging.jakevibes.dev/nearshoring-offshoring/nearshore-vs-offshore-staff-augmentation","","index, follow","","","","",""
"https://staging.jakevibes.dev/nearshoring-offshoring/offshore-developer-pricing-hourly-vs-monthly","1","Indexable","","https://staging.jakevibes.dev/nearshoring-offshoring/offshore-developer-pricing-hourly-vs-monthly","","index, follow","","","","",""
"https://staging.jakevibes.dev/nearshoring-offshoring/what-is-it-outsourcing-definition-models-when-to-use-it","1","Indexable","","https://staging.jakevibes.dev/nearshoring-offshoring/what-is-it-outsourcing-definition-models-when-to-use-it","","index, follow","","","","",""
"https://staging.jakevibes.dev/nearshoring-offshoring/what-is-nearshoring-benefits-and-challenges-for-software-development-teams","1","Indexable","","https://staging.jakevibes.dev/nearshoring-offshoring/what-is-nearshoring-benefits-and-challenges-for-software-development-teams","","index, follow","","","","",""
"https://staging.jakevibes.dev/nearshoring-offshoring?47af9676_page=2","1","Non-Indexable","Canonicalised","https://staging.jakevibes.dev/nearshoring-offshoring","","index, follow","","","","",""
"https://staging.jakevibes.dev/nearshoring-offshoring/what-is-offshoring-cost-effective-tech-teams-explained","1","Indexable","","https://staging.jakevibes.dev/nearshoring-offshoring/what-is-offshoring-cost-effective-tech-teams-explained","","index, follow","","","","",""
"https://staging.jakevibes.dev/reviews/aspire-creative","1","Indexable","","https://staging.jakevibes.dev/reviews/aspire-creative","","index, follow","","","","",""
"https://staging.jakevibes.dev/pricing","1","Indexable","","https://staging.jakevibes.dev/pricing","","index, follow","","","","",""
"https://staging.jakevibes.dev/our-work","1","Indexable","","https://staging.jakevibes.dev/our-work","","index, follow","","","","",""
"https://staging.jakevibes.dev/reviews","1","Indexable","","https://staging.jakevibes.dev/reviews","","index, follow","","","","",""
"https://staging.jakevibes.dev/reviews/bladefs","1","Indexable","","https://staging.jakevibes.dev/reviews/bladefs","","index, follow","","","","",""
"https://staging.jakevibes.dev/reviews/salmon-software","1","Indexable","","https://staging.jakevibes.dev/reviews/salmon-software","","index, follow","","","","",""
"https://staging.jakevibes.dev/reviews/healthpointe","1","Indexable","","https://staging.jakevibes.dev/reviews/healthpointe","","index, follow","","","","",""
"https://staging.jakevibes.dev/reviews/willo","1","Indexable","","https://staging.jakevibes.dev/reviews/willo","","index, follow","","","","",""
"https://staging.jakevibes.dev/reviews/square-eye","1","Indexable","","https://staging.jakevibes.dev/reviews/square-eye","","index, follow","","","","",""
"https://staging.jakevibes.dev/reviews/tidal","1","Indexable","","https://staging.jakevibes.dev/reviews/tidal","","index, follow","","","","",""
"https://staging.jakevibes.dev/scaling-teams/cto-profile-meet-des-matthewson","1","Indexable","","https://staging.jakevibes.dev/scaling-teams/cto-profile-meet-des-matthewson","","index, follow","","","","",""
"https://staging.jakevibes.dev/scaling-teams/building-a-software-development-team-core-roles-dedicated-developers-and-modern-hiring-models","1","Indexable","","https://staging.jakevibes.dev/scaling-teams/building-a-software-development-team-core-roles-dedicated-developers-and-modern-hiring-models","","index, follow","","","","",""
"https://staging.jakevibes.dev/scaling-teams","1","Indexable","","https://staging.jakevibes.dev/scaling-teams","","index, follow","","","","",""
"https://staging.jakevibes.dev/scaling-teams/h-1b-vs-staff-augmentation-the-true-cost-of-hiring-in-2025-and-why-costs-are-rising","1","Indexable","","https://staging.jakevibes.dev/scaling-teams/h-1b-vs-staff-augmentation-the-true-cost-of-hiring-in-2025-and-why-costs-are-rising","","index, follow","","","","",""
"https://staging.jakevibes.dev/scaling-teams/leadership-strategies-for-scaling-engineering-teams","1","Indexable","","https://staging.jakevibes.dev/scaling-teams/leadership-strategies-for-scaling-engineering-teams","","index, follow","","","","",""
"https://staging.jakevibes.dev/scaling-teams/scaling-agile-teams-across-time-zones","1","Indexable","","https://staging.jakevibes.dev/scaling-teams/scaling-agile-teams-across-time-zones","","index, follow","","","","",""
"https://staging.jakevibes.dev/services","1","Indexable","","https://staging.jakevibes.dev/services","","index, follow","","","","",""
"https://staging.jakevibes.dev/scaling-teams/scaling-latam-developers-1-to-10-strategy","1","Indexable","","https://staging.jakevibes.dev/scaling-teams/scaling-latam-developers-1-to-10-strategy","","index, follow","","","","",""
"https://staging.jakevibes.dev/scaling-teams/toptal-scaling-limitations","1","Indexable","","https://staging.jakevibes.dev/scaling-teams/toptal-scaling-limitations","","index, follow","","","","",""
"https://staging.jakevibes.dev/scaling-teams/why-consider-alternatives-to-software-development-outsourcing","1","Indexable","","https://staging.jakevibes.dev/scaling-teams/why-consider-alternatives-to-software-development-outsourcing","","index, follow","","","","",""
"https://staging.jakevibes.dev/services/ai-consulting","1","Indexable","","https://staging.jakevibes.dev/services/ai-consulting","","index, follow","","","","",""
"https://staging.jakevibes.dev/services/ai-engineers","1","Indexable","","https://staging.jakevibes.dev/services/ai-engineers","","index, follow","","","","",""
"https://staging.jakevibes.dev/services/ai-product-builds","1","Indexable","","https://staging.jakevibes.dev/services/ai-product-builds","","index, follow","","","","",""
"https://staging.jakevibes.dev/services/android-developers","1","Indexable","","https://staging.jakevibes.dev/services/android-developers","","index, follow","","","","",""
"https://staging.jakevibes.dev/services/cloud-engineers","1","Indexable","","https://staging.jakevibes.dev/services/cloud-engineers","","index, follow","","","","",""
"https://staging.jakevibes.dev/services/back-end-developers","1","Indexable","","https://staging.jakevibes.dev/services/back-end-developers","","index, follow","","","","",""
"https://staging.jakevibes.dev/services/fractional-ctos","1","Indexable","","https://staging.jakevibes.dev/services/fractional-ctos","","index, follow","","","","",""
"https://staging.jakevibes.dev/services/data-scientists","1","Indexable","","https://staging.jakevibes.dev/services/data-scientists","","index, follow","","","","",""
"https://staging.jakevibes.dev/services/devops-engineers","1","Indexable","","https://staging.jakevibes.dev/services/devops-engineers","","index, follow","","","","",""
"https://staging.jakevibes.dev/services/full-stack-developers","1","Indexable","","https://staging.jakevibes.dev/services/full-stack-developers","","index, follow","","","","",""
"https://staging.jakevibes.dev/services/front-end-developers","1","Indexable","","https://staging.jakevibes.dev/services/front-end-developers","","index, follow","","","","",""
"https://staging.jakevibes.dev/services/mobile-apps","1","Indexable","","https://staging.jakevibes.dev/services/mobile-apps","","index, follow","","","","",""
"https://staging.jakevibes.dev/services/ios-developers","1","Indexable","","https://staging.jakevibes.dev/services/ios-developers","","index, follow","","","","",""
"https://staging.jakevibes.dev/services/latam-developers","1","Indexable","","https://staging.jakevibes.dev/services/latam-developers","","index, follow","","","","",""
"https://staging.jakevibes.dev/services/mvp-development","1","Indexable","","https://staging.jakevibes.dev/services/mvp-development","","index, follow","","","","",""
"https://staging.jakevibes.dev/services/mobile-developers","1","Indexable","","https://staging.jakevibes.dev/services/mobile-developers","","index, follow","","","","",""
"https://staging.jakevibes.dev/services/product-scoping-service","1","Indexable","","https://staging.jakevibes.dev/services/product-scoping-service","","index, follow","","","","",""
"https://staging.jakevibes.dev/services/qa-analysts-testers","1","Indexable","","https://staging.jakevibes.dev/services/qa-analysts-testers","","index, follow","","","","",""
"https://staging.jakevibes.dev/services/no-code-developers","1","Indexable","","https://staging.jakevibes.dev/services/no-code-developers","","index, follow","","","","",""
"https://staging.jakevibes.dev/services/philippines-developers","1","Indexable","","https://staging.jakevibes.dev/services/philippines-developers","","index, follow","","","","",""
"https://staging.jakevibes.dev/services/software-engineers","1","Indexable","","https://staging.jakevibes.dev/services/software-engineers","","index, follow","","","","",""
"https://staging.jakevibes.dev/services/web-based-apps","1","Indexable","","https://staging.jakevibes.dev/services/web-based-apps","","index, follow","","","","",""
"https://staging.jakevibes.dev/services/web-developers","1","Indexable","","https://staging.jakevibes.dev/services/web-developers","","index, follow","","","","",""
"https://staging.jakevibes.dev/staff-augmentation/best-staff-augmentation-companies-in-latin-america-2026-a-ranked-comparison","1","Indexable","","https://staging.jakevibes.dev/staff-augmentation/best-staff-augmentation-companies-in-latin-america-2026-a-ranked-comparison","","index, follow","","","","",""
"https://staging.jakevibes.dev/staff-augmentation","1","Indexable","","https://staging.jakevibes.dev/staff-augmentation","","index, follow","","https://staging.jakevibes.dev/staff-augmentation?page=2","","",""
"https://staging.jakevibes.dev/staff-augmentation/cloud-employee-pricing-bootstrapped-founders","1","Indexable","","https://staging.jakevibes.dev/staff-augmentation/cloud-employee-pricing-bootstrapped-founders","","index, follow","","","","",""
"https://staging.jakevibes.dev/staff-augmentation/cloud-employee-pricing-negotiation-flexibility","1","Indexable","","https://staging.jakevibes.dev/staff-augmentation/cloud-employee-pricing-negotiation-flexibility","","index, follow","","","","",""
"https://staging.jakevibes.dev/staff-augmentation/cloud-employee-pricing-checklist-before-hire","1","Indexable","","https://staging.jakevibes.dev/staff-augmentation/cloud-employee-pricing-checklist-before-hire","","index, follow","","","","",""
"https://staging.jakevibes.dev/staff-augmentation/how-staff-augmentation-is-rewriting-the-rules-of-software-development-speed-and-efficiency","1","Indexable","","https://staging.jakevibes.dev/staff-augmentation/how-staff-augmentation-is-rewriting-the-rules-of-software-development-speed-and-efficiency","","index, follow","","","","",""
"https://staging.jakevibes.dev/staff-augmentation/cloud-employee-vs-in-house-total-cost-ownership","1","Indexable","","https://staging.jakevibes.dev/staff-augmentation/cloud-employee-vs-in-house-total-cost-ownership","","index, follow","","","","",""
"https://staging.jakevibes.dev/staff-augmentation/h-1b-changes-2025-2030-staff-augmentation-for-scaling-teams","1","Indexable","","https://staging.jakevibes.dev/staff-augmentation/h-1b-changes-2025-2030-staff-augmentation-for-scaling-teams","","index, follow","","","","",""
"https://staging.jakevibes.dev/staff-augmentation/guide-to-it-staff-augmentation-services-in-usa","1","Indexable","","https://staging.jakevibes.dev/staff-augmentation/guide-to-it-staff-augmentation-services-in-usa","","index, follow","","","","",""
"https://staging.jakevibes.dev/staff-augmentation/how-to-evaluate-staff-augmentation-providers-in-latam-a-founders-vetting-checklist","1","Indexable","","https://staging.jakevibes.dev/staff-augmentation/how-to-evaluate-staff-augmentation-providers-in-latam-a-founders-vetting-checklist","","index, follow","","","","",""
"https://staging.jakevibes.dev/staff-augmentation/how-to-choose-the-right-it-staff-augmentation-company","1","Indexable","","https://staging.jakevibes.dev/staff-augmentation/how-to-choose-the-right-it-staff-augmentation-company","","index, follow","","","","",""
"https://staging.jakevibes.dev/staff-augmentation/staff-augmentation-contract-terms-explained-commitments-guarantees-and-exit-clauses","1","Indexable","","https://staging.jakevibes.dev/staff-augmentation/staff-augmentation-contract-terms-explained-commitments-guarantees-and-exit-clauses","","index, follow","","","","",""
"https://staging.jakevibes.dev/staff-augmentation/staff-augmentation-fintech-security-compliance","1","Indexable","","https://staging.jakevibes.dev/staff-augmentation/staff-augmentation-fintech-security-compliance","","index, follow","","","","",""
"https://staging.jakevibes.dev/staff-augmentation/staff-augmentation-implementation-90-day-onboarding-playbook-for-new-developers","1","Indexable","","https://staging.jakevibes.dev/staff-augmentation/staff-augmentation-implementation-90-day-onboarding-playbook-for-new-developers","","index, follow","","","","",""
"https://staging.jakevibes.dev/staff-augmentation/latam-staff-augmentation-trends-2026","1","Indexable","","https://staging.jakevibes.dev/staff-augmentation/latam-staff-augmentation-trends-2026","","index, follow","","","","",""
"https://staging.jakevibes.dev/staff-augmentation/staff-augmentation-misconceptions-what-ctos-need-to-know","1","Indexable","","https://staging.jakevibes.dev/staff-augmentation/staff-augmentation-misconceptions-what-ctos-need-to-know","","index, follow","","","","",""
"https://staging.jakevibes.dev/staff-augmentation/staff-augmentation-mistakes-to-avoid","1","Indexable","","https://staging.jakevibes.dev/staff-augmentation/staff-augmentation-mistakes-to-avoid","","index, follow","","","","",""
"https://staging.jakevibes.dev/staff-augmentation/staff-augmentation-myths-debunked","1","Indexable","","https://staging.jakevibes.dev/staff-augmentation/staff-augmentation-myths-debunked","","index, follow","","","","",""
"https://staging.jakevibes.dev/staff-augmentation/staff-augmentation-mistakes-to-avoid-common-failures-and-how-to-prevent-them","1","Indexable","","https://staging.jakevibes.dev/staff-augmentation/staff-augmentation-mistakes-to-avoid-common-failures-and-how-to-prevent-them","","index, follow","","","","",""
"https://staging.jakevibes.dev/staff-augmentation/staff-augmentation-models-scale-tech-teams-globally-win","1","Indexable","","https://staging.jakevibes.dev/staff-augmentation/staff-augmentation-models-scale-tech-teams-globally-win","","index, follow","","","","",""
"https://staging.jakevibes.dev/staff-augmentation/staff-augmentation-roi-calculator-measure-cost-savings-and-productivity-gains","1","Indexable","","https://staging.jakevibes.dev/staff-augmentation/staff-augmentation-roi-calculator-measure-cost-savings-and-productivity-gains","","index, follow","","","","",""
"https://staging.jakevibes.dev/staff-augmentation/staff-augmentation-pricing-models-in-latam","1","Indexable","","https://staging.jakevibes.dev/staff-augmentation/staff-augmentation-pricing-models-in-latam","","index, follow","","","","",""
"https://staging.jakevibes.dev/staff-augmentation/staff-augmentation-vs-freelancers","1","Indexable","","https://staging.jakevibes.dev/staff-augmentation/staff-augmentation-vs-freelancers","","index, follow","","","","",""
"https://staging.jakevibes.dev/staff-augmentation/staff-augmentation-vs-in-house-hiring-cost-speed-and-risk-comparison","1","Indexable","","https://staging.jakevibes.dev/staff-augmentation/staff-augmentation-vs-in-house-hiring-cost-speed-and-risk-comparison","","index, follow","","","","",""
"https://staging.jakevibes.dev/staff-augmentation/staff-augmentation-vs-traditional-hiring-cost-speed-and-risk-comparison","1","Indexable","","https://staging.jakevibes.dev/staff-augmentation/staff-augmentation-vs-traditional-hiring-cost-speed-and-risk-comparison","","index, follow","","","","",""
"https://staging.jakevibes.dev/staff-augmentation/staff-augmentation-vs-outsourcing","1","Indexable","","https://staging.jakevibes.dev/staff-augmentation/staff-augmentation-vs-outsourcing","","index, follow","","","","",""
"https://staging.jakevibes.dev/staff-augmentation/using-latam-staff-augmentation-to-scale-early-stage-saas","1","Indexable","","https://staging.jakevibes.dev/staff-augmentation/using-latam-staff-augmentation-to-scale-early-stage-saas","","index, follow","","","","",""
"https://staging.jakevibes.dev/staff-augmentation/what-is-nearshore-staff-augmentation-model-benefits-examples","1","Indexable","","https://staging.jakevibes.dev/staff-augmentation/what-is-nearshore-staff-augmentation-model-benefits-examples","","index, follow","","","","",""
"https://staging.jakevibes.dev/staff-augmentation/what-is-staff-augmentation-and-what-are-the-benefits","1","Indexable","","https://staging.jakevibes.dev/staff-augmentation/what-is-staff-augmentation-and-what-are-the-benefits","","index, follow","","","","",""
"https://staging.jakevibes.dev/team/aj-develos","1","Indexable","","https://staging.jakevibes.dev/team/aj-develos","","index, follow","","","","",""
"https://staging.jakevibes.dev/team/grace-tannor","1","Indexable","","https://staging.jakevibes.dev/team/grace-tannor","","index, follow","","","","",""
"https://staging.jakevibes.dev/team/anto-cabraja","1","Indexable","","https://staging.jakevibes.dev/team/anto-cabraja","","index, follow","","","","",""
"https://staging.jakevibes.dev/team/viktoria-mangarin","1","Indexable","","https://staging.jakevibes.dev/team/viktoria-mangarin","","index, follow","","","","",""
"https://staging.jakevibes.dev/team/jake-hall","1","Indexable","","https://staging.jakevibes.dev/team/jake-hall","","index, follow","","","","",""
"https://staging.jakevibes.dev/team/stephanie-bird","1","Indexable","","https://staging.jakevibes.dev/team/stephanie-bird","","index, follow","","","","",""
"https://staging.jakevibes.dev/technology","1","Indexable","","https://staging.jakevibes.dev/technology","","index, follow","","","","",""
"https://staging.jakevibes.dev/technology/airtable-developers","1","Indexable","","https://staging.jakevibes.dev/technology/airtable-developers","","index, follow","","","","",""
"https://staging.jakevibes.dev/technology/ansible","1","Indexable","","https://staging.jakevibes.dev/technology/ansible","","index, follow","","","","",""
"https://staging.jakevibes.dev/technology/android","1","Indexable","","https://staging.jakevibes.dev/technology/android","","index, follow","","","","",""
"https://staging.jakevibes.dev/technology/aws-developers","1","Indexable","","https://staging.jakevibes.dev/technology/aws-developers","","index, follow","","","","",""
"https://staging.jakevibes.dev/technology/angular-developers","1","Indexable","","https://staging.jakevibes.dev/technology/angular-developers","","index, follow","","","","",""
"https://staging.jakevibes.dev/technology/bigquery","1","Indexable","","https://staging.jakevibes.dev/technology/bigquery","","index, follow","","","","",""
"https://staging.jakevibes.dev/technology/bubble-developers","1","Indexable","","https://staging.jakevibes.dev/technology/bubble-developers","","index, follow","","","","",""
"https://staging.jakevibes.dev/technology/azure-developers","1","Indexable","","https://staging.jakevibes.dev/technology/azure-developers","","index, follow","","","","",""
"https://staging.jakevibes.dev/technology/coredata","1","Indexable","","https://staging.jakevibes.dev/technology/coredata","","index, follow","","","","",""
"https://staging.jakevibes.dev/technology/browserstack","1","Indexable","","https://staging.jakevibes.dev/technology/browserstack","","index, follow","","","","",""
"https://staging.jakevibes.dev/technology/combine","1","Indexable","","https://staging.jakevibes.dev/technology/combine","","index, follow","","","","",""
"https://staging.jakevibes.dev/technology/compose","1","Indexable","","https://staging.jakevibes.dev/technology/compose","","index, follow","","","","",""
"https://staging.jakevibes.dev/technology/css3","1","Indexable","","https://staging.jakevibes.dev/technology/css3","","index, follow","","","","",""
"https://staging.jakevibes.dev/technology/csharp-developers","1","Indexable","","https://staging.jakevibes.dev/technology/csharp-developers","","index, follow","","","","",""
"https://staging.jakevibes.dev/technology/dbt","1","Indexable","","https://staging.jakevibes.dev/technology/dbt","","index, follow","","","","",""
"https://staging.jakevibes.dev/technology/dagger","1","Indexable","","https://staging.jakevibes.dev/technology/dagger","","index, follow","","","","",""
"https://staging.jakevibes.dev/technology/cypress","1","Indexable","","https://staging.jakevibes.dev/technology/cypress","","index, follow","","","","",""
"https://staging.jakevibes.dev/technology/docker","1","Indexable","","https://staging.jakevibes.dev/technology/docker","","index, follow","","","","",""
"https://staging.jakevibes.dev/technology/express","1","Indexable","","https://staging.jakevibes.dev/technology/express","","index, follow","","","","",""
"https://staging.jakevibes.dev/technology/firebase-developers","1","Indexable","","https://staging.jakevibes.dev/technology/firebase-developers","","index, follow","","","","",""
"https://staging.jakevibes.dev/technology/fastlane","1","Indexable","","https://staging.jakevibes.dev/technology/fastlane","","index, follow","","","","",""
"https://staging.jakevibes.dev/technology/dotnet-developers","1","Indexable","","https://staging.jakevibes.dev/technology/dotnet-developers","","index, follow","","","","",""
"https://staging.jakevibes.dev/technology/figma","1","Indexable","","https://staging.jakevibes.dev/technology/figma","","index, follow","","","","",""
"https://staging.jakevibes.dev/technology/flutter-developers","1","Indexable","","https://staging.jakevibes.dev/technology/flutter-developers","","index, follow","","","","",""
"https://staging.jakevibes.dev/technology/github-actions","1","Indexable","","https://staging.jakevibes.dev/technology/github-actions","","index, follow","","","","",""
"https://staging.jakevibes.dev/technology/gitlab-ci","1","Indexable","","https://staging.jakevibes.dev/technology/gitlab-ci","","index, follow","","","","",""
"https://staging.jakevibes.dev/technology/graphql","1","Indexable","","https://staging.jakevibes.dev/technology/graphql","","index, follow","","","","",""
"https://staging.jakevibes.dev/technology/google-cloud-developers","1","Indexable","","https://staging.jakevibes.dev/technology/google-cloud-developers","","index, follow","","","","",""
"https://staging.jakevibes.dev/technology/glide","1","Indexable","","https://staging.jakevibes.dev/technology/glide","","index, follow","","","","",""
"https://staging.jakevibes.dev/technology/huggingface-developers","1","Indexable","","https://staging.jakevibes.dev/technology/huggingface-developers","","index, follow","","","","",""
"https://staging.jakevibes.dev/technology/iam","1","Indexable","","https://staging.jakevibes.dev/technology/iam","","index, follow","","","","",""
"https://staging.jakevibes.dev/technology/ionic-developers","1","Indexable","","https://staging.jakevibes.dev/technology/ionic-developers","","index, follow","","","","",""
"https://staging.jakevibes.dev/technology/java-android-developers","1","Indexable","","https://staging.jakevibes.dev/technology/java-android-developers","","index, follow","","","","",""
"https://staging.jakevibes.dev/technology/java-developers","1","Indexable","","https://staging.jakevibes.dev/technology/java-developers","","index, follow","","","","",""
"https://staging.jakevibes.dev/technology/jest","1","Indexable","","https://staging.jakevibes.dev/technology/jest","","index, follow","","","","",""
"https://staging.jakevibes.dev/technology/jetpack","1","Indexable","","https://staging.jakevibes.dev/technology/jetpack","","index, follow","","","","",""
"https://staging.jakevibes.dev/technology/jira","1","Indexable","","https://staging.jakevibes.dev/technology/jira","","index, follow","","","","",""
"https://staging.jakevibes.dev/technology/jupyter","1","Indexable","","https://staging.jakevibes.dev/technology/jupyter","","index, follow","","","","",""
"https://staging.jakevibes.dev/technology/kubeflow","1","Indexable","","https://staging.jakevibes.dev/technology/kubeflow","","index, follow","","","","",""
"https://staging.jakevibes.dev/technology/kotlin-developers","1","Indexable","","https://staging.jakevibes.dev/technology/kotlin-developers","","index, follow","","","","",""
"https://staging.jakevibes.dev/technology/kubernetes","1","Indexable","","https://staging.jakevibes.dev/technology/kubernetes","","index, follow","","","","",""
"https://staging.jakevibes.dev/technology/laravel-developers","1","Indexable","","https://staging.jakevibes.dev/technology/laravel-developers","","index, follow","","","","",""
"https://staging.jakevibes.dev/technology/langchain-developers","1","Indexable","","https://staging.jakevibes.dev/technology/langchain-developers","","index, follow","","","","",""
"https://staging.jakevibes.dev/technology/llamaindex-developers","1","Indexable","","https://staging.jakevibes.dev/technology/llamaindex-developers","","index, follow","","","","",""
"https://staging.jakevibes.dev/technology/make","1","Indexable","","https://staging.jakevibes.dev/technology/make","","index, follow","","","","",""
"https://staging.jakevibes.dev/technology/mlops-developers","1","Indexable","","https://staging.jakevibes.dev/technology/mlops-developers","","index, follow","","","","",""
"https://staging.jakevibes.dev/technology/mlflow","1","Indexable","","https://staging.jakevibes.dev/technology/mlflow","","index, follow","","","","",""
"https://staging.jakevibes.dev/technology/mongodb","1","Indexable","","https://staging.jakevibes.dev/technology/mongodb","","index, follow","","","","",""
"https://staging.jakevibes.dev/technology/mvvm","1","Indexable","","https://staging.jakevibes.dev/technology/mvvm","","index, follow","","","","",""
"https://staging.jakevibes.dev/technology/n8n","1","Indexable","","https://staging.jakevibes.dev/technology/n8n","","index, follow","","","","",""
"https://staging.jakevibes.dev/technology/nodejs-developers","1","Indexable","","https://staging.jakevibes.dev/technology/nodejs-developers","","index, follow","","","","",""
"https://staging.jakevibes.dev/technology/nextjs-developers","1","Indexable","","https://staging.jakevibes.dev/technology/nextjs-developers","","index, follow","","","","",""
"https://staging.jakevibes.dev/technology/openai-developers","1","Indexable","","https://staging.jakevibes.dev/technology/openai-developers","","index, follow","","","","",""
"https://staging.jakevibes.dev/technology/numpy","1","Indexable","","https://staging.jakevibes.dev/technology/numpy","","index, follow","","","","",""
"https://staging.jakevibes.dev/technology/pandas","1","Indexable","","https://staging.jakevibes.dev/technology/pandas","","index, follow","","","","",""
"https://staging.jakevibes.dev/technology/php-developers","1","Indexable","","https://staging.jakevibes.dev/technology/php-developers","","index, follow","","","","",""
"https://staging.jakevibes.dev/technology/pinecone-developers","1","Indexable","","https://staging.jakevibes.dev/technology/pinecone-developers","","index, follow","","","","",""
"https://staging.jakevibes.dev/technology/postman","1","Indexable","","https://staging.jakevibes.dev/technology/postman","","index, follow","","","","",""
"https://staging.jakevibes.dev/technology/playwright","1","Indexable","","https://staging.jakevibes.dev/technology/playwright","","index, follow","","","","",""
"https://staging.jakevibes.dev/technology/posthog-developers","1","Indexable","","https://staging.jakevibes.dev/technology/posthog-developers","","index, follow","","","","",""
"https://staging.jakevibes.dev/technology/python-developers","1","Indexable","","https://staging.jakevibes.dev/technology/python-developers","","index, follow","","","","",""
"https://staging.jakevibes.dev/technology/prometheus","1","Indexable","","https://staging.jakevibes.dev/technology/prometheus","","index, follow","","","","",""
"https://staging.jakevibes.dev/technology/qase","1","Indexable","","https://staging.jakevibes.dev/technology/qase","","index, follow","","","","",""
"https://staging.jakevibes.dev/technology/pytorch","1","Indexable","","https://staging.jakevibes.dev/technology/pytorch","","index, follow","","","","",""
"https://staging.jakevibes.dev/technology/redis","1","Indexable","","https://staging.jakevibes.dev/technology/redis","","index, follow","","","","",""
"https://staging.jakevibes.dev/technology/react-developers","1","Indexable","","https://staging.jakevibes.dev/technology/react-developers","","index, follow","","","","",""
"https://staging.jakevibes.dev/technology/react-native-developers","1","Indexable","","https://staging.jakevibes.dev/technology/react-native-developers","","index, follow","","","","",""
"https://staging.jakevibes.dev/technology/rust-developers","1","Indexable","","https://staging.jakevibes.dev/technology/rust-developers","","index, follow","","","","",""
"https://staging.jakevibes.dev/technology/ruby-developers","1","Indexable","","https://staging.jakevibes.dev/technology/ruby-developers","","index, follow","","","","",""
"https://staging.jakevibes.dev/technology/scikit-learn","1","Indexable","","https://staging.jakevibes.dev/technology/scikit-learn","","index, follow","","","","",""
"https://staging.jakevibes.dev/technology/softr","1","Indexable","","https://staging.jakevibes.dev/technology/softr","","index, follow","","","","",""
"https://staging.jakevibes.dev/technology/storybook","1","Indexable","","https://staging.jakevibes.dev/technology/storybook","","index, follow","","","","",""
"https://staging.jakevibes.dev/technology/selenium","1","Indexable","","https://staging.jakevibes.dev/technology/selenium","","index, follow","","","","",""
"https://staging.jakevibes.dev/technology/swift-developers","1","Indexable","","https://staging.jakevibes.dev/technology/swift-developers","","index, follow","","","","",""
"https://staging.jakevibes.dev/technology/tailwind","1","Indexable","","https://staging.jakevibes.dev/technology/tailwind","","index, follow","","","","",""
"https://staging.jakevibes.dev/technology/supabase-developers","1","Indexable","","https://staging.jakevibes.dev/technology/supabase-developers","","index, follow","","","","",""
"https://staging.jakevibes.dev/technology/tensorflow-developers","1","Indexable","","https://staging.jakevibes.dev/technology/tensorflow-developers","","index, follow","","","","",""
"https://staging.jakevibes.dev/technology/terraform","1","Indexable","","https://staging.jakevibes.dev/technology/terraform","","index, follow","","","","",""
"https://staging.jakevibes.dev/technology/swiftui","1","Indexable","","https://staging.jakevibes.dev/technology/swiftui","","index, follow","","","","",""
"https://staging.jakevibes.dev/technology/typescript-developers","1","Indexable","","https://staging.jakevibes.dev/technology/typescript-developers","","index, follow","","","","",""
"https://staging.jakevibes.dev/technology/testrail","1","Indexable","","https://staging.jakevibes.dev/technology/testrail","","index, follow","","","","",""
"https://staging.jakevibes.dev/technology/vercel-developers","1","Indexable","","https://staging.jakevibes.dev/technology/vercel-developers","","index, follow","","","","",""
"https://staging.jakevibes.dev/technology/uikit","1","Indexable","","https://staging.jakevibes.dev/technology/uikit","","index, follow","","","","",""
"https://staging.jakevibes.dev/technology/vector-db-developers","1","Indexable","","https://staging.jakevibes.dev/technology/vector-db-developers","","index, follow","","","","",""
"https://staging.jakevibes.dev/technology/unity-developers","1","Indexable","","https://staging.jakevibes.dev/technology/unity-developers","","index, follow","","","","",""
"https://staging.jakevibes.dev/technology/webflow-developers","1","Indexable","","https://staging.jakevibes.dev/technology/webflow-developers","","index, follow","","","","",""
"https://staging.jakevibes.dev/technology/vertex-ai-developers","1","Indexable","","https://staging.jakevibes.dev/technology/vertex-ai-developers","","index, follow","","","","",""
"https://staging.jakevibes.dev/technology/xamarin-developers","1","Indexable","","https://staging.jakevibes.dev/technology/xamarin-developers","","index, follow","","","","",""
"https://staging.jakevibes.dev/technology/xano","1","Indexable","","https://staging.jakevibes.dev/technology/xano","","index, follow","","","","",""
"https://staging.jakevibes.dev/technology/xcode","1","Indexable","","https://staging.jakevibes.dev/technology/xcode","","index, follow","","","","",""
"https://staging.jakevibes.dev/tools","1","Indexable","","https://staging.jakevibes.dev/tools","","index, follow","","","","",""
"https://staging.jakevibes.dev/technology/zapier","1","Indexable","","https://staging.jakevibes.dev/technology/zapier","","index, follow","","","","",""
"https://staging.jakevibes.dev/tools/culture-match","1","Indexable","","https://staging.jakevibes.dev/tools/culture-match","","index, follow","","","","",""
"https://staging.jakevibes.dev/uk/about-us","1","Indexable","","https://staging.jakevibes.dev/uk/about-us","","index, follow","","","","",""
"https://staging.jakevibes.dev/uk/alternatives","1","Indexable","","https://staging.jakevibes.dev/uk/alternatives","","index, follow","","https://staging.jakevibes.dev/uk/alternatives?page=2","","",""
"https://staging.jakevibes.dev/uk/compare/cloud-employee-vs-contra","1","Indexable","","https://staging.jakevibes.dev/uk/compare/cloud-employee-vs-contra","","index, follow","","","","",""
"https://staging.jakevibes.dev/uk","1","Indexable","","https://staging.jakevibes.dev/uk","","index, follow","","","","",""
"https://staging.jakevibes.dev/uk/events","1","Indexable","","https://staging.jakevibes.dev/uk/events","","index, follow","","","","",""
"https://staging.jakevibes.dev/uk/customer-story/salmon-software","1","Indexable","","https://staging.jakevibes.dev/uk/customer-story/salmon-software","","index, follow","","","","",""
"https://staging.jakevibes.dev/uk/hiring-tips/developer-vetting-in-latam-live-pair-programming-coding-tests-and-quality-signals-that-matter","1","Indexable","","https://staging.jakevibes.dev/uk/hiring-tips/developer-vetting-in-latam-live-pair-programming-coding-tests-and-quality-signals-that-matter","","index, follow","","","","",""
"https://staging.jakevibes.dev/uk/hiring-tips/hiring-developers-in-the-philippines-cost-quality-culture-fit-for-outsourced-software-development","1","Indexable","","https://staging.jakevibes.dev/uk/hiring-tips/hiring-developers-in-the-philippines-cost-quality-culture-fit-for-outsourced-software-development","","index, follow","","","","",""
"https://staging.jakevibes.dev/uk/how-it-works","1","Indexable","","https://staging.jakevibes.dev/uk/how-it-works","","index, follow","","","","",""
"https://staging.jakevibes.dev/uk/our-work","1","Indexable","","https://staging.jakevibes.dev/uk/our-work","","index, follow","","","","",""
"https://staging.jakevibes.dev/uk/legals/general-terms","1","Indexable","","https://staging.jakevibes.dev/uk/legals/general-terms","","index, follow","","","","",""
"https://staging.jakevibes.dev/uk/nearshoring-offshoring/nearshoring-or-offshoring-the-strategic-choice-for-tech-leaders","1","Indexable","","https://staging.jakevibes.dev/uk/nearshoring-offshoring/nearshoring-or-offshoring-the-strategic-choice-for-tech-leaders","","index, follow","","","","",""
"https://staging.jakevibes.dev/uk/nearshoring-offshoring/nearshore-vs-offshore-costs-2026-software-development-rates","1","Indexable","","https://staging.jakevibes.dev/uk/nearshoring-offshoring/nearshore-vs-offshore-costs-2026-software-development-rates","","index, follow","","","","",""
"https://staging.jakevibes.dev/uk/services/back-end-developers","1","Indexable","","https://staging.jakevibes.dev/uk/services/back-end-developers","","index, follow","","","","",""
"https://staging.jakevibes.dev/uk/services/ai-engineers","1","Indexable","","https://staging.jakevibes.dev/uk/services/ai-engineers","","index, follow","","","","",""
"https://staging.jakevibes.dev/uk/pricing","1","Indexable","","https://staging.jakevibes.dev/uk/pricing","","index, follow","","","","",""
"https://staging.jakevibes.dev/uk/services/ai-consulting","1","Indexable","","https://staging.jakevibes.dev/uk/services/ai-consulting","","index, follow","","","","",""
"https://staging.jakevibes.dev/uk/reviews","1","Indexable","","https://staging.jakevibes.dev/uk/reviews","","index, follow","","","","",""
"https://staging.jakevibes.dev/uk/services/full-stack-developers","1","Indexable","","https://staging.jakevibes.dev/uk/services/full-stack-developers","","index, follow","","","","",""
"https://staging.jakevibes.dev/uk/services/data-scientists","1","Indexable","","https://staging.jakevibes.dev/uk/services/data-scientists","","index, follow","","","","",""
"https://staging.jakevibes.dev/uk/services/front-end-developers","1","Indexable","","https://staging.jakevibes.dev/uk/services/front-end-developers","","index, follow","","","","",""
"https://staging.jakevibes.dev/uk/services/fractional-ctos","1","Indexable","","https://staging.jakevibes.dev/uk/services/fractional-ctos","","index, follow","","","","",""
"https://staging.jakevibes.dev/uk/services/mobile-apps","1","Indexable","","https://staging.jakevibes.dev/uk/services/mobile-apps","","index, follow","","","","",""
"https://staging.jakevibes.dev/uk/services/mvp-development","1","Indexable","","https://staging.jakevibes.dev/uk/services/mvp-development","","index, follow","","","","",""
"https://staging.jakevibes.dev/uk/services/philippines-developers","1","Indexable","","https://staging.jakevibes.dev/uk/services/philippines-developers","","index, follow","","","","",""
"https://staging.jakevibes.dev/uk/services/qa-analysts-testers","1","Indexable","","https://staging.jakevibes.dev/uk/services/qa-analysts-testers","","index, follow","","","","",""
"https://staging.jakevibes.dev/uk/services/no-code-developers","1","Indexable","","https://staging.jakevibes.dev/uk/services/no-code-developers","","index, follow","","","","",""
"https://staging.jakevibes.dev/uk/services/software-engineers","1","Indexable","","https://staging.jakevibes.dev/uk/services/software-engineers","","index, follow","","","","",""
"https://staging.jakevibes.dev/uk/services/product-scoping-service","1","Indexable","","https://staging.jakevibes.dev/uk/services/product-scoping-service","","index, follow","","","","",""
"https://staging.jakevibes.dev/uk/technology/airtable-developers","1","Indexable","","https://staging.jakevibes.dev/uk/technology/airtable-developers","","index, follow","","","","",""
"https://staging.jakevibes.dev/uk/staff-augmentation/staff-augmentation-roi-calculator-measure-cost-savings-and-productivity-gains","1","Indexable","","https://staging.jakevibes.dev/uk/staff-augmentation/staff-augmentation-roi-calculator-measure-cost-savings-and-productivity-gains","","index, follow","","","","",""
"https://staging.jakevibes.dev/uk/technology","1","Indexable","","https://staging.jakevibes.dev/uk/technology","","index, follow","","","","",""
"https://staging.jakevibes.dev/uk/technology/angular-developers","1","Indexable","","https://staging.jakevibes.dev/uk/technology/angular-developers","","index, follow","","","","",""
"https://staging.jakevibes.dev/uk/technology/nodejs-developers","1","Indexable","","https://staging.jakevibes.dev/uk/technology/nodejs-developers","","index, follow","","","","",""
"https://staging.jakevibes.dev/uk/technology/aws-developers","1","Indexable","","https://staging.jakevibes.dev/uk/technology/aws-developers","","index, follow","","","","",""
"https://staging.jakevibes.dev/uk/technology/dotnet-developers","1","Indexable","","https://staging.jakevibes.dev/uk/technology/dotnet-developers","","index, follow","","","","",""
"https://staging.jakevibes.dev/uk/technology/java-developers","1","Indexable","","https://staging.jakevibes.dev/uk/technology/java-developers","","index, follow","","","","",""
"https://staging.jakevibes.dev/uk/technology/fastlane","1","Indexable","","https://staging.jakevibes.dev/uk/technology/fastlane","","index, follow","","","","",""
"https://staging.jakevibes.dev/uk/videos/hiring-one-dev-backed-by-200","1","Indexable","","https://staging.jakevibes.dev/uk/videos/hiring-one-dev-backed-by-200","","index, follow","","","","",""
"https://staging.jakevibes.dev/uk/technology/typescript-developers","1","Indexable","","https://staging.jakevibes.dev/uk/technology/typescript-developers","","index, follow","","","","",""
"https://staging.jakevibes.dev/uk/technology/supabase-developers","1","Indexable","","https://staging.jakevibes.dev/uk/technology/supabase-developers","","index, follow","","","","",""
"https://staging.jakevibes.dev/uk/work-with-shawnee","1","Indexable","","https://staging.jakevibes.dev/uk/work-with-shawnee","","index, follow","","","","",""
"https://staging.jakevibes.dev/uk/tools","1","Indexable","","https://staging.jakevibes.dev/uk/tools","","index, follow","","","","",""
"https://staging.jakevibes.dev/videos/de-risked-dev-hiring-for-changing-markets","1","Indexable","","https://staging.jakevibes.dev/videos/de-risked-dev-hiring-for-changing-markets","","index, follow","","","","",""
"https://staging.jakevibes.dev/videos","1","Indexable","","https://staging.jakevibes.dev/videos","","index, follow","","https://staging.jakevibes.dev/videos?page=2","","",""
"https://staging.jakevibes.dev/videos/danis-journey-as-a-front-end-engineer-at-cloud-employee","1","Indexable","","https://staging.jakevibes.dev/videos/danis-journey-as-a-front-end-engineer-at-cloud-employee","","index, follow","","","","",""
"https://staging.jakevibes.dev/videos/boost-remote-dev-productivity-with-a-how-to-work-with-me-guide","1","Indexable","","https://staging.jakevibes.dev/videos/boost-remote-dev-productivity-with-a-how-to-work-with-me-guide","","index, follow","","","","",""
"https://staging.jakevibes.dev/videos/employee-experience","1","Indexable","","https://staging.jakevibes.dev/videos/employee-experience","","index, follow","","","","",""
"https://staging.jakevibes.dev/videos/how-cloud-employee-keeps-remote-developers-motivated","1","Indexable","","https://staging.jakevibes.dev/videos/how-cloud-employee-keeps-remote-developers-motivated","","index, follow","","","","",""
"https://staging.jakevibes.dev/videos/employee-experience-that-keeps-offshore-devs-engaged","1","Indexable","","https://staging.jakevibes.dev/videos/employee-experience-that-keeps-offshore-devs-engaged","","index, follow","","","","",""
"https://staging.jakevibes.dev/videos/hiring-one-dev-backed-by-200","1","Indexable","","https://staging.jakevibes.dev/videos/hiring-one-dev-backed-by-200","","index, follow","","","","",""
"https://staging.jakevibes.dev/videos/how-our-clients-retain-devs-long-term","1","Indexable","","https://staging.jakevibes.dev/videos/how-our-clients-retain-devs-long-term","","index, follow","","","","",""
"https://staging.jakevibes.dev/videos/how-the-cloud-employee-hiring-engine-works","1","Indexable","","https://staging.jakevibes.dev/videos/how-the-cloud-employee-hiring-engine-works","","index, follow","","","","",""
"https://staging.jakevibes.dev/videos/how-we-find-the-right-developer-faster","1","Indexable","","https://staging.jakevibes.dev/videos/how-we-find-the-right-developer-faster","","index, follow","","","","",""
"https://staging.jakevibes.dev/videos/how-we-retain-97-of-remote-developers","1","Indexable","","https://staging.jakevibes.dev/videos/how-we-retain-97-of-remote-developers","","index, follow","","","","",""
"https://staging.jakevibes.dev/videos/how-stability-attracts-top-dev-talent-in-the-philippines","1","Indexable","","https://staging.jakevibes.dev/videos/how-stability-attracts-top-dev-talent-in-the-philippines","","index, follow","","","","",""
"https://staging.jakevibes.dev/videos/how-we-keep-remote-devs-connected-and-engaged","1","Indexable","","https://staging.jakevibes.dev/videos/how-we-keep-remote-devs-connected-and-engaged","","index, follow","","","","",""
"https://staging.jakevibes.dev/videos/matching-company-values","1","Indexable","","https://staging.jakevibes.dev/videos/matching-company-values","","index, follow","","","","",""
"https://staging.jakevibes.dev/videos/onboarding-global-dev-teams-with-purpose","1","Indexable","","https://staging.jakevibes.dev/videos/onboarding-global-dev-teams-with-purpose","","index, follow","","","","",""
"https://staging.jakevibes.dev/videos/onboarding-offshore-devs-that-deliver-fast","1","Indexable","","https://staging.jakevibes.dev/videos/onboarding-offshore-devs-that-deliver-fast","","index, follow","","","","",""
"https://staging.jakevibes.dev/videos/pair-programming-at-cloud-employee","1","Indexable","","https://staging.jakevibes.dev/videos/pair-programming-at-cloud-employee","","index, follow","","","","",""
"https://staging.jakevibes.dev/videos/peer-forums-for-remote-developers","1","Indexable","","https://staging.jakevibes.dev/videos/peer-forums-for-remote-developers","","index, follow","","","","",""
"https://staging.jakevibes.dev/videos/what-connection-looks-like-in-a-global-dev-team","1","Indexable","","https://staging.jakevibes.dev/videos/what-connection-looks-like-in-a-global-dev-team","","index, follow","","","","",""
"https://staging.jakevibes.dev/videos?259f0148_page=4","1","Non-Indexable","Canonicalised","https://staging.jakevibes.dev/videos","","index, follow","","https://staging.jakevibes.dev/videos?page=2","","",""
"https://staging.jakevibes.dev/videos/why-the-philippines-is-a-smart-choice-for-growing-your-dev-team","1","Indexable","","https://staging.jakevibes.dev/videos/why-the-philippines-is-a-smart-choice-for-growing-your-dev-team","","index, follow","","","","",""
"https://staging.jakevibes.dev/work-with-shawnee","1","Indexable","","https://staging.jakevibes.dev/work-with-shawnee","","index, follow","","","","",""
"https://staging.jakevibes.dev/uk/services","1","Indexable","","https://staging.jakevibes.dev/uk/services","","index, follow","","","","",""
"https://staging.jakevibes.dev/videos/peer-forum-building-connections-beyond-work","1","Indexable","","https://staging.jakevibes.dev/videos/peer-forum-building-connections-beyond-work","","index, follow","","","","",""
"https://staging.jakevibes.dev/uk/team/grace-tannor","1","Indexable","","https://staging.jakevibes.dev/uk/team/grace-tannor","","index, follow","","","","",""
"https://staging.jakevibes.dev/uk/team/kean-reynancia","1","Indexable","","https://staging.jakevibes.dev/uk/team/kean-reynancia","","index, follow","","","","",""
"https://staging.jakevibes.dev/uk/reviews/tidal","1","Indexable","","https://staging.jakevibes.dev/uk/reviews/tidal","","index, follow","","","","",""
"https://staging.jakevibes.dev/uk/for-developers","1","Indexable","","https://staging.jakevibes.dev/uk/for-developers","","index, follow","","","","",""
"https://staging.jakevibes.dev/uk/team/ezekiel-mariano","1","Indexable","","https://staging.jakevibes.dev/uk/team/ezekiel-mariano","","index, follow","","","","",""
"https://staging.jakevibes.dev/uk/downloads","1","Indexable","","https://staging.jakevibes.dev/uk/downloads","","index, follow","","","","",""
"https://staging.jakevibes.dev/uk/services/eastern-europe-developers","1","Indexable","","https://staging.jakevibes.dev/uk/services/eastern-europe-developers","","index, follow","","","","",""
"https://staging.jakevibes.dev/uk/reviews/healthpointe","1","Indexable","","https://staging.jakevibes.dev/uk/reviews/healthpointe","","index, follow","","","","",""
"https://staging.jakevibes.dev/uk/team/rich-holgate","1","Indexable","","https://staging.jakevibes.dev/uk/team/rich-holgate","","index, follow","","","","",""
"https://staging.jakevibes.dev/uk/reviews/bladefs","1","Indexable","","https://staging.jakevibes.dev/uk/reviews/bladefs","","index, follow","","","","",""
"https://staging.jakevibes.dev/uk/team/heidi-dela-cruz","1","Indexable","","https://staging.jakevibes.dev/uk/team/heidi-dela-cruz","","index, follow","","","","",""
"https://staging.jakevibes.dev/uk/team/luis-santos","1","Indexable","","https://staging.jakevibes.dev/uk/team/luis-santos","","index, follow","","","","",""
"https://staging.jakevibes.dev/uk/services/mobile-developers","1","Indexable","","https://staging.jakevibes.dev/uk/services/mobile-developers","","index, follow","","","","",""
"https://staging.jakevibes.dev/uk/team/maica-padillo","1","Indexable","","https://staging.jakevibes.dev/uk/team/maica-padillo","","index, follow","","","","",""
"https://staging.jakevibes.dev/uk/team/stephanie-silva","1","Indexable","","https://staging.jakevibes.dev/uk/team/stephanie-silva","","index, follow","","","","",""
"https://staging.jakevibes.dev/uk/services/latam-developers","1","Indexable","","https://staging.jakevibes.dev/uk/services/latam-developers","","index, follow","","","","",""
"https://staging.jakevibes.dev/uk/customer-story/willo","1","Indexable","","https://staging.jakevibes.dev/uk/customer-story/willo","","index, follow","","","","",""
"https://staging.jakevibes.dev/uk/team/ericka-go","1","Indexable","","https://staging.jakevibes.dev/uk/team/ericka-go","","index, follow","","","","",""
"https://staging.jakevibes.dev/uk/team/kyla-taal","1","Indexable","","https://staging.jakevibes.dev/uk/team/kyla-taal","","index, follow","","","","",""
"https://staging.jakevibes.dev/uk/team/caitlin-murray","1","Indexable","","https://staging.jakevibes.dev/uk/team/caitlin-murray","","index, follow","","","","",""
"https://staging.jakevibes.dev/uk/team/stephanie-bird","1","Indexable","","https://staging.jakevibes.dev/uk/team/stephanie-bird","","index, follow","","","","",""
"https://staging.jakevibes.dev/uk/reviews/willo","1","Indexable","","https://staging.jakevibes.dev/uk/reviews/willo","","index, follow","","","","",""
"https://staging.jakevibes.dev/uk/team/jake-hall","1","Indexable","","https://staging.jakevibes.dev/uk/team/jake-hall","","index, follow","","","","",""
"https://staging.jakevibes.dev/uk/team/albert-labarento","1","Indexable","","https://staging.jakevibes.dev/uk/team/albert-labarento","","index, follow","","","","",""
"https://staging.jakevibes.dev/uk/reviews/square-eye","1","Indexable","","https://staging.jakevibes.dev/uk/reviews/square-eye","","index, follow","","","","",""
"https://staging.jakevibes.dev/uk/team/des-matthewman","1","Indexable","","https://staging.jakevibes.dev/uk/team/des-matthewman","","index, follow","","","","",""
"https://staging.jakevibes.dev/uk/scaling-teams/building-a-software-development-team-core-roles-dedicated-developers-and-modern-hiring-models","1","Indexable","","https://staging.jakevibes.dev/uk/scaling-teams/building-a-software-development-team-core-roles-dedicated-developers-and-modern-hiring-models","","index, follow","","","","",""
"https://staging.jakevibes.dev/uk/team/robert-reyes","1","Indexable","","https://staging.jakevibes.dev/uk/team/robert-reyes","","index, follow","","","","",""
"https://staging.jakevibes.dev/uk/contact","1","Indexable","","https://staging.jakevibes.dev/uk/contact","","index, follow","","","","",""
"https://staging.jakevibes.dev/uk/customer-story/event-connections","1","Indexable","","https://staging.jakevibes.dev/uk/customer-story/event-connections","","index, follow","","","","",""
"https://staging.jakevibes.dev/uk/team/steven-sy","1","Indexable","","https://staging.jakevibes.dev/uk/team/steven-sy","","index, follow","","","","",""
"https://staging.jakevibes.dev/uk/technology/react-developers","1","Indexable","","https://staging.jakevibes.dev/uk/technology/react-developers","","index, follow","","","","",""
"https://staging.jakevibes.dev/uk/team/viktoria-mangarin","1","Indexable","","https://staging.jakevibes.dev/uk/team/viktoria-mangarin","","index, follow","","","","",""
"https://staging.jakevibes.dev/uk/services/ai-product-builds","1","Indexable","","https://staging.jakevibes.dev/uk/services/ai-product-builds","","index, follow","","","","",""
"https://staging.jakevibes.dev/uk/technology/python-developers","1","Indexable","","https://staging.jakevibes.dev/uk/technology/python-developers","","index, follow","","","","",""
"https://staging.jakevibes.dev/uk/team/aj-develos","1","Indexable","","https://staging.jakevibes.dev/uk/team/aj-develos","","index, follow","","","","",""
"https://staging.jakevibes.dev/uk/team/lyka-duran","1","Indexable","","https://staging.jakevibes.dev/uk/team/lyka-duran","","index, follow","","","","",""
"https://staging.jakevibes.dev/uk/reviews/salmon-software","1","Indexable","","https://staging.jakevibes.dev/uk/reviews/salmon-software","","index, follow","","","","",""
"https://staging.jakevibes.dev/uk/reviews/aspire-creative","1","Indexable","","https://staging.jakevibes.dev/uk/reviews/aspire-creative","","index, follow","","","","",""
"https://staging.jakevibes.dev/uk/team/heather-wood","1","Indexable","","https://staging.jakevibes.dev/uk/team/heather-wood","","index, follow","","","","",""
"https://staging.jakevibes.dev/uk/team/molly-miller","1","Indexable","","https://staging.jakevibes.dev/uk/team/molly-miller","","index, follow","","","","",""
"https://staging.jakevibes.dev/uk/services/devops-engineers","1","Indexable","","https://staging.jakevibes.dev/uk/services/devops-engineers","","index, follow","","","","",""
"https://staging.jakevibes.dev/uk/services/web-based-apps","1","Indexable","","https://staging.jakevibes.dev/uk/services/web-based-apps","","index, follow","","","","",""
"https://staging.jakevibes.dev/uk/nearshoring-offshoring/nearshore-software-development-how-to-choose-the-right-vendor","1","Indexable","","https://staging.jakevibes.dev/uk/nearshoring-offshoring/nearshore-software-development-how-to-choose-the-right-vendor","","index, follow","","","","",""
"https://staging.jakevibes.dev/uk/videos","1","Indexable","","https://staging.jakevibes.dev/uk/videos","","index, follow","","https://staging.jakevibes.dev/uk/videos?page=2","","",""
"https://staging.jakevibes.dev/uk/reviews/cleanlink-software-ltd","1","Indexable","","https://staging.jakevibes.dev/uk/reviews/cleanlink-software-ltd","","index, follow","","","","",""
"https://staging.jakevibes.dev/uk/customer-stories","1","Indexable","","https://staging.jakevibes.dev/uk/customer-stories","","index, follow","","","","",""
"https://staging.jakevibes.dev/uk/team/anto-cabraja","1","Indexable","","https://staging.jakevibes.dev/uk/team/anto-cabraja","","index, follow","","","","",""
"https://staging.jakevibes.dev/uk/team/seb-hall","1","Indexable","","https://staging.jakevibes.dev/uk/team/seb-hall","","index, follow","","","","",""
"https://staging.jakevibes.dev/uk/blog","1","Indexable","","https://staging.jakevibes.dev/uk/blog","","index, follow","","https://staging.jakevibes.dev/uk/blog?page=2","","",""
"https://staging.jakevibes.dev/uk/legals/privacy-policy","1","Indexable","","https://staging.jakevibes.dev/uk/legals/privacy-policy","","index, follow","","","","",""
"https://staging.jakevibes.dev/uk/team/erwin-panganiban","1","Indexable","","https://staging.jakevibes.dev/uk/team/erwin-panganiban","","index, follow","","","","",""
"https://staging.jakevibes.dev/uk/team/russel-lobrio","1","Indexable","","https://staging.jakevibes.dev/uk/team/russel-lobrio","","index, follow","","","","",""
"https://staging.jakevibes.dev/uk/book-a-call","1","Indexable","","https://staging.jakevibes.dev/uk/book-a-call","","index, follow","","","","",""
"https://staging.jakevibes.dev/uk/compare/cloud-employee-vs-beon-tech","1","Indexable","","https://staging.jakevibes.dev/uk/compare/cloud-employee-vs-beon-tech","","index, follow","","","","",""
"https://staging.jakevibes.dev/uk/alternatives?page=2","1","Non-Indexable","Canonicalised,noindex","https://staging.jakevibes.dev/uk/alternatives","","noindex, follow","","https://staging.jakevibes.dev/uk/alternatives?page=3","https://staging.jakevibes.dev/uk/alternatives","",""
"https://staging.jakevibes.dev/uk/compare/cloud-employee-vs-andela","1","Indexable","","https://staging.jakevibes.dev/uk/compare/cloud-employee-vs-andela","","index, follow","","","","",""
"https://staging.jakevibes.dev/uk/compare/arc-dev-alternatives-for-startups-2026-comparison-guide","1","Indexable","","https://staging.jakevibes.dev/uk/compare/arc-dev-alternatives-for-startups-2026-comparison-guide","","index, follow","","","","",""
"https://staging.jakevibes.dev/uk/compare/arc-dev-pricing-vs-cloud-employee-true-cost","1","Indexable","","https://staging.jakevibes.dev/uk/compare/arc-dev-pricing-vs-cloud-employee-true-cost","","index, follow","","","","",""
"https://staging.jakevibes.dev/uk/compare/the-hidden-costs-of-arc-dev-screening-time-failed-hires-and-context-switching","1","Indexable","","https://staging.jakevibes.dev/uk/compare/the-hidden-costs-of-arc-dev-screening-time-failed-hires-and-context-switching","","index, follow","","","","",""
"https://staging.jakevibes.dev/uk/compare/cloud-employee-vs-arc-dev","1","Indexable","","https://staging.jakevibes.dev/uk/compare/cloud-employee-vs-arc-dev","","index, follow","","","","",""
"https://staging.jakevibes.dev/uk/compare/dedicated-teams-vs-toptal","1","Indexable","","https://staging.jakevibes.dev/uk/compare/dedicated-teams-vs-toptal","","index, follow","","","","",""
"https://staging.jakevibes.dev/uk/compare/cloud-employee-vs-clouddevs","1","Indexable","","https://staging.jakevibes.dev/uk/compare/cloud-employee-vs-clouddevs","","index, follow","","","","",""
"https://staging.jakevibes.dev/uk/compare/cloud-employee-pricing-plans-cost-breakdown","1","Indexable","","https://staging.jakevibes.dev/uk/compare/cloud-employee-pricing-plans-cost-breakdown","","index, follow","","","","",""
"https://staging.jakevibes.dev/uk/compare/arc-dev-to-dedicated-team-migration-guide","1","Indexable","","https://staging.jakevibes.dev/uk/compare/arc-dev-to-dedicated-team-migration-guide","","index, follow","","","","",""
"https://staging.jakevibes.dev/uk/compare/arc-dev-vs-toptal-vs-cloud-employee-which-model-fits-your-runway","1","Indexable","","https://staging.jakevibes.dev/uk/compare/arc-dev-vs-toptal-vs-cloud-employee-which-model-fits-your-runway","","index, follow","","","","",""
"https://staging.jakevibes.dev/uk/compare/arc-dev-vetting-process-vs-cloud-employees-cto-led-technical-assessment","1","Indexable","","https://staging.jakevibes.dev/uk/compare/arc-dev-vetting-process-vs-cloud-employees-cto-led-technical-assessment","","index, follow","","","","",""
"https://staging.jakevibes.dev/uk/compare/cloud-employee-vs-unosquare","1","Indexable","","https://staging.jakevibes.dev/uk/compare/cloud-employee-vs-unosquare","","index, follow","","","","",""
"https://staging.jakevibes.dev/uk/compare/toptal-limitations","1","Indexable","","https://staging.jakevibes.dev/uk/compare/toptal-limitations","","index, follow","","","","",""
"https://staging.jakevibes.dev/uk/compare/cloud-employee-no-hidden-fees-transparency","1","Indexable","","https://staging.jakevibes.dev/uk/compare/cloud-employee-no-hidden-fees-transparency","","index, follow","","","","",""
"https://staging.jakevibes.dev/uk/hiring-tips/how-to-avoid-costly-mistakes-when-hiring-a-remote-developer","1","Indexable","","https://staging.jakevibes.dev/uk/hiring-tips/how-to-avoid-costly-mistakes-when-hiring-a-remote-developer","","index, follow","","","","",""
"https://staging.jakevibes.dev/uk/hiring-tips/how-to-run-pair-programming-interviews-cloud-employees-hiring-sop","1","Indexable","","https://staging.jakevibes.dev/uk/hiring-tips/how-to-run-pair-programming-interviews-cloud-employees-hiring-sop","","index, follow","","","","",""
"https://staging.jakevibes.dev/uk/nearshoring-offshoring/nearshore-vs-offshore-staff-augmentation","1","Indexable","","https://staging.jakevibes.dev/uk/nearshoring-offshoring/nearshore-vs-offshore-staff-augmentation","","index, follow","","","","",""
"https://staging.jakevibes.dev/uk/staff-augmentation/best-staff-augmentation-companies-in-latin-america-2026-a-ranked-comparison","1","Indexable","","https://staging.jakevibes.dev/uk/staff-augmentation/best-staff-augmentation-companies-in-latin-america-2026-a-ranked-comparison","","index, follow","","","","",""
"https://staging.jakevibes.dev/uk/nearshoring-offshoring/what-is-it-outsourcing-definition-models-when-to-use-it","1","Indexable","","https://staging.jakevibes.dev/uk/nearshoring-offshoring/what-is-it-outsourcing-definition-models-when-to-use-it","","index, follow","","","","",""
"https://staging.jakevibes.dev/uk/nearshoring-offshoring/offshore-developer-pricing-hourly-vs-monthly","1","Indexable","","https://staging.jakevibes.dev/uk/nearshoring-offshoring/offshore-developer-pricing-hourly-vs-monthly","","index, follow","","","","",""
"https://staging.jakevibes.dev/uk/staff-augmentation/how-to-evaluate-staff-augmentation-providers-in-latam-a-founders-vetting-checklist","1","Indexable","","https://staging.jakevibes.dev/uk/staff-augmentation/how-to-evaluate-staff-augmentation-providers-in-latam-a-founders-vetting-checklist","","index, follow","","","","",""
"https://staging.jakevibes.dev/uk/staff-augmentation/using-latam-staff-augmentation-to-scale-early-stage-saas","1","Indexable","","https://staging.jakevibes.dev/uk/staff-augmentation/using-latam-staff-augmentation-to-scale-early-stage-saas","","index, follow","","","","",""
"https://staging.jakevibes.dev/uk/technology/pinecone-developers","1","Indexable","","https://staging.jakevibes.dev/uk/technology/pinecone-developers","","index, follow","","","","",""
"https://staging.jakevibes.dev/uk/technology/mvvm","1","Indexable","","https://staging.jakevibes.dev/uk/technology/mvvm","","index, follow","","","","",""
"https://staging.jakevibes.dev/uk/technology/swiftui","1","Indexable","","https://staging.jakevibes.dev/uk/technology/swiftui","","index, follow","","","","",""
"https://staging.jakevibes.dev/uk/technology/compose","1","Indexable","","https://staging.jakevibes.dev/uk/technology/compose","","index, follow","","","","",""
"https://staging.jakevibes.dev/uk/technology/react-native-developers","1","Indexable","","https://staging.jakevibes.dev/uk/technology/react-native-developers","","index, follow","","","","",""
"https://staging.jakevibes.dev/uk/technology/jetpack","1","Indexable","","https://staging.jakevibes.dev/uk/technology/jetpack","","index, follow","","","","",""
"https://staging.jakevibes.dev/uk/technology/figma","1","Indexable","","https://staging.jakevibes.dev/uk/technology/figma","","index, follow","","","","",""
"https://staging.jakevibes.dev/uk/technology/firebase-developers","1","Indexable","","https://staging.jakevibes.dev/uk/technology/firebase-developers","","index, follow","","","","",""
"https://staging.jakevibes.dev/uk/technology/openai-developers","1","Indexable","","https://staging.jakevibes.dev/uk/technology/openai-developers","","index, follow","","","","",""
"https://staging.jakevibes.dev/uk/technology/jira","1","Indexable","","https://staging.jakevibes.dev/uk/technology/jira","","index, follow","","","","",""
"https://staging.jakevibes.dev/uk/technology/playwright","1","Indexable","","https://staging.jakevibes.dev/uk/technology/playwright","","index, follow","","","","",""
"https://staging.jakevibes.dev/uk/technology/mlflow","1","Indexable","","https://staging.jakevibes.dev/uk/technology/mlflow","","index, follow","","","","",""
"https://staging.jakevibes.dev/uk/technology/vercel-developers","1","Indexable","","https://staging.jakevibes.dev/uk/technology/vercel-developers","","index, follow","","","","",""
"https://staging.jakevibes.dev/uk/technology/numpy","1","Indexable","","https://staging.jakevibes.dev/uk/technology/numpy","","index, follow","","","","",""
"https://staging.jakevibes.dev/uk/technology/fastapi-developers","1","Indexable","","https://staging.jakevibes.dev/uk/technology/fastapi-developers","","index, follow","","","","",""
"https://staging.jakevibes.dev/uk/technology/selenium","1","Indexable","","https://staging.jakevibes.dev/uk/technology/selenium","","index, follow","","","","",""
"https://staging.jakevibes.dev/uk/technology/iam","1","Indexable","","https://staging.jakevibes.dev/uk/technology/iam","","index, follow","","","","",""
"https://staging.jakevibes.dev/uk/technology/cloudformation","1","Indexable","","https://staging.jakevibes.dev/uk/technology/cloudformation","","index, follow","","","","",""
"https://staging.jakevibes.dev/uk/technology/java-android-developers","1","Indexable","","https://staging.jakevibes.dev/uk/technology/java-android-developers","","index, follow","","","","",""
"https://staging.jakevibes.dev/uk/technology/posthog-developers","1","Indexable","","https://staging.jakevibes.dev/uk/technology/posthog-developers","","index, follow","","","","",""
"https://staging.jakevibes.dev/uk/technology/tailwind","1","Indexable","","https://staging.jakevibes.dev/uk/technology/tailwind","","index, follow","","","","",""
"https://staging.jakevibes.dev/uk/technology/ansible","1","Indexable","","https://staging.jakevibes.dev/uk/technology/ansible","","index, follow","","","","",""
"https://staging.jakevibes.dev/uk/technology/github-actions","1","Indexable","","https://staging.jakevibes.dev/uk/technology/github-actions","","index, follow","","","","",""
"https://staging.jakevibes.dev/uk/technology/vertex-ai-developers","1","Indexable","","https://staging.jakevibes.dev/uk/technology/vertex-ai-developers","","index, follow","","","","",""
"https://staging.jakevibes.dev/uk/technology/bigquery","1","Indexable","","https://staging.jakevibes.dev/uk/technology/bigquery","","index, follow","","","","",""
"https://staging.jakevibes.dev/uk/technology/langchain-developers","1","Indexable","","https://staging.jakevibes.dev/uk/technology/langchain-developers","","index, follow","","","","",""
"https://staging.jakevibes.dev/uk/technology/android","1","Indexable","","https://staging.jakevibes.dev/uk/technology/android","","index, follow","","","","",""
"https://staging.jakevibes.dev/uk/technology/bubble-developers","1","Indexable","","https://staging.jakevibes.dev/uk/technology/bubble-developers","","index, follow","","","","",""
"https://staging.jakevibes.dev/uk/technology/php-developers","1","Indexable","","https://staging.jakevibes.dev/uk/technology/php-developers","","index, follow","","","","",""
"https://staging.jakevibes.dev/uk/technology/unity-developers","1","Indexable","","https://staging.jakevibes.dev/uk/technology/unity-developers","","index, follow","","","","",""
"https://staging.jakevibes.dev/uk/technology/azure-developers","1","Indexable","","https://staging.jakevibes.dev/uk/technology/azure-developers","","index, follow","","","","",""
"https://staging.jakevibes.dev/uk/technology/mongodb","1","Indexable","","https://staging.jakevibes.dev/uk/technology/mongodb","","index, follow","","","","",""
"https://staging.jakevibes.dev/uk/technology/dbt","1","Indexable","","https://staging.jakevibes.dev/uk/technology/dbt","","index, follow","","","","",""
"https://staging.jakevibes.dev/uk/technology/graphql","1","Indexable","","https://staging.jakevibes.dev/uk/technology/graphql","","index, follow","","","","",""
"https://staging.jakevibes.dev/uk/technology/storybook","1","Indexable","","https://staging.jakevibes.dev/uk/technology/storybook","","index, follow","","","","",""
"https://staging.jakevibes.dev/uk/technology/nextjs-developers","1","Indexable","","https://staging.jakevibes.dev/uk/technology/nextjs-developers","","index, follow","","","","",""
"https://staging.jakevibes.dev/uk/technology/swift-developers","1","Indexable","","https://staging.jakevibes.dev/uk/technology/swift-developers","","index, follow","","","","",""
"https://staging.jakevibes.dev/uk/technology/xamarin-developers","1","Indexable","","https://staging.jakevibes.dev/uk/technology/xamarin-developers","","index, follow","","","","",""
"https://staging.jakevibes.dev/uk/technology/cypress","1","Indexable","","https://staging.jakevibes.dev/uk/technology/cypress","","index, follow","","","","",""
"https://staging.jakevibes.dev/uk/technology/dagger","1","Indexable","","https://staging.jakevibes.dev/uk/technology/dagger","","index, follow","","","","",""
"https://staging.jakevibes.dev/uk/technology/webflow-developers","1","Indexable","","https://staging.jakevibes.dev/uk/technology/webflow-developers","","index, follow","","","","",""
"https://staging.jakevibes.dev/uk/technology/qase","1","Indexable","","https://staging.jakevibes.dev/uk/technology/qase","","index, follow","","","","",""
"https://staging.jakevibes.dev/uk/technology/jest","1","Indexable","","https://staging.jakevibes.dev/uk/technology/jest","","index, follow","","","","",""
"https://staging.jakevibes.dev/uk/technology/jupyter","1","Indexable","","https://staging.jakevibes.dev/uk/technology/jupyter","","index, follow","","","","",""
"https://staging.jakevibes.dev/uk/technology/coredata","1","Indexable","","https://staging.jakevibes.dev/uk/technology/coredata","","index, follow","","","","",""
"https://staging.jakevibes.dev/uk/technology/xcode","1","Indexable","","https://staging.jakevibes.dev/uk/technology/xcode","","index, follow","","","","",""
"https://staging.jakevibes.dev/uk/technology/gitlab-ci","1","Indexable","","https://staging.jakevibes.dev/uk/technology/gitlab-ci","","index, follow","","","","",""
"https://staging.jakevibes.dev/uk/technology/n8n","1","Indexable","","https://staging.jakevibes.dev/uk/technology/n8n","","index, follow","","","","",""
"https://staging.jakevibes.dev/uk/technology/vector-db-developers","1","Indexable","","https://staging.jakevibes.dev/uk/technology/vector-db-developers","","index, follow","","","","",""
"https://staging.jakevibes.dev/uk/technology/google-cloud-developers","1","Indexable","","https://staging.jakevibes.dev/uk/technology/google-cloud-developers","","index, follow","","","","",""
"https://staging.jakevibes.dev/uk/technology/terraform","1","Indexable","","https://staging.jakevibes.dev/uk/technology/terraform","","index, follow","","","","",""
"https://staging.jakevibes.dev/uk/technology/zapier","1","Indexable","","https://staging.jakevibes.dev/uk/technology/zapier","","index, follow","","","","",""
"https://staging.jakevibes.dev/uk/technology/ruby-developers","1","Indexable","","https://staging.jakevibes.dev/uk/technology/ruby-developers","","index, follow","","","","",""
"https://staging.jakevibes.dev/uk/technology/uikit","1","Indexable","","https://staging.jakevibes.dev/uk/technology/uikit","","index, follow","","","","",""
"https://staging.jakevibes.dev/uk/technology/ios","1","Indexable","","https://staging.jakevibes.dev/uk/technology/ios","","index, follow","","","","",""
"https://staging.jakevibes.dev/uk/technology/rust-developers","1","Indexable","","https://staging.jakevibes.dev/uk/technology/rust-developers","","index, follow","","","","",""
"https://staging.jakevibes.dev/uk/technology/ionic-developers","1","Indexable","","https://staging.jakevibes.dev/uk/technology/ionic-developers","","index, follow","","","","",""
"https://staging.jakevibes.dev/uk/technology/huggingface-developers","1","Indexable","","https://staging.jakevibes.dev/uk/technology/huggingface-developers","","index, follow","","","","",""
"https://staging.jakevibes.dev/uk/technology/tensorflow-developers","1","Indexable","","https://staging.jakevibes.dev/uk/technology/tensorflow-developers","","index, follow","","","","",""
"https://staging.jakevibes.dev/uk/technology/softr","1","Indexable","","https://staging.jakevibes.dev/uk/technology/softr","","index, follow","","","","",""
"https://staging.jakevibes.dev/uk/technology/kubeflow","1","Indexable","","https://staging.jakevibes.dev/uk/technology/kubeflow","","index, follow","","","","",""
"https://staging.jakevibes.dev/uk/technology/xano","1","Indexable","","https://staging.jakevibes.dev/uk/technology/xano","","index, follow","","","","",""
"https://staging.jakevibes.dev/uk/technology/scikit-learn","1","Indexable","","https://staging.jakevibes.dev/uk/technology/scikit-learn","","index, follow","","","","",""
"https://staging.jakevibes.dev/uk/technology/make","1","Indexable","","https://staging.jakevibes.dev/uk/technology/make","","index, follow","","","","",""
"https://staging.jakevibes.dev/uk/technology/weaviate-developers","1","Indexable","","https://staging.jakevibes.dev/uk/technology/weaviate-developers","","index, follow","","","","",""
"https://staging.jakevibes.dev/uk/technology/kotlin-developers","1","Indexable","","https://staging.jakevibes.dev/uk/technology/kotlin-developers","","index, follow","","","","",""
"https://staging.jakevibes.dev/uk/technology/postman","1","Indexable","","https://staging.jakevibes.dev/uk/technology/postman","","index, follow","","","","",""
"https://staging.jakevibes.dev/uk/technology/kubernetes","1","Indexable","","https://staging.jakevibes.dev/uk/technology/kubernetes","","index, follow","","","","",""
"https://staging.jakevibes.dev/uk/technology/prometheus","1","Indexable","","https://staging.jakevibes.dev/uk/technology/prometheus","","index, follow","","","","",""
"https://staging.jakevibes.dev/uk/technology/pytorch","1","Indexable","","https://staging.jakevibes.dev/uk/technology/pytorch","","index, follow","","","","",""
"https://staging.jakevibes.dev/uk/technology/laravel-developers","1","Indexable","","https://staging.jakevibes.dev/uk/technology/laravel-developers","","index, follow","","","","",""
"https://staging.jakevibes.dev/uk/technology/llamaindex-developers","1","Indexable","","https://staging.jakevibes.dev/uk/technology/llamaindex-developers","","index, follow","","","","",""
"https://staging.jakevibes.dev/uk/technology/pandas","1","Indexable","","https://staging.jakevibes.dev/uk/technology/pandas","","index, follow","","","","",""
"https://staging.jakevibes.dev/uk/technology/browserstack","1","Indexable","","https://staging.jakevibes.dev/uk/technology/browserstack","","index, follow","","","","",""
"https://staging.jakevibes.dev/uk/technology/redis","1","Indexable","","https://staging.jakevibes.dev/uk/technology/redis","","index, follow","","","","",""
"https://staging.jakevibes.dev/uk/technology/glide","1","Indexable","","https://staging.jakevibes.dev/uk/technology/glide","","index, follow","","","","",""
"https://staging.jakevibes.dev/uk/technology/csharp-developers","1","Indexable","","https://staging.jakevibes.dev/uk/technology/csharp-developers","","index, follow","","","","",""
"https://staging.jakevibes.dev/uk/technology/express","1","Indexable","","https://staging.jakevibes.dev/uk/technology/express","","index, follow","","","","",""
"https://staging.jakevibes.dev/uk/technology/combine","1","Indexable","","https://staging.jakevibes.dev/uk/technology/combine","","index, follow","","","","",""
"https://staging.jakevibes.dev/uk/technology/testrail","1","Indexable","","https://staging.jakevibes.dev/uk/technology/testrail","","index, follow","","","","",""
"https://staging.jakevibes.dev/uk/technology/mlops-developers","1","Indexable","","https://staging.jakevibes.dev/uk/technology/mlops-developers","","index, follow","","","","",""
"https://staging.jakevibes.dev/uk/technology/flutter-developers","1","Indexable","","https://staging.jakevibes.dev/uk/technology/flutter-developers","","index, follow","","","","",""
"https://staging.jakevibes.dev/uk/technology/css3","1","Indexable","","https://staging.jakevibes.dev/uk/technology/css3","","index, follow","","","","",""
"https://staging.jakevibes.dev/uk/tools/price-comparison-calculator","1","Indexable","","https://staging.jakevibes.dev/uk/tools/price-comparison-calculator","","index, follow","","","","",""
"https://staging.jakevibes.dev/videos/how-to-build-a-remote-team-that-lasts","1","Indexable","","https://staging.jakevibes.dev/videos/how-to-build-a-remote-team-that-lasts","","index, follow","","","","",""
"https://staging.jakevibes.dev/uk/technology/docker","1","Indexable","","https://staging.jakevibes.dev/uk/technology/docker","","index, follow","","","","",""
"https://staging.jakevibes.dev/videos?page=2","1","Non-Indexable","Canonicalised,noindex","https://staging.jakevibes.dev/videos","","noindex, follow","","","https://staging.jakevibes.dev/videos","",""
"https://staging.jakevibes.dev/uk/tools/culture-match","1","Indexable","","https://staging.jakevibes.dev/uk/tools/culture-match","","index, follow","","","","",""
"https://staging.jakevibes.dev/team/steven-sy","1","Indexable","","https://staging.jakevibes.dev/team/steven-sy","","index, follow","","","","",""
"https://staging.jakevibes.dev/team/lyka-duran","1","Indexable","","https://staging.jakevibes.dev/team/lyka-duran","","index, follow","","","","",""
"https://staging.jakevibes.dev/services/eastern-europe-developers","1","Indexable","","https://staging.jakevibes.dev/services/eastern-europe-developers","","index, follow","","","","",""
"https://staging.jakevibes.dev/team/ericka-go","1","Indexable","","https://staging.jakevibes.dev/team/ericka-go","","index, follow","","","","",""
"https://staging.jakevibes.dev/team/stephanie-silva","1","Indexable","","https://staging.jakevibes.dev/team/stephanie-silva","","index, follow","","","","",""
"https://staging.jakevibes.dev/team/rich-holgate","1","Indexable","","https://staging.jakevibes.dev/team/rich-holgate","","index, follow","","","","",""
"https://staging.jakevibes.dev/team/russel-lobrio","1","Indexable","","https://staging.jakevibes.dev/team/russel-lobrio","","index, follow","","","","",""
"https://staging.jakevibes.dev/team/molly-miller","1","Indexable","","https://staging.jakevibes.dev/team/molly-miller","","index, follow","","","","",""
"https://staging.jakevibes.dev/team/erwin-panganiban","1","Indexable","","https://staging.jakevibes.dev/team/erwin-panganiban","","index, follow","","","","",""
"https://staging.jakevibes.dev/for-developers","1","Indexable","","https://staging.jakevibes.dev/for-developers","","index, follow","","","","",""
"https://staging.jakevibes.dev/reviews/cleanlink-software-ltd","1","Indexable","","https://staging.jakevibes.dev/reviews/cleanlink-software-ltd","","index, follow","","","","",""
"https://staging.jakevibes.dev/team/heidi-dela-cruz","1","Indexable","","https://staging.jakevibes.dev/team/heidi-dela-cruz","","index, follow","","","","",""
"https://staging.jakevibes.dev/team/robert-reyes","1","Indexable","","https://staging.jakevibes.dev/team/robert-reyes","","index, follow","","","","",""
"https://staging.jakevibes.dev/team/luis-santos","1","Indexable","","https://staging.jakevibes.dev/team/luis-santos","","index, follow","","","","",""
"https://staging.jakevibes.dev/team/maica-padillo","1","Indexable","","https://staging.jakevibes.dev/team/maica-padillo","","index, follow","","","","",""
"https://staging.jakevibes.dev/team/seb-hall","1","Indexable","","https://staging.jakevibes.dev/team/seb-hall","","index, follow","","","","",""
"https://staging.jakevibes.dev/team/kyla-taal","1","Indexable","","https://staging.jakevibes.dev/team/kyla-taal","","index, follow","","","","",""
"https://staging.jakevibes.dev/team/des-matthewman","1","Indexable","","https://staging.jakevibes.dev/team/des-matthewman","","index, follow","","","","",""
"https://staging.jakevibes.dev/team/albert-labarento","1","Indexable","","https://staging.jakevibes.dev/team/albert-labarento","","index, follow","","","","",""
"https://staging.jakevibes.dev/team/kean-reynancia","1","Indexable","","https://staging.jakevibes.dev/team/kean-reynancia","","index, follow","","","","",""
"https://staging.jakevibes.dev/team/ezekiel-mariano","1","Indexable","","https://staging.jakevibes.dev/team/ezekiel-mariano","","index, follow","","","","",""
"https://staging.jakevibes.dev/team/heather-wood","1","Indexable","","https://staging.jakevibes.dev/team/heather-wood","","index, follow","","","","",""
"https://staging.jakevibes.dev/technology/weaviate-developers","1","Indexable","","https://staging.jakevibes.dev/technology/weaviate-developers","","index, follow","","","","",""
"https://staging.jakevibes.dev/technology/fastapi-developers","1","Indexable","","https://staging.jakevibes.dev/technology/fastapi-developers","","index, follow","","","","",""
"https://staging.jakevibes.dev/technology/android-studio","1","Indexable","","https://staging.jakevibes.dev/technology/android-studio","","index, follow","","","","",""
"https://staging.jakevibes.dev/technology/cloudformation","1","Indexable","","https://staging.jakevibes.dev/technology/cloudformation","","index, follow","","","","",""
"https://staging.jakevibes.dev/technology/ios","1","Indexable","","https://staging.jakevibes.dev/technology/ios","","index, follow","","","","",""
"https://staging.jakevibes.dev/staff-augmentation/how-much-does-staff-augmentation-cost","1","Indexable","","https://staging.jakevibes.dev/staff-augmentation/how-much-does-staff-augmentation-cost","","index, follow","","","","",""
"https://staging.jakevibes.dev/staff-augmentation/staff-augmentation-vs-consulting-outsourcing-and-managed-services","1","Indexable","","https://staging.jakevibes.dev/staff-augmentation/staff-augmentation-vs-consulting-outsourcing-and-managed-services","","index, follow","","","","",""
"https://staging.jakevibes.dev/staff-augmentation?page=3","1","Non-Indexable","Canonicalised,noindex","https://staging.jakevibes.dev/staff-augmentation","","noindex, follow","","","https://staging.jakevibes.dev/staff-augmentation?page=2","",""
"https://staging.jakevibes.dev/staff-augmentation?page=2","1","Non-Indexable","Canonicalised,noindex","https://staging.jakevibes.dev/staff-augmentation","","noindex, follow","","https://staging.jakevibes.dev/staff-augmentation?page=3","https://staging.jakevibes.dev/staff-augmentation","",""
"https://staging.jakevibes.dev/alternatives?page=2","1","Non-Indexable","Canonicalised,noindex","https://staging.jakevibes.dev/alternatives","","noindex, follow","","https://staging.jakevibes.dev/alternatives?page=3","https://staging.jakevibes.dev/alternatives","",""
"https://staging.jakevibes.dev/compare/arc-dev-vetting-process-vs-cloud-employees-cto-led-technical-assessment","1","Indexable","","https://staging.jakevibes.dev/compare/arc-dev-vetting-process-vs-cloud-employees-cto-led-technical-assessment","","index, follow","","","","",""
"https://staging.jakevibes.dev/compare/cloud-employee-vs-clouddevs","1","Indexable","","https://staging.jakevibes.dev/compare/cloud-employee-vs-clouddevs","","index, follow","","","","",""
"https://staging.jakevibes.dev/compare/toptal-limitations","1","Indexable","","https://staging.jakevibes.dev/compare/toptal-limitations","","index, follow","","","","",""
"https://staging.jakevibes.dev/staff-augmentation/best-staff-augmentation-companies-2026","1","Indexable","","https://staging.jakevibes.dev/staff-augmentation/best-staff-augmentation-companies-2026","","index, follow","","","","",""
"https://staging.jakevibes.dev/staff-augmentation/what-is-staff-augmentation","1","Indexable","","https://staging.jakevibes.dev/staff-augmentation/what-is-staff-augmentation","","index, follow","","","","",""
"https://staging.jakevibes.dev/staff-augmentation/staff-augmentation-team-depth","1","Indexable","","https://staging.jakevibes.dev/staff-augmentation/staff-augmentation-team-depth","","index, follow","","","","",""
"https://staging.jakevibes.dev/staff-augmentation/staff-augmentation-pricing-and-costs-what-youll-actually-pay","1","Indexable","","https://staging.jakevibes.dev/staff-augmentation/staff-augmentation-pricing-and-costs-what-youll-actually-pay","","index, follow","","","","",""
"https://staging.jakevibes.dev/blog?page=2","1","Non-Indexable","Canonicalised,noindex","https://staging.jakevibes.dev/blog","","noindex, follow","","https://staging.jakevibes.dev/blog?page=3","https://staging.jakevibes.dev/blog","",""
"https://staging.jakevibes.dev/blog?page=6","1","Non-Indexable","Canonicalised,noindex","https://staging.jakevibes.dev/blog","","noindex, follow","","","https://staging.jakevibes.dev/blog?page=5","",""
"https://staging.jakevibes.dev/scaling-teams/cloud-employee-pricing-team-size-scenarios","1","Indexable","","https://staging.jakevibes.dev/scaling-teams/cloud-employee-pricing-team-size-scenarios","","index, follow","","","","",""
"https://staging.jakevibes.dev/download/why-top-devs-wont-apply","1","Indexable","","https://staging.jakevibes.dev/download/why-top-devs-wont-apply","","index, follow","","","","",""
"https://staging.jakevibes.dev/hiring-tips/the-reality-of-modern-tech-recruitment-a-broken-system","1","Indexable","","https://staging.jakevibes.dev/hiring-tips/the-reality-of-modern-tech-recruitment-a-broken-system","","index, follow","","","","",""
"https://staging.jakevibes.dev/hiring-tips/our-proven-model-for-onboarding-software-developers","1","Indexable","","https://staging.jakevibes.dev/hiring-tips/our-proven-model-for-onboarding-software-developers","","index, follow","","","","",""
"https://staging.jakevibes.dev/managing-engineers/how-to-manage-remote-engineers","1","Indexable","","https://staging.jakevibes.dev/managing-engineers/how-to-manage-remote-engineers","","index, follow","","","","",""
"https://staging.jakevibes.dev/book-a-call/aj","1","Indexable","","https://staging.jakevibes.dev/book-a-call/aj","","index, follow","","","","",""
"https://staging.jakevibes.dev/book-a-call/anto","1","Indexable","","https://staging.jakevibes.dev/book-a-call/anto","","index, follow","","","","",""
"https://staging.jakevibes.dev/book-a-call/stephanie","1","Indexable","","https://staging.jakevibes.dev/book-a-call/stephanie","","index, follow","","","","",""
"https://staging.jakevibes.dev/uk/services/ios-developers","1","Indexable","","https://staging.jakevibes.dev/uk/services/ios-developers","","index, follow","","","","",""
"https://staging.jakevibes.dev/uk/services/android-developers","1","Indexable","","https://staging.jakevibes.dev/uk/services/android-developers","","index, follow","","","","",""
"https://staging.jakevibes.dev/uk/services/web-developers","1","Indexable","","https://staging.jakevibes.dev/uk/services/web-developers","","index, follow","","","","",""
"https://staging.jakevibes.dev/uk/hiring-tips/our-proven-model-for-onboarding-software-developers","1","Indexable","","https://staging.jakevibes.dev/uk/hiring-tips/our-proven-model-for-onboarding-software-developers","","index, follow","","","","",""
"https://staging.jakevibes.dev/uk/services/cloud-engineers","1","Indexable","","https://staging.jakevibes.dev/uk/services/cloud-engineers","","index, follow","","","","",""
"https://staging.jakevibes.dev/uk/download/why-top-devs-wont-apply","1","Indexable","","https://staging.jakevibes.dev/uk/download/why-top-devs-wont-apply","","index, follow","","","","",""
"https://staging.jakevibes.dev/uk/download/10-ai-prompts","1","Indexable","","https://staging.jakevibes.dev/uk/download/10-ai-prompts","","index, follow","","","","",""
"https://staging.jakevibes.dev/uk/managing-engineers/onboarding-latam-developers-90-day-ramp-up-timeline-productivity-curve-and-integration-playbook","1","Indexable","","https://staging.jakevibes.dev/uk/managing-engineers/onboarding-latam-developers-90-day-ramp-up-timeline-productivity-curve-and-integration-playbook","","index, follow","","","","",""
"https://staging.jakevibes.dev/uk/staff-augmentation/cloud-employee-vs-in-house-total-cost-ownership","1","Indexable","","https://staging.jakevibes.dev/uk/staff-augmentation/cloud-employee-vs-in-house-total-cost-ownership","","index, follow","","","","",""
"https://staging.jakevibes.dev/uk/staff-augmentation/staff-augmentation-mistakes-to-avoid","1","Indexable","","https://staging.jakevibes.dev/uk/staff-augmentation/staff-augmentation-mistakes-to-avoid","","index, follow","","","","",""
"https://staging.jakevibes.dev/uk/staff-augmentation/cloud-employee-pricing-checklist-before-hire","1","Indexable","","https://staging.jakevibes.dev/uk/staff-augmentation/cloud-employee-pricing-checklist-before-hire","","index, follow","","","","",""
"https://staging.jakevibes.dev/uk/scaling-teams/scaling-latam-developers-1-to-10-strategy","1","Indexable","","https://staging.jakevibes.dev/uk/scaling-teams/scaling-latam-developers-1-to-10-strategy","","index, follow","","","","",""
"https://staging.jakevibes.dev/uk/scaling-teams/cloud-employee-pricing-team-size-scenarios","1","Indexable","","https://staging.jakevibes.dev/uk/scaling-teams/cloud-employee-pricing-team-size-scenarios","","index, follow","","","","",""
"https://staging.jakevibes.dev/uk/scaling-teams/toptal-scaling-limitations","1","Indexable","","https://staging.jakevibes.dev/uk/scaling-teams/toptal-scaling-limitations","","index, follow","","","","",""
"https://staging.jakevibes.dev/uk/nearshoring-offshoring/7-benefits-of-outsourcing-web-development-for-startups","1","Indexable","","https://staging.jakevibes.dev/uk/nearshoring-offshoring/7-benefits-of-outsourcing-web-development-for-startups","","index, follow","","","","",""
"https://staging.jakevibes.dev/uk/videos/how-our-clients-retain-devs-long-term","1","Indexable","","https://staging.jakevibes.dev/uk/videos/how-our-clients-retain-devs-long-term","","index, follow","","","","",""
"https://staging.jakevibes.dev/uk/videos/boost-remote-dev-productivity-with-a-how-to-work-with-me-guide","1","Indexable","","https://staging.jakevibes.dev/uk/videos/boost-remote-dev-productivity-with-a-how-to-work-with-me-guide","","index, follow","","","","",""
"https://staging.jakevibes.dev/uk/videos/how-cloud-employee-keeps-remote-developers-motivated","1","Indexable","","https://staging.jakevibes.dev/uk/videos/how-cloud-employee-keeps-remote-developers-motivated","","index, follow","","","","",""
"https://staging.jakevibes.dev/uk/videos/employee-experience","1","Indexable","","https://staging.jakevibes.dev/uk/videos/employee-experience","","index, follow","","","","",""
"https://staging.jakevibes.dev/uk/videos/how-to-build-a-remote-team-that-lasts","1","Indexable","","https://staging.jakevibes.dev/uk/videos/how-to-build-a-remote-team-that-lasts","","index, follow","","","","",""
"https://staging.jakevibes.dev/uk/videos/danis-journey-as-a-front-end-engineer-at-cloud-employee","1","Indexable","","https://staging.jakevibes.dev/uk/videos/danis-journey-as-a-front-end-engineer-at-cloud-employee","","index, follow","","","","",""
"https://staging.jakevibes.dev/uk/videos/how-we-keep-remote-devs-connected-and-engaged","1","Indexable","","https://staging.jakevibes.dev/uk/videos/how-we-keep-remote-devs-connected-and-engaged","","index, follow","","","","",""
"https://staging.jakevibes.dev/uk/videos/how-we-find-the-right-developer-faster","1","Indexable","","https://staging.jakevibes.dev/uk/videos/how-we-find-the-right-developer-faster","","index, follow","","","","",""
"https://staging.jakevibes.dev/uk/videos/how-the-cloud-employee-hiring-engine-works","1","Indexable","","https://staging.jakevibes.dev/uk/videos/how-the-cloud-employee-hiring-engine-works","","index, follow","","","","",""
"https://staging.jakevibes.dev/uk/videos?page=2","1","Non-Indexable","Canonicalised,noindex","https://staging.jakevibes.dev/uk/videos","","noindex, follow","","","https://staging.jakevibes.dev/uk/videos","",""
"https://staging.jakevibes.dev/uk/videos/matching-company-values","1","Indexable","","https://staging.jakevibes.dev/uk/videos/matching-company-values","","index, follow","","","","",""
"https://staging.jakevibes.dev/uk/videos/how-stability-attracts-top-dev-talent-in-the-philippines","1","Indexable","","https://staging.jakevibes.dev/uk/videos/how-stability-attracts-top-dev-talent-in-the-philippines","","index, follow","","","","",""
"https://staging.jakevibes.dev/uk/videos/de-risked-dev-hiring-for-changing-markets","1","Indexable","","https://staging.jakevibes.dev/uk/videos/de-risked-dev-hiring-for-changing-markets","","index, follow","","","","",""
"https://staging.jakevibes.dev/uk/videos/employee-experience-that-keeps-offshore-devs-engaged","1","Indexable","","https://staging.jakevibes.dev/uk/videos/employee-experience-that-keeps-offshore-devs-engaged","","index, follow","","","","",""
"https://staging.jakevibes.dev/book-a-call/seb","1","Indexable","","https://staging.jakevibes.dev/book-a-call/seb","","index, follow","","","","",""
"https://staging.jakevibes.dev/uk/staff-augmentation/staff-augmentation-vs-in-house-hiring-cost-speed-and-risk-comparison","1","Indexable","","https://staging.jakevibes.dev/uk/staff-augmentation/staff-augmentation-vs-in-house-hiring-cost-speed-and-risk-comparison","","index, follow","","","","",""
"https://staging.jakevibes.dev/uk/managing-engineers/data-engineer-vs-data-scientist-vs-ai-engineer-key-differences-demand-drivers-and-how-to-hire-right","1","Indexable","","https://staging.jakevibes.dev/uk/managing-engineers/data-engineer-vs-data-scientist-vs-ai-engineer-key-differences-demand-drivers-and-how-to-hire-right","","index, follow","","","","",""
"https://staging.jakevibes.dev/uk/staff-augmentation/h-1b-changes-2025-2030-staff-augmentation-for-scaling-teams","1","Indexable","","https://staging.jakevibes.dev/uk/staff-augmentation/h-1b-changes-2025-2030-staff-augmentation-for-scaling-teams","","index, follow","","","","",""
"https://staging.jakevibes.dev/uk/ai-in-software-development/securing-ai-the-ctos-guide-to-validation-and-minimum-safety-standards","1","Indexable","","https://staging.jakevibes.dev/uk/ai-in-software-development/securing-ai-the-ctos-guide-to-validation-and-minimum-safety-standards","","index, follow","","","","",""
"https://staging.jakevibes.dev/uk/staff-augmentation/staff-augmentation-contract-terms-explained-commitments-guarantees-and-exit-clauses","1","Indexable","","https://staging.jakevibes.dev/uk/staff-augmentation/staff-augmentation-contract-terms-explained-commitments-guarantees-and-exit-clauses","","index, follow","","","","",""
"https://staging.jakevibes.dev/uk/staff-augmentation/staff-augmentation-pricing-and-costs-what-youll-actually-pay","1","Indexable","","https://staging.jakevibes.dev/uk/staff-augmentation/staff-augmentation-pricing-and-costs-what-youll-actually-pay","","index, follow","","","","",""
"https://staging.jakevibes.dev/uk/staff-augmentation/staff-augmentation-vs-traditional-hiring-cost-speed-and-risk-comparison","1","Indexable","","https://staging.jakevibes.dev/uk/staff-augmentation/staff-augmentation-vs-traditional-hiring-cost-speed-and-risk-comparison","","index, follow","","","","",""
"https://staging.jakevibes.dev/uk/staff-augmentation/what-is-staff-augmentation","1","Indexable","","https://staging.jakevibes.dev/uk/staff-augmentation/what-is-staff-augmentation","","index, follow","","","","",""
"https://staging.jakevibes.dev/uk/staff-augmentation/staff-augmentation-vs-freelancers","1","Indexable","","https://staging.jakevibes.dev/uk/staff-augmentation/staff-augmentation-vs-freelancers","","index, follow","","","","",""
"https://staging.jakevibes.dev/uk/managing-engineers","1","Indexable","","https://staging.jakevibes.dev/uk/managing-engineers","","index, follow","","","","",""
"https://staging.jakevibes.dev/uk/ai-in-software-development","1","Indexable","","https://staging.jakevibes.dev/uk/ai-in-software-development","","index, follow","","","","",""
"https://staging.jakevibes.dev/uk/staff-augmentation/staff-augmentation-implementation-90-day-onboarding-playbook-for-new-developers","1","Indexable","","https://staging.jakevibes.dev/uk/staff-augmentation/staff-augmentation-implementation-90-day-onboarding-playbook-for-new-developers","","index, follow","","","","",""
"https://staging.jakevibes.dev/uk/nearshoring-offshoring/it-outsourcing-services-scope-slas-2025-costs","1","Indexable","","https://staging.jakevibes.dev/uk/nearshoring-offshoring/it-outsourcing-services-scope-slas-2025-costs","","index, follow","","","","",""
"https://staging.jakevibes.dev/uk/staff-augmentation","1","Indexable","","https://staging.jakevibes.dev/uk/staff-augmentation","","index, follow","","https://staging.jakevibes.dev/uk/staff-augmentation?page=2","","",""
"https://staging.jakevibes.dev/uk/nearshoring-offshoring","1","Indexable","","https://staging.jakevibes.dev/uk/nearshoring-offshoring","","index, follow","","","","",""
"https://staging.jakevibes.dev/uk/staff-augmentation/staff-augmentation-mistakes-to-avoid-common-failures-and-how-to-prevent-them","1","Indexable","","https://staging.jakevibes.dev/uk/staff-augmentation/staff-augmentation-mistakes-to-avoid-common-failures-and-how-to-prevent-them","","index, follow","","","","",""
"https://staging.jakevibes.dev/uk/hiring-tips","1","Indexable","","https://staging.jakevibes.dev/uk/hiring-tips","","index, follow","","","","",""
"https://staging.jakevibes.dev/uk/staff-augmentation/what-is-nearshore-staff-augmentation-model-benefits-examples","1","Indexable","","https://staging.jakevibes.dev/uk/staff-augmentation/what-is-nearshore-staff-augmentation-model-benefits-examples","","index, follow","","","","",""
"https://staging.jakevibes.dev/uk/blog?page=2","1","Non-Indexable","Canonicalised,noindex","https://staging.jakevibes.dev/uk/blog","","noindex, follow","","https://staging.jakevibes.dev/uk/blog?page=3","https://staging.jakevibes.dev/uk/blog","",""
"https://staging.jakevibes.dev/uk/scaling-teams","1","Indexable","","https://staging.jakevibes.dev/uk/scaling-teams","","index, follow","","","","",""
"https://staging.jakevibes.dev/uk/blog?page=6","1","Non-Indexable","Canonicalised,noindex","https://staging.jakevibes.dev/uk/blog","","noindex, follow","","","https://staging.jakevibes.dev/uk/blog?page=5","",""
"https://staging.jakevibes.dev/uk/staff-augmentation/staff-augmentation-team-depth","1","Indexable","","https://staging.jakevibes.dev/uk/staff-augmentation/staff-augmentation-team-depth","","index, follow","","","","",""
"https://staging.jakevibes.dev/uk/compare/cloud-employee-vs-fiverr","1","Indexable","","https://staging.jakevibes.dev/uk/compare/cloud-employee-vs-fiverr","","index, follow","","","","",""
"https://staging.jakevibes.dev/uk/staff-augmentation/best-staff-augmentation-companies-2026","1","Indexable","","https://staging.jakevibes.dev/uk/staff-augmentation/best-staff-augmentation-companies-2026","","index, follow","","","","",""
"https://staging.jakevibes.dev/uk/compare/toptal-vs-cloud-employee-freelance-marketplace-vs-dedicated-staff-augmentation","1","Indexable","","https://staging.jakevibes.dev/uk/compare/toptal-vs-cloud-employee-freelance-marketplace-vs-dedicated-staff-augmentation","","index, follow","","","","",""
"https://staging.jakevibes.dev/uk/compare/cloud-employee-vs-proxify","1","Indexable","","https://staging.jakevibes.dev/uk/compare/cloud-employee-vs-proxify","","index, follow","","","","",""
"https://staging.jakevibes.dev/uk/compare/freelancers","1","Indexable","","https://staging.jakevibes.dev/uk/compare/freelancers","","index, follow","","","","",""
"https://staging.jakevibes.dev/uk/compare/cloud-employee-vs-bairesdev-reviews","1","Indexable","","https://staging.jakevibes.dev/uk/compare/cloud-employee-vs-bairesdev-reviews","","index, follow","","","","",""
"https://staging.jakevibes.dev/uk/compare/cloud-employee-vs-upwork","1","Indexable","","https://staging.jakevibes.dev/uk/compare/cloud-employee-vs-upwork","","index, follow","","","","",""
"https://staging.jakevibes.dev/uk/compare/inhouse-hiring","1","Indexable","","https://staging.jakevibes.dev/uk/compare/inhouse-hiring","","index, follow","","","","",""
"https://staging.jakevibes.dev/uk/alternatives?page=3","1","Non-Indexable","Canonicalised,noindex","https://staging.jakevibes.dev/uk/alternatives","","noindex, follow","","","https://staging.jakevibes.dev/uk/alternatives?page=2","",""
"https://staging.jakevibes.dev/uk/compare/cloud-employee-vs-turing","1","Indexable","","https://staging.jakevibes.dev/uk/compare/cloud-employee-vs-turing","","index, follow","","","","",""
"https://staging.jakevibes.dev/uk/customer-story/travelx","1","Indexable","","https://staging.jakevibes.dev/uk/customer-story/travelx","","index, follow","","","","",""
"https://staging.jakevibes.dev/uk/customer-story/virgin","1","Indexable","","https://staging.jakevibes.dev/uk/customer-story/virgin","","index, follow","","","","",""
"https://staging.jakevibes.dev/customer-story/travelx","1","Indexable","","https://staging.jakevibes.dev/customer-story/travelx","","index, follow","","","","",""
"https://staging.jakevibes.dev/customer-story/hotelplan","1","Indexable","","https://staging.jakevibes.dev/customer-story/hotelplan","","index, follow","","","","",""
"https://staging.jakevibes.dev/customer-story/virgin","1","Indexable","","https://staging.jakevibes.dev/customer-story/virgin","","index, follow","","","","",""
"https://staging.jakevibes.dev/customer-story/waya","1","Indexable","","https://staging.jakevibes.dev/customer-story/waya","","index, follow","","","","",""
"https://staging.jakevibes.dev/customer-story/travel-tech-client","1","Indexable","","https://staging.jakevibes.dev/customer-story/travel-tech-client","","index, follow","","","","",""
"https://staging.jakevibes.dev/blog?page=3","1","Non-Indexable","Canonicalised,noindex","https://staging.jakevibes.dev/blog","","noindex, follow","","https://staging.jakevibes.dev/blog?page=4","https://staging.jakevibes.dev/blog?page=2","",""
"https://staging.jakevibes.dev/blog?page=5","1","Non-Indexable","Canonicalised,noindex","https://staging.jakevibes.dev/blog","","noindex, follow","","https://staging.jakevibes.dev/blog?page=6","https://staging.jakevibes.dev/blog?page=4","",""
"https://staging.jakevibes.dev/compare/cloud-employee-vs-turing","1","Indexable","","https://staging.jakevibes.dev/compare/cloud-employee-vs-turing","","index, follow","","","","",""
"https://staging.jakevibes.dev/alternatives?page=3","1","Non-Indexable","Canonicalised,noindex","https://staging.jakevibes.dev/alternatives","","noindex, follow","","","https://staging.jakevibes.dev/alternatives?page=2","",""
"https://staging.jakevibes.dev/compare/toptal-vs-cloud-employee-freelance-marketplace-vs-dedicated-staff-augmentation","1","Indexable","","https://staging.jakevibes.dev/compare/toptal-vs-cloud-employee-freelance-marketplace-vs-dedicated-staff-augmentation","","index, follow","","","","",""
"https://staging.jakevibes.dev/compare/cloud-employee-vs-proxify","1","Indexable","","https://staging.jakevibes.dev/compare/cloud-employee-vs-proxify","","index, follow","","","","",""
"https://staging.jakevibes.dev/start-hiring/contact-info","1","Non-Indexable","noindex","https://staging.jakevibes.dev/start-hiring/contact-info","","noindex, follow","","","","",""
"https://staging.jakevibes.dev/price-comparison-calculator","1","Non-Indexable","noindex","https://staging.jakevibes.dev/price-comparison-calculator","","noindex, follow","","","","",""
"https://staging.jakevibes.dev/uk/customer-story/travel-tech-client","1","Indexable","","https://staging.jakevibes.dev/uk/customer-story/travel-tech-client","","index, follow","","","","",""
"https://staging.jakevibes.dev/uk/customer-story/hotelplan","1","Indexable","","https://staging.jakevibes.dev/uk/customer-story/hotelplan","","index, follow","","","","",""
"https://staging.jakevibes.dev/uk/customer-story/waya","1","Indexable","","https://staging.jakevibes.dev/uk/customer-story/waya","","index, follow","","","","",""
"https://staging.jakevibes.dev/uk/staff-augmentation/staff-augmentation-myths-debunked","1","Indexable","","https://staging.jakevibes.dev/uk/staff-augmentation/staff-augmentation-myths-debunked","","index, follow","","","","",""
"https://staging.jakevibes.dev/uk/staff-augmentation/cloud-employee-pricing-negotiation-flexibility","1","Indexable","","https://staging.jakevibes.dev/uk/staff-augmentation/cloud-employee-pricing-negotiation-flexibility","","index, follow","","","","",""
"https://staging.jakevibes.dev/uk/staff-augmentation/staff-augmentation-pricing-models-in-latam","1","Indexable","","https://staging.jakevibes.dev/uk/staff-augmentation/staff-augmentation-pricing-models-in-latam","","index, follow","","","","",""
"https://staging.jakevibes.dev/uk/blog?page=5","1","Non-Indexable","Canonicalised,noindex","https://staging.jakevibes.dev/uk/blog","","noindex, follow","","https://staging.jakevibes.dev/uk/blog?page=6","https://staging.jakevibes.dev/uk/blog?page=4","",""
"https://staging.jakevibes.dev/uk/staff-augmentation/latam-staff-augmentation-trends-2026","1","Indexable","","https://staging.jakevibes.dev/uk/staff-augmentation/latam-staff-augmentation-trends-2026","","index, follow","","","","",""
"https://staging.jakevibes.dev/uk/scaling-teams/cto-profile-meet-des-matthewson","1","Indexable","","https://staging.jakevibes.dev/uk/scaling-teams/cto-profile-meet-des-matthewson","","index, follow","","","","",""
"https://staging.jakevibes.dev/uk/staff-augmentation/staff-augmentation-fintech-security-compliance","1","Indexable","","https://staging.jakevibes.dev/uk/staff-augmentation/staff-augmentation-fintech-security-compliance","","index, follow","","","","",""
"https://staging.jakevibes.dev/uk/staff-augmentation/staff-augmentation-vs-outsourcing","1","Indexable","","https://staging.jakevibes.dev/uk/staff-augmentation/staff-augmentation-vs-outsourcing","","index, follow","","","","",""
"https://staging.jakevibes.dev/uk/scaling-teams/scaling-agile-teams-across-time-zones","1","Indexable","","https://staging.jakevibes.dev/uk/scaling-teams/scaling-agile-teams-across-time-zones","","index, follow","","","","",""
"https://staging.jakevibes.dev/uk/scaling-teams/why-consider-alternatives-to-software-development-outsourcing","1","Indexable","","https://staging.jakevibes.dev/uk/scaling-teams/why-consider-alternatives-to-software-development-outsourcing","","index, follow","","","","",""
"https://staging.jakevibes.dev/uk/scaling-teams/leadership-strategies-for-scaling-engineering-teams","1","Indexable","","https://staging.jakevibes.dev/uk/scaling-teams/leadership-strategies-for-scaling-engineering-teams","","index, follow","","","","",""
"https://staging.jakevibes.dev/uk/scaling-teams/h-1b-vs-staff-augmentation-the-true-cost-of-hiring-in-2025-and-why-costs-are-rising","1","Indexable","","https://staging.jakevibes.dev/uk/scaling-teams/h-1b-vs-staff-augmentation-the-true-cost-of-hiring-in-2025-and-why-costs-are-rising","","index, follow","","","","",""
"https://staging.jakevibes.dev/uk/blog?page=3","1","Non-Indexable","Canonicalised,noindex","https://staging.jakevibes.dev/uk/blog","","noindex, follow","","https://staging.jakevibes.dev/uk/blog?page=4","https://staging.jakevibes.dev/uk/blog?page=2","",""
"https://staging.jakevibes.dev/uk/nearshoring-offshoring/freelancers-vs-cloud-employee","1","Indexable","","https://staging.jakevibes.dev/uk/nearshoring-offshoring/freelancers-vs-cloud-employee","","index, follow","","","","",""
"https://staging.jakevibes.dev/uk/hiring-tips/the-reality-of-modern-tech-recruitment-a-broken-system","1","Indexable","","https://staging.jakevibes.dev/uk/hiring-tips/the-reality-of-modern-tech-recruitment-a-broken-system","","index, follow","","","","",""
"https://staging.jakevibes.dev/uk/nearshoring-offshoring/what-is-offshoring-cost-effective-tech-teams-explained","1","Indexable","","https://staging.jakevibes.dev/uk/nearshoring-offshoring/what-is-offshoring-cost-effective-tech-teams-explained","","index, follow","","","","",""
"https://staging.jakevibes.dev/uk/nearshoring-offshoring/what-is-nearshoring-benefits-and-challenges-for-software-development-teams","1","Indexable","","https://staging.jakevibes.dev/uk/nearshoring-offshoring/what-is-nearshoring-benefits-and-challenges-for-software-development-teams","","index, follow","","","","",""
"https://staging.jakevibes.dev/uk/nearshoring-offshoring/choosing-nearshore-or-offshore-software-development-costs-by-country","1","Indexable","","https://staging.jakevibes.dev/uk/nearshoring-offshoring/choosing-nearshore-or-offshore-software-development-costs-by-country","","index, follow","","","","",""
"https://staging.jakevibes.dev/uk/staff-augmentation?page=3","1","Non-Indexable","Canonicalised,noindex","https://staging.jakevibes.dev/uk/staff-augmentation","","noindex, follow","","","https://staging.jakevibes.dev/uk/staff-augmentation?page=2","",""
"https://staging.jakevibes.dev/uk/staff-augmentation/how-much-does-staff-augmentation-cost","1","Indexable","","https://staging.jakevibes.dev/uk/staff-augmentation/how-much-does-staff-augmentation-cost","","index, follow","","","","",""
"https://staging.jakevibes.dev/uk/staff-augmentation/guide-to-it-staff-augmentation-services-in-usa","1","Indexable","","https://staging.jakevibes.dev/uk/staff-augmentation/guide-to-it-staff-augmentation-services-in-usa","","index, follow","","","","",""
"https://staging.jakevibes.dev/uk/staff-augmentation/staff-augmentation-misconceptions-what-ctos-need-to-know","1","Indexable","","https://staging.jakevibes.dev/uk/staff-augmentation/staff-augmentation-misconceptions-what-ctos-need-to-know","","index, follow","","","","",""
"https://staging.jakevibes.dev/uk/staff-augmentation/how-to-choose-the-right-it-staff-augmentation-company","1","Indexable","","https://staging.jakevibes.dev/uk/staff-augmentation/how-to-choose-the-right-it-staff-augmentation-company","","index, follow","","","","",""
"https://staging.jakevibes.dev/uk/managing-engineers/how-peer-forums-are-changing-remote-work-at-cloud-employee","1","Indexable","","https://staging.jakevibes.dev/uk/managing-engineers/how-peer-forums-are-changing-remote-work-at-cloud-employee","","index, follow","","","","",""
"https://staging.jakevibes.dev/uk/ai-in-software-development/shaping-whats-next-how-future-forward-is-advancing-ai-at-cloud-employee","1","Indexable","","https://staging.jakevibes.dev/uk/ai-in-software-development/shaping-whats-next-how-future-forward-is-advancing-ai-at-cloud-employee","","index, follow","","","","",""
"https://staging.jakevibes.dev/uk/customer-story/mercato","1","Indexable","","https://staging.jakevibes.dev/uk/customer-story/mercato","","index, follow","","","","",""
"https://staging.jakevibes.dev/uk/staff-augmentation?page=2","1","Non-Indexable","Canonicalised,noindex","https://staging.jakevibes.dev/uk/staff-augmentation","","noindex, follow","","https://staging.jakevibes.dev/uk/staff-augmentation?page=3","https://staging.jakevibes.dev/uk/staff-augmentation","",""
"https://staging.jakevibes.dev/uk/ai-in-software-development/why-staff-augmentation-matters-in-the-age-of-ai","1","Indexable","","https://staging.jakevibes.dev/uk/ai-in-software-development/why-staff-augmentation-matters-in-the-age-of-ai","","index, follow","","","","",""
"https://staging.jakevibes.dev/uk/customer-story/sqr","1","Indexable","","https://staging.jakevibes.dev/uk/customer-story/sqr","","index, follow","","","","",""
"https://staging.jakevibes.dev/uk/customer-story/cleanlink","1","Indexable","","https://staging.jakevibes.dev/uk/customer-story/cleanlink","","index, follow","","","","",""
"https://staging.jakevibes.dev/uk/videos/why-the-philippines-is-a-smart-choice-for-growing-your-dev-team","1","Indexable","","https://staging.jakevibes.dev/uk/videos/why-the-philippines-is-a-smart-choice-for-growing-your-dev-team","","index, follow","","","","",""
"https://staging.jakevibes.dev/uk/videos/onboarding-global-dev-teams-with-purpose","1","Indexable","","https://staging.jakevibes.dev/uk/videos/onboarding-global-dev-teams-with-purpose","","index, follow","","","","",""
"https://staging.jakevibes.dev/uk/videos/what-connection-looks-like-in-a-global-dev-team","1","Indexable","","https://staging.jakevibes.dev/uk/videos/what-connection-looks-like-in-a-global-dev-team","","index, follow","","","","",""
"https://staging.jakevibes.dev/uk/videos/onboarding-offshore-devs-that-deliver-fast","1","Indexable","","https://staging.jakevibes.dev/uk/videos/onboarding-offshore-devs-that-deliver-fast","","index, follow","","","","",""
"https://staging.jakevibes.dev/uk/videos/peer-forums-for-remote-developers","1","Indexable","","https://staging.jakevibes.dev/uk/videos/peer-forums-for-remote-developers","","index, follow","","","","",""
"https://staging.jakevibes.dev/uk/videos/pair-programming-at-cloud-employee","1","Indexable","","https://staging.jakevibes.dev/uk/videos/pair-programming-at-cloud-employee","","index, follow","","","","",""
"https://staging.jakevibes.dev/uk/managing-engineers/how-to-manage-remote-engineers","1","Indexable","","https://staging.jakevibes.dev/uk/managing-engineers/how-to-manage-remote-engineers","","index, follow","","","","",""
"https://staging.jakevibes.dev/uk/videos/peer-forum-building-connections-beyond-work","1","Indexable","","https://staging.jakevibes.dev/uk/videos/peer-forum-building-connections-beyond-work","","index, follow","","","","",""
"https://staging.jakevibes.dev/uk/videos/how-we-retain-97-of-remote-developers","1","Indexable","","https://staging.jakevibes.dev/uk/videos/how-we-retain-97-of-remote-developers","","index, follow","","","","",""
"https://staging.jakevibes.dev/uk/managing-engineers/managing-distributed-teams-a-ctos-2025-playbook","1","Indexable","","https://staging.jakevibes.dev/uk/managing-engineers/managing-distributed-teams-a-ctos-2025-playbook","","index, follow","","","","",""
"https://staging.jakevibes.dev/uk/managing-engineers/avoiding-burnout-in-scaling-engineering-teams","1","Indexable","","https://staging.jakevibes.dev/uk/managing-engineers/avoiding-burnout-in-scaling-engineering-teams","","index, follow","","","","",""
"https://staging.jakevibes.dev/blog?page=4","1","Non-Indexable","Canonicalised,noindex","https://staging.jakevibes.dev/blog","","noindex, follow","","https://staging.jakevibes.dev/blog?page=5","https://staging.jakevibes.dev/blog?page=3","",""
"https://staging.jakevibes.dev/uk/compare/toptal-vs-upwork","1","Indexable","","https://staging.jakevibes.dev/uk/compare/toptal-vs-upwork","","index, follow","","","","",""
"https://staging.jakevibes.dev/uk/compare/arc-dev-contract-cancellation-exit-terms","1","Indexable","","https://staging.jakevibes.dev/uk/compare/arc-dev-contract-cancellation-exit-terms","","index, follow","","","","",""
"https://staging.jakevibes.dev/uk/compare/switching-from-arc-dev-to-a-dedicated-development-team","1","Indexable","","https://staging.jakevibes.dev/uk/compare/switching-from-arc-dev-to-a-dedicated-development-team","","index, follow","","","","",""
"https://staging.jakevibes.dev/uk/staff-augmentation/how-staff-augmentation-is-rewriting-the-rules-of-software-development-speed-and-efficiency","1","Indexable","","https://staging.jakevibes.dev/uk/staff-augmentation/how-staff-augmentation-is-rewriting-the-rules-of-software-development-speed-and-efficiency","","index, follow","","","","",""
"https://staging.jakevibes.dev/uk/staff-augmentation/staff-augmentation-vs-consulting-outsourcing-and-managed-services","1","Indexable","","https://staging.jakevibes.dev/uk/staff-augmentation/staff-augmentation-vs-consulting-outsourcing-and-managed-services","","index, follow","","","","",""
"https://staging.jakevibes.dev/uk/staff-augmentation/cloud-employee-pricing-bootstrapped-founders","1","Indexable","","https://staging.jakevibes.dev/uk/staff-augmentation/cloud-employee-pricing-bootstrapped-founders","","index, follow","","","","",""
"https://staging.jakevibes.dev/uk/staff-augmentation/staff-augmentation-models-scale-tech-teams-globally-win","1","Indexable","","https://staging.jakevibes.dev/uk/staff-augmentation/staff-augmentation-models-scale-tech-teams-globally-win","","index, follow","","","","",""
"https://staging.jakevibes.dev/uk/blog?page=4","1","Non-Indexable","Canonicalised,noindex","https://staging.jakevibes.dev/uk/blog","","noindex, follow","","https://staging.jakevibes.dev/uk/blog?page=5","https://staging.jakevibes.dev/uk/blog?page=3","",""
"https://staging.jakevibes.dev/uk/staff-augmentation/what-is-staff-augmentation-and-what-are-the-benefits","1","Indexable","","https://staging.jakevibes.dev/uk/staff-augmentation/what-is-staff-augmentation-and-what-are-the-benefits","","index, follow","","","","",""
